EITA,2012-04-09,0.8800,0.9300,0.8150,0.8200,38077800
EITA,2012-04-10,0.8250,0.8300,0.8000,0.8000,4102000
EITA,2012-04-12,0.8000,0.8100,0.7850,0.8050,3448100
EITA,2012-04-13,0.8050,0.8050,0.7900,0.7900,1314100
EITA,2012-04-16,0.7900,0.7950,0.7700,0.7750,3947600
EITA,2012-04-17,0.7750,0.8300,0.7750,0.8050,4385900
EITA,2012-04-18,0.8150,0.8400,0.7950,0.8000,3546200
EITA,2012-04-19,0.8100,0.8100,0.7950,0.7950,571000
EITA,2012-04-20,0.7950,0.8000,0.7850,0.8000,1031500
EITA,2012-04-23,0.7900,0.7950,0.7750,0.7750,1018900
EITA,2012-04-24,0.7800,0.7900,0.7750,0.7800,879400
EITA,2012-04-25,0.7850,0.7850,0.7750,0.7850,305600
EITA,2012-04-26,0.7850,0.7850,0.7650,0.7700,626900
EITA,2012-04-27,0.7700,0.7750,0.7600,0.7700,487400
EITA,2012-04-30,0.7700,0.7750,0.7600,0.7600,621500
EITA,2012-05-02,0.7550,0.7650,0.7500,0.7650,374400
EITA,2012-05-03,0.7500,0.7600,0.7450,0.7450,446700
EITA,2012-05-04,0.7400,0.7500,0.7400,0.7500,256200
EITA,2012-05-07,0.7500,0.7500,0.7350,0.7450,467900
EITA,2012-05-08,0.7450,0.7500,0.7400,0.7450,235700
EITA,2012-05-09,0.7400,0.7450,0.7400,0.7400,161000
EITA,2012-05-10,0.7400,0.7450,0.7350,0.7400,198800
EITA,2012-05-11,0.7400,0.7500,0.7400,0.7450,181000
EITA,2012-05-14,0.7450,0.7450,0.7300,0.7300,238900
EITA,2012-05-15,0.7300,0.7300,0.7000,0.7150,480700
EITA,2012-05-16,0.7100,0.7150,0.7050,0.7050,354800
EITA,2012-05-17,0.7000,0.7100,0.7000,0.7100,137700
EITA,2012-05-18,0.7000,0.7000,0.6900,0.6950,219200
EITA,2012-05-21,0.6900,0.6900,0.6800,0.6800,160000
EITA,2012-05-22,0.6900,0.6900,0.6850,0.6850,133000
EITA,2012-05-23,0.6800,0.6900,0.6800,0.6850,123900
EITA,2012-05-24,0.6850,0.7000,0.6850,0.7000,81200
EITA,2012-05-25,0.6900,0.7100,0.6900,0.7000,69000
EITA,2012-05-28,0.7000,0.7100,0.6950,0.7050,144400
EITA,2012-05-29,0.7100,0.7200,0.7100,0.7150,85000
EITA,2012-05-30,0.7150,0.7300,0.7150,0.7200,74000
EITA,2012-05-31,0.7100,0.7150,0.7100,0.7150,88000
EITA,2012-06-01,0.7850,0.7850,0.7050,0.7100,82700
EITA,2012-06-04,0.7050,0.7050,0.7000,0.7050,99000
EITA,2012-06-05,0.7050,0.7200,0.7050,0.7150,33600
EITA,2012-06-06,0.7150,0.7150,0.7150,0.7150,25000
EITA,2012-06-07,0.7150,0.7250,0.7150,0.7200,91000
EITA,2012-06-08,0.7200,0.7200,0.7150,0.7200,97000
EITA,2012-06-11,0.7100,0.7100,0.7100,0.7100,73000
EITA,2012-06-12,0.7100,0.7100,0.7050,0.7100,84000
EITA,2012-06-13,0.7100,0.7200,0.7100,0.7150,104000
EITA,2012-06-15,0.7150,0.7150,0.7100,0.7100,10000
EITA,2012-06-18,0.7500,0.7500,0.7150,0.7150,66000
EITA,2012-06-19,0.7250,0.7250,0.7200,0.7200,86000
EITA,2012-06-20,0.7200,0.7250,0.7200,0.7250,22600
EITA,2012-06-21,0.7250,0.7250,0.7200,0.7250,113000
EITA,2012-06-22,0.7250,0.7250,0.7200,0.7200,93900
EITA,2012-06-25,0.7200,0.7250,0.7200,0.7250,116600
EITA,2012-06-26,0.7250,0.7250,0.7200,0.7200,168500
EITA,2012-06-27,0.7150,0.7200,0.7150,0.7200,62000
EITA,2012-06-28,0.7150,0.7200,0.7150,0.7200,252000
EITA,2012-06-29,0.7150,0.7300,0.7150,0.7200,74400
EITA,2012-07-02,0.7150,0.7200,0.7150,0.7200,101000
EITA,2012-07-03,0.7150,0.7250,0.7150,0.7250,28000
EITA,2012-07-04,0.7250,0.7400,0.7250,0.7400,47000
EITA,2012-07-05,0.7300,0.7300,0.7200,0.7200,48900
EITA,2012-07-06,0.7300,0.7300,0.7250,0.7250,30800
EITA,2012-07-09,0.7200,0.7300,0.7200,0.7300,83700
EITA,2012-07-10,0.7250,0.7300,0.7250,0.7300,50000
EITA,2012-07-11,0.7000,0.7000,0.7000,0.7000,30000
EITA,2012-07-12,0.7000,0.7000,0.6900,0.6950,69400
EITA,2012-07-16,0.6950,0.7000,0.6800,0.7000,90000
EITA,2012-07-17,0.6900,0.6950,0.6850,0.6850,105000
EITA,2012-07-18,0.6850,0.6850,0.6850,0.6850,41000
EITA,2012-07-19,0.6800,0.6900,0.6700,0.6700,242600
EITA,2012-07-20,0.6850,0.6850,0.6800,0.6800,20000
EITA,2012-07-24,0.6800,0.6800,0.6750,0.6750,15000
EITA,2012-07-25,0.6750,0.6800,0.6700,0.6700,95000
EITA,2012-07-26,0.6750,0.6800,0.6750,0.6800,4000
EITA,2012-07-27,0.6800,0.6800,0.6750,0.6750,21000
EITA,2012-07-30,0.6700,0.6800,0.6700,0.6800,165000
EITA,2012-07-31,0.6800,0.6800,0.6750,0.6750,41100
EITA,2012-08-01,0.6800,0.7100,0.6800,0.7100,225200
EITA,2012-08-02,0.7300,0.7600,0.7300,0.7450,526500
EITA,2012-08-03,0.7500,0.7500,0.7300,0.7400,218000
EITA,2012-08-06,0.7350,0.7350,0.7300,0.7300,20000
EITA,2012-08-07,0.7300,0.7300,0.7100,0.7200,131000
EITA,2012-08-08,0.7200,0.7200,0.7050,0.7050,143900
EITA,2012-08-09,0.7200,0.7500,0.7100,0.7150,249100
EITA,2012-08-10,0.7200,0.7200,0.7200,0.7200,10000
EITA,2012-08-13,0.7350,0.7350,0.7200,0.7200,31000
EITA,2012-08-14,0.7300,0.7300,0.7150,0.7200,30400
EITA,2012-08-15,0.7050,0.7200,0.7050,0.7200,76000
EITA,2012-08-16,0.7200,0.7200,0.7100,0.7100,27000
EITA,2012-08-22,0.7100,0.7100,0.7100,0.7100,17300
EITA,2012-08-23,0.7400,0.7400,0.7250,0.7250,146000
EITA,2012-08-24,0.7300,0.7300,0.7200,0.7200,113000
EITA,2012-08-27,0.7100,0.7100,0.7100,0.7100,37000
EITA,2012-08-28,0.7100,0.7100,0.7100,0.7100,10000
EITA,2012-08-29,0.7100,0.7100,0.7100,0.7100,10000
EITA,2012-08-30,0.7200,0.7200,0.7100,0.7100,36000
EITA,2012-09-03,0.7150,0.7150,0.7000,0.7000,13000
EITA,2012-09-04,0.7050,0.7150,0.7050,0.7050,12000
EITA,2012-09-05,0.7000,0.7000,0.6950,0.7000,91200
EITA,2012-09-06,0.6900,0.6950,0.6800,0.6950,81000
EITA,2012-09-07,0.6950,0.6950,0.6950,0.6950,10000
EITA,2012-09-10,0.6900,0.6900,0.6900,0.6900,17100
EITA,2012-09-11,0.6900,0.6900,0.6600,0.6600,20000
EITA,2012-09-12,0.6750,0.6750,0.6750,0.6750,6100
EITA,2012-09-13,0.6800,0.6900,0.6800,0.6900,67700
EITA,2012-09-14,0.6900,0.6900,0.6800,0.6800,32000
EITA,2012-09-19,0.6800,0.6800,0.6800,0.6800,9000
EITA,2012-09-20,0.7000,0.7000,0.6800,0.6800,20000
EITA,2012-09-21,0.6800,0.6800,0.6800,0.6800,5300
EITA,2012-09-24,0.6750,0.6800,0.6750,0.6800,37000
EITA,2012-09-25,0.6750,0.6750,0.6750,0.6750,6700
EITA,2012-09-27,0.6750,0.6950,0.6600,0.6950,93400
EITA,2012-09-28,0.6700,0.6700,0.6700,0.6700,10700
EITA,2012-10-01,0.6900,0.6900,0.6750,0.6750,21200
EITA,2012-10-02,0.6800,0.6900,0.6750,0.6850,82000
EITA,2012-10-03,0.6750,0.6750,0.6750,0.6750,10000
EITA,2012-10-04,0.6800,0.6800,0.6800,0.6800,14000
EITA,2012-10-05,0.6800,0.6800,0.6800,0.6800,10000
EITA,2012-10-08,0.6750,0.6750,0.6750,0.6750,20000
EITA,2012-10-09,0.6700,0.6800,0.6700,0.6700,63100
EITA,2012-10-10,0.6700,0.6850,0.6700,0.6850,6100
EITA,2012-10-11,0.6650,0.6700,0.6650,0.6700,55500
EITA,2012-10-12,0.6700,0.6750,0.6700,0.6750,13600
EITA,2012-10-17,0.6750,0.6750,0.6750,0.6750,12900
EITA,2012-10-18,0.6750,0.6800,0.6750,0.6750,25800
EITA,2012-10-19,0.6800,0.6900,0.6800,0.6850,86000
EITA,2012-10-22,0.6900,0.6900,0.6900,0.6900,78300
EITA,2012-10-23,0.6750,0.6900,0.6750,0.6900,80000
EITA,2012-10-24,0.6850,0.6850,0.6850,0.6850,25100
EITA,2012-10-29,0.6850,0.6850,0.6850,0.6850,5700
EITA,2012-10-30,0.6900,0.6950,0.6900,0.6900,47000
EITA,2012-10-31,0.6950,0.6950,0.6800,0.6800,51000
EITA,2012-11-01,0.6800,0.6800,0.6800,0.6800,27900
EITA,2012-11-02,0.6800,0.6950,0.6750,0.6850,29800
EITA,2012-11-05,0.6750,0.6950,0.6750,0.6950,25200
EITA,2012-11-07,0.6950,0.6950,0.6900,0.6900,26000
EITA,2012-11-08,0.6900,0.6900,0.6750,0.6750,94300
EITA,2012-11-09,0.6800,0.6800,0.6750,0.6750,58500
EITA,2012-11-12,0.6750,0.7700,0.6750,0.6750,106500
EITA,2012-11-14,0.6800,0.6800,0.6750,0.6750,108800
EITA,2012-11-16,0.7500,0.7500,0.6800,0.6800,47900
EITA,2012-11-19,0.6800,0.6800,0.6700,0.6700,32000
EITA,2012-11-20,0.6700,0.6700,0.6700,0.6700,15100
EITA,2012-11-21,0.6700,0.6700,0.6700,0.6700,200
EITA,2012-11-23,0.6750,0.6750,0.6650,0.6700,102800
EITA,2012-11-26,0.6700,0.6800,0.6700,0.6800,20000
EITA,2012-11-27,0.6700,0.6750,0.6700,0.6750,34200
EITA,2012-11-28,0.6700,0.6700,0.6700,0.6700,33000
EITA,2012-11-30,0.6700,0.6800,0.6700,0.6700,28500
EITA,2012-12-03,0.6700,0.6700,0.6700,0.6700,10000
EITA,2012-12-04,0.6700,0.6700,0.6700,0.6700,15000
EITA,2012-12-05,0.6700,0.6700,0.6700,0.6700,1000
EITA,2012-12-07,0.6700,0.6700,0.6700,0.6700,2000
EITA,2012-12-10,0.6750,0.6800,0.6750,0.6800,157000
EITA,2012-12-12,0.6800,0.6800,0.6750,0.6750,45000
EITA,2012-12-13,0.6750,0.6800,0.6700,0.6700,189500
EITA,2012-12-18,0.6750,0.6750,0.6750,0.6750,12000
EITA,2012-12-19,0.6750,0.6750,0.6700,0.6700,190000
EITA,2012-12-20,0.6700,0.6700,0.6700,0.6700,96000
EITA,2012-12-24,0.6600,0.6600,0.6600,0.6600,16000
EITA,2012-12-26,0.6700,0.6700,0.6700,0.6700,10000
EITA,2012-12-27,0.6700,0.6700,0.6700,0.6700,3500
EITA,2012-12-31,0.6700,0.6700,0.6700,0.6700,22000
EITA,2013-01-03,0.6900,0.6900,0.6850,0.6900,87900
EITA,2013-01-04,0.6900,0.6900,0.6900,0.6900,11500
EITA,2013-01-07,0.6800,0.6800,0.6800,0.6800,30000
EITA,2013-01-08,0.6850,0.6850,0.6800,0.6800,39700
EITA,2013-01-09,0.6800,0.6800,0.6750,0.6750,25000
EITA,2013-01-10,0.6750,0.6750,0.6750,0.6750,84000
EITA,2013-01-11,0.6750,0.6800,0.6750,0.6750,275300
EITA,2013-01-14,0.6850,0.6850,0.6800,0.6800,97000
EITA,2013-01-15,0.6800,0.7000,0.6800,0.6900,325600
EITA,2013-01-16,0.6900,0.6900,0.6750,0.6800,320000
EITA,2013-01-17,0.6800,0.6900,0.6800,0.6850,201000
EITA,2013-01-18,0.6800,0.6800,0.6800,0.6800,97000
EITA,2013-01-21,0.6800,0.6800,0.6650,0.6650,493900
EITA,2013-01-22,0.6500,0.6500,0.6500,0.6500,329000
EITA,2013-01-23,0.6600,0.6650,0.6600,0.6600,163000
EITA,2013-01-25,0.6600,0.6600,0.6500,0.6600,270000
EITA,2013-01-29,0.6600,0.6600,0.6600,0.6600,22800
EITA,2013-01-30,0.6600,0.6600,0.6500,0.6500,178200
EITA,2013-01-31,0.6550,0.6550,0.6550,0.6550,10000
EITA,2013-02-04,0.6600,0.6700,0.6600,0.6700,54000
EITA,2013-02-05,0.6700,0.6700,0.6650,0.6700,235000
EITA,2013-02-06,0.6700,0.6700,0.6700,0.6700,97500
EITA,2013-02-07,0.6700,0.6700,0.6650,0.6650,99800
EITA,2013-02-08,0.6600,0.6600,0.6600,0.6600,9100
EITA,2013-02-15,0.6600,0.6600,0.6600,0.6600,5000
EITA,2013-02-18,0.6800,0.7000,0.6800,0.7000,10000
EITA,2013-02-19,0.6650,0.6650,0.6650,0.6650,5000
EITA,2013-02-20,0.6600,0.6600,0.6550,0.6550,10000
EITA,2013-02-25,0.6550,0.6550,0.6550,0.6550,10500
EITA,2013-02-26,0.6600,0.6600,0.6600,0.6600,10000
EITA,2013-02-27,0.6550,0.6600,0.6500,0.6600,105600
EITA,2013-02-28,0.6600,0.6600,0.6550,0.6600,30000
EITA,2013-03-01,0.6700,0.6800,0.6600,0.6800,20900
EITA,2013-03-04,0.6750,0.6800,0.6750,0.6800,23500
EITA,2013-03-05,0.6800,0.6900,0.6800,0.6900,88000
EITA,2013-03-06,0.6950,0.6950,0.6900,0.6900,49000
EITA,2013-03-07,0.6900,0.6900,0.6900,0.6900,61700
EITA,2013-03-08,0.6850,0.6850,0.6800,0.6800,74000
EITA,2013-03-11,0.6800,0.6800,0.6800,0.6800,32000
EITA,2013-03-12,0.6800,0.6850,0.6800,0.6850,59600
EITA,2013-03-13,0.6850,0.6850,0.6850,0.6850,44900
EITA,2013-03-14,0.6800,0.6800,0.6800,0.6800,109000
EITA,2013-03-15,0.6800,0.6800,0.6800,0.6800,40000
EITA,2013-03-18,0.6750,0.6800,0.6650,0.6800,25000
EITA,2013-03-19,0.6700,0.6700,0.6700,0.6700,5000
EITA,2013-03-20,0.6700,0.6700,0.6700,0.6700,5000
EITA,2013-03-21,0.6800,0.6800,0.6800,0.6800,3000
EITA,2013-03-22,0.6600,0.6600,0.6550,0.6600,30000
EITA,2013-03-25,0.6700,0.6700,0.6700,0.6700,31200
EITA,2013-03-26,0.6800,0.6800,0.6750,0.6750,12000
EITA,2013-03-28,0.6750,0.6750,0.6750,0.6750,10000
EITA,2013-04-01,0.7300,0.7300,0.7300,0.7300,5000
EITA,2013-04-03,0.6800,0.7050,0.6750,0.7050,72100
EITA,2013-04-04,0.6850,0.6850,0.6800,0.6800,55000
EITA,2013-04-05,0.6900,0.6900,0.6800,0.6800,22000
EITA,2013-04-09,0.7000,0.7100,0.7000,0.7050,166000
EITA,2013-04-10,0.7100,0.7300,0.7100,0.7300,138000
EITA,2013-04-11,0.7300,0.7650,0.7300,0.7650,298000
EITA,2013-04-12,0.7250,0.7550,0.7250,0.7550,19000
EITA,2013-04-15,0.7350,0.7400,0.7200,0.7350,122900
EITA,2013-04-16,0.7350,0.7350,0.7250,0.7350,68000
EITA,2013-04-17,0.7300,0.7300,0.7300,0.7300,20000
EITA,2013-04-18,0.7300,0.7300,0.7300,0.7300,39000
EITA,2013-04-19,0.7200,0.7250,0.7200,0.7250,65000
EITA,2013-04-22,0.7050,0.7300,0.7050,0.7300,114100
EITA,2013-04-23,0.7100,0.7100,0.7100,0.7100,10000
EITA,2013-04-24,0.7100,0.7100,0.7100,0.7100,10000
EITA,2013-04-25,0.7100,0.7100,0.7100,0.7100,42200
EITA,2013-04-29,0.7100,0.7100,0.7050,0.7050,20100
EITA,2013-04-30,0.7100,0.7100,0.7100,0.7100,19000
EITA,2013-05-02,0.7150,0.7150,0.7000,0.7000,85900
EITA,2013-05-03,0.7000,0.7000,0.7000,0.7000,9000
EITA,2013-05-06,0.7250,0.7250,0.7250,0.7250,30000
EITA,2013-05-07,0.7300,0.7300,0.7300,0.7300,14900
EITA,2013-05-08,0.7300,0.7300,0.7250,0.7300,33000
EITA,2013-05-09,0.7300,0.7400,0.7300,0.7300,101000
EITA,2013-05-10,0.7400,0.7700,0.7400,0.7700,467600
EITA,2013-05-13,0.7700,0.8000,0.7600,0.7850,223600
EITA,2013-05-14,0.7850,0.7950,0.7700,0.7750,146800
EITA,2013-05-15,0.7800,0.7950,0.7750,0.7900,181000
EITA,2013-05-16,0.7800,0.7900,0.7800,0.7850,157100
EITA,2013-05-17,0.7850,0.7900,0.7850,0.7900,130000
EITA,2013-05-20,0.7900,0.8000,0.7800,0.7900,346500
EITA,2013-05-21,0.7900,0.7900,0.7800,0.7900,231100
EITA,2013-05-22,0.7850,0.7850,0.7750,0.7750,148000
EITA,2013-05-23,0.7650,0.7850,0.7650,0.7800,189900
EITA,2013-05-27,0.7800,0.7900,0.7800,0.7900,41300
EITA,2013-05-28,0.7850,0.7850,0.7800,0.7850,208800
EITA,2013-05-29,0.7800,0.8100,0.7800,0.8000,271600
EITA,2013-05-30,0.8000,0.8000,0.7900,0.8000,267500
EITA,2013-05-31,0.8000,0.8000,0.7950,0.8000,391700
EITA,2013-06-03,0.7900,0.7950,0.7900,0.7900,68000
EITA,2013-06-04,0.7900,0.8050,0.7850,0.7950,53200
EITA,2013-06-05,0.7900,0.7900,0.7850,0.7850,83300
EITA,2013-06-06,0.7850,0.7900,0.7850,0.7900,68600
EITA,2013-06-07,0.7800,0.7900,0.7800,0.7900,50800
EITA,2013-06-10,0.7900,0.8200,0.7900,0.8050,497900
EITA,2013-06-11,0.8100,0.8100,0.8000,0.8000,138000
EITA,2013-06-12,0.7950,0.8000,0.7950,0.8000,90000
EITA,2013-06-13,0.7900,0.7900,0.7850,0.7850,127000
EITA,2013-06-14,0.7950,0.8000,0.7950,0.8000,275200
EITA,2013-06-17,0.8000,0.8000,0.8000,0.8000,51000
EITA,2013-06-18,0.8000,0.8000,0.8000,0.8000,30000
EITA,2013-06-19,0.8000,0.8100,0.8000,0.8100,289300
EITA,2013-06-20,0.8100,0.8100,0.7950,0.7950,215000
EITA,2013-06-21,0.7900,0.8000,0.7900,0.8000,100000
EITA,2013-06-24,0.7950,0.7950,0.7950,0.7950,101000
EITA,2013-06-25,0.7900,0.7900,0.7850,0.7850,28600
EITA,2013-06-27,0.7900,0.7950,0.7900,0.7950,387000
EITA,2013-06-28,0.7900,0.7950,0.7900,0.7950,108000
EITA,2013-07-01,0.7850,0.7950,0.7850,0.7950,23000
EITA,2013-07-02,0.8000,0.8000,0.8000,0.8000,10000
EITA,2013-07-05,0.8000,0.8000,0.7900,0.7950,52500
EITA,2013-07-08,0.7950,0.7950,0.7950,0.7950,33000
EITA,2013-07-09,0.7950,0.8000,0.7950,0.7950,144600
EITA,2013-07-10,0.7750,0.7750,0.7700,0.7700,8000
EITA,2013-07-12,0.7550,0.7600,0.7550,0.7600,32000
EITA,2013-07-15,0.7600,0.7600,0.7600,0.7600,56000
EITA,2013-07-16,0.7600,0.7650,0.7600,0.7650,105300
EITA,2013-07-17,0.7600,0.7700,0.7600,0.7700,135000
EITA,2013-07-18,0.7700,0.7700,0.7600,0.7600,386000
EITA,2013-07-19,0.7600,0.7600,0.7600,0.7600,263000
EITA,2013-07-22,0.7600,0.7600,0.7550,0.7550,228000
EITA,2013-07-23,0.7600,0.7600,0.7600,0.7600,60000
EITA,2013-07-24,0.7550,0.7550,0.7550,0.7550,50000
EITA,2013-07-25,0.7600,0.7600,0.7550,0.7550,31000
EITA,2013-07-26,0.7600,0.7600,0.7600,0.7600,30000
EITA,2013-07-29,0.7600,0.7600,0.7600,0.7600,362900
EITA,2013-07-30,0.7600,0.7600,0.7600,0.7600,381000
EITA,2013-07-31,0.7600,0.7600,0.7550,0.7550,37900
EITA,2013-08-01,0.7500,0.7650,0.7500,0.7650,80000
EITA,2013-08-02,0.7600,0.7600,0.7600,0.7600,12000
EITA,2013-08-05,0.7600,0.7600,0.7600,0.7600,41000
EITA,2013-08-06,0.7650,0.7650,0.7650,0.7650,20100
EITA,2013-08-13,0.7600,0.7600,0.7600,0.7600,10000
EITA,2013-08-14,0.7700,0.7700,0.7700,0.7700,13000
EITA,2013-08-16,0.7650,0.7650,0.7550,0.7550,60000
EITA,2013-08-19,0.7600,0.7650,0.7550,0.7600,40000
EITA,2013-08-20,0.7500,0.7500,0.7500,0.7500,13000
EITA,2013-08-22,0.7450,0.7450,0.7450,0.7450,15000
EITA,2013-08-23,0.7400,0.7400,0.7400,0.7400,20000
EITA,2013-08-26,0.7200,0.7200,0.7200,0.7200,27000
EITA,2013-08-27,0.7200,0.7250,0.7200,0.7200,128000
EITA,2013-08-28,0.7200,0.7200,0.6900,0.6900,142000
EITA,2013-08-29,0.7200,0.7250,0.7000,0.7250,40000
EITA,2013-09-03,0.7200,0.7300,0.7200,0.7300,15000
EITA,2013-09-04,0.7100,0.7100,0.6900,0.6900,30000
EITA,2013-09-05,0.7150,0.7150,0.7000,0.7000,92000
EITA,2013-09-09,0.7000,0.7000,0.7000,0.7000,3000
EITA,2013-09-10,0.7050,0.7100,0.7000,0.7000,55000
EITA,2013-09-11,0.7000,0.7100,0.6950,0.6950,150000
EITA,2013-09-13,0.7000,0.7000,0.6900,0.6950,138000
EITA,2013-09-17,0.6900,0.7000,0.6900,0.7000,25000
EITA,2013-09-18,0.7000,0.7000,0.7000,0.7000,85000
EITA,2013-09-19,0.7000,0.7000,0.7000,0.7000,10000
EITA,2013-09-20,0.7100,0.7100,0.7100,0.7100,23000
EITA,2013-09-23,0.7150,0.7150,0.7100,0.7100,19000
EITA,2013-09-24,0.7200,0.7200,0.7200,0.7200,6000
EITA,2013-09-25,0.7100,0.7100,0.7100,0.7100,31000
EITA,2013-09-26,0.7100,0.7100,0.7100,0.7100,46000
EITA,2013-09-27,0.7200,0.7200,0.7200,0.7200,15000
EITA,2013-09-30,0.7200,0.7200,0.7050,0.7050,121000
EITA,2013-10-01,0.7300,0.7300,0.7200,0.7200,8000
EITA,2013-10-02,0.7200,0.7200,0.7200,0.7200,5000
EITA,2013-10-03,0.7300,0.7350,0.7300,0.7350,44000
EITA,2013-10-08,0.7300,0.7300,0.7300,0.7300,10000
EITA,2013-10-09,0.7250,0.7250,0.7250,0.7250,5000
EITA,2013-10-16,0.7250,0.7500,0.7250,0.7500,16500
EITA,2013-10-18,0.7550,0.7700,0.7550,0.7700,5000
EITA,2013-10-21,0.7700,0.7700,0.7700,0.7700,100
EITA,2013-10-22,0.7250,0.7300,0.7250,0.7300,10000
EITA,2013-10-23,0.7600,0.7600,0.7600,0.7600,2000
EITA,2013-10-24,0.7300,0.7300,0.7300,0.7300,3000
EITA,2013-10-25,0.7350,0.7350,0.7300,0.7300,60000
EITA,2013-10-28,0.7300,0.7300,0.7300,0.7300,1200
EITA,2013-10-29,0.7400,0.7500,0.7400,0.7500,48900
EITA,2013-10-30,0.7400,0.7500,0.7400,0.7500,26000
EITA,2013-10-31,0.7500,0.7800,0.7400,0.7800,242800
EITA,2013-11-01,0.7800,0.8200,0.7800,0.8100,806400
EITA,2013-11-04,0.8150,0.8400,0.8150,0.8350,314700
EITA,2013-11-06,0.8200,0.8250,0.8050,0.8100,120500
EITA,2013-11-07,0.8100,0.8400,0.8100,0.8300,286500
EITA,2013-11-08,0.8300,0.9200,0.8250,0.8850,2192900
EITA,2013-11-11,0.8850,0.8950,0.8500,0.8500,679000
EITA,2013-11-12,0.8600,0.8600,0.8500,0.8500,110000
EITA,2013-11-13,0.8600,0.8600,0.8400,0.8400,136700
EITA,2013-11-14,0.8350,0.8500,0.8250,0.8350,289500
EITA,2013-11-15,0.8350,0.8400,0.8350,0.8400,66500
EITA,2013-11-18,0.8400,0.8450,0.8400,0.8400,38200
EITA,2013-11-19,0.8400,0.8400,0.8350,0.8400,91500
EITA,2013-11-20,0.8400,0.8550,0.8300,0.8550,176000
EITA,2013-11-21,0.8600,0.8650,0.8600,0.8600,170000
EITA,2013-11-22,0.8600,0.9300,0.8550,0.9150,1284300
EITA,2013-11-25,0.9100,0.9150,0.8950,0.9000,278000
EITA,2013-11-26,0.9000,1.0100,0.8950,0.9600,2791000
EITA,2013-11-27,0.9550,0.9600,0.9350,0.9550,319500
EITA,2013-11-28,0.9550,0.9950,0.9550,0.9800,608000
EITA,2013-11-29,0.9650,0.9750,0.9500,0.9550,304000
EITA,2013-12-02,0.9500,0.9500,0.9050,0.9200,641800
EITA,2013-12-03,0.9500,0.9500,0.9300,0.9350,147400
EITA,2013-12-04,0.9350,0.9350,0.9050,0.9150,321000
EITA,2013-12-05,0.9100,0.9200,0.9100,0.9200,154500
EITA,2013-12-06,0.9050,0.9300,0.9050,0.9300,108300
EITA,2013-12-09,0.9300,0.9650,0.9200,0.9600,307400
EITA,2013-12-10,0.9500,0.9700,0.9450,0.9550,159200
EITA,2013-12-11,0.9550,0.9600,0.9550,0.9550,26300
EITA,2013-12-12,0.9500,0.9500,0.9300,0.9500,53000
EITA,2013-12-13,0.9500,0.9500,0.9300,0.9300,219000
EITA,2013-12-16,0.9300,0.9350,0.9050,0.9050,182200
EITA,2013-12-17,0.9450,0.9450,0.9100,0.9250,36900
EITA,2013-12-18,0.9100,0.9150,0.9050,0.9100,155900
EITA,2013-12-19,0.9200,0.9200,0.9050,0.9050,37000
EITA,2013-12-20,0.9100,0.9200,0.9000,0.9000,195400
EITA,2013-12-23,0.9050,0.9100,0.9000,0.9100,226600
EITA,2013-12-24,0.9050,0.9050,0.9000,0.9000,48500
EITA,2013-12-26,0.9100,0.9100,0.9100,0.9100,16400
EITA,2013-12-27,0.9000,0.9400,0.9000,0.9400,3300
EITA,2013-12-30,0.9200,0.9200,0.9000,0.9150,26500
EITA,2013-12-31,0.9350,0.9350,0.9000,0.9000,46100
EITA,2014-01-02,0.9000,0.9000,0.9000,0.9000,103000
EITA,2014-01-03,0.9000,0.9200,0.9000,0.9200,133200
EITA,2014-01-06,0.9200,0.9500,0.9200,0.9400,172000
EITA,2014-01-07,0.9400,0.9400,0.9400,0.9400,104900
EITA,2014-01-08,0.9500,0.9900,0.9500,0.9700,913700
EITA,2014-01-09,0.9600,0.9700,0.9600,0.9700,99500
EITA,2014-01-10,0.9700,0.9800,0.9700,0.9800,141000
EITA,2014-01-13,0.9800,1.0400,0.9800,1.0200,1365800
EITA,2014-01-15,1.0300,1.0500,0.9950,1.0100,546700
EITA,2014-01-16,1.0100,1.0100,1.0000,1.0100,177000
EITA,2014-01-20,1.0000,1.0000,0.9700,0.9700,127900
EITA,2014-01-21,0.9650,1.0000,0.9650,0.9700,216700
EITA,2014-01-22,0.9800,1.0000,0.9800,0.9850,100300
EITA,2014-01-23,0.9800,0.9850,0.9800,0.9850,32000
EITA,2014-01-24,0.9800,0.9800,0.9700,0.9700,49000
EITA,2014-01-27,0.9500,0.9600,0.9300,0.9600,61000
EITA,2014-01-28,0.9550,0.9800,0.9500,0.9500,99100
EITA,2014-01-29,0.9500,0.9500,0.9500,0.9500,6000
EITA,2014-02-04,0.9400,0.9750,0.9400,0.9750,54100
EITA,2014-02-05,0.9600,0.9600,0.9450,0.9450,35000
EITA,2014-02-06,0.9500,0.9600,0.9500,0.9500,63000
EITA,2014-02-07,0.9600,0.9800,0.9550,0.9700,187000
EITA,2014-02-10,0.9700,1.0300,0.9700,1.0300,353200
EITA,2014-02-11,1.0300,1.0600,1.0300,1.0300,320000
EITA,2014-02-12,1.0300,1.0400,1.0100,1.0200,160600
EITA,2014-02-13,1.0200,1.0200,0.9900,1.0200,57000
EITA,2014-02-14,1.0000,1.0300,1.0000,1.0300,22000
EITA,2014-02-17,1.0200,1.0200,1.0100,1.0200,66000
EITA,2014-02-18,1.0100,1.0700,1.0100,1.0500,431600
EITA,2014-02-19,1.0600,1.1200,1.0600,1.1200,959100
EITA,2014-02-20,1.0900,1.1000,1.0800,1.0900,253300
EITA,2014-02-21,1.0800,1.1500,1.0700,1.1300,617300
EITA,2014-02-24,1.1300,1.1900,1.1200,1.1500,834200
EITA,2014-02-25,1.1700,1.1800,1.1300,1.1400,382600
EITA,2014-02-26,1.1000,1.1200,1.0800,1.1000,351000
EITA,2014-02-27,1.1000,1.1000,1.0500,1.0600,636400
EITA,2014-02-28,1.0500,1.0700,1.0500,1.0700,310000
EITA,2014-03-03,1.0600,1.0700,1.0400,1.0500,160900
EITA,2014-03-04,1.0300,1.0500,1.0300,1.0500,129000
EITA,2014-03-05,1.0600,1.0600,1.0400,1.0600,122000
EITA,2014-03-06,1.0600,1.0700,1.0500,1.0600,64500
EITA,2014-03-07,1.0700,1.1100,1.0700,1.1100,258000
EITA,2014-03-10,1.0900,1.1300,1.0900,1.1300,173600
EITA,2014-03-11,1.1200,1.1500,1.1200,1.1500,143500
EITA,2014-03-12,1.1200,1.1500,1.1200,1.1500,177100
EITA,2014-03-13,1.1400,1.1500,1.1300,1.1500,65000
EITA,2014-03-14,1.1200,1.1500,1.1200,1.1500,76000
EITA,2014-03-17,1.1400,1.1400,1.1300,1.1400,109800
EITA,2014-03-18,1.1300,1.1400,1.1300,1.1400,41000
EITA,2014-03-19,1.1300,1.1400,1.1200,1.1400,98000
EITA,2014-03-20,1.1200,1.1300,1.1200,1.1300,47500
EITA,2014-03-21,1.1300,1.1300,1.1200,1.1300,46500
EITA,2014-03-24,1.1300,1.1300,1.1200,1.1300,10500
EITA,2014-03-25,1.1200,1.1400,1.1200,1.1200,90500
EITA,2014-03-26,1.1400,1.1400,1.1300,1.1400,59700
EITA,2014-03-27,1.1300,1.1400,1.1200,1.1400,23100
EITA,2014-03-28,1.1500,1.1500,1.1300,1.1400,139300
EITA,2014-03-31,1.1300,1.1800,1.1300,1.1700,357600
EITA,2014-04-01,1.1700,1.1900,1.1700,1.1800,37200
EITA,2014-04-02,1.1800,1.2300,1.1800,1.2200,643400
EITA,2014-04-03,1.2200,1.3000,1.2200,1.2900,753700
EITA,2014-04-04,1.2800,1.3000,1.2700,1.2800,281300
EITA,2014-04-07,1.2800,1.2900,1.2600,1.2600,260900
EITA,2014-04-08,1.2200,1.2200,1.2000,1.2100,207000
EITA,2014-04-09,1.2100,1.2500,1.2100,1.2500,220300
EITA,2014-04-10,1.2500,1.2500,1.2500,1.2500,76500
EITA,2014-04-11,1.2500,1.2500,1.2300,1.2400,114500
EITA,2014-04-14,1.2400,1.2400,1.2300,1.2400,79000
EITA,2014-04-15,1.2400,1.2700,1.2400,1.2700,179000
EITA,2014-04-16,1.2800,1.3600,1.2800,1.3400,694800
EITA,2014-04-17,1.3400,1.3400,1.3100,1.3200,121500
EITA,2014-04-18,1.3300,1.3300,1.3100,1.3100,159000
EITA,2014-04-21,1.3200,1.3600,1.3200,1.3600,606900
EITA,2014-04-22,1.3600,1.3600,1.3200,1.3200,309400
EITA,2014-04-23,1.3000,1.3400,1.3000,1.3300,306000
EITA,2014-04-24,1.3300,1.3400,1.3200,1.3200,94000
EITA,2014-04-25,1.3100,1.3500,1.3100,1.3500,145500
EITA,2014-04-28,1.3200,1.3200,1.3200,1.3200,237000
EITA,2014-04-29,1.3100,1.3200,1.3000,1.3200,671500
EITA,2014-04-30,1.3100,1.3300,1.3000,1.3200,239400
EITA,2014-05-02,1.3200,1.3200,1.3200,1.3200,48000
EITA,2014-05-05,1.3200,1.3300,1.3200,1.3200,433700
EITA,2014-05-06,1.3200,1.3300,1.3100,1.3300,77400
EITA,2014-05-07,1.3200,1.3400,1.3200,1.3400,45000
EITA,2014-05-08,1.3400,1.4200,1.3400,1.4000,433200
EITA,2014-05-09,1.4000,1.4000,1.3800,1.3900,156000
EITA,2014-05-12,1.4000,1.4300,1.3900,1.4300,307900
EITA,2014-05-14,1.4500,1.4800,1.4500,1.4700,543600
EITA,2014-05-15,1.4900,1.4900,1.4400,1.4600,2963500
EITA,2014-05-16,1.4400,1.4700,1.4300,1.4700,2986500
EITA,2014-05-19,1.4400,1.4600,1.4400,1.4500,60100
EITA,2014-05-20,1.4300,1.4500,1.4300,1.4400,40000
EITA,2014-05-21,1.4300,1.4300,1.4000,1.4000,149200
EITA,2014-05-22,1.4000,1.4300,1.4000,1.4300,56000
EITA,2014-05-23,1.4200,1.4200,1.4100,1.4100,24000
EITA,2014-05-26,1.4100,1.4100,1.4000,1.4000,16200
EITA,2014-05-27,1.4000,1.4000,1.4000,1.4000,59000
EITA,2014-05-28,1.4100,1.4100,1.3800,1.3900,40000
EITA,2014-05-29,1.3900,1.4000,1.3900,1.4000,38300
EITA,2014-05-30,1.4000,1.4000,1.3800,1.4000,171200
EITA,2014-06-02,1.4000,1.4000,1.3900,1.3900,15000
EITA,2014-06-03,1.3900,1.3900,1.3800,1.3900,32000
EITA,2014-06-04,1.3800,1.4000,1.3800,1.4000,39500
EITA,2014-06-06,1.3900,1.3900,1.3800,1.3800,28000
EITA,2014-06-09,1.3800,1.3800,1.3700,1.3700,74000
EITA,2014-06-10,1.3700,1.3800,1.3600,1.3600,152600
EITA,2014-06-11,1.3800,1.3900,1.3800,1.3800,64000
EITA,2014-06-12,1.3800,1.3900,1.3700,1.3800,16000
EITA,2014-06-13,1.3600,1.4000,1.3600,1.4000,45300
EITA,2014-06-16,1.4000,1.4100,1.3800,1.4100,92000
EITA,2014-06-17,1.4200,1.4500,1.4000,1.4500,150800
EITA,2014-06-18,1.4600,1.5200,1.4600,1.5100,598200
EITA,2014-06-19,1.5200,1.5400,1.5100,1.5300,305300
EITA,2014-06-20,1.5200,1.5200,1.4700,1.4800,148800
EITA,2014-06-23,1.4500,1.5400,1.4500,1.4800,158000
EITA,2014-06-24,1.4800,1.5100,1.4800,1.4900,106600
EITA,2014-06-25,1.4800,1.5000,1.4800,1.4900,45400
EITA,2014-06-26,1.4800,1.4800,1.4800,1.4800,31000
EITA,2014-06-27,1.4800,1.4900,1.4800,1.4900,30000
EITA,2014-06-30,1.4600,1.4700,1.4600,1.4600,52000
EITA,2014-07-01,1.4600,1.4800,1.4500,1.4600,44000
EITA,2014-07-02,1.4600,1.4600,1.4600,1.4600,29000
EITA,2014-07-03,1.4600,1.4700,1.4200,1.4600,76400
EITA,2014-07-04,1.4400,1.4600,1.4300,1.4600,146000
EITA,2014-07-07,1.4600,1.4800,1.4500,1.4500,81000
EITA,2014-07-08,1.4500,1.5000,1.4400,1.5000,148500
EITA,2014-07-09,1.5000,1.5300,1.4900,1.5100,250100
EITA,2014-07-10,1.5200,1.5600,1.5200,1.5400,149800
EITA,2014-07-11,1.5400,1.5400,1.5000,1.5000,149200
EITA,2014-07-14,1.4800,1.5000,1.4500,1.5000,75000
EITA,2014-07-16,1.5000,1.5000,1.4500,1.4900,49200
EITA,2014-07-17,1.4700,1.4900,1.4500,1.4500,66000
EITA,2014-07-18,1.4500,1.4900,1.4500,1.4900,49000
EITA,2014-07-21,1.4800,1.4900,1.4800,1.4800,19000
EITA,2014-07-22,1.4900,1.5600,1.4900,1.5600,181200
EITA,2014-07-23,1.5600,1.5600,1.4900,1.5200,527400
EITA,2014-07-24,1.5000,1.5200,1.4800,1.5200,40100
EITA,2014-07-25,1.5100,1.5100,1.4600,1.4600,316500
EITA,2014-07-30,1.4600,1.4900,1.4600,1.4800,47900
EITA,2014-07-31,1.4600,1.4700,1.4500,1.4500,216100
EITA,2014-08-01,1.4500,1.4600,1.4500,1.4500,81500
EITA,2014-08-04,1.4500,1.4500,1.4400,1.4400,66100
EITA,2014-08-05,1.4700,1.4800,1.4400,1.4500,83800
EITA,2014-08-06,1.4400,1.4500,1.4100,1.4400,113400
EITA,2014-08-07,1.4800,1.4900,1.4500,1.4500,123900
EITA,2014-08-08,1.4600,1.4700,1.4200,1.4700,206100
EITA,2014-08-11,1.4500,1.4800,1.4300,1.4300,35000
EITA,2014-08-12,1.4500,1.4800,1.4500,1.4700,34000
EITA,2014-08-13,1.4600,1.4800,1.4600,1.4800,67000
EITA,2014-08-14,1.4700,1.4700,1.4500,1.4500,87000
EITA,2014-08-15,1.4500,1.4700,1.4500,1.4500,39000
EITA,2014-08-18,1.4400,1.4700,1.4400,1.4500,25000
EITA,2014-08-19,1.4600,1.4600,1.4300,1.4600,147400
EITA,2014-08-20,1.4400,1.4400,1.4300,1.4300,155800
EITA,2014-08-21,1.4200,1.4300,1.4200,1.4200,49000
EITA,2014-08-22,1.4200,1.4300,1.4200,1.4300,45000
EITA,2014-08-25,1.4100,1.4100,1.3900,1.3900,66000
EITA,2014-08-26,1.3900,1.4000,1.3900,1.3900,73500
EITA,2014-08-27,1.4000,1.4100,1.4000,1.4000,22000
EITA,2014-08-28,1.4000,1.4000,1.3900,1.4000,81300
EITA,2014-08-29,1.3900,1.4000,1.3900,1.4000,75000
EITA,2014-09-02,1.3900,1.4000,1.3700,1.3700,88000
EITA,2014-09-03,1.3700,1.3800,1.3700,1.3800,49000
EITA,2014-09-04,1.3900,1.4000,1.3900,1.4000,27000
EITA,2014-09-05,1.4000,1.4000,1.4000,1.4000,15000
EITA,2014-09-08,1.4000,1.4000,1.3900,1.4000,68400
EITA,2014-09-09,1.3900,1.4000,1.3900,1.4000,33000
EITA,2014-09-10,1.3900,1.3900,1.3900,1.3900,17400
EITA,2014-09-11,1.3800,1.3800,1.3800,1.3800,24000
EITA,2014-09-12,1.3800,1.4000,1.3700,1.4000,34100
EITA,2014-09-15,1.3800,1.3800,1.3800,1.3800,35000
EITA,2014-09-17,1.3800,1.3800,1.3500,1.3500,54200
EITA,2014-09-18,1.3600,1.3600,1.3500,1.3500,37500
EITA,2014-09-19,1.3500,1.3500,1.3500,1.3500,25000
EITA,2014-09-22,1.3600,1.3700,1.3600,1.3700,93000
EITA,2014-09-23,1.3700,1.4000,1.3700,1.4000,191200
EITA,2014-09-24,1.3900,1.5000,1.3900,1.4600,305100
EITA,2014-09-25,1.4800,1.4800,1.4400,1.4400,125000
EITA,2014-09-26,1.4400,1.4600,1.4400,1.4600,53000
EITA,2014-09-29,1.4800,1.4800,1.4500,1.4600,71600
EITA,2014-09-30,1.4600,1.5000,1.4600,1.4800,99600
EITA,2014-10-01,1.5000,1.5000,1.4700,1.4700,55600
EITA,2014-10-02,1.4700,1.4700,1.4400,1.4400,174700
EITA,2014-10-03,1.4400,1.4400,1.4400,1.4400,5000
EITA,2014-10-07,1.4500,1.4500,1.4200,1.4200,76000
EITA,2014-10-08,1.4200,1.4200,1.3400,1.3900,113000
EITA,2014-10-09,1.3700,1.4000,1.3700,1.4000,4000
EITA,2014-10-10,1.3700,1.3700,1.3600,1.3600,72000
EITA,2014-10-13,1.3600,1.3600,1.3400,1.3400,38000
EITA,2014-10-14,1.3300,1.3400,1.3300,1.3400,46000
EITA,2014-10-15,1.3300,1.3400,1.3300,1.3400,11000
EITA,2014-10-16,1.3000,1.3000,1.2700,1.2800,154500
EITA,2014-10-17,1.2700,1.3000,1.2700,1.2900,126000
EITA,2014-10-20,1.3200,1.3400,1.2900,1.3000,81100
EITA,2014-10-21,1.3000,1.3300,1.3000,1.3000,24600
EITA,2014-10-24,1.3500,1.3700,1.3500,1.3500,76900
EITA,2014-10-27,1.3400,1.3500,1.3400,1.3400,47000
EITA,2014-10-28,1.3500,1.3700,1.3400,1.3700,41100
EITA,2014-10-30,1.3500,1.3800,1.3500,1.3800,19000
EITA,2014-10-31,1.3900,1.4000,1.3900,1.4000,60000
EITA,2014-11-04,1.3800,1.3800,1.3600,1.3600,2000
EITA,2014-11-05,1.3800,1.4200,1.3800,1.4200,24200
EITA,2014-11-06,1.4000,1.4000,1.3900,1.3900,34000
EITA,2014-11-12,1.3900,1.3900,1.3800,1.3800,10000
EITA,2014-11-13,1.3800,1.3800,1.3700,1.3700,33000
EITA,2014-11-14,1.3700,1.3800,1.3700,1.3800,51900
EITA,2014-11-17,1.3800,1.3800,1.3800,1.3800,3000
EITA,2014-11-20,1.3800,1.3800,1.3800,1.3800,30100
EITA,2014-11-24,1.3800,1.3800,1.3800,1.3800,38000
EITA,2014-11-27,1.4200,1.4500,1.4100,1.4500,70900
EITA,2014-11-28,1.4300,1.4400,1.4200,1.4200,41000
EITA,2014-12-01,1.4200,1.4200,1.3500,1.3600,55000
EITA,2014-12-02,1.3600,1.3600,1.3200,1.3600,30000
EITA,2014-12-03,1.3400,1.3400,1.3400,1.3400,20000
EITA,2014-12-04,1.3500,1.3500,1.3000,1.3200,75300
EITA,2014-12-05,1.3000,1.3200,1.2800,1.3200,35800
EITA,2014-12-08,1.3000,1.3100,1.2500,1.2500,127000
EITA,2014-12-09,1.2900,1.2900,1.2800,1.2800,1800
EITA,2014-12-10,1.2700,1.2700,1.2400,1.2400,19900
EITA,2014-12-11,1.2500,1.2500,1.2400,1.2400,13200
EITA,2014-12-12,1.2400,1.2700,1.2400,1.2700,15000
EITA,2014-12-15,1.1900,1.2500,1.1700,1.2500,67000
EITA,2014-12-16,1.1600,1.1600,1.1400,1.1400,69400
EITA,2014-12-17,1.1500,1.1900,1.1500,1.1900,17500
EITA,2014-12-18,1.1900,1.2500,1.1900,1.2500,19000
EITA,2014-12-19,1.2100,1.2400,1.2100,1.2400,21100
EITA,2014-12-22,1.1600,1.2300,1.1600,1.2200,39900
EITA,2014-12-23,1.2200,1.2200,1.2000,1.2000,60000
EITA,2014-12-24,1.1800,1.1800,1.1400,1.1400,436400
EITA,2014-12-26,1.1800,1.1900,1.1800,1.1900,5000
EITA,2014-12-29,1.1500,1.1700,1.1500,1.1700,12100
EITA,2014-12-30,1.1700,1.1700,1.1400,1.1400,41500
EITA,2014-12-31,1.1300,1.1400,1.1100,1.1400,28000
EITA,2015-01-05,1.1200,1.1200,1.1000,1.1000,38100
EITA,2015-01-06,1.1000,1.1000,1.1000,1.1000,5000
EITA,2015-01-07,1.1200,1.1500,1.1000,1.1300,40100
EITA,2015-01-08,1.1000,1.1100,1.1000,1.1000,82000
EITA,2015-01-09,1.1100,1.1100,1.1100,1.1100,10000
EITA,2015-01-12,1.1200,1.1300,1.1200,1.1300,14900
EITA,2015-01-13,1.1300,1.1300,1.1100,1.1200,31500
EITA,2015-01-14,1.1100,1.1200,1.1100,1.1200,11800
EITA,2015-01-15,1.1300,1.1500,1.1300,1.1500,68200
EITA,2015-01-16,1.1300,1.1500,1.1300,1.1500,7300
EITA,2015-01-19,1.1300,1.1400,1.1300,1.1300,17000
EITA,2015-01-20,1.1300,1.1600,1.1300,1.1600,17500
EITA,2015-01-21,1.1600,1.2000,1.1600,1.2000,34900
EITA,2015-01-22,1.1700,1.1700,1.1500,1.1500,255000
EITA,2015-01-23,1.1600,1.1600,1.1500,1.1500,72300
EITA,2015-01-26,1.1500,1.1500,1.1500,1.1500,15000
EITA,2015-01-27,1.1500,1.1600,1.1400,1.1400,87800
EITA,2015-01-28,1.1600,1.1600,1.1300,1.1300,75000
EITA,2015-02-04,1.1300,1.1600,1.1300,1.1500,38000
EITA,2015-02-05,1.1400,1.1500,1.1400,1.1500,25000
EITA,2015-02-06,1.1400,1.1400,1.1400,1.1400,18000
EITA,2015-02-09,1.1500,1.1800,1.1500,1.1800,64000
EITA,2015-02-10,1.1900,1.2900,1.1900,1.2700,284000
EITA,2015-02-11,1.2700,1.2700,1.2300,1.2500,38000
EITA,2015-02-13,1.2000,1.2700,1.2000,1.2600,37000
EITA,2015-02-16,1.2200,1.2600,1.2200,1.2600,49300
EITA,2015-02-17,1.2700,1.2700,1.2400,1.2700,1300
EITA,2015-02-18,1.2300,1.2600,1.2300,1.2600,5100
EITA,2015-02-23,1.2400,1.2400,1.2400,1.2400,12000
EITA,2015-02-24,1.2100,1.2400,1.2100,1.2400,13200
EITA,2015-02-25,1.2000,1.2500,1.1900,1.2500,50600
EITA,2015-02-26,1.2000,1.2100,1.2000,1.2100,12000
EITA,2015-02-27,1.2100,1.2100,1.2100,1.2100,10000
EITA,2015-03-02,1.2100,1.2400,1.1800,1.1800,49500
EITA,2015-03-03,1.1900,1.1900,1.1800,1.1800,8800
EITA,2015-03-04,1.2200,1.2500,1.2100,1.2500,84800
EITA,2015-03-05,1.2500,1.2500,1.2500,1.2500,2000
EITA,2015-03-06,1.2500,1.2500,1.2500,1.2500,12000
EITA,2015-03-09,1.2400,1.2500,1.2400,1.2500,10000
EITA,2015-03-10,1.2500,1.2700,1.2500,1.2700,63500
EITA,2015-03-11,1.2800,1.2800,1.2100,1.2600,24500
EITA,2015-03-12,1.2900,1.2900,1.2600,1.2800,11600
EITA,2015-03-13,1.2800,1.3200,1.2700,1.3000,19900
EITA,2015-03-16,1.2300,1.2700,1.2300,1.2700,11000
EITA,2015-03-17,1.2300,1.2300,1.2300,1.2300,14000
EITA,2015-03-18,1.1900,1.1900,1.1900,1.1900,1000
EITA,2015-03-19,1.2500,1.2500,1.2200,1.2200,6000
EITA,2015-03-20,1.2100,1.2100,1.2100,1.2100,5000
EITA,2015-03-23,1.2100,1.2100,1.2100,1.2100,12000
EITA,2015-03-24,1.2500,1.2500,1.2200,1.2500,21000
EITA,2015-03-25,1.2700,1.2800,1.2400,1.2400,20000
EITA,2015-03-26,1.2400,1.2400,1.2400,1.2400,10000
EITA,2015-03-30,1.2700,1.2700,1.2700,1.2700,1000
EITA,2015-03-31,1.2600,1.2600,1.2200,1.2200,29000
EITA,2015-04-06,1.2500,1.2500,1.2500,1.2500,23900
EITA,2015-04-07,1.2400,1.2400,1.2400,1.2400,100
EITA,2015-04-08,1.2000,1.2000,1.2000,1.2000,35000
EITA,2015-04-09,1.2100,1.2100,1.2100,1.2100,5100
EITA,2015-04-10,1.2100,1.2100,1.2000,1.2000,25000
EITA,2015-04-13,1.2000,1.2000,1.1900,1.1900,29000
EITA,2015-04-14,1.1900,1.1900,1.1800,1.1800,31000
EITA,2015-04-15,1.1900,1.1900,1.1700,1.1800,72500
EITA,2015-04-16,1.1800,1.1900,1.1800,1.1800,42400
EITA,2015-04-17,1.1800,1.2100,1.1800,1.1900,83000
EITA,2015-04-20,1.1900,1.2000,1.1800,1.1900,122400
EITA,2015-04-21,1.2000,1.2000,1.1800,1.1900,123000
EITA,2015-04-22,1.1900,1.1900,1.1800,1.1900,84000
EITA,2015-04-23,1.1900,1.2000,1.1900,1.2000,31500
EITA,2015-04-24,1.2000,1.2700,1.2000,1.2700,323000
EITA,2015-04-27,1.2700,1.2700,1.2700,1.2700,43000
EITA,2015-04-28,1.2900,1.3000,1.2700,1.2700,48600
EITA,2015-04-29,1.2600,1.2800,1.2600,1.2800,92000
EITA,2015-04-30,1.2900,1.3000,1.2800,1.3000,79300
EITA,2015-05-05,1.3100,1.3500,1.3000,1.3100,11000
EITA,2015-05-07,1.2600,1.2900,1.2600,1.2900,5000
EITA,2015-05-08,1.2300,1.2300,1.2300,1.2300,1000
EITA,2015-05-11,1.3000,1.3000,1.3000,1.3000,1000
EITA,2015-05-13,1.2800,1.2800,1.2800,1.2800,2000
EITA,2015-05-14,1.2800,1.2800,1.2800,1.2800,20000
EITA,2015-05-15,1.2500,1.3000,1.2500,1.3000,35000
EITA,2015-05-18,1.2600,1.2600,1.2600,1.2600,1000
EITA,2015-05-19,1.2600,1.2600,1.2600,1.2600,18000
EITA,2015-05-20,1.2500,1.2500,1.2500,1.2500,4000
EITA,2015-05-21,1.2500,1.2500,1.2500,1.2500,13000
EITA,2015-05-22,1.2500,1.2500,1.2400,1.2400,20000
EITA,2015-05-25,1.2100,1.3100,1.2100,1.3100,11500
EITA,2015-06-03,1.2700,1.2800,1.2700,1.2700,35000
EITA,2015-06-04,1.2700,1.2800,1.2700,1.2800,25000
EITA,2015-06-05,1.2600,1.2600,1.2600,1.2600,13000
EITA,2015-06-08,1.2500,1.2500,1.2300,1.2300,18000
EITA,2015-06-09,1.2300,1.2300,1.2300,1.2300,143000
EITA,2015-06-11,1.2200,1.2300,1.2200,1.2300,15000
EITA,2015-06-16,1.1900,1.1900,1.1800,1.1800,17000
EITA,2015-06-17,1.1800,1.1800,1.1800,1.1800,10000
EITA,2015-06-19,1.2000,1.2000,1.2000,1.2000,27000
EITA,2015-06-25,1.1700,1.2000,1.1700,1.2000,5100
EITA,2015-06-26,1.2000,1.2100,1.2000,1.2100,62600
EITA,2015-06-29,1.1700,1.1800,1.1700,1.1800,24400
EITA,2015-07-01,1.1700,1.1900,1.1700,1.1700,6700
EITA,2015-07-03,1.1800,1.2000,1.1700,1.1700,29000
EITA,2015-07-07,1.1700,1.2000,1.1700,1.1700,5700
EITA,2015-07-10,1.1800,1.1800,1.1800,1.1800,100
EITA,2015-07-24,1.2500,1.2500,1.2200,1.2300,34000
EITA,2015-07-29,1.2700,1.2800,1.2100,1.2300,21500
EITA,2015-08-05,1.2200,1.2200,1.2200,1.2200,20000
EITA,2015-08-07,1.2500,1.2500,1.1800,1.1800,10800
EITA,2015-08-12,1.1100,1.1700,1.1100,1.1700,16100
EITA,2015-08-13,1.1800,1.1800,1.1800,1.1800,500
EITA,2015-08-19,1.2000,1.2000,1.2000,1.2000,10000
EITA,2015-08-25,1.1500,1.1500,1.1500,1.1500,5000
EITA,2015-08-26,1.1300,1.1500,1.1000,1.1000,66000
EITA,2015-08-27,1.1600,1.1600,1.1600,1.1600,100
EITA,2015-08-28,1.0800,1.1500,1.0800,1.1500,20100
EITA,2015-09-01,1.1400,1.1400,1.1400,1.1400,1000
EITA,2015-09-03,1.0900,1.1300,1.0900,1.1300,5100
EITA,2015-09-04,1.1000,1.1300,1.1000,1.1000,2800
EITA,2015-09-08,1.1600,1.1600,1.1600,1.1600,100
EITA,2015-09-09,1.1600,1.2300,1.1600,1.2300,30000
EITA,2015-09-10,1.2000,1.2000,1.2000,1.2000,40000
EITA,2015-09-15,1.2400,1.2400,1.2400,1.2400,500
EITA,2015-09-17,1.2100,1.2100,1.1900,1.1900,2000
EITA,2015-09-18,1.1800,1.1800,1.1800,1.1800,1000
EITA,2015-09-21,1.2100,1.2100,1.2100,1.2100,500
EITA,2015-10-01,1.1000,1.1400,1.1000,1.1400,23000
EITA,2015-10-02,1.1200,1.1300,1.1200,1.1200,11100
EITA,2015-10-05,1.1300,1.1300,1.1000,1.1300,56100
EITA,2015-10-06,1.1000,1.1100,1.1000,1.1100,4000
EITA,2015-10-07,1.1100,1.1900,1.1000,1.1400,33300
EITA,2015-10-09,1.1200,1.1200,1.1200,1.1200,100
EITA,2015-10-12,1.1500,1.1500,1.1300,1.1300,19500
EITA,2015-10-13,1.1000,1.1200,1.1000,1.1000,89900
EITA,2015-10-15,1.1200,1.1200,1.1000,1.1000,11000
EITA,2015-10-16,1.1000,1.1000,1.1000,1.1000,5500
EITA,2015-10-19,1.1100,1.1100,1.1100,1.1100,5000
EITA,2015-10-20,1.1100,1.1300,1.1000,1.1000,20000
EITA,2015-10-21,1.1300,1.1300,1.1000,1.1100,4400
EITA,2015-10-22,1.1100,1.1100,1.1100,1.1100,3000
EITA,2015-10-23,1.1200,1.1300,1.1200,1.1300,88100
EITA,2015-10-26,1.1500,1.1800,1.1200,1.1800,4900
EITA,2015-10-27,1.1500,1.1800,1.1000,1.1300,3300
EITA,2015-10-28,1.1500,1.1800,1.1200,1.1200,4400
EITA,2015-10-29,1.1800,1.1800,1.0900,1.1100,31000
EITA,2015-10-30,1.1800,1.1800,1.1300,1.1300,5100
EITA,2015-11-02,1.1800,1.1800,1.1800,1.1800,100
EITA,2015-11-03,1.1200,1.1300,1.1100,1.1100,229300
EITA,2015-11-05,1.1200,1.1200,1.1100,1.1200,86800
EITA,2015-11-06,1.1100,1.1200,1.1100,1.1100,38800
EITA,2015-11-09,1.1000,1.1200,1.1000,1.1100,21800
EITA,2015-11-11,1.1200,1.1200,1.1100,1.1200,34600
EITA,2015-11-12,1.1500,1.1500,1.1100,1.1100,16100
EITA,2015-11-13,1.1500,1.1500,1.1200,1.1400,20300
EITA,2015-11-16,1.1100,1.1100,1.1100,1.1100,205000
EITA,2015-11-17,1.1000,1.1000,1.1000,1.1000,67100
EITA,2015-11-18,1.1000,1.1100,1.1000,1.1100,16000
EITA,2015-11-19,1.1000,1.1100,1.1000,1.1100,14000
EITA,2015-11-20,1.1000,1.1000,1.1000,1.1000,3000
EITA,2015-11-23,1.1200,1.1500,1.1000,1.1400,58400
EITA,2015-11-24,1.1100,1.1100,1.1100,1.1100,6000
EITA,2015-11-25,1.1500,1.1500,1.1100,1.1200,121600
EITA,2015-11-26,1.2600,1.3300,1.2400,1.3000,2006500
EITA,2015-11-27,1.3000,1.3200,1.2700,1.2900,285400
EITA,2015-11-30,1.2800,1.2800,1.2500,1.2600,105500
EITA,2015-12-01,1.2600,1.3900,1.2600,1.3400,715400
EITA,2015-12-02,1.3400,1.4300,1.3400,1.4100,971600
EITA,2015-12-03,1.4000,1.4200,1.3800,1.4000,341600
EITA,2015-12-04,1.3800,1.4000,1.3600,1.3800,134200
EITA,2015-12-07,1.3800,1.5500,1.3500,1.5200,1024500
EITA,2015-12-08,1.5400,1.5900,1.4700,1.4900,1693400
EITA,2015-12-09,1.4700,1.5100,1.4000,1.4700,933000
EITA,2015-12-10,1.4700,1.4800,1.4300,1.4400,533300
EITA,2015-12-11,1.4500,1.4500,1.4100,1.4300,283100
EITA,2015-12-14,1.4000,1.4100,1.3500,1.3500,551100
EITA,2015-12-15,1.3800,1.3800,1.3700,1.3800,250000
EITA,2015-12-16,1.4100,1.4700,1.4000,1.4500,574900
EITA,2015-12-17,1.4600,1.5100,1.4600,1.4700,663900
EITA,2015-12-18,1.4700,1.4800,1.4200,1.4800,163700
EITA,2015-12-21,1.4700,1.4700,1.4300,1.4600,60100
EITA,2015-12-22,1.4300,1.4500,1.4100,1.4500,116200
EITA,2015-12-23,1.4200,1.4600,1.4100,1.4400,118700
EITA,2015-12-28,1.4200,1.4400,1.4000,1.4300,141900
EITA,2015-12-29,1.4300,1.5000,1.4300,1.5000,475500
EITA,2015-12-30,1.5000,1.5400,1.4400,1.4400,332700
EITA,2015-12-31,1.4500,1.4800,1.4500,1.4600,134900
EITA,2016-01-04,1.4400,1.4600,1.3900,1.3900,212800
EITA,2016-01-05,1.4100,1.4300,1.4100,1.4300,84300
EITA,2016-01-06,1.4200,1.4200,1.4100,1.4100,68100
EITA,2016-01-07,1.4000,1.4200,1.3800,1.4000,174000
EITA,2016-01-08,1.3800,1.4400,1.3800,1.4400,174000
EITA,2016-01-11,1.4000,1.4200,1.4000,1.4200,70000
EITA,2016-01-12,1.3900,1.3900,1.3800,1.3800,13000
EITA,2016-01-13,1.4000,1.4200,1.4000,1.4200,100400
EITA,2016-01-14,1.3900,1.4100,1.3700,1.3800,57000
EITA,2016-01-15,1.4000,1.4200,1.3800,1.4100,274200
EITA,2016-01-18,1.3700,1.3800,1.3600,1.3800,88600
EITA,2016-01-19,1.3900,1.4000,1.3700,1.3700,71600
EITA,2016-01-20,1.3600,1.3600,1.3600,1.3600,20000
EITA,2016-01-21,1.3300,1.3300,1.2500,1.2600,233800
EITA,2016-01-22,1.2700,1.3200,1.2700,1.3200,150500
EITA,2016-01-26,1.2700,1.3200,1.2700,1.3100,74100
EITA,2016-01-27,1.3000,1.3000,1.2900,1.3000,113800
EITA,2016-01-28,1.2700,1.2900,1.2700,1.2700,17000
EITA,2016-01-29,1.3000,1.3000,1.2800,1.2900,94900
EITA,2016-02-02,1.2800,1.3000,1.2800,1.2900,24000
EITA,2016-02-03,1.2900,1.2900,1.2800,1.2800,22000
EITA,2016-02-04,1.3000,1.3000,1.3000,1.3000,19000
EITA,2016-02-05,1.3200,1.3200,1.2600,1.2600,5500
EITA,2016-02-11,1.2800,1.2800,1.2800,1.2800,10000
EITA,2016-02-12,1.2800,1.2800,1.2800,1.2800,10000
EITA,2016-02-15,1.2500,1.3300,1.2500,1.3300,15300
EITA,2016-02-16,1.3300,1.3300,1.3000,1.3000,46000
EITA,2016-02-17,1.3000,1.3000,1.3000,1.3000,21000
EITA,2016-02-18,1.3000,1.3000,1.3000,1.3000,21000
EITA,2016-02-19,1.3000,1.3000,1.3000,1.3000,47000
EITA,2016-02-22,1.3000,1.3000,1.3000,1.3000,23800
EITA,2016-02-23,1.3200,1.3800,1.3200,1.3800,249000
EITA,2016-02-24,1.3800,1.3800,1.3400,1.3600,73800
EITA,2016-02-25,1.3200,1.3500,1.3100,1.3100,261700
EITA,2016-02-26,1.3200,1.3500,1.3200,1.3500,192000
EITA,2016-02-29,1.3500,1.3800,1.3500,1.3600,78400
EITA,2016-03-01,1.4000,1.4300,1.3800,1.4200,438100
EITA,2016-03-02,1.4400,1.4500,1.4100,1.4100,259200
EITA,2016-03-03,1.4000,1.4200,1.4000,1.4200,109000
EITA,2016-03-04,1.4000,1.4000,1.3800,1.3900,145100
EITA,2016-03-07,1.3800,1.3800,1.3600,1.3800,217600
EITA,2016-03-08,1.3600,1.3800,1.3600,1.3800,112300
EITA,2016-03-09,1.3000,1.3800,1.3000,1.3800,3100
EITA,2016-03-11,1.3600,1.3600,1.3400,1.3500,15000
EITA,2016-03-14,1.3500,1.3700,1.3300,1.3500,121900
EITA,2016-03-15,1.3600,1.3600,1.3400,1.3500,27400
EITA,2016-03-16,1.3500,1.3700,1.3500,1.3700,23700
EITA,2016-03-18,1.3700,1.3700,1.3700,1.3700,49000
EITA,2016-03-21,1.3800,1.3800,1.3800,1.3800,10000
EITA,2016-03-22,1.3800,1.3800,1.3800,1.3800,16500
EITA,2016-03-23,1.3500,1.3500,1.3500,1.3500,10000
EITA,2016-03-25,1.3500,1.3500,1.3500,1.3500,17000
EITA,2016-03-28,1.3300,1.3500,1.3300,1.3500,10200
EITA,2016-03-29,1.3400,1.3400,1.3400,1.3400,2000
EITA,2016-03-30,1.3400,1.3400,1.3400,1.3400,4000
EITA,2016-03-31,1.3500,1.3800,1.3400,1.3800,37000
EITA,2016-04-01,1.3500,1.3500,1.3400,1.3500,10200
EITA,2016-04-04,1.3500,1.3500,1.3000,1.3000,46500
EITA,2016-04-05,1.3100,1.3600,1.3100,1.3300,19300
EITA,2016-04-07,1.3500,1.3500,1.3300,1.3300,10500
EITA,2016-04-08,1.3600,1.3600,1.3600,1.3600,10000
EITA,2016-04-14,1.3400,1.3600,1.3300,1.3600,38000
EITA,2016-04-18,1.3300,1.3600,1.3300,1.3600,4000
EITA,2016-04-20,1.3300,1.3500,1.3300,1.3500,27000
EITA,2016-04-22,1.3300,1.3300,1.3200,1.3200,16000
EITA,2016-04-25,1.3300,1.3300,1.3300,1.3300,42000
EITA,2016-04-26,1.3300,1.3300,1.3300,1.3300,2300
EITA,2016-04-27,1.3300,1.3600,1.3300,1.3300,22500
EITA,2016-04-28,1.3300,1.3300,1.3300,1.3300,19500
EITA,2016-04-29,1.3300,1.3600,1.3300,1.3600,27300
EITA,2016-05-04,1.3200,1.3300,1.3200,1.3300,20000
EITA,2016-05-05,1.3300,1.3400,1.3300,1.3400,21800
EITA,2016-05-06,1.3400,1.3600,1.3400,1.3500,133200
EITA,2016-05-11,1.3400,1.3400,1.3400,1.3400,3000
EITA,2016-05-12,1.3200,1.3200,1.3100,1.3100,5000
EITA,2016-05-20,1.3100,1.3200,1.3100,1.3200,13800
EITA,2016-05-23,1.3200,1.3200,1.3100,1.3100,16000
EITA,2016-05-25,1.3300,1.4000,1.3300,1.3900,239900
EITA,2016-05-26,1.2900,1.3100,1.2400,1.2400,420500
EITA,2016-05-27,1.2500,1.2500,1.2400,1.2400,17000
EITA,2016-05-30,1.2200,1.2200,1.1900,1.2000,55000
EITA,2016-05-31,1.1900,1.1900,1.1000,1.1000,261400
EITA,2016-06-01,1.1100,1.1600,1.1100,1.1600,68300
EITA,2016-06-02,1.1600,1.1600,1.1600,1.1600,7500
EITA,2016-06-03,1.2000,1.2000,1.1600,1.1600,13000
EITA,2016-06-06,1.1600,1.1800,1.1600,1.1800,2600
EITA,2016-06-07,1.1800,1.1800,1.1800,1.1800,19500
EITA,2016-06-09,1.1500,1.1500,1.1500,1.1500,1000
EITA,2016-06-13,1.1600,1.1600,1.1500,1.1600,20000
EITA,2016-06-14,1.1600,1.1600,1.1600,1.1600,3000
EITA,2016-06-16,1.1400,1.1400,1.1300,1.1300,4000
EITA,2016-06-17,1.2000,1.2000,1.1500,1.1500,16800
EITA,2016-06-20,1.1600,1.1600,1.1600,1.1600,30000
EITA,2016-06-21,1.1600,1.1600,1.1600,1.1600,10000
EITA,2016-06-23,1.1600,1.1600,1.1400,1.1400,33000
EITA,2016-06-24,1.1400,1.1400,1.1000,1.1000,116900
EITA,2016-06-27,1.1300,1.1300,1.1300,1.1300,3000
EITA,2016-06-28,1.1100,1.1400,1.1100,1.1400,30900
EITA,2016-06-29,1.1600,1.1600,1.1200,1.1200,41000
EITA,2016-06-30,1.1200,1.1200,1.1200,1.1200,44600
EITA,2016-07-04,1.1200,1.1200,1.1200,1.1200,10000
EITA,2016-07-08,1.1400,1.1400,1.1400,1.1400,26000
EITA,2016-07-12,1.1400,1.1400,1.1300,1.1300,42400
EITA,2016-07-13,1.1400,1.1400,1.1400,1.1400,15000
EITA,2016-07-14,1.1400,1.1400,1.1000,1.1100,101000
EITA,2016-07-15,1.1300,1.1300,1.1100,1.1100,74000
EITA,2016-07-18,1.1100,1.1300,1.1100,1.1100,124200
EITA,2016-07-20,1.1400,1.1500,1.1400,1.1500,49900
EITA,2016-07-21,1.1300,1.1800,1.1200,1.1200,27900
EITA,2016-07-22,1.1500,1.1500,1.1500,1.1500,8800
EITA,2016-07-25,1.1500,1.1500,1.1500,1.1500,13000
EITA,2016-07-26,1.1300,1.1300,1.1300,1.1300,1000
EITA,2016-08-01,1.1300,1.1300,1.1300,1.1300,8000
EITA,2016-08-04,1.1600,1.1600,1.1500,1.1600,20000
EITA,2016-08-11,1.1600,1.1800,1.1600,1.1700,50000
EITA,2016-08-12,1.1600,1.2400,1.1300,1.1400,282800
EITA,2016-08-15,1.1300,1.1500,1.1300,1.1300,269300
EITA,2016-08-16,1.1300,1.1700,1.1300,1.1700,69700
EITA,2016-08-17,1.1500,1.1500,1.1500,1.1500,17400
EITA,2016-08-18,1.1500,1.1500,1.1500,1.1500,4400
EITA,2016-08-19,1.1400,1.1500,1.1400,1.1400,58000
EITA,2016-08-22,1.1400,1.1400,1.1200,1.1200,105100
EITA,2016-08-23,1.3500,1.3600,1.2800,1.3100,1074600
EITA,2016-08-24,1.3100,1.3100,1.2900,1.3000,194200
EITA,2016-08-25,1.3000,1.4100,1.3000,1.3800,623600
EITA,2016-08-26,1.3700,1.4000,1.3700,1.4000,316700
EITA,2016-08-29,1.3700,1.3700,1.3300,1.3500,19900
EITA,2016-08-30,1.3500,1.3600,1.3300,1.3500,78100
EITA,2016-09-01,1.3300,1.3500,1.3100,1.3200,102100
EITA,2016-09-02,1.3300,1.3400,1.3300,1.3400,49300
EITA,2016-09-05,1.3200,1.3400,1.3000,1.3400,39700
EITA,2016-09-06,1.3300,1.3500,1.3300,1.3500,164800
EITA,2016-09-07,1.3500,1.3600,1.3400,1.3400,46200
EITA,2016-09-08,1.3500,1.3600,1.3500,1.3600,96000
EITA,2016-09-09,1.3400,1.3500,1.3300,1.3400,82200
EITA,2016-09-13,1.3200,1.3300,1.3200,1.3300,29000
EITA,2016-09-14,1.3200,1.3200,1.3000,1.3100,57600
EITA,2016-09-15,1.3200,1.3200,1.2600,1.2800,157100
EITA,2016-09-19,1.3000,1.3500,1.2800,1.3500,147300
EITA,2016-09-20,1.3300,1.3300,1.3200,1.3300,58000
EITA,2016-09-21,1.3300,1.3400,1.3200,1.3400,59000
EITA,2016-09-22,1.3500,1.3700,1.3500,1.3700,124000
EITA,2016-09-23,1.3900,1.4000,1.3600,1.3700,165100
EITA,2016-09-26,1.3800,1.3800,1.3500,1.3500,60700
EITA,2016-09-28,1.3300,1.3300,1.3200,1.3200,63000
EITA,2016-09-29,1.3400,1.3400,1.3000,1.3200,50800
EITA,2016-09-30,1.3200,1.3200,1.3200,1.3200,152500
EITA,2016-10-04,1.3300,1.3300,1.3200,1.3300,24500
EITA,2016-10-05,1.3000,1.3100,1.3000,1.3100,12000
EITA,2016-10-06,1.3100,1.3100,1.3000,1.3100,51600
EITA,2016-10-07,1.3000,1.3000,1.2600,1.2900,21100
EITA,2016-10-10,1.2900,1.2900,1.2900,1.2900,24000
EITA,2016-10-11,1.3600,1.3600,1.3000,1.3100,28300
EITA,2016-10-12,1.3000,1.3000,1.2700,1.2700,79500
EITA,2016-10-13,1.2800,1.2900,1.2800,1.2900,55800
EITA,2016-10-14,1.2900,1.2900,1.2900,1.2900,30000
EITA,2016-10-17,1.2900,1.3000,1.2900,1.3000,27800
EITA,2016-10-18,1.3000,1.3100,1.3000,1.3100,12000
EITA,2016-10-21,1.3200,1.3200,1.3000,1.3000,23700
EITA,2016-10-24,1.3000,1.3000,1.3000,1.3000,8000
EITA,2016-10-26,1.2900,1.3000,1.2900,1.3000,28200
EITA,2016-10-27,1.2900,1.3000,1.2800,1.3000,44500
EITA,2016-10-28,1.2900,1.3000,1.2900,1.3000,24200
EITA,2016-10-31,1.3000,1.3000,1.2900,1.2900,67400
EITA,2016-11-01,1.3000,1.3000,1.3000,1.3000,19000
EITA,2016-11-02,1.3100,1.3100,1.3000,1.3000,8700
EITA,2016-11-03,1.2900,1.3000,1.2900,1.3000,40000
EITA,2016-11-04,1.3000,1.3100,1.3000,1.3000,21200
EITA,2016-11-07,1.2900,1.3000,1.2800,1.3000,82000
EITA,2016-11-08,1.3000,1.3000,1.3000,1.3000,3700
EITA,2016-11-09,1.3000,1.3000,1.2500,1.2500,118600
EITA,2016-11-10,1.2700,1.2700,1.2700,1.2700,1600
EITA,2016-11-11,1.2600,1.2600,1.2400,1.2400,50200
EITA,2016-11-14,1.2400,1.2500,1.2400,1.2500,45800
EITA,2016-11-15,1.2600,1.2600,1.2600,1.2600,25000
EITA,2016-11-16,1.2500,1.2600,1.2500,1.2500,6000
EITA,2016-11-17,1.2500,1.2800,1.2500,1.2600,48100
EITA,2016-11-18,1.2500,1.2600,1.2500,1.2600,17000
EITA,2016-11-21,1.2500,1.2500,1.2500,1.2500,18300
EITA,2016-11-22,1.2700,1.2700,1.2700,1.2700,4600
EITA,2016-11-23,1.2600,1.2600,1.2600,1.2600,43000
EITA,2016-11-24,1.1500,1.1800,1.1300,1.1300,428100
EITA,2016-11-25,1.1300,1.1400,1.1300,1.1400,57000
EITA,2016-11-28,1.1300,1.1300,1.1300,1.1300,61000
EITA,2016-11-29,1.1300,1.1300,1.1200,1.1200,13000
EITA,2016-11-30,1.1200,1.1300,1.1200,1.1300,25100
EITA,2016-12-01,1.1500,1.1500,1.1500,1.1500,46000
EITA,2016-12-02,1.1500,1.1600,1.1500,1.1600,26300
EITA,2016-12-05,1.1500,1.1600,1.1500,1.1600,16000
EITA,2016-12-08,1.1600,1.1600,1.1600,1.1600,5000
EITA,2016-12-09,1.1400,1.1500,1.1400,1.1500,61000
EITA,2016-12-13,1.1500,1.1500,1.1400,1.1400,35000
EITA,2016-12-14,1.1500,1.1500,1.1500,1.1500,23000
EITA,2016-12-15,1.1400,1.1400,1.1300,1.1300,35700
EITA,2016-12-16,1.1300,1.1700,1.1300,1.1700,16000
EITA,2016-12-22,1.1500,1.1500,1.1500,1.1500,2000
EITA,2016-12-23,1.1400,1.1400,1.1300,1.1300,5000
EITA,2016-12-27,1.1400,1.1400,1.1400,1.1400,16200
EITA,2016-12-28,1.1400,1.1400,1.1400,1.1400,17100
EITA,2016-12-29,1.1500,1.1800,1.1500,1.1700,51100
EITA,2016-12-30,1.1700,1.1700,1.1600,1.1600,52000
EITA,2017-01-09,1.1400,1.1400,1.1300,1.1400,10000
EITA,2017-01-10,1.1400,1.1500,1.1300,1.1500,14000
EITA,2017-01-12,1.1500,1.1500,1.1500,1.1500,10500
EITA,2017-01-13,1.1400,1.1400,1.1400,1.1400,10000
EITA,2017-01-17,1.1600,1.1600,1.1600,1.1600,2000
EITA,2017-01-18,1.1500,1.1500,1.1500,1.1500,5000
EITA,2017-01-20,1.1300,1.1300,1.1300,1.1300,29000
EITA,2017-01-23,1.1500,1.1700,1.1500,1.1500,23500
EITA,2017-01-24,1.1300,1.2200,1.1300,1.2200,4300
EITA,2017-01-25,1.1600,1.1900,1.1600,1.1900,2000
EITA,2017-01-26,1.2000,1.2100,1.2000,1.2100,1000
EITA,2017-02-02,1.2000,1.2000,1.2000,1.2000,2000
EITA,2017-02-03,1.1800,1.1800,1.1800,1.1800,21300
EITA,2017-02-06,1.1800,1.2000,1.1800,1.2000,6500
EITA,2017-02-07,1.1900,1.2000,1.1900,1.2000,33000
EITA,2017-02-08,1.2000,1.2000,1.1800,1.1800,26800
EITA,2017-02-10,1.2000,1.2300,1.2000,1.2200,33000
EITA,2017-02-14,1.2000,1.2200,1.2000,1.2200,27800
EITA,2017-02-15,1.2200,1.2300,1.2200,1.2200,32000
EITA,2017-02-16,1.2200,1.2200,1.2200,1.2200,26600
EITA,2017-02-17,1.2200,1.2300,1.2200,1.2300,3000
EITA,2017-02-20,1.2000,1.2100,1.2000,1.2100,13000
EITA,2017-02-23,1.2200,1.2200,1.1900,1.1900,39500
EITA,2017-02-24,1.2000,1.2200,1.1800,1.1800,132200
EITA,2017-02-27,1.2100,1.2800,1.2100,1.2800,416200
EITA,2017-02-28,1.3200,1.3200,1.2500,1.2900,452000
EITA,2017-03-01,1.2800,1.3000,1.2800,1.2900,239000
EITA,2017-03-02,1.3000,1.3000,1.2900,1.3000,235400
EITA,2017-03-03,1.3000,1.3000,1.2900,1.3000,230600
EITA,2017-03-06,1.2900,1.3000,1.2900,1.3000,49500
EITA,2017-03-07,1.2900,1.2900,1.2800,1.2800,57600
EITA,2017-03-08,1.2900,1.3300,1.2700,1.3300,318600
EITA,2017-03-09,1.3300,1.3700,1.3000,1.3000,427500
EITA,2017-03-10,1.3200,1.3300,1.3100,1.3100,114600
EITA,2017-03-13,1.3000,1.3100,1.2800,1.2800,145900
EITA,2017-03-14,1.2600,1.2800,1.2600,1.2800,41500
EITA,2017-03-15,1.2800,1.2900,1.2600,1.2900,34800
EITA,2017-03-16,1.2900,1.2900,1.2700,1.2700,55400
EITA,2017-03-17,1.2700,1.2700,1.2700,1.2700,5000
EITA,2017-03-20,1.2800,1.3600,1.2800,1.3500,379500
EITA,2017-03-21,1.3500,1.3700,1.3400,1.3400,296800
EITA,2017-03-22,1.3400,1.4000,1.3400,1.3800,864800
EITA,2017-03-23,1.3800,1.4400,1.3800,1.4400,475700
EITA,2017-03-24,1.4500,1.5800,1.4500,1.5500,2329900
EITA,2017-03-27,1.5600,1.6400,1.5500,1.6400,1568700
EITA,2017-03-28,1.6400,1.7100,1.5000,1.5800,969700
EITA,2017-03-29,1.6000,1.6300,1.5900,1.6100,664800
EITA,2017-03-30,1.6200,1.7200,1.6200,1.7100,1342200
EITA,2017-03-31,1.7100,1.7400,1.6000,1.6200,2182000
EITA,2017-04-03,1.61,1.63,1.6,1.62,169800.0
EITA,2017-04-04,1.61,1.61,1.58,1.61,447500.0
EITA,2017-04-05,1.58,1.69,1.58,1.66,685900.0
EITA,2017-04-06,1.67,1.69,1.65,1.66,466700.0
EITA,2017-04-07,1.67,1.68,1.65,1.66,416200.0
EITA,2017-04-10,1.65,1.66,1.64,1.64,41500.0
EITA,2017-04-11,1.63,1.66,1.62,1.65,743400.0
EITA,2017-04-12,1.65,1.69,1.65,1.69,289600.0
EITA,2017-04-13,1.75,2.08,1.74,1.96,6560000.0
EITA,2017-04-14,1.98,2.03,1.9,1.95,1360000.0
EITA,2017-04-17,1.87,1.92,1.87,1.91,225600.0
EITA,2017-04-18,1.9,2.0,1.9,1.94,2040000.0
EITA,2017-04-19,1.93,1.93,1.9,1.92,522299.99999999994
EITA,2017-04-20,1.93,1.94,1.9,1.91,129300.00000000001
EITA,2017-04-21,1.91,1.93,1.89,1.91,376300.0
EITA,2017-04-25,1.93,1.93,1.86,1.87,339900.0
EITA,2017-04-26,1.87,1.91,1.87,1.9,361300.0
EITA,2017-04-27,1.89,1.9,1.89,1.89,449200.0
EITA,2017-04-28,1.87,1.96,1.87,1.95,337300.0
EITA,2017-05-02,1.96,1.98,1.93,1.95,165100.0
EITA,2017-05-03,1.95,1.95,1.89,1.91,149000.0
EITA,2017-05-04,1.89,1.89,1.83,1.88,724500.0
EITA,2017-05-05,1.85,1.9,1.85,1.9,19700.0
EITA,2017-05-08,1.91,1.93,1.85,1.87,311700.0
EITA,2017-05-09,1.82,1.9,1.82,1.89,350100.0
EITA,2017-05-11,1.92,1.92,1.89,1.9,59900.0
EITA,2017-05-12,1.92,1.92,1.87,1.88,87200.0
EITA,2017-05-15,1.9,1.9,1.88,1.88,137000.0
EITA,2017-05-16,1.9,1.9,1.85,1.86,153900.0
EITA,2017-05-17,1.86,1.87,1.85,1.85,54000.0
EITA,2017-05-18,1.85,1.85,1.85,1.85,111200.0
EITA,2017-05-19,1.85,1.9,1.85,1.87,34700.0
EITA,2017-05-22,1.88,1.91,1.88,1.9,151100.0
EITA,2017-05-23,1.9,2.03,1.9,2.03,1580000.0
EITA,2017-05-24,2.07,2.11,2.05,2.07,2180000.0
EITA,2017-05-25,2.08,2.09,1.94,1.94,551500.0
EITA,2017-05-26,1.93,1.94,1.9,1.92,600600.0
EITA,2017-05-29,1.85,1.9,1.85,1.88,174100.0
EITA,2017-05-30,1.88,1.89,1.85,1.88,215600.0
EITA,2017-05-31,1.86,1.87,1.85,1.86,84200.0
EITA,2017-06-01,1.85,1.87,1.85,1.87,72300.0
EITA,2017-06-02,1.87,1.89,1.87,1.89,10300.0
EITA,2017-06-06,1.87,1.87,1.87,1.87,3200.0
EITA,2017-06-08,1.87,1.87,1.85,1.86,33200.0
EITA,2017-06-09,1.86,1.86,1.85,1.85,41400.0
EITA,2017-06-13,1.86,1.86,1.82,1.83,67800.0
EITA,2017-06-14,1.83,1.83,1.82,1.83,13600.0
EITA,2017-06-15,1.83,1.85,1.82,1.85,28200.0
EITA,2017-06-16,1.85,1.85,1.82,1.83,34800.0
EITA,2017-06-19,1.83,1.83,1.81,1.82,73800.0
EITA,2017-06-20,1.83,1.84,1.82,1.83,604100.0
EITA,2017-06-21,1.83,1.83,1.81,1.82,88900.0
EITA,2017-06-22,1.8,1.82,1.8,1.82,24600.0
EITA,2017-06-23,1.83,1.83,1.81,1.83,63600.0
EITA,2017-06-28,1.82,1.85,1.79,1.85,311600.0
EITA,2017-06-29,1.81,1.81,1.81,1.81,17500.0
EITA,2017-06-30,1.81,1.84,1.8,1.84,211600.0
EITA,2017-07-03,1.8,1.8,1.79,1.79,30200.0
EITA,2017-07-04,1.78,1.78,1.7,1.7,81600.0
EITA,2017-07-05,1.72,1.77,1.72,1.77,580800.0
EITA,2017-07-06,1.76,1.78,1.75,1.77,64400.00000000001
EITA,2017-07-07,1.77,1.81,1.73,1.77,266200.0
EITA,2017-07-10,1.77,1.77,1.74,1.75,78100.0
EITA,2017-07-11,1.74,1.75,1.73,1.73,10500.0
EITA,2017-07-12,1.73,1.73,1.73,1.73,100.0
EITA,2017-07-13,1.76,1.76,1.73,1.74,103100.0
EITA,2017-07-14,1.73,1.75,1.73,1.75,19700.0
EITA,2017-07-17,1.8,1.8,1.8,1.8,10000.0
EITA,2017-07-18,1.77,1.78,1.77,1.78,147100.0
EITA,2017-07-19,1.77,1.77,1.77,1.77,10500.0
EITA,2017-07-20,1.74,1.74,1.73,1.73,37000.0
EITA,2017-07-24,1.74,1.74,1.73,1.74,105500.0
EITA,2017-07-25,1.74,1.74,1.73,1.73,13500.0
EITA,2017-07-27,1.75,1.78,1.75,1.78,12200.0
EITA,2017-07-28,1.78,1.78,1.78,1.78,2000.0
EITA,2017-07-31,1.77,1.8,1.76,1.78,37100.0
EITA,2017-08-01,1.77,1.78,1.76,1.76,34000.0
EITA,2017-08-02,1.77,1.79,1.77,1.79,25500.0
EITA,2017-08-03,1.8,1.95,1.77,1.77,611300.0
EITA,2017-08-04,1.78,1.8,1.78,1.8,27500.0
EITA,2017-08-07,1.8,1.83,1.8,1.83,20000.0
EITA,2017-08-08,1.78,1.78,1.78,1.78,5000.0
EITA,2017-08-09,1.78,1.79,1.78,1.79,20000.0
EITA,2017-08-10,1.75,1.75,1.75,1.75,104000.0
EITA,2017-08-11,1.74,1.74,1.71,1.72,100500.0
EITA,2017-08-14,1.71,1.72,1.69,1.69,8900.0
EITA,2017-08-15,1.75,1.75,1.71,1.71,13500.0
EITA,2017-08-16,1.73,1.81,1.73,1.81,27900.0
EITA,2017-08-18,1.79,1.8,1.74,1.74,56900.0
EITA,2017-08-21,1.74,1.75,1.73,1.75,8200.0
EITA,2017-08-22,1.76,1.8,1.76,1.8,8500.0
EITA,2017-08-23,1.69,1.71,1.65,1.68,487500.0
EITA,2017-08-24,1.69,1.7,1.68,1.68,19000.0
EITA,2017-08-25,1.7,1.71,1.68,1.68,115000.0
EITA,2017-08-28,1.68,1.68,1.65,1.65,51000.0
EITA,2017-08-29,1.65,1.65,1.65,1.65,5000.0
EITA,2017-08-30,1.68,1.7,1.66,1.7,7000.0
EITA,2017-09-05,1.7,1.7,1.68,1.69,20000.0
EITA,2017-09-06,1.68,1.7,1.68,1.7,33100.0
EITA,2017-09-07,1.7,1.71,1.7,1.7,36600.0
EITA,2017-09-08,1.69,1.71,1.67,1.71,87500.0
EITA,2017-09-11,1.7,1.7,1.7,1.7,25000.0
EITA,2017-09-12,1.72,1.78,1.71,1.78,69600.0
EITA,2017-09-13,1.8,1.8,1.72,1.8,95900.0
EITA,2017-09-14,1.78,1.78,1.78,1.78,20100.0
EITA,2017-09-15,1.76,1.82,1.76,1.82,204100.0
EITA,2017-09-18,1.78,1.8,1.78,1.8,23000.0
EITA,2017-09-21,1.76,1.76,1.76,1.76,1900.0
EITA,2017-09-25,1.76,1.76,1.76,1.76,5000.0
EITA,2017-09-26,1.75,1.75,1.75,1.75,6000.0
EITA,2017-09-27,1.75,1.78,1.75,1.76,35100.0
EITA,2017-09-28,1.76,1.78,1.75,1.76,55000.0
EITA,2017-09-29,1.76,1.76,1.76,1.76,4000.0
EITA,2017-10-03,1.75,1.75,1.73,1.75,40600.0
EITA,2017-10-04,1.77,1.79,1.75,1.75,20900.0
EITA,2017-10-05,1.75,1.79,1.75,1.76,83700.0
EITA,2017-10-06,1.74,1.75,1.74,1.75,56200.0
EITA,2017-10-09,1.74,1.75,1.72,1.75,57800.0
EITA,2017-10-10,1.74,1.74,1.74,1.74,300.0
EITA,2017-10-11,1.75,1.75,1.75,1.75,34900.0
EITA,2017-10-12,1.78,1.8,1.78,1.8,65200.0
EITA,2017-10-13,1.8,1.81,1.79,1.8,109600.0
EITA,2017-10-16,1.8,1.8,1.78,1.78,36100.0
EITA,2017-10-17,1.84,1.91,1.82,1.88,424400.0
EITA,2017-10-19,1.88,1.9,1.85,1.86,261000.0
EITA,2017-10-20,1.86,1.88,1.84,1.87,354100.0
EITA,2017-10-23,1.88,1.88,1.83,1.86,56900.0
EITA,2017-10-24,1.82,1.86,1.82,1.83,19800.0
EITA,2017-10-25,1.81,1.82,1.75,1.75,162200.0
EITA,2017-10-26,1.79,1.85,1.78,1.84,354700.0
EITA,2017-10-30,1.78,1.82,1.78,1.82,37600.0
EITA,2017-10-31,1.77,1.81,1.77,1.81,24700.0
EITA,2017-11-01,1.8,1.81,1.79,1.81,32500.0
EITA,2017-11-02,1.81,1.82,1.8,1.8,20900.0
EITA,2017-11-03,1.8,1.8,1.8,1.8,17600.0
EITA,2017-11-06,1.75,1.81,1.75,1.81,25200.0
EITA,2017-11-09,1.8,1.8,1.78,1.78,27900.0
EITA,2017-11-10,1.78,1.78,1.74,1.75,375800.0
EITA,2017-11-13,1.75,1.75,1.74,1.74,28000.0
EITA,2017-11-14,1.75,1.75,1.7,1.75,101900.0
EITA,2017-11-15,1.75,1.76,1.73,1.75,194700.0
EITA,2017-11-16,1.73,1.73,1.73,1.73,23000.0
EITA,2017-11-17,1.73,1.73,1.73,1.73,29000.0
EITA,2017-11-20,1.71,1.71,1.7,1.7,38500.0
EITA,2017-11-21,1.7,1.7,1.68,1.68,67200.0
EITA,2017-11-22,1.65,1.68,1.65,1.68,38100.0
EITA,2017-11-23,1.7,1.7,1.68,1.7,35000.0
EITA,2017-11-27,1.7,1.71,1.69,1.7,115300.0
EITA,2017-11-28,1.69,1.69,1.69,1.69,31200.0
EITA,2017-11-29,1.68,1.68,1.68,1.68,35000.0
EITA,2017-11-30,1.67,1.68,1.66,1.66,299200.0
EITA,2017-12-04,1.64,1.64,1.61,1.61,27300.0
EITA,2017-12-06,1.61,1.61,1.61,1.61,10000.0
EITA,2017-12-07,1.64,1.66,1.61,1.61,128000.0
EITA,2017-12-08,1.6,1.62,1.6,1.61,61000.0
EITA,2017-12-11,1.61,1.61,1.61,1.61,9000.0
EITA,2017-12-12,1.61,1.61,1.6,1.6,24900.0
EITA,2017-12-13,1.6,1.6,1.59,1.6,127500.0
EITA,2017-12-15,1.59,1.59,1.59,1.59,13000.0
EITA,2017-12-18,1.59,1.59,1.57,1.57,10000.0
EITA,2017-12-19,1.57,1.61,1.57,1.61,11000.0
EITA,2017-12-20,1.62,1.62,1.62,1.62,500.0
EITA,2017-12-21,1.61,1.61,1.6,1.6,25000.0
EITA,2017-12-22,1.6,1.61,1.6,1.61,7400.0
EITA,2017-12-26,1.61,1.61,1.58,1.58,7300.0
EITA,2017-12-27,1.6,1.78,1.6,1.78,8600.0
EITA,2017-12-28,1.63,1.63,1.56,1.6,162400.0
EITA,2017-12-29,1.6,1.6,1.6,1.6,4200.0
EITA,2018-01-02,1.64,1.64,1.61,1.61,1100.0
EITA,2018-01-03,1.61,1.62,1.61,1.61,58000.0
EITA,2018-01-04,1.61,1.61,1.61,1.61,19400.0
EITA,2018-01-05,1.62,1.62,1.6,1.62,20200.0
EITA,2018-01-08,1.59,1.61,1.59,1.61,35000.0
EITA,2018-01-09,1.61,1.61,1.6,1.6,137600.0
EITA,2018-01-10,1.64,1.64,1.61,1.62,30500.0
EITA,2018-01-11,1.61,1.62,1.6,1.61,31200.0
EITA,2018-01-12,1.61,1.61,1.61,1.61,8000.0
EITA,2018-01-15,1.6,1.61,1.6,1.61,26700.0
EITA,2018-01-16,1.59,1.65,1.59,1.65,15400.0
EITA,2018-01-17,1.62,1.63,1.62,1.63,13000.0
EITA,2018-01-18,1.61,1.61,1.6,1.6,28400.0
EITA,2018-01-19,1.61,1.61,1.61,1.61,10000.0
EITA,2018-01-23,1.61,1.61,1.61,1.61,2000.0
EITA,2018-01-24,1.61,1.61,1.61,1.61,27400.0
EITA,2018-01-26,1.62,1.64,1.62,1.64,17500.0
EITA,2018-01-29,1.64,1.64,1.63,1.64,111100.0
EITA,2018-01-30,1.65,1.65,1.61,1.61,95800.0
EITA,2018-02-02,1.61,1.62,1.58,1.62,93500.0
EITA,2018-02-05,1.62,1.62,1.62,1.62,4000.0
EITA,2018-02-06,1.62,1.62,1.61,1.61,34000.0
EITA,2018-02-07,1.63,1.66,1.62,1.65,70700.0
EITA,2018-02-08,1.65,1.65,1.65,1.65,10000.0
EITA,2018-02-09,1.6,1.6,1.6,1.6,3000.0
EITA,2018-02-12,1.59,1.59,1.58,1.58,31100.0
EITA,2018-02-13,1.57,1.57,1.57,1.57,1500.0
EITA,2018-02-14,1.58,1.58,1.57,1.57,14000.0
EITA,2018-02-15,1.58,1.6,1.58,1.6,2200.0
EITA,2018-02-21,1.57,1.57,1.5,1.5,17000.0
EITA,2018-02-22,1.6,1.66,1.6,1.6,52600.0
EITA,2018-02-23,1.6,1.61,1.6,1.61,24000.0
EITA,2018-02-26,1.63,1.63,1.63,1.63,8000.0
EITA,2018-02-27,1.63,1.65,1.6,1.6,37000.0
EITA,2018-02-28,1.6,1.63,1.6,1.63,26300.0
EITA,2018-03-01,1.65,1.68,1.65,1.67,53800.0
EITA,2018-03-02,1.67,1.68,1.67,1.67,265600.0
EITA,2018-03-05,1.69,1.69,1.65,1.65,105000.0
EITA,2018-03-06,1.68,1.68,1.65,1.65,14400.0
EITA,2018-03-07,1.69,1.73,1.69,1.7,928500.0
EITA,2018-03-08,1.7,1.74,1.68,1.69,219000.0
EITA,2018-03-09,1.7,1.72,1.7,1.72,93400.0
EITA,2018-03-12,1.72,1.76,1.72,1.75,137200.0
EITA,2018-03-13,1.74,1.74,1.69,1.69,101000.0
EITA,2018-03-14,1.69,1.7,1.68,1.69,25700.0
EITA,2018-03-16,1.69,1.69,1.65,1.65,59400.0
EITA,2018-03-19,1.65,1.66,1.65,1.65,28500.0
EITA,2018-03-20,1.73,1.73,1.63,1.63,26500.0
EITA,2018-03-21,1.64,1.69,1.6,1.6,74300.0
EITA,2018-03-23,1.64,1.64,1.6,1.6,16000.0
EITA,2018-03-26,1.58,1.6,1.58,1.59,22900.0
EITA,2018-03-27,1.6,1.6,1.58,1.58,50000.0
EITA,2018-03-28,1.59,1.59,1.55,1.55,5400.0
