HUMEIND,2007-01-03,1.7500,1.8000,1.7500,1.8000,13000
HUMEIND,2007-01-04,1.8000,1.8000,1.7700,1.7800,18250
HUMEIND,2007-01-05,1.8000,1.9600,1.7800,1.8000,21000
HUMEIND,2007-01-08,1.8000,1.8000,1.7800,1.7800,19000
HUMEIND,2007-01-09,1.8000,1.8000,1.7900,1.7900,34750
HUMEIND,2007-01-10,1.7900,1.7900,1.7800,1.7800,1850
HUMEIND,2007-01-11,1.7800,1.7900,1.7800,1.7800,4150
HUMEIND,2007-01-12,1.7700,1.8000,1.7600,1.8000,21900
HUMEIND,2007-01-15,1.8000,1.8600,1.8000,1.8200,27500
HUMEIND,2007-01-16,1.8200,1.8200,1.8100,1.8100,20050
HUMEIND,2007-01-17,1.8100,1.8600,1.8100,1.8200,5500
HUMEIND,2007-01-18,1.8100,1.8700,1.8100,1.8600,27450
HUMEIND,2007-01-19,1.8600,1.8700,1.8600,1.8700,13750
HUMEIND,2007-01-22,1.9400,2.0200,1.9400,2.0200,13000
HUMEIND,2007-01-23,2.0000,2.0600,1.9800,2.0200,21600
HUMEIND,2007-01-24,2.0600,2.0600,2.0000,2.0000,17350
HUMEIND,2007-01-25,2.0000,2.0400,1.8400,2.0400,5600
HUMEIND,2007-01-26,2.0000,2.0000,1.9000,1.9800,11500
HUMEIND,2007-01-29,1.9700,1.9700,1.9200,1.9300,4100
HUMEIND,2007-01-30,1.9400,1.9400,1.9300,1.9400,5900
HUMEIND,2007-01-31,1.9400,1.9400,1.9200,1.9200,17500
HUMEIND,2007-02-02,1.8800,1.8800,1.7500,1.8600,47600
HUMEIND,2007-02-05,1.8600,1.8600,1.8000,1.8400,11500
HUMEIND,2007-02-06,1.8200,1.8700,1.8200,1.8700,3000
HUMEIND,2007-02-07,1.8300,1.8400,1.8300,1.8300,7500
HUMEIND,2007-02-08,1.8400,1.9700,1.8000,1.9700,30150
HUMEIND,2007-02-09,1.9600,1.9600,1.8800,1.8800,37200
HUMEIND,2007-02-12,1.9100,1.9200,1.9000,1.9000,7500
HUMEIND,2007-02-13,1.8800,1.9000,1.8800,1.9000,3750
HUMEIND,2007-02-14,1.9000,1.9200,1.9000,1.9000,29500
HUMEIND,2007-02-15,1.8600,1.8600,1.8600,1.8600,2500
HUMEIND,2007-02-16,1.8600,1.9300,1.8600,1.9000,15750
HUMEIND,2007-02-21,1.9600,2.1200,1.9600,2.1200,23000
HUMEIND,2007-02-22,1.9000,2.3200,1.9000,2.2800,76950
HUMEIND,2007-02-23,2.2800,2.3000,2.2400,2.2400,12000
HUMEIND,2007-02-26,2.1600,2.2400,2.1600,2.1800,11000
HUMEIND,2007-02-27,2.1800,2.1800,2.0400,2.0400,20750
HUMEIND,2007-02-28,1.8600,1.8800,1.8200,1.8400,35000
HUMEIND,2007-03-01,1.8400,1.8400,1.8000,1.8400,23000
HUMEIND,2007-03-02,1.8000,1.8400,1.8000,1.8000,12000
HUMEIND,2007-03-05,1.7200,1.7200,1.6000,1.6000,7000
HUMEIND,2007-03-06,1.6200,1.7800,1.6200,1.7800,2750
HUMEIND,2007-03-07,1.7800,1.8000,1.7000,1.7000,16600
HUMEIND,2007-03-08,1.7800,1.7800,1.7800,1.7800,2700
HUMEIND,2007-03-09,1.8000,1.8000,1.7500,1.7800,6600
HUMEIND,2007-03-12,1.7200,1.7800,1.7200,1.7200,28
HUMEIND,2007-03-13,1.7600,1.8000,1.7600,1.8000,24250
HUMEIND,2007-03-15,1.8400,1.8400,1.8000,1.8000,7500
HUMEIND,2007-03-16,1.7400,1.8000,1.7400,1.8000,5500
HUMEIND,2007-03-20,1.8000,1.8000,1.7600,1.7600,14250
HUMEIND,2007-03-21,1.8000,1.8000,1.8000,1.8000,5500
HUMEIND,2007-03-22,1.8000,1.8400,1.8000,1.8400,2500
HUMEIND,2007-03-23,1.8000,1.8000,1.7400,1.8000,14450
HUMEIND,2007-03-26,1.7500,1.7900,1.7500,1.7900,6000
HUMEIND,2007-03-27,1.7900,1.8400,1.7400,1.8400,6250
HUMEIND,2007-03-28,1.8000,1.8000,1.7700,1.8000,5500
HUMEIND,2007-03-29,1.7700,1.9900,1.7500,1.8000,20050
HUMEIND,2007-04-02,1.8000,1.8000,1.8000,1.8000,2500
HUMEIND,2007-04-04,2.0800,2.0800,1.8100,1.8300,2300
HUMEIND,2007-04-05,1.8000,1.8000,1.8000,1.8000,2500
HUMEIND,2007-04-06,1.8000,1.8200,1.8000,1.8200,4000
HUMEIND,2007-04-09,1.7700,1.8000,1.7600,1.8000,38150
HUMEIND,2007-04-10,1.8000,1.8000,1.8000,1.8000,500
HUMEIND,2007-04-11,1.8000,1.9900,1.8000,1.8200,7000
HUMEIND,2007-04-12,1.7000,1.8200,1.7000,1.8000,4300
HUMEIND,2007-04-13,1.8200,1.8200,1.8000,1.8000,12000
HUMEIND,2007-04-16,1.8000,1.8000,1.8000,1.8000,2500
HUMEIND,2007-04-17,1.8000,1.9000,1.8000,1.8300,19000
HUMEIND,2007-04-18,1.8000,1.8000,1.8000,1.8000,4000
HUMEIND,2007-04-20,1.8000,1.9000,1.7400,1.9000,20000
HUMEIND,2007-04-23,1.8000,1.8400,1.8000,1.8200,3250
HUMEIND,2007-04-24,1.7900,1.7900,1.7900,1.7900,2500
HUMEIND,2007-04-25,1.7800,1.7800,1.7800,1.7800,500
HUMEIND,2007-04-27,1.8000,1.8100,1.7800,1.8100,10750
HUMEIND,2007-04-30,1.8300,1.8300,1.8000,1.8300,28000
HUMEIND,2007-05-03,1.8300,1.8300,1.8300,1.8300,6000
HUMEIND,2007-05-04,1.8000,1.8300,1.8000,1.8100,6000
HUMEIND,2007-05-07,1.6000,1.8400,1.6000,1.8400,11750
HUMEIND,2007-05-08,1.8400,1.8600,1.8400,1.8500,20000
HUMEIND,2007-05-10,1.8500,1.8500,1.8500,1.8500,4000
HUMEIND,2007-05-11,1.8500,1.8500,1.8000,1.8500,4500
HUMEIND,2007-05-14,1.8100,1.8100,1.8100,1.8100,1000
HUMEIND,2007-05-15,1.8000,1.8000,1.8000,1.8000,2600
HUMEIND,2007-05-16,1.7600,1.8000,1.7600,1.8000,4900
HUMEIND,2007-05-18,1.8200,1.8200,1.8200,1.8200,5000
HUMEIND,2007-05-21,1.8000,1.8600,1.8000,1.8600,750
HUMEIND,2007-05-22,1.8000,1.8400,1.8000,1.8200,7550
HUMEIND,2007-05-23,1.8400,1.8600,1.8400,1.8400,16000
HUMEIND,2007-05-24,1.7700,1.7700,1.7600,1.7600,4500
HUMEIND,2007-05-25,1.7600,1.7600,1.7600,1.7600,500
HUMEIND,2007-05-28,1.7600,1.7800,1.7600,1.7700,6650
HUMEIND,2007-05-29,1.7600,1.7600,1.7400,1.7400,5650
HUMEIND,2007-05-30,1.7700,1.7800,1.7600,1.7800,10650
HUMEIND,2007-05-31,1.7700,1.7700,1.7700,1.7700,1000
HUMEIND,2007-06-01,1.7600,1.7600,1.7600,1.7600,1500
HUMEIND,2007-06-04,1.8000,1.8000,1.8000,1.8000,2500
HUMEIND,2007-06-05,1.7300,1.7400,1.2200,1.6800,38250
HUMEIND,2007-06-06,1.6800,1.7500,1.6800,1.7100,17450
HUMEIND,2007-06-07,1.7800,1.7800,1.7400,1.7500,18650
HUMEIND,2007-06-12,1.7400,1.7600,1.7400,1.7600,1500
HUMEIND,2007-06-13,1.7700,1.8000,1.7500,1.8000,9100
HUMEIND,2007-06-14,1.7700,1.8000,1.7500,1.8000,9
HUMEIND,2007-06-15,1.8100,1.8100,1.8000,1.8000,10000
HUMEIND,2007-06-18,1.8200,1.8200,1.8100,1.8100,7500
HUMEIND,2007-06-19,1.8200,1.8400,1.8200,1.8400,12000
HUMEIND,2007-06-20,1.8400,1.8500,1.8300,1.8500,9500
HUMEIND,2007-06-21,1.8500,1.8600,1.8500,1.8600,13300
HUMEIND,2007-06-22,1.8600,1.8600,1.8600,1.8600,5150
HUMEIND,2007-06-25,1.8100,2.0000,1.7200,1.8600,21000
HUMEIND,2007-06-26,1.8600,1.8600,1.8100,1.8100,5750
HUMEIND,2007-06-27,1.8000,1.8100,1.8000,1.8100,12500
HUMEIND,2007-06-28,1.8100,1.8100,1.8100,1.8100,1650
HUMEIND,2007-06-29,1.7600,1.9200,1.5600,1.7400,63250
HUMEIND,2007-07-02,1.8000,1.8000,1.7800,1.7800,2600
HUMEIND,2007-07-03,1.7200,1.7500,1.7200,1.7500,550
HUMEIND,2007-07-04,1.7400,1.7800,1.7400,1.7800,3500
HUMEIND,2007-07-05,1.7200,1.8000,1.7200,1.7400,8150
HUMEIND,2007-07-06,1.7500,1.7500,1.7500,1.7500,3000
HUMEIND,2007-07-09,1.7500,1.8000,1.7500,1.8000,9500
HUMEIND,2007-07-10,1.8000,1.8000,1.8000,1.8000,3500
HUMEIND,2007-07-11,1.7700,1.7700,1.7100,1.7100,6650
HUMEIND,2007-07-12,1.7200,1.7200,1.7200,1.7200,500
HUMEIND,2007-07-13,1.7200,1.8000,1.7200,1.7600,9500
HUMEIND,2007-07-17,1.7700,1.7700,1.7500,1.7500,9200
HUMEIND,2007-07-19,1.7500,1.7500,1.7500,1.7500,500
HUMEIND,2007-07-20,1.7500,1.7600,1.7400,1.7600,8000
HUMEIND,2007-07-23,1.8600,1.8600,1.8600,1.8600,3000
HUMEIND,2007-07-24,1.8600,1.8600,1.7900,1.7900,6000
HUMEIND,2007-07-25,1.7800,1.8400,1.7800,1.8400,3500
HUMEIND,2007-07-26,1.9000,1.9000,1.8000,1.8000,1500
HUMEIND,2007-07-27,1.8000,1.8000,1.8000,1.8000,2000
HUMEIND,2007-07-30,1.7600,1.7600,1.7600,1.7600,500
HUMEIND,2007-07-31,1.8400,1.8400,1.8000,1.8000,2500
HUMEIND,2007-08-01,1.8000,1.8200,1.7200,1.7400,29500
HUMEIND,2007-08-02,1.7400,1.7400,1.7300,1.7300,2500
HUMEIND,2007-08-03,1.6000,1.7800,1.6000,1.7000,45750
HUMEIND,2007-08-06,1.7000,1.7600,1.6900,1.6900,21900
HUMEIND,2007-08-07,1.7000,1.7000,1.7000,1.7000,4500
HUMEIND,2007-08-08,1.7000,1.7000,1.7000,1.7000,3000
HUMEIND,2007-08-09,1.7000,1.7000,1.7000,1.7000,2500
HUMEIND,2007-08-10,1.6800,1.6800,1.6800,1.6800,2500
HUMEIND,2007-08-14,1.7000,1.7000,1.6900,1.6900,11750
HUMEIND,2007-08-15,1.6800,1.6800,1.6200,1.6200,8300
HUMEIND,2007-08-16,1.6200,1.6200,1.5400,1.5400,8550
HUMEIND,2007-08-17,1.5100,1.5100,1.5000,1.5000,3000
HUMEIND,2007-08-20,1.5200,1.5200,1.5200,1.5200,1000
HUMEIND,2007-08-23,1.7000,1.7000,1.6600,1.6600,3000
HUMEIND,2007-09-03,1.5600,1.5600,1.5600,1.5600,1500
HUMEIND,2007-09-04,1.5500,1.5500,1.5500,1.5500,1000
HUMEIND,2007-09-05,1.5500,1.5500,1.5500,1.5500,1500
HUMEIND,2007-09-06,1.5600,1.5600,1.5600,1.5600,1000
HUMEIND,2007-09-10,1.5600,1.6000,1.5600,1.6000,4500
HUMEIND,2007-09-12,1.6000,1.6000,1.6000,1.6000,2000
HUMEIND,2007-09-14,1.6000,1.6000,1.6000,1.6000,500
HUMEIND,2007-09-17,1.5400,1.5400,1.5400,1.5400,5000
HUMEIND,2007-09-18,1.5400,1.5400,1.5400,1.5400,10000
HUMEIND,2007-09-19,1.5400,1.5400,1.5400,1.5400,2500
HUMEIND,2007-09-20,1.5000,1.5000,1.5000,1.5000,3600
HUMEIND,2007-09-24,1.5000,1.6000,1.5000,1.6000,10200
HUMEIND,2007-09-26,1.4600,1.6000,1.4600,1.6000,7350
HUMEIND,2007-09-27,1.5500,1.6000,1.5500,1.6000,1000
HUMEIND,2007-09-28,1.5400,1.6400,1.5400,1.6400,3800
HUMEIND,2007-10-01,1.6400,1.6600,1.5600,1.5600,5950
HUMEIND,2007-10-02,1.5800,1.5800,1.5600,1.5600,6000
HUMEIND,2007-10-03,1.5600,1.5600,1.5400,1.5400,5500
HUMEIND,2007-10-04,1.6000,1.6000,1.6000,1.6000,2500
HUMEIND,2007-10-05,1.5500,1.5600,1.5400,1.5400,8000
HUMEIND,2007-10-08,1.5600,1.5600,1.5600,1.5600,500
HUMEIND,2007-10-09,1.5400,1.5400,1.5400,1.5400,2500
HUMEIND,2007-10-10,1.5400,1.6000,1.5400,1.5500,6500
HUMEIND,2007-10-11,1.6000,1.6000,1.6000,1.6000,1500
HUMEIND,2007-10-17,1.5500,1.6000,1.5500,1.6000,6500
HUMEIND,2007-10-18,1.6000,1.6000,1.6000,1.6000,2000
HUMEIND,2007-10-19,1.5500,1.5500,1.5500,1.5500,300
HUMEIND,2007-10-22,1.4200,1.5600,1.4200,1.5600,5000
HUMEIND,2007-10-23,1.5800,1.6000,1.5600,1.6000,2500
HUMEIND,2007-10-24,1.6000,1.6000,1.5400,1.5400,36500
HUMEIND,2007-10-25,1.6000,1.6000,1.6000,1.6000,5000
HUMEIND,2007-10-26,1.5200,1.6000,1.5200,1.6000,22850
HUMEIND,2007-10-29,1.5900,1.6000,1.5900,1.6000,3050
HUMEIND,2007-10-30,1.4200,1.6100,1.4200,1.6000,36950
HUMEIND,2007-10-31,1.6000,1.6000,1.5900,1.5900,20250
HUMEIND,2007-11-01,1.5900,1.6000,1.5900,1.6000,12000
HUMEIND,2007-11-02,1.4900,1.5800,1.4900,1.5800,2050
HUMEIND,2007-11-05,1.5200,1.5500,1.5100,1.5400,8950
HUMEIND,2007-11-06,1.5400,1.5600,1.5400,1.5600,5000
HUMEIND,2007-11-09,1.5200,1.5200,1.5200,1.5200,1650
HUMEIND,2007-11-12,1.5600,1.5600,1.5300,1.5300,8500
HUMEIND,2007-11-15,1.5400,1.5400,1.5000,1.5400,3850
HUMEIND,2007-11-16,1.5300,1.5300,1.5300,1.5300,2500
HUMEIND,2007-11-19,1.3200,1.6300,1.3200,1.5800,54850
HUMEIND,2007-11-20,1.4600,1.5400,1.4600,1.5400,3000
HUMEIND,2007-11-21,1.4400,1.4600,1.4200,1.4200,4750
HUMEIND,2007-11-22,1.4200,1.4200,1.4000,1.4200,4550
HUMEIND,2007-11-23,1.4400,1.4400,1.4000,1.4400,4500
HUMEIND,2007-11-26,1.4000,1.4600,1.4000,1.4600,3500
HUMEIND,2007-11-27,1.4000,1.4000,1.4000,1.4000,4500
HUMEIND,2007-11-28,1.3800,1.3800,1.3800,1.3800,2500
HUMEIND,2007-11-29,1.3800,1.3800,1.3400,1.3400,1650
HUMEIND,2007-12-04,1.4000,1.4000,1.3000,1.3000,1500
HUMEIND,2007-12-05,1.3000,1.3000,1.3000,1.3000,1500
HUMEIND,2007-12-06,1.2700,1.3800,1.2600,1.3400,9450
HUMEIND,2007-12-10,1.3000,1.3000,1.3000,1.3000,1750
HUMEIND,2007-12-11,1.3400,1.3400,1.3100,1.3100,6450
HUMEIND,2007-12-12,1.3400,1.3600,1.3400,1.3600,7850
HUMEIND,2007-12-13,1.3200,1.3200,1.3200,1.3200,4800
HUMEIND,2007-12-18,1.3600,1.3600,1.3600,1.3600,2500
HUMEIND,2007-12-21,1.3600,1.3600,1.3300,1.3400,2000
HUMEIND,2007-12-24,1.3400,1.3400,1.2600,1.2600,3500
HUMEIND,2007-12-26,1.2300,1.2500,1.2300,1.2500,1750
HUMEIND,2007-12-27,1.2300,1.2400,1.2300,1.2400,2000
HUMEIND,2007-12-28,1.1800,1.2800,1.1800,1.2600,12950
HUMEIND,2007-12-31,1.2100,1.2200,1.2100,1.2200,3750
HUMEIND,2008-01-03,1.1800,1.2200,1.1800,1.2200,3000
HUMEIND,2008-01-09,1.2200,1.2200,1.2100,1.2100,3500
HUMEIND,2008-01-11,1.1300,1.2100,1.1200,1.2100,9500
HUMEIND,2008-01-15,1.2100,1.2200,1.2100,1.2200,3000
HUMEIND,2008-01-18,1.2000,1.2000,1.2000,1.2000,5000
HUMEIND,2008-01-21,1.1100,1.1100,1.0700,1.0700,5500
HUMEIND,2008-01-25,1.0700,1.0700,1.0700,1.0700,4000
HUMEIND,2008-01-28,1.4000,1.4000,1.4000,1.4000,250
HUMEIND,2008-01-30,1.0200,1.0200,1.0200,1.0200,500
HUMEIND,2008-02-05,0.7100,1.5400,0.7100,1.3500,56750
HUMEIND,2008-02-14,1.0600,1.0600,1.0600,1.0600,500
HUMEIND,2008-02-22,1.0600,1.0600,1.0600,1.0600,3500
HUMEIND,2008-02-26,0.9500,1.0500,0.9500,1.0500,5000
HUMEIND,2008-03-03,0.9200,0.9200,0.9200,0.9200,10
HUMEIND,2008-03-05,0.9200,0.9200,0.9200,0.9200,1000
HUMEIND,2008-03-13,0.7600,0.9000,0.7600,0.9000,3000
HUMEIND,2008-03-26,1.0400,1.0400,0.8400,0.8400,5950
HUMEIND,2008-03-27,1.2200,1.2200,0.8500,0.8700,5500
HUMEIND,2008-03-31,0.8400,0.8400,0.8400,0.8400,1000
HUMEIND,2008-04-02,0.8400,0.8400,0.8400,0.8400,1000
HUMEIND,2008-04-08,0.8400,0.8400,0.8400,0.8400,500
HUMEIND,2008-04-10,0.8600,0.8600,0.8600,0.8600,1000
HUMEIND,2008-04-11,0.9000,0.9000,0.9000,0.9000,2000
HUMEIND,2008-04-15,1.0000,1.0000,1.0000,1.0000,1500
HUMEIND,2008-04-21,1.0000,1.0000,1.0000,1.0000,2500
HUMEIND,2008-04-22,0.8500,1.1000,0.8500,0.8600,27400
HUMEIND,2008-04-23,0.9000,0.9000,0.9000,0.9000,1300
HUMEIND,2008-04-24,0.9600,0.9800,0.9600,0.9800,3000
HUMEIND,2008-05-15,1.5800,1.5800,1.5800,1.5800,350
HUMEIND,2008-05-21,1.0000,1.1000,0.9800,1.0400,17750
HUMEIND,2008-05-26,1.1900,1.1900,1.1900,1.1900,50
HUMEIND,2008-05-27,0.9100,0.9800,0.9100,0.9200,5600
HUMEIND,2008-05-28,1.0000,1.0000,0.9200,1.0000,2300
HUMEIND,2008-06-04,1.0000,1.0000,1.0000,1.0000,500
HUMEIND,2008-06-05,1.0000,1.0000,1.0000,1.0000,2500
HUMEIND,2008-06-06,0.6600,1.0000,0.6600,1.0000,54900
HUMEIND,2008-06-17,0.9600,0.9600,0.9600,0.9600,500
HUMEIND,2008-06-20,1.0000,1.0000,0.8600,0.8600,1500
HUMEIND,2008-06-30,0.8000,0.8000,0.8000,0.8000,500
HUMEIND,2008-07-10,0.8600,0.8600,0.8000,0.8000,10000
HUMEIND,2008-07-16,0.8000,0.8100,0.8000,0.8000,1950
HUMEIND,2008-07-17,0.8000,0.8000,0.8000,0.8000,500
HUMEIND,2008-07-21,0.6600,0.7900,0.6600,0.7400,5050
HUMEIND,2008-07-28,0.7500,0.7500,0.7400,0.7400,1000
HUMEIND,2008-07-29,0.7400,0.7400,0.7400,0.7400,1
HUMEIND,2008-08-06,0.7400,0.8000,0.7400,0.8000,1000
HUMEIND,2008-08-15,0.7100,0.7100,0.7100,0.7100,500
HUMEIND,2008-09-02,0.9000,0.9000,0.9000,0.9000,1650
HUMEIND,2008-09-03,1.0000,1.0000,0.9600,0.9600,4500
HUMEIND,2008-09-04,0.9800,1.0000,0.9300,1.0000,30550
HUMEIND,2008-09-05,0.9600,0.9800,0.9000,0.9000,7000
HUMEIND,2008-09-09,0.9200,1.0000,0.9200,1.0000,22000
HUMEIND,2008-09-10,0.9700,0.9700,0.9700,0.9700,750
HUMEIND,2008-09-11,0.9900,1.0200,0.9900,1.0200,30200
HUMEIND,2008-09-15,0.9700,0.9700,0.9700,0.9700,5000
HUMEIND,2008-09-18,0.9700,0.9700,0.9700,0.9700,18500
HUMEIND,2008-09-19,1.0100,1.0100,1.0100,1.0100,2000
HUMEIND,2008-09-22,1.0300,1.1000,1.0200,1.1000,18300
HUMEIND,2008-09-23,1.1000,1.1000,1.1000,1.1000,9000
HUMEIND,2008-09-24,1.1100,1.1100,1.1000,1.1000,27000
HUMEIND,2008-09-25,1.1200,1.1200,1.1100,1.1100,9500
HUMEIND,2008-09-26,1.1100,1.1100,1.1100,1.1100,1500
HUMEIND,2008-09-30,1.1100,1.1200,1.1100,1.1200,9950
HUMEIND,2008-10-03,1.1400,1.1400,1.1400,1.1400,5000
HUMEIND,2008-10-06,1.1400,1.1400,1.1200,1.1200,22500
HUMEIND,2008-10-07,1.1400,1.1400,1.1200,1.1200,10000
HUMEIND,2008-10-08,1.1100,1.1100,1.1000,1.1000,22500
HUMEIND,2008-10-10,1.1000,1.1000,1.0800,1.1000,18000
HUMEIND,2008-10-13,1.1000,1.1000,1.1000,1.1000,9500
HUMEIND,2008-10-15,1.1000,1.1000,1.1000,1.1000,5500
HUMEIND,2008-10-16,1.1000,1.1000,1.1000,1.1000,4600
HUMEIND,2008-10-17,1.0400,1.0400,1.0000,1.0000,12300
HUMEIND,2008-10-20,0.9200,0.9200,0.9200,0.9200,1000
HUMEIND,2008-10-24,0.8600,0.8600,0.8600,0.8600,8000
HUMEIND,2008-10-28,0.7800,0.7800,0.6000,0.6200,48650
HUMEIND,2008-10-29,0.8000,0.8200,0.5500,0.5700,14500
HUMEIND,2008-10-31,0.7400,0.7600,0.7400,0.7600,17400
HUMEIND,2008-11-11,0.7000,0.7000,0.7000,0.7000,1000
HUMEIND,2008-11-12,0.7000,0.7000,0.7000,0.7000,4000
HUMEIND,2008-11-19,0.7000,0.7000,0.7000,0.7000,1000
HUMEIND,2008-11-21,0.9000,0.9000,0.9000,0.9000,2500
HUMEIND,2008-11-24,0.6100,0.8400,0.6100,0.8400,11000
HUMEIND,2008-11-25,0.8400,0.8400,0.8400,0.8400,50
HUMEIND,2008-11-28,0.7000,0.7000,0.6200,0.6200,6450
HUMEIND,2008-12-03,0.6900,0.6900,0.6900,0.6900,5000
HUMEIND,2008-12-04,0.7000,0.7000,0.7000,0.7000,3950
HUMEIND,2008-12-05,0.8000,0.8000,0.8000,0.8000,5000
HUMEIND,2008-12-09,0.8000,0.8000,0.6600,0.6600,2600
HUMEIND,2008-12-16,0.6800,0.6800,0.6800,0.6800,5000
HUMEIND,2008-12-19,0.8000,0.8000,0.8000,0.8000,2500
HUMEIND,2008-12-23,0.7000,0.7000,0.7000,0.7000,4950
HUMEIND,2009-01-09,0.7000,0.7000,0.7000,0.7000,1000
HUMEIND,2009-02-12,0.9000,0.9000,0.6600,0.6600,5500
HUMEIND,2009-02-13,0.7000,0.7000,0.7000,0.7000,2500
HUMEIND,2009-02-18,0.6000,0.6000,0.6000,0.6000,500
HUMEIND,2009-03-12,0.7000,0.7000,0.7000,0.7000,500
HUMEIND,2009-03-16,0.7000,0.7000,0.7000,0.7000,5000
HUMEIND,2009-03-17,0.7000,0.7000,0.7000,0.7000,4500
HUMEIND,2009-03-26,0.6800,0.6800,0.6800,0.6800,3000
HUMEIND,2009-03-27,0.7000,0.7000,0.7000,0.7000,2500
HUMEIND,2009-04-01,0.7000,0.7000,0.7000,0.7000,12500
HUMEIND,2009-04-08,0.7900,0.7900,0.7900,0.7900,500
HUMEIND,2009-04-13,0.9000,1.0000,0.8000,0.8000,4500
HUMEIND,2009-04-30,0.6400,0.8000,0.5800,0.7700,48000
HUMEIND,2009-05-05,0.8000,0.8000,0.8000,0.8000,7500
HUMEIND,2009-05-06,0.8000,0.8000,0.8000,0.8000,1000
HUMEIND,2009-05-07,0.7800,0.7800,0.7200,0.7200,1500
HUMEIND,2009-05-13,0.7200,0.7200,0.7100,0.7100,1000
HUMEIND,2009-05-22,0.7000,0.7000,0.7000,0.7000,500
HUMEIND,2009-05-27,0.6400,0.6400,0.6400,0.6400,4500
HUMEIND,2009-06-01,0.8900,0.9000,0.8900,0.9000,2500
HUMEIND,2009-06-09,0.8000,0.8000,0.8000,0.8000,1000
HUMEIND,2009-06-10,0.7000,0.7400,0.7000,0.7400,12500
HUMEIND,2009-06-11,0.7400,0.9000,0.7300,0.7300,5500
HUMEIND,2009-06-12,0.7500,0.8000,0.7500,0.8000,3500
HUMEIND,2009-06-15,0.8200,0.8200,0.8200,0.8200,2500
HUMEIND,2009-06-18,0.7400,0.7400,0.7400,0.7400,5000
HUMEIND,2009-06-24,0.7000,0.7000,0.7000,0.7000,1500
HUMEIND,2009-06-26,0.7000,0.8500,0.7000,0.7700,127800
HUMEIND,2009-06-29,0.7600,0.7600,0.7600,0.7600,10500
HUMEIND,2009-06-30,0.7700,0.7700,0.7700,0.7700,4000
HUMEIND,2009-07-07,0.7100,0.7100,0.7100,0.7100,7500
HUMEIND,2009-07-08,0.7200,0.7200,0.7100,0.7100,7000
HUMEIND,2009-07-09,0.8900,0.9000,0.7100,0.7100,2700
HUMEIND,2009-07-15,0.7100,0.7100,0.7100,0.7100,2500
HUMEIND,2009-07-16,0.7400,0.7400,0.7400,0.7400,500
HUMEIND,2009-07-17,0.7400,0.7400,0.7400,0.7400,500
HUMEIND,2009-07-23,0.7600,0.7600,0.7600,0.7600,3250
HUMEIND,2009-07-24,0.8000,0.8000,0.8000,0.8000,8500
HUMEIND,2009-07-31,0.7400,0.7400,0.7400,0.7400,2000
HUMEIND,2009-08-04,0.7700,0.7700,0.7700,0.7700,3500
HUMEIND,2009-08-06,0.7200,0.7500,0.7200,0.7500,13000
HUMEIND,2009-08-13,0.7000,0.8000,0.7000,0.7500,23000
HUMEIND,2009-08-20,1.0000,1.0000,1.0000,1.0000,6400
HUMEIND,2009-08-28,0.8000,0.8000,0.8000,0.8000,1750
HUMEIND,2009-09-07,0.7900,0.7900,0.7900,0.7900,1500
HUMEIND,2009-09-17,0.9400,0.9800,0.7600,0.7600,5050
HUMEIND,2009-09-30,0.9800,0.9800,0.9800,0.9800,2550
HUMEIND,2009-10-08,0.7800,0.7800,0.7800,0.7800,6500
HUMEIND,2009-10-12,0.8000,0.9600,0.8000,0.9600,1050
HUMEIND,2009-10-15,0.9600,0.9600,0.9600,0.9600,500
HUMEIND,2009-10-19,0.9600,1.0000,0.7600,0.7600,10050
HUMEIND,2009-10-21,0.9600,0.9600,0.8000,0.8400,10000
HUMEIND,2009-10-22,0.8400,0.8400,0.8100,0.8100,1200
HUMEIND,2009-10-23,0.8100,0.9000,0.8100,0.9000,13500
HUMEIND,2009-10-26,0.8400,0.8600,0.8400,0.8600,13100
HUMEIND,2009-11-02,0.8600,0.8600,0.8400,0.8400,5000
HUMEIND,2009-11-06,0.7500,0.7500,0.7500,0.7500,500
HUMEIND,2009-11-09,0.9200,0.9200,0.8200,0.8200,30500
HUMEIND,2009-11-11,0.8000,0.8100,0.8000,0.8000,10750
HUMEIND,2009-11-17,0.7800,0.9200,0.7500,0.9200,63450
HUMEIND,2009-11-18,0.9600,1.0400,0.9600,1.0200,41500
HUMEIND,2009-11-24,0.8800,0.8800,0.8800,0.8800,500
HUMEIND,2009-11-26,0.8000,0.8600,0.5500,0.8600,26500
HUMEIND,2009-11-30,0.8000,0.8000,0.8000,0.8000,1000
HUMEIND,2009-12-01,0.8800,1.1000,0.8600,1.0000,13600
HUMEIND,2009-12-03,0.8600,0.8600,0.8600,0.8600,950
HUMEIND,2009-12-09,0.8400,0.8400,0.8400,0.8400,2000
HUMEIND,2009-12-10,0.8400,0.8400,0.8400,0.8400,10000
HUMEIND,2009-12-17,0.8600,0.9000,0.8600,0.9000,25250
HUMEIND,2009-12-21,0.9200,0.9200,0.9000,0.9000,7500
HUMEIND,2009-12-22,0.9000,0.9000,0.9000,0.9000,4500
HUMEIND,2009-12-24,0.9000,1.0000,0.9000,0.9200,5950
HUMEIND,2009-12-29,0.9000,0.9000,0.9000,0.9000,1400
HUMEIND,2009-12-30,0.9000,0.9000,0.9000,0.9000,500
HUMEIND,2010-01-04,0.9200,0.9200,0.9200,0.9200,3500
HUMEIND,2010-01-06,0.9200,0.9200,0.9200,0.9200,4650
HUMEIND,2010-01-08,0.9200,0.9200,0.9200,0.9200,10000
HUMEIND,2010-01-11,0.9200,0.9200,0.9200,0.9200,2500
HUMEIND,2010-01-13,1.0000,1.0000,1.0000,1.0000,1800
HUMEIND,2010-01-14,1.0000,1.0000,1.0000,1.0000,4500
HUMEIND,2010-01-15,1.0000,1.0000,1.0000,1.0000,1000
HUMEIND,2010-01-19,1.0400,1.1000,1.0400,1.1000,16950
HUMEIND,2010-01-20,1.0600,1.0600,1.0600,1.0600,2000
HUMEIND,2010-01-21,1.0600,1.0600,1.0600,1.0600,5000
HUMEIND,2010-01-25,1.0600,1.0600,1.0600,1.0600,4500
HUMEIND,2010-01-26,1.0600,1.0600,1.0600,1.0600,5000
HUMEIND,2010-02-03,0.9300,1.4400,0.9300,1.0000,5150
HUMEIND,2010-02-05,1.1600,1.1600,1.1600,1.1600,5000
HUMEIND,2010-02-08,1.0400,1.0500,1.0400,1.0500,4000
HUMEIND,2010-02-17,1.0500,1.0500,1.0500,1.0500,1500
HUMEIND,2010-02-18,1.0500,1.0500,1.0500,1.0500,250
HUMEIND,2010-02-22,1.0500,1.0500,1.0500,1.0500,2400
HUMEIND,2010-02-24,1.0600,1.0600,1.0400,1.0400,3000
HUMEIND,2010-03-01,1.0400,1.0400,1.0400,1.0400,11700
HUMEIND,2010-03-02,1.0400,1.0400,1.0400,1.0400,500
HUMEIND,2010-03-05,1.0400,1.0400,1.0400,1.0400,1500
HUMEIND,2010-03-08,1.0600,1.0600,1.0600,1.0600,500
HUMEIND,2010-03-09,1.3600,1.5100,1.0700,1.0800,11000
HUMEIND,2010-03-11,1.1000,1.1000,1.0100,1.0100,3000
HUMEIND,2010-03-12,1.0400,1.0400,1.0200,1.0200,13500
HUMEIND,2010-03-15,1.1000,1.1000,1.1000,1.1000,12500
HUMEIND,2010-03-17,1.1200,1.1200,1.1200,1.1200,10000
HUMEIND,2010-03-18,1.0600,1.0600,1.0600,1.0600,2500
HUMEIND,2010-03-19,1.0600,1.0600,1.0600,1.0600,4150
HUMEIND,2010-03-22,1.1200,1.2000,1.1000,1.1000,8100
HUMEIND,2010-03-24,1.1000,1.1000,1.1000,1.1000,2000
HUMEIND,2010-03-26,1.1000,1.1100,1.0900,1.0900,4000
HUMEIND,2010-03-31,1.0800,1.0800,1.0800,1.0800,500
HUMEIND,2010-04-05,1.0200,1.0200,1.0200,1.0200,1500
HUMEIND,2010-04-06,1.1000,1.1000,1.1000,1.1000,500
HUMEIND,2010-04-16,1.1900,1.2000,1.1600,1.2000,10750
HUMEIND,2010-04-21,1.1000,1.1000,1.1000,1.1000,4000
HUMEIND,2010-04-22,1.1000,1.1000,1.1000,1.1000,2500
HUMEIND,2010-04-30,1.2000,1.2300,0.5500,1.2300,51200
HUMEIND,2010-05-10,1.0600,1.3000,0.8100,1.3000,51100
HUMEIND,2010-05-11,1.1500,1.3400,1.1100,1.2000,3100
HUMEIND,2010-05-12,1.2000,1.2000,1.1600,1.2000,1500
HUMEIND,2010-05-13,1.2100,1.2300,1.2000,1.2300,17000
HUMEIND,2010-05-14,1.2300,1.2300,1.2300,1.2300,5000
HUMEIND,2010-05-17,1.1200,1.1200,1.1200,1.1200,500
HUMEIND,2010-05-31,1.0200,1.1000,1.0200,1.1000,2500
HUMEIND,2010-06-03,1.0400,1.0400,1.0400,1.0400,1000
HUMEIND,2010-06-10,1.0400,1.0400,1.0400,1.0400,2050
HUMEIND,2010-06-11,0.9900,1.0400,0.9900,1.0400,3000
HUMEIND,2010-06-15,1.1000,1.1000,1.1000,1.1000,500
HUMEIND,2010-06-17,1.0100,1.0100,1.0100,1.0100,250
HUMEIND,2010-06-24,1.0000,1.0000,1.0000,1.0000,3000
HUMEIND,2010-07-09,0.9200,1.0000,0.9000,1.0000,4000
HUMEIND,2010-07-15,1.0100,1.0200,1.0100,1.0200,21600
HUMEIND,2010-07-20,0.9400,0.9400,0.9400,0.9400,500
HUMEIND,2010-07-21,0.9800,1.0200,0.9800,1.0200,500
HUMEIND,2010-08-11,1.0000,1.0000,1.0000,1.0000,1000
HUMEIND,2010-08-18,1.0000,1.0000,1.0000,1.0000,500
HUMEIND,2010-08-20,1.0400,1.0400,1.0400,1.0400,4000
HUMEIND,2010-08-23,1.0400,1.0400,1.0400,1.0400,500
HUMEIND,2010-08-25,0.9400,0.9400,0.9400,0.9400,1000
HUMEIND,2010-08-26,0.9500,0.9500,0.9500,0.9500,500
HUMEIND,2010-08-30,0.9600,1.0900,0.9600,1.0800,56900
HUMEIND,2010-09-01,1.0300,1.0600,1.0300,1.0500,6000
HUMEIND,2010-09-02,1.0500,1.1200,1.0500,1.1200,20500
HUMEIND,2010-09-07,1.1000,1.1600,1.1000,1.1600,3500
HUMEIND,2010-09-08,1.1500,1.1500,1.1500,1.1500,2000
HUMEIND,2010-09-09,1.1500,1.1500,1.1500,1.1500,5000
HUMEIND,2010-09-14,1.3100,1.3100,1.1500,1.1500,11000
HUMEIND,2010-09-15,1.2000,1.2000,1.2000,1.2000,1000
HUMEIND,2010-09-17,1.1500,1.1500,1.1500,1.1500,1000
HUMEIND,2010-09-20,1.1600,1.1600,1.1600,1.1600,1000
HUMEIND,2010-09-21,1.1600,1.1600,1.1600,1.1600,2500
HUMEIND,2010-09-22,1.5400,1.5400,1.5400,1.5400,2500
HUMEIND,2010-09-23,1.1600,1.2000,1.1600,1.2000,5000
HUMEIND,2010-09-27,1.4800,1.4800,1.2000,1.2000,1000
HUMEIND,2010-09-28,1.2000,1.2000,1.2000,1.2000,1000
HUMEIND,2010-10-01,1.2000,1.2000,1.2000,1.2000,1000
HUMEIND,2010-10-06,1.1800,1.2000,1.1800,1.2000,10500
HUMEIND,2010-10-11,1.1800,1.1800,1.1800,1.1800,6000
HUMEIND,2010-10-19,1.1800,1.3600,1.1800,1.3600,11950
HUMEIND,2010-10-21,1.1900,1.2700,1.1900,1.2400,24500
HUMEIND,2010-10-22,1.3000,1.3200,1.3000,1.3200,7950
HUMEIND,2010-10-26,1.2400,1.2800,1.2400,1.2500,20200
HUMEIND,2010-10-28,1.2400,1.2400,1.2400,1.2400,6000
HUMEIND,2010-10-29,1.2400,1.2800,1.2400,1.2400,533650
HUMEIND,2010-11-01,1.2500,1.2500,1.2500,1.2500,4500
HUMEIND,2010-11-02,1.3200,1.5000,1.3100,1.4700,31100
HUMEIND,2010-11-03,1.5200,1.5200,1.4000,1.4000,4450
HUMEIND,2010-11-04,1.4400,1.4400,1.4200,1.4200,15500
HUMEIND,2010-11-08,1.7000,1.7000,1.4400,1.4400,1500
HUMEIND,2010-11-09,1.4400,1.4800,1.4400,1.4800,7000
HUMEIND,2010-11-10,1.4800,1.4800,1.4800,1.4800,8500
HUMEIND,2010-11-11,1.4400,1.4600,1.4400,1.4400,7350
HUMEIND,2010-11-15,1.4100,1.4100,1.3500,1.3500,9000
HUMEIND,2010-11-19,1.2700,1.3400,1.2700,1.3400,1000
HUMEIND,2010-11-29,1.2500,1.3400,1.2500,1.3400,10000
HUMEIND,2010-12-01,1.3000,1.3400,1.3000,1.3000,2550
HUMEIND,2010-12-02,1.2600,1.2600,1.2600,1.2600,2500
HUMEIND,2010-12-08,1.2300,1.2300,1.2300,1.2300,2000
HUMEIND,2010-12-09,1.2400,1.2400,1.2300,1.2400,8500
HUMEIND,2010-12-10,1.2300,1.2300,1.2200,1.2200,15000
HUMEIND,2010-12-13,1.2200,1.2200,1.2100,1.2100,5500
HUMEIND,2010-12-17,1.1700,1.1700,1.1700,1.1700,500
HUMEIND,2010-12-20,1.1500,1.1500,1.1500,1.1500,500
HUMEIND,2010-12-21,1.3200,1.4800,1.3200,1.4800,5000
HUMEIND,2010-12-22,1.4700,1.4700,1.4700,1.4700,2500
HUMEIND,2010-12-23,1.2500,1.3000,1.2500,1.2800,33000
HUMEIND,2010-12-24,1.2700,1.2800,1.2700,1.2800,8500
HUMEIND,2010-12-27,1.3900,1.3900,1.3900,1.3900,1000
HUMEIND,2011-01-04,1.2600,1.2700,1.2600,1.2700,11300
HUMEIND,2011-01-06,1.4500,1.4600,1.3900,1.4000,6050
HUMEIND,2011-01-07,1.2600,1.4200,1.2600,1.4200,3000
HUMEIND,2011-01-10,1.2800,1.3300,1.2800,1.3300,3000
HUMEIND,2011-01-11,1.2800,1.2800,1.2800,1.2800,2500
HUMEIND,2011-01-13,1.2900,1.2900,1.2900,1.2900,500
HUMEIND,2011-01-14,1.2800,1.2800,1.2800,1.2800,250
HUMEIND,2011-01-17,1.2800,1.2800,1.2400,1.2400,15000
HUMEIND,2011-01-18,1.2400,1.2400,1.2300,1.2300,6850
HUMEIND,2011-01-19,1.2300,1.2300,1.2300,1.2300,4500
HUMEIND,2011-01-21,1.2200,1.2200,1.2200,1.2200,1850
HUMEIND,2011-01-24,1.2400,1.2900,1.2400,1.2900,4600
HUMEIND,2011-01-25,1.2500,1.3200,1.2400,1.2400,10500
HUMEIND,2011-01-26,1.2300,1.2300,1.2300,1.2300,1000
HUMEIND,2011-01-27,1.2400,1.2600,1.2400,1.2400,7250
HUMEIND,2011-01-28,1.2400,1.2400,1.2400,1.2400,4000
HUMEIND,2011-01-31,1.2100,1.2800,1.2100,1.2800,4750
HUMEIND,2011-02-02,1.2400,1.2400,1.2400,1.2400,1500
HUMEIND,2011-02-07,1.2400,1.2700,1.2400,1.2700,7000
HUMEIND,2011-02-08,1.2400,1.2700,1.2400,1.2500,3000
HUMEIND,2011-02-09,1.2400,1.2400,1.2400,1.2400,1000
HUMEIND,2011-02-10,1.2400,1.2400,1.2400,1.2400,12500
HUMEIND,2011-02-11,1.2300,1.2300,1.2200,1.2200,5000
HUMEIND,2011-02-14,1.2700,1.2700,1.2700,1.2700,5000
HUMEIND,2011-02-17,1.2400,1.2400,1.2400,1.2400,2500
HUMEIND,2011-02-21,1.2000,1.2000,1.2000,1.2000,7400
HUMEIND,2011-02-25,1.1600,1.1600,1.1200,1.1200,2700
HUMEIND,2011-03-01,1.1400,1.1400,1.1400,1.1400,5000
HUMEIND,2011-03-02,1.1400,1.1600,1.1400,1.1600,300
HUMEIND,2011-03-03,1.1200,1.1200,1.1200,1.1200,10000
HUMEIND,2011-03-04,1.1200,1.1200,1.1100,1.1100,10500
HUMEIND,2011-03-07,1.1500,1.1500,1.1500,1.1500,2000
HUMEIND,2011-03-08,1.1400,1.1400,1.1300,1.1300,5050
HUMEIND,2011-03-09,1.1000,1.1600,1.1000,1.1600,1500
HUMEIND,2011-03-17,1.0200,1.0200,1.0200,1.0200,1000
HUMEIND,2011-03-18,1.1400,1.1400,1.1400,1.1400,5000
HUMEIND,2011-03-21,1.0500,1.0500,1.0500,1.0500,500
HUMEIND,2011-03-22,1.1000,1.1000,1.0800,1.1000,8500
HUMEIND,2011-03-25,1.1000,1.1000,1.1000,1.1000,3000
HUMEIND,2011-03-29,1.0500,1.1000,1.0500,1.0600,8000
HUMEIND,2011-03-31,1.0600,1.0600,1.0600,1.0600,1500
HUMEIND,2011-04-01,1.0300,1.0300,1.0300,1.0300,10000
HUMEIND,2011-04-04,1.0600,1.0900,0.9400,1.0800,62500
HUMEIND,2011-04-05,1.0800,1.0800,1.0500,1.0500,5050
HUMEIND,2011-04-07,1.0500,1.0500,1.0500,1.0500,500
HUMEIND,2011-04-08,1.0400,1.0400,1.0400,1.0400,5000
HUMEIND,2011-04-11,1.0600,1.0600,1.0500,1.0500,8000
HUMEIND,2011-04-18,1.0800,1.1600,1.0800,1.1000,28400
HUMEIND,2011-04-20,1.2000,1.2000,1.2000,1.2000,9050
HUMEIND,2011-04-21,1.1600,1.1600,1.1600,1.1600,6750
HUMEIND,2011-04-22,1.1000,1.1200,1.1000,1.1000,5250
HUMEIND,2011-04-28,1.0600,1.0600,1.0400,1.0400,15000
HUMEIND,2011-04-29,1.0500,1.1000,1.0400,1.0800,25000
HUMEIND,2011-05-03,1.0800,1.0800,1.0700,1.0700,1200
HUMEIND,2011-05-04,1.0800,1.0800,1.0800,1.0800,4000
HUMEIND,2011-05-05,1.3000,1.3000,1.3000,1.3000,250
HUMEIND,2011-05-06,1.1800,1.1800,1.0900,1.0900,1550
HUMEIND,2011-05-09,1.0600,1.0600,1.0600,1.0600,250
HUMEIND,2011-05-11,1.1000,1.2800,1.1000,1.2800,4050
HUMEIND,2011-05-18,1.0600,1.0900,1.0600,1.0900,8250
HUMEIND,2011-05-20,1.0700,1.0700,1.0700,1.0700,500
HUMEIND,2011-05-24,1.0400,1.1300,1.0300,1.0700,22000
HUMEIND,2011-05-27,1.0600,1.1600,1.0600,1.1500,17000
HUMEIND,2011-05-30,1.0700,1.0700,1.0700,1.0700,500
HUMEIND,2011-05-31,1.0700,1.1000,1.0700,1.1000,10050
HUMEIND,2011-06-02,1.0300,1.1000,1.0300,1.1000,5000
HUMEIND,2011-06-03,1.0600,1.0600,1.0600,1.0600,500
HUMEIND,2011-06-06,1.0400,1.0400,1.0300,1.0400,4500
HUMEIND,2011-06-08,1.0400,1.1400,1.0200,1.0200,1550
HUMEIND,2011-06-09,1.0300,1.1600,1.0300,1.1600,1500
HUMEIND,2011-06-10,1.1100,1.1100,1.1100,1.1100,10000
HUMEIND,2011-06-13,1.1000,1.1000,1.0600,1.0600,4550
HUMEIND,2011-06-15,1.1000,1.1200,1.0800,1.0800,11850
HUMEIND,2011-06-16,1.0700,1.0700,1.0700,1.0700,500
HUMEIND,2011-06-17,1.0700,1.0700,1.0400,1.0400,8950
HUMEIND,2011-06-24,1.0400,1.0400,1.0400,1.0400,3000
HUMEIND,2011-06-27,1.0600,1.0600,1.0600,1.0600,3000
HUMEIND,2011-06-28,1.0600,1.0600,1.0600,1.0600,4000
HUMEIND,2011-06-30,1.0600,1.0600,1.0600,1.0600,7150
HUMEIND,2011-07-01,1.0500,1.0500,1.0500,1.0500,1000
HUMEIND,2011-07-04,1.0400,1.0400,1.0400,1.0400,4600
HUMEIND,2011-07-05,1.0300,1.0300,1.0300,1.0300,4000
HUMEIND,2011-07-06,1.0400,1.0600,1.0400,1.0600,13000
HUMEIND,2011-07-12,1.0400,1.0400,1.0400,1.0400,4950
HUMEIND,2011-07-15,1.0700,1.0800,1.0700,1.0800,6000
HUMEIND,2011-07-18,1.0700,1.0700,1.0700,1.0700,500
HUMEIND,2011-07-21,1.0700,1.0700,1.0700,1.0700,15000
HUMEIND,2011-07-28,1.0200,1.0200,1.0200,1.0200,2500
HUMEIND,2011-07-29,1.0200,1.0200,1.0200,1.0200,500
HUMEIND,2011-08-04,1.0000,1.0000,1.0000,1.0000,500
HUMEIND,2011-08-08,1.0000,1.0000,1.0000,1.0000,7500
HUMEIND,2011-08-11,0.9000,0.9200,0.9000,0.9200,2500
HUMEIND,2011-08-12,0.9200,0.9200,0.9200,0.9200,500
HUMEIND,2011-08-18,0.9300,0.9300,0.9300,0.9300,500
HUMEIND,2011-08-26,0.9200,0.9200,0.9200,0.9200,15500
HUMEIND,2011-09-06,0.9400,0.9400,0.9400,0.9400,10000
HUMEIND,2011-09-07,0.9400,1.0600,0.9400,1.0600,1050
HUMEIND,2011-09-28,0.9500,0.9500,0.8800,0.8800,5050
HUMEIND,2011-09-29,0.8600,0.8600,0.8600,0.8600,500
HUMEIND,2011-10-05,0.8600,0.9600,0.8600,0.9600,2050
HUMEIND,2011-10-06,0.8500,1.0000,0.8300,0.8300,1450
HUMEIND,2011-10-07,0.8200,0.8200,0.6700,0.6700,1622300
HUMEIND,2011-10-10,0.7100,0.7200,0.6300,0.7200,465500
HUMEIND,2011-10-11,0.8400,1.0900,0.8400,1.0300,519450
HUMEIND,2011-10-12,1.1200,1.2200,0.8600,0.9000,1029050
HUMEIND,2011-10-13,0.8600,0.9500,0.8300,0.9500,36550
HUMEIND,2011-10-14,0.8200,0.8800,0.8200,0.8600,15000
HUMEIND,2011-10-17,0.8600,0.9000,0.8600,0.8800,52200
HUMEIND,2011-10-18,0.8800,0.9300,0.8300,0.9300,69800
HUMEIND,2011-10-19,0.8900,0.9600,0.8900,0.9600,5050
HUMEIND,2011-10-20,0.9000,0.9000,0.8900,0.9000,21200
HUMEIND,2011-10-21,1.1000,1.1000,1.1000,1.1000,500
HUMEIND,2011-10-27,0.9000,0.9100,0.9000,0.9100,17500
HUMEIND,2011-10-31,0.8500,0.9600,0.8500,0.9600,1550
HUMEIND,2011-11-02,0.9100,0.9100,0.9100,0.9100,6500
HUMEIND,2011-11-04,0.9100,0.9100,0.8600,0.9000,16000
HUMEIND,2011-11-08,0.8600,0.8600,0.8600,0.8600,26050
HUMEIND,2011-11-09,0.8400,0.8800,0.8300,0.8300,16300
HUMEIND,2011-11-10,0.8400,0.8400,0.8400,0.8400,3450
HUMEIND,2011-11-11,0.8300,1.0000,0.7600,1.0000,50000
HUMEIND,2011-11-14,0.8800,0.8900,0.8800,0.8900,45000
HUMEIND,2011-11-15,0.8600,0.8600,0.8600,0.8600,1500
HUMEIND,2011-11-16,0.8300,0.8300,0.8300,0.8300,2300
HUMEIND,2011-11-18,0.8300,0.8300,0.8300,0.8300,500
HUMEIND,2011-12-02,0.8400,0.8400,0.8400,0.8400,1000
HUMEIND,2011-12-14,0.8000,1.0000,0.7400,0.8800,52550
HUMEIND,2012-01-03,0.8800,0.9000,0.8800,0.9000,5000
HUMEIND,2012-01-05,0.8200,0.8900,0.8200,0.8700,14250
HUMEIND,2012-01-11,0.8500,0.8700,0.8500,0.8700,9700
HUMEIND,2012-01-12,0.8700,0.8700,0.8700,0.8700,5000
HUMEIND,2012-01-31,0.8700,0.8700,0.8700,0.8700,10000
HUMEIND,2012-02-02,0.8500,0.8600,0.8500,0.8600,8000
HUMEIND,2012-02-03,0.8500,0.8500,0.8500,0.8500,500
HUMEIND,2012-02-09,0.9000,0.9000,0.8600,0.8600,13450
HUMEIND,2012-02-10,0.8600,0.8600,0.8600,0.8600,50000
HUMEIND,2012-02-13,0.8900,0.9100,0.8900,0.9100,7250
HUMEIND,2012-02-16,0.8700,0.8700,0.8700,0.8700,2000
HUMEIND,2012-02-17,0.8500,0.8700,0.8500,0.8700,10000
HUMEIND,2012-02-23,0.8600,0.8700,0.8600,0.8600,43300
HUMEIND,2012-02-24,0.8700,0.9400,0.8700,0.9400,25000
HUMEIND,2012-02-27,0.9000,0.9200,0.9000,0.9200,15050
HUMEIND,2012-02-28,0.9000,0.9000,0.9000,0.9000,2500
HUMEIND,2012-03-01,0.8600,0.8600,0.8600,0.8600,22500
HUMEIND,2012-03-08,0.8600,0.8600,0.8600,0.8600,4200
HUMEIND,2012-03-13,0.8600,0.8700,0.8600,0.8700,16550
HUMEIND,2012-03-20,0.8300,0.8300,0.8300,0.8300,4000
HUMEIND,2012-03-26,0.8200,0.9000,0.5100,0.8600,564500
HUMEIND,2012-03-27,0.8300,0.9600,0.8300,0.9600,13150
HUMEIND,2012-03-28,0.8300,0.8300,0.8300,0.8300,2600
HUMEIND,2012-04-02,0.8300,0.8300,0.8300,0.8300,8100
HUMEIND,2012-04-10,0.8200,0.8200,0.8200,0.8200,21650
HUMEIND,2012-04-12,0.8400,0.8400,0.8400,0.8400,10000
HUMEIND,2012-04-13,0.8200,0.8400,0.8200,0.8400,550
HUMEIND,2012-04-16,0.8000,0.8000,0.8000,0.8000,500
HUMEIND,2012-04-25,0.8900,0.8900,0.7900,0.7900,12500
HUMEIND,2012-04-27,0.7800,0.8000,0.7800,0.8000,9000
HUMEIND,2012-04-30,0.7700,0.7700,0.7700,0.7700,500
HUMEIND,2012-05-02,0.8000,0.8000,0.8000,0.8000,2000
HUMEIND,2012-05-03,0.7600,0.7600,0.7300,0.7500,11000
HUMEIND,2012-05-07,0.7500,0.7500,0.7500,0.7500,3500
HUMEIND,2012-05-09,0.7300,0.7500,0.7300,0.7500,300
HUMEIND,2012-05-16,0.7000,0.7000,0.7000,0.7000,21000
HUMEIND,2012-05-22,0.7400,0.7500,0.7400,0.7400,11800
HUMEIND,2012-05-24,0.6600,0.6600,0.6400,0.6400,25000
HUMEIND,2012-05-25,0.6400,0.6800,0.6400,0.6800,8500
HUMEIND,2012-05-29,0.6700,0.6700,0.6700,0.6700,5000
HUMEIND,2012-05-31,0.6800,0.6800,0.6800,0.6800,5000
HUMEIND,2012-06-08,0.6800,0.6800,0.6800,0.6800,7500
HUMEIND,2012-06-12,0.6600,0.6800,0.6600,0.6800,7500
HUMEIND,2012-06-19,0.6400,0.6400,0.6400,0.6400,500
HUMEIND,2012-06-20,0.6400,0.6400,0.6300,0.6400,2500
HUMEIND,2012-06-22,0.6600,0.6700,0.6600,0.6700,3500
HUMEIND,2012-06-25,0.6500,0.6500,0.6500,0.6500,500
HUMEIND,2012-07-04,0.6600,0.6600,0.6600,0.6600,500
HUMEIND,2012-07-09,0.6500,0.6500,0.6500,0.6500,1000
HUMEIND,2012-07-10,0.6500,0.6500,0.6500,0.6500,1000
HUMEIND,2012-07-11,0.6500,0.6500,0.6400,0.6400,2000
HUMEIND,2012-07-12,0.6400,0.6400,0.6400,0.6400,500
HUMEIND,2012-07-13,0.6400,0.6700,0.6400,0.6700,8000
HUMEIND,2012-07-18,0.6400,0.6400,0.6400,0.6400,500
HUMEIND,2012-07-31,0.6200,0.6500,0.6200,0.6500,8500
HUMEIND,2012-08-02,0.6300,0.6300,0.6300,0.6300,5250
HUMEIND,2012-08-08,0.6200,0.6200,0.6200,0.6200,1000
HUMEIND,2012-08-09,0.6300,0.6300,0.6300,0.6300,10000
HUMEIND,2012-08-14,0.6200,0.6400,0.6200,0.6400,3500
HUMEIND,2012-08-16,0.6500,0.7300,0.4700,0.6400,508250
HUMEIND,2012-08-17,0.6900,0.7200,0.6900,0.7200,4750
HUMEIND,2012-08-28,0.7200,0.7600,0.6800,0.7600,29550
HUMEIND,2012-08-29,0.6900,0.7200,0.6900,0.7200,700
HUMEIND,2012-09-04,0.7200,0.7200,0.7000,0.7000,10050
HUMEIND,2012-09-05,0.7000,0.7200,0.6700,0.6700,10150
HUMEIND,2012-09-06,0.6800,0.7200,0.6700,0.6800,25500
HUMEIND,2012-09-07,0.6500,0.7700,0.6500,0.6600,24350
HUMEIND,2012-09-10,0.6600,0.6600,0.6600,0.6600,5500
HUMEIND,2012-09-13,0.6400,0.6700,0.6400,0.6700,12000
HUMEIND,2012-09-14,0.6500,0.6500,0.6500,0.6500,500
HUMEIND,2012-09-25,0.7000,0.7000,0.6800,0.6900,17100
HUMEIND,2012-10-04,0.6900,0.6900,0.6900,0.6900,4950
HUMEIND,2012-10-17,0.6500,0.6500,0.6500,0.6500,1000
HUMEIND,2012-10-18,0.6500,0.6900,0.6500,0.6800,11550
HUMEIND,2012-10-19,0.6600,0.6600,0.6600,0.6600,2000
HUMEIND,2012-10-23,0.6600,0.7300,0.6600,0.7300,3300
HUMEIND,2012-10-24,0.7300,0.7300,0.7300,0.7300,6500
HUMEIND,2012-10-25,0.6600,0.6600,0.6600,0.6600,500
HUMEIND,2012-11-07,0.6800,0.6800,0.6800,0.6800,500
HUMEIND,2012-11-08,0.6800,0.7300,0.6500,0.6800,16350
HUMEIND,2012-11-20,0.6500,0.6500,0.6500,0.6500,1000
HUMEIND,2012-11-22,0.6500,0.6500,0.6500,0.6500,3000
HUMEIND,2012-11-27,0.7000,0.7800,0.6600,0.7800,4050
HUMEIND,2012-11-30,0.6500,0.6500,0.6500,0.6500,1000
HUMEIND,2012-12-05,0.6800,0.7800,0.6800,0.7800,1050
HUMEIND,2012-12-10,0.6500,0.6500,0.6500,0.6500,2000
HUMEIND,2012-12-12,0.6500,0.6500,0.6500,0.6500,1000
HUMEIND,2012-12-13,0.6600,0.6800,0.6600,0.6800,4000
HUMEIND,2012-12-20,0.6500,0.6500,0.6500,0.6500,2000
HUMEIND,2012-12-21,0.6500,0.6500,0.6500,0.6500,2000
HUMEIND,2012-12-26,0.6900,0.6900,0.6900,0.6900,4000
HUMEIND,2012-12-28,0.6500,0.7300,0.6500,0.7300,4500
HUMEIND,2012-12-31,0.6500,0.6500,0.6500,0.6500,1000
HUMEIND,2013-01-03,0.6900,0.6900,0.6900,0.6900,1500
HUMEIND,2013-01-18,0.6600,0.6900,0.6600,0.6600,1300
HUMEIND,2013-01-25,0.6500,0.6500,0.6500,0.6500,2000
HUMEIND,2013-01-30,0.6500,0.6500,0.6500,0.6500,1500
HUMEIND,2013-02-04,0.6800,0.6800,0.6700,0.6800,6400
HUMEIND,2013-02-19,0.6500,0.6500,0.6500,0.6500,1500
HUMEIND,2013-02-20,0.6800,0.7000,0.6800,0.6900,6000
HUMEIND,2013-02-21,0.6900,0.6900,0.6900,0.6900,8750
HUMEIND,2013-02-22,0.6900,0.6900,0.6900,0.6900,4000
HUMEIND,2013-02-25,0.6700,0.6700,0.6700,0.6700,5000
HUMEIND,2013-03-01,0.6700,0.6700,0.6700,0.6700,1000
HUMEIND,2013-03-04,0.6700,0.6700,0.6700,0.6700,4250
HUMEIND,2013-03-05,0.6900,0.6900,0.6900,0.6900,1450
HUMEIND,2013-03-07,0.7600,0.7600,0.7600,0.7600,8000
HUMEIND,2013-03-08,0.7600,0.7600,0.6800,0.6800,2550
HUMEIND,2013-03-11,0.7000,0.7000,0.6900,0.6900,7500
HUMEIND,2013-03-12,0.6800,0.7000,0.6800,0.7000,4000
HUMEIND,2013-03-18,0.7000,0.7000,0.6700,0.6700,10000
HUMEIND,2013-03-21,0.6800,0.6900,0.6800,0.6900,1500
HUMEIND,2013-04-02,0.7000,0.7600,0.7000,0.7600,3700
HUMEIND,2013-04-05,0.6900,0.6900,0.6900,0.6900,1000
HUMEIND,2013-04-08,0.6900,0.6900,0.6900,0.6900,500
HUMEIND,2013-04-10,0.7100,0.7200,0.7000,0.7100,17500
HUMEIND,2013-04-16,0.6900,0.6900,0.6700,0.6900,32000
HUMEIND,2013-04-17,0.7600,0.7600,0.7600,0.7600,8800
HUMEIND,2013-04-18,0.7000,0.7000,0.7000,0.7000,1000
HUMEIND,2013-04-22,0.6900,0.6900,0.6900,0.6900,2500
HUMEIND,2013-04-23,0.7000,0.7000,0.7000,0.7000,1000
HUMEIND,2013-04-25,0.7000,0.7000,0.7000,0.7000,500
HUMEIND,2013-04-29,0.6800,0.7600,0.6800,0.7600,5500
HUMEIND,2013-04-30,0.7000,0.7000,0.7000,0.7000,2000
HUMEIND,2013-05-03,0.7400,0.7600,0.7400,0.7600,13900
HUMEIND,2013-05-08,0.7000,0.7600,0.7000,0.7600,6500
HUMEIND,2013-05-13,0.7600,0.7900,0.7600,0.7900,4500
HUMEIND,2013-05-14,0.7600,0.8000,0.7600,0.8000,5000
HUMEIND,2013-05-15,0.8800,0.8800,0.8800,0.8800,11500
HUMEIND,2013-05-16,0.8800,0.8800,0.8400,0.8400,7500
HUMEIND,2013-05-17,0.9000,0.9100,0.9000,0.9100,9550
HUMEIND,2013-05-20,0.9100,0.9200,0.9100,0.9200,6000
HUMEIND,2013-05-21,0.8800,0.9200,0.8800,0.9200,3000
HUMEIND,2013-05-22,0.8800,0.9200,0.8800,0.9200,5000
HUMEIND,2013-05-23,0.8600,0.8600,0.8600,0.8600,5000
HUMEIND,2013-05-31,0.8000,0.8000,0.8000,0.8000,500
HUMEIND,2013-06-03,0.7600,0.7600,0.7600,0.7600,5000
HUMEIND,2013-06-06,0.7200,0.7200,0.7200,0.7200,500
HUMEIND,2013-06-07,0.8000,0.8000,0.8000,0.8000,1500
HUMEIND,2013-06-11,0.8000,0.8000,0.8000,0.8000,7500
HUMEIND,2013-06-18,0.8000,0.8000,0.8000,0.8000,10000
HUMEIND,2013-06-19,0.8000,0.8000,0.8000,0.8000,500
HUMEIND,2013-06-21,0.7200,0.7900,0.7200,0.7900,8000
HUMEIND,2013-06-25,0.7800,0.7900,0.7800,0.7900,5000
HUMEIND,2013-07-03,0.8800,0.8800,0.8800,0.8800,1000
HUMEIND,2013-07-08,0.7400,0.7400,0.7400,0.7400,1500
HUMEIND,2013-07-17,0.7400,0.8000,0.7400,0.8000,12800
HUMEIND,2013-07-19,0.8000,0.8000,0.8000,0.8000,3000
HUMEIND,2013-07-22,0.7600,0.7600,0.7600,0.7600,1500
HUMEIND,2013-07-25,0.7600,0.7600,0.7600,0.7600,21000
HUMEIND,2013-07-26,0.7600,0.7600,0.7400,0.7400,5500
HUMEIND,2013-07-29,0.7400,0.7700,0.7400,0.7400,11500
HUMEIND,2013-08-01,0.7400,0.7400,0.7400,0.7400,500
HUMEIND,2013-08-06,0.7400,0.7400,0.7200,0.7200,7250
HUMEIND,2013-08-12,0.7100,0.8000,0.7100,0.8000,11750
HUMEIND,2013-08-13,0.8300,0.8300,0.8300,0.8300,2500
HUMEIND,2013-08-14,0.8800,0.8800,0.8800,0.8800,6000
HUMEIND,2013-08-15,0.9000,0.9000,0.9000,0.9000,2500
HUMEIND,2013-08-16,0.8800,0.9000,0.8800,0.9000,2000
HUMEIND,2013-08-20,0.9000,0.9000,0.9000,0.9000,27500
HUMEIND,2013-08-21,0.9300,0.9300,0.9200,0.9200,6000
HUMEIND,2013-08-22,0.9000,0.9000,0.9000,0.9000,11500
HUMEIND,2013-08-23,0.9000,0.9000,0.9000,0.9000,11500
HUMEIND,2013-08-27,0.9000,1.0000,0.9000,0.9800,40150
HUMEIND,2013-08-28,0.9000,0.9000,0.9000,0.9000,1500
HUMEIND,2013-08-30,0.8300,0.8700,0.8300,0.8700,13200
HUMEIND,2013-09-02,0.8600,0.8600,0.8600,0.8600,2500
HUMEIND,2013-09-03,0.8300,1.0000,0.8300,1.0000,4050
HUMEIND,2013-09-04,0.9000,0.9000,0.9000,0.9000,5000
HUMEIND,2013-09-05,0.9000,0.9000,0.8900,0.9000,10000
HUMEIND,2013-09-06,0.9200,0.9200,0.9200,0.9200,250
HUMEIND,2013-09-09,0.9300,1.0000,0.9300,1.0000,17500
HUMEIND,2013-09-10,1.0000,1.4400,1.0000,1.4000,106000
HUMEIND,2013-09-12,2.0000,2.0000,1.9800,2.0000,207700
HUMEIND,2013-09-13,2.5400,2.6000,2.5400,2.6000,417100
HUMEIND,2013-09-17,3.3800,3.4000,3.3800,3.4000,168350
HUMEIND,2013-09-18,3.4000,3.4400,3.4000,3.4400,127950
HUMEIND,2013-09-19,3.6400,3.6800,3.0800,3.5200,1609350
HUMEIND,2013-09-20,3.5200,3.5600,3.4000,3.4400,132100
HUMEIND,2013-09-23,3.3600,3.3600,3.1000,3.1400,143200
HUMEIND,2013-09-24,3.2000,3.2800,3.1200,3.2400,110250
HUMEIND,2013-09-25,3.2600,3.7400,3.2600,3.4000,363500
HUMEIND,2013-09-26,3.3400,3.4200,3.3000,3.3800,48000
HUMEIND,2013-09-27,3.3600,3.3600,3.2600,3.2600,33500
HUMEIND,2013-09-30,3.2200,3.3200,3.2200,3.3000,38850
HUMEIND,2013-10-01,3.3000,3.3000,3.1600,3.2800,56700
HUMEIND,2013-10-02,3.2800,3.3000,3.2400,3.3000,98950
HUMEIND,2013-10-03,3.3000,3.3000,3.2600,3.2600,129200
HUMEIND,2013-10-04,3.2000,3.2600,3.2000,3.2600,16750
HUMEIND,2013-10-07,3.2800,3.4600,3.2800,3.3000,610850
HUMEIND,2013-10-08,3.3000,3.3200,3.3000,3.3000,570750
HUMEIND,2013-10-09,3.3200,3.3400,3.2800,3.3000,1626450
HUMEIND,2013-10-10,3.3000,3.3000,3.2400,3.2400,574700
HUMEIND,2013-10-11,3.2600,3.2600,3.2000,3.2000,42300
HUMEIND,2013-10-14,3.2000,3.2000,3.0000,3.0800,114100
HUMEIND,2013-10-16,3.0200,3.0600,2.6400,2.6400,391550
HUMEIND,2013-10-17,2.6400,2.6400,2.2000,2.4000,1282600
HUMEIND,2013-10-18,2.4000,2.4200,2.2400,2.3800,437950
HUMEIND,2013-10-21,2.3800,2.4000,2.3000,2.3200,402200
HUMEIND,2013-10-22,2.3400,2.5400,2.3400,2.4600,532600
HUMEIND,2013-10-23,2.5000,2.5000,2.3800,2.4200,413250
HUMEIND,2013-10-24,2.4400,2.4600,2.4200,2.4600,80200
HUMEIND,2013-10-25,2.4600,2.4600,2.3800,2.4000,204300
HUMEIND,2013-10-28,2.3600,2.3600,2.3200,2.3200,177300
HUMEIND,2013-10-29,2.3400,2.3800,2.3400,2.3800,53500
HUMEIND,2013-10-30,2.3800,2.4000,2.3400,2.3600,51900
HUMEIND,2013-10-31,2.3400,2.4000,2.3400,2.3800,94900
HUMEIND,2013-11-01,2.3800,2.3800,2.3600,2.3800,59450
HUMEIND,2013-11-04,2.3800,2.3800,2.3200,2.3200,34300
HUMEIND,2013-11-06,2.4000,2.4000,2.3600,2.3800,10000
HUMEIND,2013-11-07,2.3600,2.4000,2.3600,2.4000,31350
HUMEIND,2013-11-08,2.4000,2.4400,2.4000,2.4400,25000
HUMEIND,2013-11-11,2.4400,2.5800,2.4400,2.5200,47700
HUMEIND,2013-11-12,2.5600,2.7200,2.5400,2.5400,487350
HUMEIND,2013-11-13,2.5400,2.5600,2.4600,2.4600,101250
HUMEIND,2013-11-14,2.4600,2.5200,2.4600,2.5000,57950
HUMEIND,2013-11-15,2.5000,2.5000,2.4400,2.4600,59550
HUMEIND,2013-11-18,2.4600,2.4800,2.4400,2.4600,76200
HUMEIND,2013-11-19,2.4800,2.4800,2.4600,2.4600,22000
HUMEIND,2013-11-20,2.5000,2.5200,2.5000,2.5000,112450
HUMEIND,2013-11-21,2.5000,2.5200,2.4800,2.4800,158700
HUMEIND,2013-11-22,2.5000,2.5400,2.4800,2.5400,10050
HUMEIND,2013-11-25,2.5400,2.6200,2.5400,2.5600,122350
HUMEIND,2013-11-26,2.5800,2.5800,2.4600,2.5000,37500
HUMEIND,2013-11-27,2.5000,2.5000,2.4400,2.4600,57650
HUMEIND,2013-11-28,2.5000,2.5000,2.4600,2.4600,14050
HUMEIND,2013-11-29,2.4600,2.4800,2.4400,2.4800,8500
HUMEIND,2013-12-02,2.4800,2.4800,2.4600,2.4800,19000
HUMEIND,2013-12-03,2.4600,2.4600,2.4000,2.4000,25750
HUMEIND,2013-12-04,2.3600,2.4200,2.3600,2.3800,80350
HUMEIND,2013-12-05,2.3800,2.4000,2.3600,2.4000,26000
HUMEIND,2013-12-06,2.3600,2.3800,2.3600,2.3600,61350
HUMEIND,2013-12-09,2.3600,2.3600,2.3600,2.3600,46750
HUMEIND,2013-12-10,2.3400,2.3400,2.3000,2.3000,177000
HUMEIND,2013-12-11,2.3200,2.3600,2.3200,2.3400,21500
HUMEIND,2013-12-12,2.3400,2.3400,2.3000,2.3000,107000
HUMEIND,2013-12-13,2.3000,2.3000,2.2800,2.3000,35350
HUMEIND,2013-12-16,2.2400,2.2600,2.2400,2.2600,48500
HUMEIND,2013-12-17,2.2200,2.2200,2.2000,2.2000,63050
HUMEIND,2013-12-18,2.1600,2.2000,2.1600,2.1600,80500
HUMEIND,2013-12-19,2.2000,2.2200,2.1600,2.1800,27300
HUMEIND,2013-12-20,2.2200,2.2200,2.1000,2.1000,35000
HUMEIND,2013-12-23,2.0800,2.1000,2.0600,2.1000,20500
HUMEIND,2013-12-24,2.1200,2.1400,2.1200,2.1200,10400
HUMEIND,2013-12-26,2.1400,2.1600,2.1400,2.1600,9350
HUMEIND,2013-12-27,2.2200,2.2200,2.2200,2.2200,1500
HUMEIND,2013-12-30,2.2200,2.2600,2.2000,2.2600,7250
HUMEIND,2013-12-31,2.2800,2.3200,2.2800,2.3200,35850
HUMEIND,2014-01-02,2.2800,2.3000,2.2000,2.2000,62650
HUMEIND,2014-01-03,2.2000,2.2000,2.2000,2.2000,17000
HUMEIND,2014-01-06,2.2000,2.2600,2.1800,2.1800,65700
HUMEIND,2014-01-07,2.2000,2.3000,2.2000,2.3000,18500
HUMEIND,2014-01-08,2.3000,2.3200,2.3000,2.3200,11500
HUMEIND,2014-01-09,2.3400,2.3600,2.3200,2.3400,3650
HUMEIND,2014-01-10,2.3400,2.4000,2.3200,2.4000,64100
HUMEIND,2014-01-13,2.4000,2.6600,2.4000,2.6600,360250
HUMEIND,2014-01-15,2.6600,2.6800,2.5000,2.6000,259300
HUMEIND,2014-01-16,2.6000,2.6000,2.5600,2.6000,48650
HUMEIND,2014-01-20,2.5800,2.6000,2.5400,2.5600,86950
HUMEIND,2014-01-21,2.5400,2.7800,2.5400,2.6600,303150
HUMEIND,2014-01-22,2.8000,2.9800,2.5400,2.9600,671350
HUMEIND,2014-01-23,2.9400,2.9800,2.7400,2.7400,343750
HUMEIND,2014-01-24,2.7000,2.8400,2.6800,2.8000,125900
HUMEIND,2014-01-27,2.7400,2.7800,2.6600,2.6600,114250
HUMEIND,2014-01-28,2.6200,2.6400,2.5600,2.6400,113000
HUMEIND,2014-01-29,2.6400,2.6800,2.6000,2.6200,67450
HUMEIND,2014-01-30,2.6200,2.7800,2.6200,2.7400,37050
HUMEIND,2014-02-04,2.7200,3.0800,2.7200,3.0000,351000
HUMEIND,2014-02-05,3.0000,3.1400,2.9000,3.0200,582650
HUMEIND,2014-02-06,3.0200,3.1000,3.0000,3.0600,289500
HUMEIND,2014-02-07,3.1000,3.2400,3.0800,3.1600,999350
HUMEIND,2014-02-10,3.2200,3.3000,3.2000,3.2400,612400
HUMEIND,2014-02-11,3.2400,3.2400,3.1200,3.1200,313600
HUMEIND,2014-02-12,3.1000,3.1200,3.0800,3.1200,73000
HUMEIND,2014-02-13,3.1200,3.1800,3.0600,3.1200,254050
HUMEIND,2014-02-14,3.1600,3.1600,3.0800,3.1000,142800
HUMEIND,2014-02-17,3.1400,3.1400,3.0000,3.0800,189000
HUMEIND,2014-02-18,3.0400,3.0400,3.0000,3.0000,68050
HUMEIND,2014-02-19,3.0000,3.0000,2.9000,2.9000,132600
HUMEIND,2014-02-20,2.9200,3.0800,2.9200,2.9600,210900
HUMEIND,2014-02-21,3.0000,3.0000,2.9600,2.9800,165250
HUMEIND,2014-02-24,3.0400,3.2600,2.9600,3.1400,404700
HUMEIND,2014-02-25,3.2000,3.2200,3.1000,3.1400,152000
HUMEIND,2014-02-26,3.1000,3.1200,3.0600,3.0600,64000
HUMEIND,2014-02-27,3.0800,3.1200,3.0600,3.1200,46950
HUMEIND,2014-02-28,3.1200,3.2000,3.0600,3.1600,183750
HUMEIND,2014-03-03,3.1400,3.1400,3.1000,3.1200,91300
HUMEIND,2014-03-04,3.1200,3.1400,3.1200,3.1200,21350
HUMEIND,2014-03-05,3.1600,3.4000,3.1600,3.3800,591500
HUMEIND,2014-03-06,3.3800,3.5200,3.3000,3.5200,281000
HUMEIND,2014-03-07,3.5400,3.6400,3.3600,3.3800,312950
HUMEIND,2014-03-10,3.4200,3.5000,3.4000,3.4600,172900
HUMEIND,2014-03-11,3.4600,3.6000,3.4600,3.5000,132600
HUMEIND,2014-03-12,3.5000,3.6000,3.4800,3.6000,120450
HUMEIND,2014-03-13,3.6000,3.6200,3.4800,3.5000,134100
HUMEIND,2014-03-14,3.5000,3.5200,3.4600,3.4600,81600
HUMEIND,2014-03-17,3.4800,3.4800,3.3000,3.3400,106500
HUMEIND,2014-03-18,3.3600,3.4000,3.3600,3.3600,32950
HUMEIND,2014-03-19,3.3600,3.3600,3.3000,3.3400,43800
HUMEIND,2014-03-20,3.3400,3.3600,3.3400,3.3600,31050
HUMEIND,2014-03-21,3.3400,3.3600,3.3200,3.3600,21500
HUMEIND,2014-03-24,3.3600,3.3600,3.2000,3.2400,49300
HUMEIND,2014-03-25,3.2000,3.2600,3.1800,3.1800,76100
HUMEIND,2014-03-26,3.2400,3.3800,3.2400,3.3800,126650
HUMEIND,2014-03-27,3.3600,3.3600,3.2600,3.2800,36850
HUMEIND,2014-03-28,3.2600,3.2800,3.2600,3.2600,13150
HUMEIND,2014-03-31,3.2600,3.2600,3.2000,3.2600,24350
HUMEIND,2014-04-01,3.1800,3.2400,3.1800,3.2200,7500
HUMEIND,2014-04-02,3.2000,3.3200,3.2000,3.3000,39800
HUMEIND,2014-04-03,3.2200,3.2400,3.2200,3.2200,5450
HUMEIND,2014-04-04,3.2600,3.2800,3.2400,3.2800,35000
HUMEIND,2014-04-07,3.2600,3.3000,3.2400,3.3000,24350
HUMEIND,2014-04-08,3.2800,3.3000,3.2600,3.2800,32700
HUMEIND,2014-04-09,3.3000,3.3400,3.3000,3.3200,73600
HUMEIND,2014-04-10,3.3400,3.3400,3.3000,3.3200,34300
HUMEIND,2014-04-11,3.3000,3.3200,3.3000,3.3200,7000
HUMEIND,2014-04-14,3.3000,3.3000,3.2000,3.2400,47050
HUMEIND,2014-04-15,3.2600,3.3200,3.2400,3.3200,122100
HUMEIND,2014-04-16,3.2800,3.2800,3.2800,3.2800,2000
HUMEIND,2014-04-17,3.2800,3.2800,3.2600,3.2800,23150
HUMEIND,2014-04-18,3.2800,3.2800,3.2000,3.2000,58550
HUMEIND,2014-04-21,3.2400,3.3000,3.2400,3.2400,29650
HUMEIND,2014-04-22,3.2600,3.3000,3.2600,3.3000,40300
HUMEIND,2014-04-23,3.3000,3.3000,3.2600,3.2600,30500
HUMEIND,2014-04-24,3.2600,3.2800,3.2600,3.2600,19350
HUMEIND,2014-04-25,3.2600,3.2600,3.2400,3.2400,25000
HUMEIND,2014-04-28,3.2400,3.2400,3.2200,3.2200,19550
HUMEIND,2014-04-29,3.2200,3.2600,3.2000,3.2600,46000
HUMEIND,2014-04-30,3.2600,3.3600,3.2600,3.2800,155000
HUMEIND,2014-05-02,3.3400,3.6000,3.3400,3.5000,626100
HUMEIND,2014-05-05,3.5200,3.5400,3.3400,3.3600,134850
HUMEIND,2014-05-06,3.3800,3.4200,3.3200,3.4200,21600
HUMEIND,2014-05-07,3.5000,3.5000,3.4200,3.4200,51600
HUMEIND,2014-05-08,3.4000,3.4000,3.3200,3.3200,53050
HUMEIND,2014-05-09,3.4000,3.4400,3.4000,3.4000,21800
HUMEIND,2014-05-12,3.4000,3.4000,3.3800,3.4000,28200
HUMEIND,2014-05-14,3.4000,3.4000,3.3200,3.3600,32000
HUMEIND,2014-05-15,3.3200,3.3200,3.2400,3.2400,92500
HUMEIND,2014-05-16,3.2600,3.2600,3.2400,3.2600,33550
HUMEIND,2014-05-19,3.2600,3.3600,3.2200,3.2200,24650
HUMEIND,2014-05-20,3.2200,3.3200,3.2200,3.3200,33550
HUMEIND,2014-05-21,3.3000,3.3000,3.2600,3.2600,12950
HUMEIND,2014-05-22,3.2600,3.3200,3.2600,3.3200,34950
HUMEIND,2014-05-23,3.3000,3.3000,3.2600,3.2600,25050
HUMEIND,2014-05-26,3.2800,3.2800,3.2400,3.2600,6850
HUMEIND,2014-05-27,3.2200,3.3200,3.2200,3.3200,18650
HUMEIND,2014-05-28,3.2000,3.2600,3.2000,3.2600,45600
HUMEIND,2014-05-29,3.2600,3.2800,3.2400,3.2800,15550
HUMEIND,2014-05-30,3.2800,3.2800,3.2600,3.2600,26000
HUMEIND,2014-06-02,3.2600,3.3400,3.2600,3.3000,101000
HUMEIND,2014-06-03,3.3000,3.3400,3.3000,3.3400,26500
HUMEIND,2014-06-04,3.3400,3.4400,3.3400,3.4000,150700
HUMEIND,2014-06-05,3.4200,3.4200,3.4000,3.4000,79750
HUMEIND,2014-06-06,3.4200,3.5200,3.4200,3.4800,167500
HUMEIND,2014-06-09,3.5000,3.6000,3.5000,3.5600,212550
HUMEIND,2014-06-10,3.5200,3.6200,3.5200,3.5800,351250
HUMEIND,2014-06-11,3.6200,3.7000,3.6200,3.7000,230050
HUMEIND,2014-06-12,3.7200,3.9800,3.7200,3.9200,360200
HUMEIND,2014-06-13,3.9200,4.1800,3.9200,4.1600,303300
HUMEIND,2014-06-16,4.1800,5.4000,4.1800,4.7800,1759850
HUMEIND,2014-06-17,4.8000,5.1800,4.8000,4.8800,380500
HUMEIND,2014-06-18,4.9000,5.0200,4.8800,4.8800,244400
HUMEIND,2014-06-19,4.8000,4.8800,4.5400,4.6000,209150
HUMEIND,2014-06-20,4.6200,4.6200,4.3400,4.5000,395900
HUMEIND,2014-06-23,4.4000,4.4600,4.3600,4.4000,133200
HUMEIND,2014-06-24,4.4400,4.7800,4.4400,4.7600,474650
HUMEIND,2014-06-25,4.8400,5.1000,4.7000,4.8600,576100
HUMEIND,2014-06-26,4.8600,4.8600,4.6200,4.6800,198200
HUMEIND,2014-06-27,4.6800,4.7200,4.6800,4.7200,26900
HUMEIND,2014-06-30,4.7400,4.8800,4.7400,4.8200,300800
HUMEIND,2014-07-01,4.8400,4.8600,4.8200,4.8200,283450
HUMEIND,2014-07-02,4.8400,4.8800,4.8200,4.8400,184550
HUMEIND,2014-07-03,4.8400,5.1400,4.8200,4.9800,306450
HUMEIND,2014-07-04,4.9600,5.1800,4.9600,5.0600,249350
HUMEIND,2014-07-07,5.0600,5.2800,5.0600,5.2200,493650
HUMEIND,2014-07-08,5.2600,5.5200,5.2600,5.4400,619850
HUMEIND,2014-07-09,5.4800,5.6000,5.3400,5.4800,709550
HUMEIND,2014-07-10,5.4800,5.4800,5.1600,5.3200,227800
HUMEIND,2014-07-11,5.3000,5.3200,5.1800,5.2200,191600
HUMEIND,2014-07-14,5.2400,5.2400,5.0000,5.0600,172550
HUMEIND,2014-07-16,5.0600,5.0600,4.9600,5.0000,113800
HUMEIND,2014-07-17,5.0400,5.1600,5.0400,5.1000,195200
HUMEIND,2014-07-18,5.0400,5.0800,5.0400,5.0400,81500
HUMEIND,2014-07-21,5.0400,5.0600,4.9600,4.9800,114400
HUMEIND,2014-07-22,4.9600,5.0200,4.9600,5.0200,39500
HUMEIND,2014-07-23,4.9800,5.0400,4.8400,4.9000,65100
HUMEIND,2014-07-24,4.9000,4.9800,4.8800,4.9000,33850
HUMEIND,2014-07-25,4.9400,4.9400,4.8400,4.8800,35500
HUMEIND,2014-07-30,4.8800,4.9000,4.8600,4.9000,29200
HUMEIND,2014-07-31,4.8000,4.8400,4.4200,4.4400,359050
HUMEIND,2014-08-01,4.4000,4.4600,4.1000,4.4400,329850
HUMEIND,2014-08-04,4.2600,4.6000,4.2600,4.4800,150300
HUMEIND,2014-08-05,4.4800,4.5000,4.4200,4.4200,107750
HUMEIND,2014-08-06,4.4800,4.4800,4.2800,4.3600,104550
HUMEIND,2014-08-07,4.3600,4.3600,4.2400,4.2800,80550
HUMEIND,2014-08-08,4.2400,4.8600,4.1800,4.4200,460000
HUMEIND,2014-08-11,4.4600,4.8200,4.4600,4.6800,344550
HUMEIND,2014-08-12,4.3500,4.6800,4.3500,4.6500,37500
HUMEIND,2014-08-13,4.6200,4.6200,4.6000,4.6000,500
HUMEIND,2014-08-14,4.6100,4.6500,4.6100,4.6400,70100
HUMEIND,2014-08-15,4.6200,4.6200,4.5900,4.5900,6500
HUMEIND,2014-08-18,4.5900,4.6000,4.5900,4.5900,30200
HUMEIND,2014-08-19,4.5700,4.5800,4.5300,4.5300,34000
HUMEIND,2014-08-20,4.5200,4.5200,4.4000,4.4000,6000
HUMEIND,2014-08-21,4.2600,4.4900,4.2600,4.4800,25800
HUMEIND,2014-08-26,4.3700,4.4000,4.3300,4.3900,15300
HUMEIND,2014-08-27,4.3000,4.3800,4.3000,4.3200,29700
HUMEIND,2014-08-28,4.2600,4.2600,4.2400,4.2400,15100
HUMEIND,2014-08-29,4.1600,4.2500,4.1600,4.1700,26600
HUMEIND,2014-09-02,4.1700,4.1700,4.0900,4.1000,23100
HUMEIND,2014-09-03,4.0500,4.3600,4.0000,4.3000,22200
HUMEIND,2014-09-04,4.1000,4.2800,4.1000,4.2800,13200
HUMEIND,2014-09-05,4.1500,4.3000,4.1500,4.2800,18200
HUMEIND,2014-09-08,4.2900,4.5000,4.2900,4.5000,48700
HUMEIND,2014-09-09,4.5000,4.5400,4.5000,4.5000,33400
HUMEIND,2014-09-12,4.4200,4.5000,4.3500,4.5000,54000
HUMEIND,2014-09-15,4.5000,4.7200,4.5000,4.7200,78900
HUMEIND,2014-09-17,4.7000,4.9000,4.7000,4.8900,127300
HUMEIND,2014-09-18,4.8000,5.0800,4.7800,5.0500,280300
HUMEIND,2014-09-19,5.1000,5.3000,5.1000,5.2500,567200
HUMEIND,2014-09-22,5.3500,5.3500,5.0000,5.0500,149700
HUMEIND,2014-09-23,4.9600,4.9600,4.8500,4.9000,63500
HUMEIND,2014-09-24,4.8800,4.8800,4.7800,4.8500,259700
HUMEIND,2014-09-25,4.8000,4.9000,4.8000,4.8500,117000
HUMEIND,2014-09-26,4.8200,4.8200,4.6800,4.6800,58000
HUMEIND,2014-09-29,4.7000,4.8400,4.6800,4.7700,61800
HUMEIND,2014-09-30,4.6700,4.7500,4.6200,4.6200,106100
HUMEIND,2014-10-01,4.5400,4.7000,4.5200,4.6500,70000
HUMEIND,2014-10-02,4.5600,4.5600,4.3500,4.4700,57200
HUMEIND,2014-10-03,4.4800,4.5500,4.2500,4.5500,229000
HUMEIND,2014-10-07,4.4000,4.4000,4.1700,4.4000,152900
HUMEIND,2014-10-08,4.2000,4.3500,4.1700,4.3500,96500
HUMEIND,2014-10-09,4.2900,4.3000,4.1000,4.3000,157700
HUMEIND,2014-10-10,4.1600,4.2200,4.0700,4.2200,109500
HUMEIND,2014-10-13,4.2600,4.2600,4.0800,4.1000,190200
HUMEIND,2014-10-14,4.0000,4.0000,3.8300,3.9500,166700
HUMEIND,2014-10-15,3.9000,3.9300,3.7800,3.7800,143900
HUMEIND,2014-10-16,3.6000,3.7100,3.5100,3.5400,89900
HUMEIND,2014-10-17,3.5400,4.0000,3.5400,3.9800,237600
HUMEIND,2014-10-20,4.0500,4.0500,4.0000,4.0200,367800
HUMEIND,2014-10-21,4.1000,4.1800,4.0600,4.1600,277000
HUMEIND,2014-10-24,3.4200,3.6600,3.3800,3.5400,3503800
HUMEIND,2014-10-27,3.5400,3.6500,3.5400,3.5900,1127900
HUMEIND,2014-10-28,3.6000,3.6000,3.5100,3.5300,449800
HUMEIND,2014-10-29,3.5300,3.6200,3.5300,3.5800,1100100
HUMEIND,2014-10-30,3.5800,3.6200,3.5800,3.6200,863500
HUMEIND,2014-10-31,3.6300,4.0000,3.6200,4.0000,4924800
HUMEIND,2014-11-03,4.0300,4.2300,4.0300,4.2000,3526500
HUMEIND,2014-11-04,4.2000,4.2100,4.0800,4.2000,1829200
HUMEIND,2014-11-05,4.2000,4.3000,4.1300,4.2100,1772700
HUMEIND,2014-11-06,4.2200,4.3000,4.2200,4.2800,1470800
HUMEIND,2014-11-07,4.2800,4.3500,4.2700,4.3100,2120700
HUMEIND,2014-11-10,4.2900,4.3000,4.2500,4.3000,1174200
HUMEIND,2014-11-11,4.2900,4.3100,4.2600,4.2900,792300
HUMEIND,2014-11-12,4.3000,4.3000,4.2300,4.2500,717000
HUMEIND,2014-11-13,4.2000,4.2400,4.0000,4.0000,371000
HUMEIND,2014-11-14,3.9800,3.9800,3.8700,3.8700,555200
HUMEIND,2014-11-17,3.8900,3.9800,3.7100,3.7300,334300
HUMEIND,2014-11-18,3.7600,3.7800,3.6600,3.7000,653200
HUMEIND,2014-11-19,3.7000,3.8100,3.7000,3.7900,1000000
HUMEIND,2014-11-20,3.7900,3.7900,3.6700,3.7100,1064000
HUMEIND,2014-11-21,3.7100,3.7100,3.6400,3.6600,284000
HUMEIND,2014-11-24,3.6600,3.6700,3.5900,3.5900,510300
HUMEIND,2014-11-25,3.5900,3.7200,3.5900,3.7000,688100
HUMEIND,2014-11-26,3.7100,3.7200,3.6700,3.7200,166000
HUMEIND,2014-11-27,3.7200,3.7200,3.6300,3.6900,115600
HUMEIND,2014-11-28,3.6300,3.6400,3.6000,3.6400,260700
HUMEIND,2014-12-01,3.5700,3.5800,3.4000,3.4500,498300
HUMEIND,2014-12-02,3.5000,3.5700,3.3500,3.3500,407200
HUMEIND,2014-12-03,3.3500,3.3600,3.2500,3.2900,462100
HUMEIND,2014-12-04,3.3000,3.3500,3.1300,3.2900,883300
HUMEIND,2014-12-05,3.2800,3.3400,3.2800,3.2800,509000
HUMEIND,2014-12-08,3.2800,3.2800,3.1900,3.2000,404600
HUMEIND,2014-12-09,3.1900,3.1900,3.0900,3.1400,392900
HUMEIND,2014-12-10,3.1200,3.4500,3.1200,3.4200,768700
HUMEIND,2014-12-11,3.3800,3.3800,3.2800,3.3100,95700
HUMEIND,2014-12-12,3.2900,3.3000,3.2000,3.2000,95500
HUMEIND,2014-12-15,3.1300,3.1300,3.0200,3.0200,378500
HUMEIND,2014-12-16,3.0100,3.2100,3.0100,3.2000,428300
HUMEIND,2014-12-17,3.2100,3.2800,3.2100,3.2500,475500
HUMEIND,2014-12-18,3.2700,3.2900,3.2500,3.2900,192600
HUMEIND,2014-12-19,3.3400,3.3800,3.3000,3.3300,417400
HUMEIND,2014-12-22,3.3900,3.4900,3.3900,3.4800,433200
HUMEIND,2014-12-23,3.4900,3.5200,3.4800,3.5000,533400
HUMEIND,2014-12-24,3.5000,3.6600,3.4800,3.6600,797300
HUMEIND,2014-12-26,3.6800,3.8800,3.6800,3.8800,1097800
HUMEIND,2014-12-29,3.9000,3.9300,3.7800,3.8900,604700
HUMEIND,2014-12-30,3.8200,3.8900,3.8100,3.8600,621500
HUMEIND,2014-12-31,3.8000,4.0600,3.8000,4.0000,2080800
HUMEIND,2015-01-02,3.9800,3.9800,3.8500,3.8700,88600
HUMEIND,2015-01-05,3.8700,3.8700,3.7300,3.7500,146400
HUMEIND,2015-01-06,3.6800,3.6900,3.6300,3.6500,190700
HUMEIND,2015-01-07,3.6400,3.7200,3.5800,3.7000,261800
HUMEIND,2015-01-08,3.7000,3.8200,3.7000,3.7400,246100
HUMEIND,2015-01-09,3.7400,3.8300,3.6400,3.6600,349600
HUMEIND,2015-01-22,3.7300,3.8500,3.7300,3.8000,487900
HUMEIND,2015-01-23,3.8500,3.8900,3.7400,3.7400,277200
HUMEIND,2015-01-26,3.7200,3.7400,3.6400,3.7400,296500
HUMEIND,2015-01-27,3.7400,3.7800,3.6600,3.7700,549500
HUMEIND,2015-01-28,3.7400,3.7700,3.7200,3.7700,349800
HUMEIND,2015-01-29,3.7100,3.7300,3.6800,3.7100,127500
HUMEIND,2015-01-30,3.6800,3.6900,3.6600,3.6600,79300
HUMEIND,2015-02-04,3.6800,3.7000,3.6800,3.6900,156200
HUMEIND,2015-02-05,3.6100,3.6700,3.6000,3.6100,248700
HUMEIND,2015-02-06,3.6000,3.6400,3.6000,3.6100,141700
HUMEIND,2015-02-09,3.6300,3.6300,3.6100,3.6200,66300
HUMEIND,2015-02-10,3.6500,3.6500,3.5500,3.5600,160400
HUMEIND,2015-02-11,3.5900,3.6000,3.5700,3.5900,96600
HUMEIND,2015-02-12,3.5900,3.6700,3.5600,3.6500,431300
HUMEIND,2015-02-13,3.6300,3.6600,3.6300,3.6300,46800
HUMEIND,2015-02-16,3.6300,3.6600,3.6300,3.6500,104200
HUMEIND,2015-02-17,3.6400,3.6500,3.6200,3.6400,57200
HUMEIND,2015-02-18,3.6100,3.6700,3.6000,3.6000,156200
HUMEIND,2015-02-23,3.6500,3.6500,3.6100,3.6500,251300
HUMEIND,2015-02-24,3.6700,3.7000,3.6700,3.7000,185100
HUMEIND,2015-02-25,3.7000,3.7300,3.6800,3.7200,169300
HUMEIND,2015-02-26,3.7300,3.8800,3.7200,3.8700,730600
HUMEIND,2015-02-27,3.8700,3.8700,3.7700,3.7800,66400
HUMEIND,2015-03-02,3.7500,3.7500,3.7400,3.7500,393000
HUMEIND,2015-03-03,3.7000,3.7300,3.6600,3.6600,178400
HUMEIND,2015-03-04,3.6300,3.6900,3.6200,3.6400,132600
HUMEIND,2015-03-05,3.6200,3.6200,3.6000,3.6000,60200
HUMEIND,2015-03-06,3.6000,3.6300,3.5900,3.6000,246600
HUMEIND,2015-03-09,3.6000,3.6100,3.6000,3.6100,99300
HUMEIND,2015-03-10,3.6200,3.6200,3.5900,3.6200,144300
HUMEIND,2015-03-11,3.6000,3.6600,3.5900,3.6300,71200
HUMEIND,2015-03-12,3.6000,3.6500,3.6000,3.6400,145100
HUMEIND,2015-03-13,3.6300,3.6700,3.6300,3.6500,124300
HUMEIND,2015-03-16,3.6500,3.6500,3.6000,3.6200,494600
HUMEIND,2015-03-17,3.6000,3.6000,3.5300,3.5500,104000
HUMEIND,2015-03-18,3.5500,3.5500,3.5000,3.5300,127900
HUMEIND,2015-03-19,3.5400,3.5800,3.5300,3.5700,164200
HUMEIND,2015-03-20,3.5400,3.5400,3.5000,3.5000,127200
HUMEIND,2015-03-23,3.5100,3.5200,3.5000,3.5200,70800
HUMEIND,2015-03-24,3.5100,3.5400,3.5100,3.5300,158000
HUMEIND,2015-03-25,3.5300,3.5800,3.5200,3.5700,654900
HUMEIND,2015-03-26,3.5900,3.5900,3.5500,3.5700,81500
HUMEIND,2015-03-27,3.5200,3.5500,3.5200,3.5500,224300
HUMEIND,2015-03-30,3.5000,3.5400,3.5000,3.5300,31400
HUMEIND,2015-03-31,3.5200,3.5600,3.5200,3.5500,287000
HUMEIND,2015-04-01,3.5300,3.5300,3.5200,3.5300,46000
HUMEIND,2015-04-02,3.5200,3.5300,3.5000,3.5300,44200
HUMEIND,2015-04-03,3.5100,3.5900,3.5100,3.5800,232400
HUMEIND,2015-04-06,3.6000,3.6000,3.6000,3.6000,122000
HUMEIND,2015-04-07,3.5500,3.5500,3.5300,3.5400,31400
HUMEIND,2015-04-08,3.5500,3.5500,3.5300,3.5400,49800
HUMEIND,2015-04-09,3.5300,3.5500,3.5000,3.5000,368500
HUMEIND,2015-04-10,3.5000,3.5100,3.5000,3.5000,174500
HUMEIND,2015-04-13,3.4800,3.5000,3.4600,3.5000,98200
HUMEIND,2015-04-14,3.5000,3.5100,3.5000,3.5100,154000
HUMEIND,2015-04-15,3.5100,3.5400,3.5000,3.5300,110900
HUMEIND,2015-04-16,3.5200,3.6100,3.5200,3.6000,329000
HUMEIND,2015-04-17,3.6200,3.7200,3.6200,3.7000,560300
HUMEIND,2015-04-20,3.7000,3.7100,3.7000,3.7000,89600
HUMEIND,2015-04-21,3.6800,3.7200,3.6800,3.7000,83600
HUMEIND,2015-04-22,3.7000,3.7500,3.7000,3.7100,130000
HUMEIND,2015-04-23,3.7100,3.7100,3.6900,3.7100,160600
HUMEIND,2015-04-24,3.7000,3.7000,3.7000,3.7000,107300
HUMEIND,2015-04-27,3.6900,3.7000,3.6800,3.6800,104600
HUMEIND,2015-04-28,3.7000,3.7100,3.5500,3.5500,131200
HUMEIND,2015-04-29,3.7200,3.7200,3.6100,3.6100,93300
HUMEIND,2015-04-30,3.6200,3.6300,3.6100,3.6300,109000
HUMEIND,2015-05-05,3.6300,3.6400,3.6300,3.6400,266300
HUMEIND,2015-05-06,3.6400,3.6400,3.6200,3.6200,111400
HUMEIND,2015-05-07,3.6100,3.6300,3.6100,3.6200,6200
HUMEIND,2015-05-08,3.6500,3.6500,3.6200,3.6200,10500
HUMEIND,2015-05-11,3.6000,3.6000,3.5800,3.6000,48300
HUMEIND,2015-05-12,3.6000,3.6200,3.5800,3.6200,245400
HUMEIND,2015-05-13,3.6200,3.7600,3.6100,3.7300,739300
HUMEIND,2015-05-14,3.7600,3.7600,3.6800,3.7500,809500
HUMEIND,2015-05-15,3.7500,3.7500,3.6600,3.7000,211700
HUMEIND,2015-05-18,3.7600,3.8000,3.7000,3.7600,257500
HUMEIND,2015-05-19,3.8000,3.8500,3.7500,3.8500,202100
HUMEIND,2015-05-20,3.8500,3.8800,3.8000,3.8000,102400
HUMEIND,2015-05-21,3.8600,3.8800,3.7900,3.8400,148600
HUMEIND,2015-05-22,3.8400,3.8400,3.8000,3.8100,45000
HUMEIND,2015-05-25,3.8800,3.8800,3.7000,3.7500,18400
HUMEIND,2015-05-26,3.8400,3.8400,3.7000,3.7500,45400
HUMEIND,2015-05-27,3.8000,3.8000,3.6800,3.7300,53700
HUMEIND,2015-05-28,3.7700,3.7700,3.7000,3.7200,30300
HUMEIND,2015-05-29,3.7100,3.9000,3.6200,3.6200,1023800
HUMEIND,2015-06-01,3.6500,3.7200,3.6400,3.7000,164100
HUMEIND,2015-06-02,3.7200,3.7500,3.7000,3.7500,89700
HUMEIND,2015-06-03,3.6600,3.7400,3.6500,3.7400,445100
HUMEIND,2015-06-04,3.6400,3.7400,3.6400,3.7300,164600
HUMEIND,2015-06-05,3.7300,3.7600,3.7300,3.7600,117200
HUMEIND,2015-06-08,3.7000,3.8000,3.6800,3.8000,189200
HUMEIND,2015-06-09,3.7200,3.7200,3.7200,3.7200,5000
HUMEIND,2015-06-12,3.7300,3.7300,3.7200,3.7300,121200
HUMEIND,2015-06-15,3.6900,3.6900,3.6800,3.6800,26300
HUMEIND,2015-06-16,3.6000,3.7200,3.6000,3.7200,47300
HUMEIND,2015-06-17,3.6300,3.6600,3.6300,3.6500,62600
HUMEIND,2015-06-19,3.6400,3.9200,3.6400,3.9200,111300
HUMEIND,2015-06-22,3.7800,3.8000,3.7000,3.7800,73900
HUMEIND,2015-06-23,3.7800,3.8000,3.7800,3.7900,159100
HUMEIND,2015-06-25,3.7800,3.8200,3.7700,3.8200,160100
HUMEIND,2015-06-26,3.8200,3.8200,3.7800,3.8000,138200
HUMEIND,2015-07-01,3.7900,3.8600,3.7900,3.8600,95600
HUMEIND,2015-07-02,3.8600,3.8600,3.8400,3.8500,384700
HUMEIND,2015-07-08,3.7500,3.7800,3.7400,3.7500,124900
HUMEIND,2015-07-16,3.7100,3.7100,3.7100,3.7100,14000
HUMEIND,2015-07-29,3.7100,3.7800,3.7100,3.7500,114500
HUMEIND,2015-08-04,3.8500,3.8500,3.7800,3.7900,118300
HUMEIND,2015-08-05,3.7900,3.8300,3.7500,3.8100,249400
HUMEIND,2015-08-07,3.7200,3.7700,3.7200,3.7700,55000
HUMEIND,2015-08-14,3.6000,3.6000,3.5600,3.5900,224200
HUMEIND,2015-08-25,3.3000,3.3000,3.2400,3.2800,1010600
HUMEIND,2015-08-26,3.2300,3.2600,3.2200,3.2400,303600
HUMEIND,2015-08-27,3.2100,3.3000,3.2000,3.2300,607500
HUMEIND,2015-08-28,3.2500,3.3100,3.2300,3.2400,905300
HUMEIND,2015-09-01,3.2400,3.2400,3.1500,3.1500,516200
HUMEIND,2015-09-02,3.0700,3.1500,3.0700,3.1200,242200
HUMEIND,2015-09-03,3.1200,3.2100,3.1200,3.2100,205000
HUMEIND,2015-09-04,3.2200,3.2500,3.2200,3.2300,503600
HUMEIND,2015-09-07,3.2300,3.2500,3.2300,3.2400,1936200
HUMEIND,2015-09-08,3.2200,3.2400,3.2200,3.2400,288100
HUMEIND,2015-09-09,3.2300,3.2500,3.2300,3.2400,546500
HUMEIND,2015-09-10,3.2400,3.2400,3.2300,3.2400,1440600
HUMEIND,2015-09-11,3.2300,3.2400,3.2300,3.2300,121500
HUMEIND,2015-09-14,3.2300,3.2300,3.2300,3.2300,99000
HUMEIND,2015-09-15,3.2300,3.2300,3.1900,3.2200,147000
HUMEIND,2015-09-17,3.2200,3.2700,3.2200,3.2600,2479800
HUMEIND,2015-09-18,3.2700,3.4400,3.2600,3.3400,1440400
HUMEIND,2015-09-21,3.3500,3.3500,3.3000,3.3000,67800
HUMEIND,2015-09-23,3.3100,3.3200,3.3000,3.3100,30300
HUMEIND,2015-09-28,3.2500,3.2500,3.2500,3.2500,11400
HUMEIND,2015-09-29,3.2200,3.2200,3.2000,3.2100,36800
HUMEIND,2015-09-30,3.1600,3.3500,3.1600,3.3500,88300
HUMEIND,2015-10-01,3.3300,3.3500,3.3300,3.3400,138700
HUMEIND,2015-10-02,3.3400,3.3500,3.3400,3.3500,17200
HUMEIND,2015-10-05,3.4500,3.4500,3.4200,3.4200,3800
HUMEIND,2015-10-06,3.4300,3.4300,3.4100,3.4200,109000
HUMEIND,2015-10-07,3.4000,3.4200,3.4000,3.4200,25500
HUMEIND,2015-10-08,3.4100,3.4200,3.4100,3.4100,6000
HUMEIND,2015-10-09,3.4000,3.4000,3.3800,3.3800,84900
HUMEIND,2015-10-12,3.3500,3.3600,3.3500,3.3600,25300
HUMEIND,2015-10-16,3.4000,3.4300,3.4000,3.4000,25400
HUMEIND,2015-10-21,3.5300,3.5300,3.4500,3.4600,15200
HUMEIND,2015-10-22,3.5100,3.5100,3.4900,3.5000,136300
HUMEIND,2015-10-23,3.4800,3.5200,3.4800,3.5200,11400
HUMEIND,2015-10-28,3.4200,3.4300,3.4000,3.4200,92900
HUMEIND,2015-10-29,3.4200,3.5000,3.4000,3.4900,121300
HUMEIND,2015-10-30,3.4800,3.4800,3.4800,3.4800,13500
HUMEIND,2015-11-02,3.4000,3.5000,3.4000,3.5000,3200
HUMEIND,2015-11-03,3.4600,3.4600,3.4000,3.4000,103400
HUMEIND,2015-11-06,3.3900,3.4000,3.3900,3.4000,83000
HUMEIND,2015-11-09,3.3800,3.3900,3.3600,3.3900,94000
HUMEIND,2015-11-11,3.3600,3.3900,3.3600,3.3700,63900
HUMEIND,2015-11-12,3.3600,3.3700,3.3600,3.3700,81400
HUMEIND,2015-11-13,3.3600,3.3900,3.3600,3.3700,51900
HUMEIND,2015-11-16,3.3400,3.3900,3.3400,3.3900,452400
HUMEIND,2015-11-17,3.3900,3.3900,3.3000,3.3700,70700
HUMEIND,2015-11-18,3.3800,3.3800,3.2500,3.3100,151700
HUMEIND,2015-11-19,3.3200,3.3200,3.2800,3.2800,92900
HUMEIND,2015-11-20,3.2600,3.2800,3.2500,3.2800,72600
HUMEIND,2015-11-23,3.2800,3.2900,3.2800,3.2800,254500
HUMEIND,2015-11-24,3.2800,3.2800,3.2800,3.2800,122700
HUMEIND,2015-11-25,3.2800,3.2900,3.2800,3.2800,88600
HUMEIND,2015-11-26,3.3100,3.3300,3.3100,3.3300,259300
HUMEIND,2015-11-27,3.3500,3.3500,3.3400,3.3500,31200
HUMEIND,2015-11-30,3.3500,3.3500,3.3000,3.3100,794600
HUMEIND,2015-12-01,3.3100,3.3300,3.2900,3.3200,110600
HUMEIND,2015-12-02,3.3200,3.3200,3.2800,3.3200,36700
HUMEIND,2015-12-03,3.3200,3.3200,3.3100,3.3100,320400
HUMEIND,2015-12-04,3.3000,3.3100,3.3000,3.3100,5900
HUMEIND,2015-12-07,3.3100,3.3100,3.3000,3.3100,55000
HUMEIND,2015-12-08,3.3100,3.3100,3.2900,3.3100,92100
HUMEIND,2015-12-09,3.3100,3.3100,3.3000,3.3100,59400
HUMEIND,2015-12-10,3.3100,3.3100,3.3000,3.3100,79500
HUMEIND,2015-12-11,3.3000,3.3000,3.2900,3.3000,159000
HUMEIND,2015-12-14,3.3000,3.3000,3.2800,3.3000,58800
HUMEIND,2015-12-15,3.2300,3.2300,3.1800,3.1800,48700
HUMEIND,2015-12-16,3.3000,3.3000,3.1500,3.2000,1145200
HUMEIND,2015-12-17,3.2000,3.2000,3.1900,3.1900,383200
HUMEIND,2015-12-18,3.2000,3.2000,3.1600,3.1600,272900
HUMEIND,2015-12-21,3.1500,3.1600,3.1500,3.1600,49700
HUMEIND,2015-12-22,3.1600,3.1600,3.1500,3.1500,615500
HUMEIND,2015-12-23,3.1500,3.1500,3.1300,3.1300,73400
HUMEIND,2015-12-28,3.1700,3.2000,3.1500,3.1800,25600
HUMEIND,2015-12-29,3.2000,3.2000,3.2000,3.2000,298000
HUMEIND,2015-12-30,3.2000,3.2000,3.1800,3.2000,163800
HUMEIND,2015-12-31,3.2000,3.2000,3.1900,3.2000,42000
HUMEIND,2016-01-04,3.1900,3.2000,3.1800,3.2000,58600
HUMEIND,2016-01-05,3.2000,3.2000,3.1900,3.2000,47000
HUMEIND,2016-01-06,3.1800,3.2000,3.1800,3.2000,142400
HUMEIND,2016-01-07,3.2000,3.2000,3.1800,3.1800,100200
HUMEIND,2016-01-08,3.1800,3.1800,3.1000,3.1100,404800
HUMEIND,2016-01-11,3.1100,3.1100,3.0700,3.0900,289300
HUMEIND,2016-01-12,3.0700,3.0900,3.0700,3.0900,465000
HUMEIND,2016-01-13,3.0900,3.0900,3.0700,3.0900,137800
HUMEIND,2016-01-14,3.0800,3.0900,3.0700,3.0900,136300
HUMEIND,2016-01-15,3.0900,3.0900,3.0800,3.0800,481600
HUMEIND,2016-01-18,3.0600,3.0600,3.0600,3.0600,5000
HUMEIND,2016-01-19,3.0600,3.0800,3.0600,3.0700,18400
HUMEIND,2016-01-20,3.0700,3.0700,3.0300,3.0500,49700
HUMEIND,2016-01-21,3.0000,3.0000,2.9200,2.9200,44700
HUMEIND,2016-01-22,2.9800,2.9800,2.9100,2.9200,258300
HUMEIND,2016-01-26,2.9200,2.9200,2.8800,2.8800,15100
HUMEIND,2016-01-28,2.9000,2.9800,2.9000,2.9500,80300
HUMEIND,2016-01-29,2.9200,2.9200,2.9200,2.9200,18000
HUMEIND,2016-02-03,2.9400,3.1000,2.9400,3.1000,102500
HUMEIND,2016-02-04,3.1000,3.1000,3.0800,3.0800,1800
HUMEIND,2016-02-05,3.0200,3.0200,3.0000,3.0000,3700
HUMEIND,2016-02-10,2.9900,3.0000,2.9700,2.9700,7900
HUMEIND,2016-02-11,2.9700,3.0000,2.9700,3.0000,8500
HUMEIND,2016-02-12,2.9700,3.0500,2.9700,3.0400,9600
HUMEIND,2016-02-15,3.0500,3.0500,3.0500,3.0500,500
HUMEIND,2016-02-16,3.0400,3.0500,3.0400,3.0500,3000
HUMEIND,2016-02-17,3.0500,3.0600,3.0000,3.0600,7900
HUMEIND,2016-02-18,3.0800,3.0800,3.0500,3.0500,18700
HUMEIND,2016-02-19,3.0500,3.0800,3.0500,3.0800,15800
HUMEIND,2016-02-22,3.0800,3.0800,3.0200,3.0200,46500
HUMEIND,2016-02-23,3.0200,3.0300,3.0200,3.0300,13600
HUMEIND,2016-02-24,3.0300,3.0300,3.0000,3.0000,52800
HUMEIND,2016-02-25,3.0100,3.0100,2.9800,3.0000,16300
HUMEIND,2016-02-26,3.0000,3.0000,2.9900,3.0000,26900
HUMEIND,2016-02-29,3.0000,3.1000,2.9700,3.1000,72100
HUMEIND,2016-03-01,3.0000,3.0000,3.0000,3.0000,1000
HUMEIND,2016-03-02,3.0000,3.0000,2.9900,3.0000,156400
HUMEIND,2016-03-03,3.0000,3.0000,2.9800,2.9800,24100
HUMEIND,2016-03-04,2.9900,2.9900,2.9800,2.9800,2100
HUMEIND,2016-03-07,2.9900,3.0000,2.9800,2.9900,24200
HUMEIND,2016-03-08,2.9900,3.0000,2.9600,2.9800,22500
HUMEIND,2016-03-09,2.9800,2.9900,2.9700,2.9700,35200
HUMEIND,2016-03-10,2.9800,2.9900,2.9700,2.9700,67000
HUMEIND,2016-03-11,2.9800,2.9800,2.9700,2.9800,60700
HUMEIND,2016-03-14,2.9700,2.9800,2.9700,2.9800,19000
HUMEIND,2016-03-15,2.9800,2.9800,2.9200,2.9200,33200
HUMEIND,2016-03-16,2.9200,2.9200,2.9200,2.9200,4000
HUMEIND,2016-03-18,2.9600,3.0400,2.9600,3.0400,17000
HUMEIND,2016-03-21,3.0600,3.2600,3.0300,3.2600,488000
HUMEIND,2016-03-22,3.2600,3.4200,3.2200,3.3600,430100
HUMEIND,2016-03-23,3.3800,3.3800,3.2100,3.2200,102500
HUMEIND,2016-03-25,3.2200,3.2200,3.1800,3.2100,54800
HUMEIND,2016-03-28,3.2100,3.2200,3.1900,3.1900,53500
HUMEIND,2016-03-29,3.1900,3.2400,3.1900,3.1900,10300
HUMEIND,2016-03-30,3.1900,3.1900,3.1900,3.1900,6000
HUMEIND,2016-03-31,3.2000,3.2500,3.2000,3.2500,13500
HUMEIND,2016-04-01,3.2100,3.2400,3.2100,3.2100,4200
HUMEIND,2016-04-04,3.2500,3.2500,3.2400,3.2500,14300
HUMEIND,2016-04-05,3.2500,3.3000,3.2500,3.3000,20400
HUMEIND,2016-04-06,3.3000,3.3000,3.2800,3.2800,33800
HUMEIND,2016-04-07,3.2900,3.2900,3.2000,3.2000,1505800
HUMEIND,2016-04-11,3.2200,3.2200,3.2000,3.2000,81200
HUMEIND,2016-04-12,3.2000,3.2000,3.1900,3.2000,75800
HUMEIND,2016-04-13,3.2000,3.2000,3.1900,3.1900,57000
HUMEIND,2016-04-14,3.1900,3.1900,3.1700,3.1700,623400
HUMEIND,2016-04-15,3.1700,3.2500,3.1700,3.2300,14000
HUMEIND,2016-04-18,3.2200,3.2200,3.2200,3.2200,6000
HUMEIND,2016-04-19,3.2500,3.2600,3.2000,3.2000,38600
HUMEIND,2016-04-20,3.2000,3.2000,3.2000,3.2000,42800
HUMEIND,2016-04-21,3.2100,3.2100,3.1800,3.1800,177900
HUMEIND,2016-04-22,3.1700,3.1800,3.1500,3.1500,84400
HUMEIND,2016-04-25,3.1500,3.1500,3.1300,3.1300,63500
HUMEIND,2016-04-26,3.1300,3.1300,3.1000,3.1000,79500
HUMEIND,2016-04-27,3.1000,3.1000,3.0900,3.1000,60200
HUMEIND,2016-04-28,3.0800,3.0900,3.0800,3.0900,59100
HUMEIND,2016-04-29,3.0800,3.1000,3.0800,3.1000,30100
HUMEIND,2016-05-03,3.0800,3.1000,3.0800,3.0800,50300
HUMEIND,2016-05-04,3.0900,3.1000,3.0800,3.1000,188500
HUMEIND,2016-05-05,3.0900,3.0900,3.0800,3.0900,84300
HUMEIND,2016-05-06,3.0800,3.1500,3.0800,3.0900,30200
HUMEIND,2016-05-09,3.0900,3.1500,3.0900,3.1500,19000
HUMEIND,2016-05-10,3.1000,3.1000,3.0800,3.0800,13700
HUMEIND,2016-05-11,3.0900,3.1000,3.0900,3.1000,12000
HUMEIND,2016-05-12,3.1300,3.1300,3.1000,3.1300,17700
HUMEIND,2016-05-13,3.1300,3.1300,3.0900,3.0900,19100
HUMEIND,2016-05-16,3.1000,3.1100,3.1000,3.1100,12000
HUMEIND,2016-05-17,3.1000,3.1200,3.0900,3.0900,432400
HUMEIND,2016-05-18,3.1000,3.1100,3.0900,3.1100,29500
HUMEIND,2016-05-19,3.1100,3.1100,3.1000,3.1000,87700
HUMEIND,2016-05-20,3.1100,3.1100,3.0800,3.0800,512200
HUMEIND,2016-05-23,3.1000,3.1400,3.1000,3.1100,546000
HUMEIND,2016-05-24,3.1000,3.1000,3.1000,3.1000,19000
HUMEIND,2016-05-25,3.1100,3.1100,3.0900,3.0900,127900
HUMEIND,2016-05-26,3.1000,3.1000,3.1000,3.1000,493900
HUMEIND,2016-05-27,3.1000,3.1000,3.0900,3.1000,478700
HUMEIND,2016-05-30,3.1400,3.1500,3.0900,3.0900,132100
HUMEIND,2016-05-31,3.1000,3.2200,3.1000,3.2200,28900
HUMEIND,2016-06-01,3.2200,3.2200,3.2200,3.2200,2000
HUMEIND,2016-06-02,3.1800,3.1800,3.1200,3.1200,22000
HUMEIND,2016-06-03,3.1200,3.1200,3.0800,3.0900,605300
HUMEIND,2016-06-06,3.1000,3.1000,3.0900,3.0900,159800
HUMEIND,2016-06-07,3.2000,3.2000,3.0900,3.0900,99100
HUMEIND,2016-06-10,3.1000,3.1000,3.1000,3.1000,32000
HUMEIND,2016-06-13,3.1100,3.1700,3.1100,3.1700,4000
HUMEIND,2016-06-14,3.1500,3.1500,3.1200,3.1200,4000
HUMEIND,2016-06-15,3.1100,3.1100,3.1100,3.1100,1000
HUMEIND,2016-06-16,3.1000,3.1000,3.1000,3.1000,3000
HUMEIND,2016-06-17,3.1000,3.1500,3.1000,3.1000,10800
HUMEIND,2016-06-20,3.1000,3.1000,3.1000,3.1000,4000
HUMEIND,2016-06-21,3.1000,3.1000,3.1000,3.1000,10700
HUMEIND,2016-06-23,3.1000,3.1000,3.1000,3.1000,547200
HUMEIND,2016-06-24,3.0900,3.0900,3.0900,3.0900,21500
HUMEIND,2016-06-27,3.1000,3.1000,3.1000,3.1000,57000
HUMEIND,2016-06-30,3.1000,3.1100,3.1000,3.1000,77800
HUMEIND,2016-07-04,3.1000,3.1700,3.1000,3.1700,21700
HUMEIND,2016-07-05,3.1500,3.1800,3.1500,3.1800,27300
HUMEIND,2016-07-12,3.1100,3.1100,3.1100,3.1100,2000
HUMEIND,2016-07-13,3.1000,3.2000,3.1000,3.2000,64000
HUMEIND,2016-07-14,3.1200,3.1200,3.1100,3.1200,2000
HUMEIND,2016-07-15,3.1200,3.1200,3.1200,3.1200,5000
HUMEIND,2016-07-18,3.1200,3.1200,3.1000,3.1200,28100
HUMEIND,2016-07-19,3.1200,3.1200,3.1200,3.1200,15000
HUMEIND,2016-07-20,3.1200,3.1200,3.1100,3.1200,25400
HUMEIND,2016-07-21,3.1700,3.1700,3.1200,3.1200,16900
HUMEIND,2016-07-22,3.1800,3.1800,3.1800,3.1800,100
HUMEIND,2016-07-25,3.1200,3.1800,3.1100,3.1800,3000
HUMEIND,2016-07-26,3.1800,3.1900,3.1600,3.1900,24800
HUMEIND,2016-07-27,3.1800,3.2000,3.1800,3.2000,6000
HUMEIND,2016-07-28,3.1800,3.1800,3.1800,3.1800,60300
HUMEIND,2016-07-29,3.1800,3.1800,3.1700,3.1700,49400
HUMEIND,2016-08-01,3.1400,3.2000,3.1400,3.1700,20900
HUMEIND,2016-08-03,3.1800,3.1800,3.1800,3.1800,1000
HUMEIND,2016-08-04,3.1500,3.1800,3.1500,3.1800,11600
HUMEIND,2016-08-05,3.1500,3.2000,3.1500,3.2000,49000
HUMEIND,2016-08-08,3.2000,3.2200,3.2000,3.2200,28400
HUMEIND,2016-08-09,3.2000,3.2100,3.2000,3.2100,22400
HUMEIND,2016-08-10,3.2100,3.3000,3.2100,3.3000,311800
HUMEIND,2016-08-11,3.3000,3.4100,3.3000,3.3600,621800
HUMEIND,2016-08-12,3.3800,3.4000,3.3600,3.3600,333500
HUMEIND,2016-08-15,3.3600,3.4000,3.3600,3.3800,58400
HUMEIND,2016-08-16,3.3700,3.3800,3.3700,3.3800,194000
HUMEIND,2016-08-17,3.3700,3.3700,3.3500,3.3600,235500
HUMEIND,2016-08-18,3.3000,3.3200,3.2500,3.2700,502500
HUMEIND,2016-08-19,3.2700,3.3100,3.2700,3.3000,119600
HUMEIND,2016-08-22,3.3000,3.3100,3.3000,3.3000,311600
HUMEIND,2016-08-23,3.3000,3.3000,3.2900,3.3000,699400
HUMEIND,2016-08-24,3.3000,3.3000,3.2600,3.2600,233000
HUMEIND,2016-08-25,3.2500,3.3000,3.2500,3.3000,61400
HUMEIND,2016-08-26,3.2800,3.2900,3.2700,3.2700,1368200
HUMEIND,2016-08-29,3.2700,3.2700,3.2700,3.2700,30000
HUMEIND,2016-08-30,3.3000,3.3000,3.2700,3.2700,81100
HUMEIND,2016-09-01,3.2500,3.2500,3.2500,3.2500,1000
HUMEIND,2016-09-02,3.2500,3.2500,3.2300,3.2500,137800
HUMEIND,2016-09-05,3.2500,3.2500,3.2300,3.2500,140000
HUMEIND,2016-09-06,3.2300,3.2400,3.2200,3.2300,1255000
HUMEIND,2016-09-07,3.2400,3.2400,3.2200,3.2200,9100
HUMEIND,2016-09-08,3.2100,3.2600,3.2100,3.2500,27400
HUMEIND,2016-09-09,3.2000,3.2200,3.2000,3.2000,61000
HUMEIND,2016-09-13,3.2000,3.2000,3.1600,3.1600,72800
HUMEIND,2016-09-14,3.1400,3.1400,3.1400,3.1400,100
HUMEIND,2016-09-15,3.1400,3.1400,3.1300,3.1400,78500
HUMEIND,2016-09-19,3.1300,3.1300,3.1200,3.1200,81200
HUMEIND,2016-09-20,3.1100,3.1800,3.1100,3.1100,5800
HUMEIND,2016-09-21,3.1800,3.1800,3.1800,3.1800,79000
HUMEIND,2016-09-22,3.1500,3.1500,3.1300,3.1500,7400
HUMEIND,2016-09-23,3.1400,3.1800,3.0700,3.1000,1670300
HUMEIND,2016-09-26,3.1000,3.1000,3.0800,3.0900,84000
HUMEIND,2016-09-27,3.1000,3.1000,3.0900,3.1000,127600
HUMEIND,2016-09-28,3.1800,3.1800,3.1000,3.1800,19100
HUMEIND,2016-09-29,3.2000,3.2000,3.2000,3.2000,42000
HUMEIND,2016-09-30,3.2000,3.2000,3.1800,3.1800,63000
HUMEIND,2016-10-04,3.1800,3.2300,3.1800,3.2000,118100
HUMEIND,2016-10-05,3.1600,3.1600,3.1200,3.1400,125300
HUMEIND,2016-10-06,3.1200,3.1500,3.1200,3.1300,206200
HUMEIND,2016-10-07,3.1500,3.1500,3.1200,3.1200,88200
HUMEIND,2016-10-10,3.1200,3.1200,3.1100,3.1100,24000
HUMEIND,2016-10-11,3.1200,3.1200,3.1100,3.1100,16800
HUMEIND,2016-10-12,3.1000,3.1100,3.1000,3.1100,9500
HUMEIND,2016-10-13,3.1100,3.1100,3.1000,3.1000,523800
HUMEIND,2016-10-14,3.1000,3.1000,3.1000,3.1000,338000
HUMEIND,2016-10-17,3.1000,3.1000,3.0900,3.1000,435900
HUMEIND,2016-10-18,3.1000,3.1000,3.1000,3.1000,181100
HUMEIND,2016-10-19,3.0900,3.1000,3.0900,3.0900,163800
HUMEIND,2016-10-20,3.1000,3.1000,3.0900,3.0900,289800
HUMEIND,2016-10-21,3.1100,3.1100,3.0900,3.0900,196300
HUMEIND,2016-10-24,3.1000,3.1000,3.0900,3.1000,771000
HUMEIND,2016-10-25,3.1000,3.1100,3.0900,3.1000,229900
HUMEIND,2016-10-26,3.1000,3.1300,3.0900,3.1000,127000
HUMEIND,2016-10-27,3.1000,3.1900,3.1000,3.1900,67200
HUMEIND,2016-10-28,3.2000,3.2100,3.1900,3.2000,353000
HUMEIND,2016-10-31,3.2000,3.2000,3.1900,3.1900,147500
HUMEIND,2016-11-02,3.1800,3.1800,3.1400,3.1400,13000
HUMEIND,2016-11-03,3.1100,3.1100,3.0900,3.1000,54000
HUMEIND,2016-11-04,3.1000,3.1400,3.1000,3.1400,3700
HUMEIND,2016-11-07,3.1000,3.1200,3.1000,3.1200,8300
HUMEIND,2016-11-08,3.1200,3.1200,3.0900,3.0900,264400
HUMEIND,2016-11-09,3.1000,3.1000,3.0200,3.0200,60700
HUMEIND,2016-11-10,3.0500,3.1000,3.0500,3.1000,13500
HUMEIND,2016-11-11,3.0600,3.0700,3.0600,3.0700,600
HUMEIND,2016-11-14,3.0600,3.0600,3.0500,3.0600,65800
HUMEIND,2016-11-15,3.0600,3.1800,3.0600,3.1800,25900
HUMEIND,2016-11-16,3.1700,3.1800,3.1200,3.1300,70200
HUMEIND,2016-11-17,3.0800,3.1000,3.0000,3.0000,131700
HUMEIND,2016-11-18,3.0100,3.0300,2.9800,2.9900,308100
HUMEIND,2016-11-21,3.0000,3.0000,2.8800,2.9300,157900
HUMEIND,2016-11-22,2.9400,2.9400,2.9200,2.9200,48600
HUMEIND,2016-11-23,2.9000,2.9000,2.8400,2.8900,150600
HUMEIND,2016-11-24,2.8200,2.8500,2.8000,2.8400,384700
HUMEIND,2016-11-25,2.8500,2.8500,2.7500,2.8000,359800
HUMEIND,2016-11-28,2.7500,2.8900,2.7500,2.8500,17200
HUMEIND,2016-11-29,2.8600,2.9700,2.8500,2.9700,14300
HUMEIND,2016-11-30,2.9000,3.0400,2.9000,2.9700,648200
HUMEIND,2016-12-05,2.9100,2.9200,2.9100,2.9200,32000
HUMEIND,2016-12-06,2.9100,2.9100,2.9100,2.9100,10700
HUMEIND,2016-12-09,2.9000,3.1000,2.9000,3.1000,39500
HUMEIND,2016-12-13,2.9000,2.9000,2.9000,2.9000,42000
HUMEIND,2016-12-14,2.9100,2.9100,2.9000,2.9100,16400
HUMEIND,2016-12-15,2.9100,2.9100,2.9100,2.9100,9800
HUMEIND,2016-12-16,2.9100,2.9100,2.8500,2.8500,33700
HUMEIND,2016-12-19,2.8600,2.8600,2.8200,2.8500,15100
HUMEIND,2016-12-20,2.8500,2.8500,2.8200,2.8300,63900
HUMEIND,2016-12-21,2.8300,2.8300,2.8100,2.8100,45800
HUMEIND,2016-12-22,2.8100,2.8100,2.7500,2.7500,116300
HUMEIND,2016-12-23,2.7500,2.7500,2.7200,2.7400,60600
HUMEIND,2016-12-27,2.7300,2.7300,2.7100,2.7300,38900
HUMEIND,2016-12-28,2.7300,2.7300,2.6500,2.6500,157900
HUMEIND,2016-12-29,2.6800,2.6800,2.6600,2.6700,6200
HUMEIND,2016-12-30,2.6700,2.7000,2.6700,2.7000,129000
HUMEIND,2017-01-03,2.6800,2.7000,2.6700,2.6800,41500
HUMEIND,2017-01-04,2.6800,2.6800,2.6800,2.6800,23500
HUMEIND,2017-01-05,2.6500,2.6800,2.6500,2.6700,123800
HUMEIND,2017-01-06,2.6700,2.6800,2.6700,2.6800,68200
HUMEIND,2017-01-09,2.6800,2.6800,2.5900,2.6700,84500
HUMEIND,2017-01-10,2.6700,2.6700,2.6600,2.6700,66500
HUMEIND,2017-01-11,2.6600,2.6700,2.6600,2.6700,140200
HUMEIND,2017-01-12,2.6700,2.6700,2.6500,2.6700,88100
HUMEIND,2017-01-13,2.6700,2.6700,2.6600,2.6700,74200
HUMEIND,2017-01-16,2.6800,2.6800,2.6500,2.6700,68600
HUMEIND,2017-01-17,2.6700,2.6700,2.6100,2.6500,49200
HUMEIND,2017-01-18,2.6600,2.7500,2.6500,2.6500,45900
HUMEIND,2017-01-19,2.7000,2.7000,2.7000,2.7000,88500
HUMEIND,2017-01-20,2.7000,2.7000,2.6900,2.6900,41200
HUMEIND,2017-01-23,2.6800,2.6800,2.6500,2.6600,70100
HUMEIND,2017-01-24,2.6600,2.6600,2.6500,2.6500,47900
HUMEIND,2017-01-25,2.6500,2.6500,2.6000,2.6100,135200
HUMEIND,2017-01-26,2.6400,2.6400,2.6400,2.6400,2200
HUMEIND,2017-01-31,2.6400,2.6400,2.6200,2.6200,20000
HUMEIND,2017-02-02,2.6300,2.6300,2.6100,2.6100,127500
HUMEIND,2017-02-03,2.6200,2.6200,2.5900,2.5900,187200
HUMEIND,2017-02-06,2.6000,2.6000,2.6000,2.6000,727900
HUMEIND,2017-02-07,2.6100,2.7400,2.6000,2.6900,56500
HUMEIND,2017-02-08,2.6900,2.8300,2.6800,2.7800,1084800
HUMEIND,2017-02-10,2.7800,2.7900,2.7700,2.7900,309800
HUMEIND,2017-02-13,2.7600,2.8800,2.7600,2.8600,712400
HUMEIND,2017-02-14,2.8600,2.8900,2.8500,2.8600,96400
HUMEIND,2017-02-15,2.8200,2.8200,2.7900,2.7900,45500
HUMEIND,2017-02-16,2.8400,2.8400,2.7500,2.7500,70900
HUMEIND,2017-02-17,2.7200,2.7300,2.6900,2.7000,73500
HUMEIND,2017-02-20,2.7000,2.7000,2.6800,2.6800,12200
HUMEIND,2017-02-21,2.6700,2.7400,2.6700,2.7200,39000
HUMEIND,2017-02-22,2.7600,2.7600,2.7600,2.7600,24900
HUMEIND,2017-02-23,2.7600,2.7600,2.7200,2.7200,15700
HUMEIND,2017-02-24,2.7200,2.8200,2.7200,2.8200,66400
HUMEIND,2017-02-27,2.8200,2.8300,2.7800,2.8300,89500
HUMEIND,2017-02-28,2.7500,2.7800,2.7000,2.7600,122000
HUMEIND,2017-03-01,2.7600,2.7600,2.7300,2.7500,151800
HUMEIND,2017-03-02,2.7600,2.7600,2.7500,2.7500,7000
HUMEIND,2017-03-03,2.7500,2.7900,2.7500,2.7600,62300
HUMEIND,2017-03-06,2.7800,2.8200,2.7800,2.8200,18500
HUMEIND,2017-03-07,2.8200,2.8200,2.7400,2.7500,156500
HUMEIND,2017-03-08,2.7500,2.7600,2.7500,2.7600,10100
HUMEIND,2017-03-09,2.7600,2.7700,2.7600,2.7600,57500
HUMEIND,2017-03-10,2.7600,2.7700,2.7500,2.7500,22100
HUMEIND,2017-03-13,2.7600,2.7600,2.7600,2.7600,1000
HUMEIND,2017-03-14,2.8000,2.8000,2.7500,2.7800,44200
HUMEIND,2017-03-15,2.7800,2.7900,2.7500,2.7500,187200
HUMEIND,2017-03-16,2.7500,2.7600,2.7500,2.7500,54200
HUMEIND,2017-03-17,2.7500,2.7600,2.7300,2.7300,22000
HUMEIND,2017-03-20,2.7100,2.7200,2.7100,2.7200,14400
HUMEIND,2017-03-21,2.7300,2.7500,2.7100,2.7100,42600
HUMEIND,2017-03-22,2.7200,2.7200,2.7000,2.7000,6600
HUMEIND,2017-03-23,2.7300,2.7300,2.7100,2.7200,230500
HUMEIND,2017-03-24,2.7300,2.7300,2.7000,2.7100,22200
HUMEIND,2017-03-27,2.7100,2.7500,2.7100,2.7300,12800
HUMEIND,2017-03-28,2.7300,2.7500,2.7100,2.7100,24300
HUMEIND,2017-03-29,2.7200,2.7300,2.7100,2.7300,32800
HUMEIND,2017-03-30,2.7300,2.7800,2.7300,2.7800,56900
HUMEIND,2017-03-31,2.75,2.75,2.75,2.75,300000.0
HUMEIND,2017-04-03,2.74,2.74,2.73,2.73,8500.0
HUMEIND,2017-04-04,2.74,2.74,2.71,2.73,10600.0
HUMEIND,2017-04-05,2.72,2.74,2.72,2.74,50500.0
HUMEIND,2017-04-06,2.74,2.74,2.73,2.73,10100.0
HUMEIND,2017-04-07,2.73,2.79,2.73,2.79,67000.0
HUMEIND,2017-04-10,2.75,2.75,2.73,2.73,15200.0
HUMEIND,2017-04-11,2.73,2.74,2.73,2.74,35300.0
HUMEIND,2017-04-12,2.74,2.75,2.74,2.74,49800.0
HUMEIND,2017-04-13,2.73,2.74,2.66,2.73,24600.0
HUMEIND,2017-04-14,2.69,2.69,2.65,2.65,192100.0
HUMEIND,2017-04-17,2.66,2.66,2.62,2.63,32100.0
HUMEIND,2017-04-18,2.64,2.64,2.63,2.63,32200.000000000004
HUMEIND,2017-04-19,2.63,2.64,2.63,2.63,85200.0
HUMEIND,2017-04-21,2.65,2.7,2.65,2.69,351300.0
HUMEIND,2017-04-25,2.68,2.68,2.64,2.68,35600.0
HUMEIND,2017-04-26,2.66,2.69,2.64,2.69,106900.0
HUMEIND,2017-04-27,2.69,2.75,2.69,2.73,160700.0
HUMEIND,2017-04-28,2.67,2.71,2.66,2.71,160300.0
HUMEIND,2017-05-02,2.71,2.77,2.7,2.72,120300.0
HUMEIND,2017-05-03,2.73,2.75,2.73,2.75,368400.0
HUMEIND,2017-05-04,2.71,2.71,2.7,2.7,25300.0
HUMEIND,2017-05-05,2.68,2.72,2.68,2.71,23600.0
HUMEIND,2017-05-08,2.71,2.71,2.68,2.68,5600.0
HUMEIND,2017-05-09,2.68,2.68,2.65,2.68,65099.99999999999
HUMEIND,2017-05-11,2.68,2.68,2.65,2.68,49900.0
HUMEIND,2017-05-12,2.67,2.71,2.65,2.71,28000.0
HUMEIND,2017-05-15,2.65,2.7,2.65,2.65,53100.0
HUMEIND,2017-05-16,2.66,2.69,2.65,2.67,28700.0
HUMEIND,2017-05-17,2.66,2.7,2.66,2.66,34400.0
HUMEIND,2017-05-18,2.66,2.68,2.66,2.66,11900.0
HUMEIND,2017-05-19,2.66,2.71,2.66,2.71,16200.0
HUMEIND,2017-05-22,2.69,2.7,2.66,2.66,53300.0
HUMEIND,2017-05-23,2.66,2.66,2.64,2.64,108900.0
HUMEIND,2017-05-24,2.64,2.64,2.62,2.62,73600.0
HUMEIND,2017-05-25,2.62,2.62,2.6,2.61,69600.0
HUMEIND,2017-05-26,2.61,2.61,2.6,2.61,48300.0
HUMEIND,2017-05-29,2.61,2.61,2.59,2.61,33900.0
HUMEIND,2017-05-30,2.6,2.6,2.59,2.59,86900.0
HUMEIND,2017-05-31,2.58,2.58,2.56,2.56,1500.0
HUMEIND,2017-06-01,2.56,2.56,2.55,2.55,31500.0
HUMEIND,2017-06-02,2.58,2.6,2.57,2.6,37700.0
HUMEIND,2017-06-05,2.55,2.62,2.55,2.59,46700.0
HUMEIND,2017-06-06,2.61,2.61,2.6,2.6,10100.0
HUMEIND,2017-06-07,2.6,2.6,2.55,2.57,40400.0
HUMEIND,2017-06-08,2.56,2.57,2.56,2.57,32400.0
HUMEIND,2017-06-09,2.55,2.56,2.53,2.55,32800.0
HUMEIND,2017-06-13,2.51,2.53,2.45,2.46,151900.0
HUMEIND,2017-06-14,2.5,2.5,2.46,2.47,221100.0
HUMEIND,2017-06-15,2.48,2.48,2.45,2.45,6900.0
HUMEIND,2017-06-16,2.46,2.46,2.45,2.45,64200.0
HUMEIND,2017-06-19,2.44,2.44,2.35,2.37,70800.0
HUMEIND,2017-06-20,2.37,2.37,2.33,2.34,36900.0
HUMEIND,2017-06-21,2.31,2.31,2.16,2.17,419000.0
HUMEIND,2017-06-22,2.17,2.23,2.13,2.19,204500.0
HUMEIND,2017-06-23,2.2,2.34,2.2,2.21,107000.0
HUMEIND,2017-06-28,2.3,2.3,2.21,2.23,113300.0
HUMEIND,2017-06-29,2.23,2.25,2.22,2.23,131600.0
HUMEIND,2017-06-30,2.23,2.28,2.23,2.28,31500.0
HUMEIND,2017-07-03,2.26,2.28,2.26,2.26,17000.0
HUMEIND,2017-07-04,2.29,2.29,2.27,2.28,33700.0
HUMEIND,2017-07-05,2.27,2.27,2.24,2.24,59500.0
HUMEIND,2017-07-06,2.25,2.25,2.24,2.24,8200.0
HUMEIND,2017-07-07,2.23,2.29,2.21,2.29,53200.0
HUMEIND,2017-07-10,2.29,2.29,2.21,2.21,61400.0
HUMEIND,2017-07-11,2.2,2.23,2.2,2.21,34000.0
HUMEIND,2017-07-12,2.21,2.21,2.2,2.21,19200.0
HUMEIND,2017-07-13,2.21,2.21,2.2,2.2,67000.0
HUMEIND,2017-07-14,2.23,2.23,2.2,2.23,54200.0
HUMEIND,2017-07-17,2.25,2.25,2.22,2.22,63500.0
HUMEIND,2017-07-18,2.23,2.23,2.2,2.22,24600.0
HUMEIND,2017-07-19,2.21,2.26,2.21,2.25,25700.0
HUMEIND,2017-07-20,2.25,2.27,2.24,2.25,62000.0
HUMEIND,2017-07-21,2.23,2.23,2.21,2.21,46000.0
HUMEIND,2017-07-24,2.22,2.22,2.2,2.2,21100.0
HUMEIND,2017-07-25,2.23,2.23,2.21,2.21,9100.0
HUMEIND,2017-07-26,2.23,2.24,2.22,2.24,13200.0
HUMEIND,2017-07-27,2.24,2.29,2.24,2.27,118200.0
HUMEIND,2017-07-28,2.28,2.3,2.26,2.28,133000.0
HUMEIND,2017-07-31,2.28,2.28,2.26,2.26,18700.0
HUMEIND,2017-08-01,2.26,2.29,2.26,2.26,36800.0
HUMEIND,2017-08-02,2.25,2.26,2.25,2.25,19800.0
HUMEIND,2017-08-03,2.24,2.25,2.24,2.25,5600.0
HUMEIND,2017-08-04,2.21,2.22,2.21,2.21,38600.0
HUMEIND,2017-08-07,2.22,2.23,2.22,2.22,26800.0
HUMEIND,2017-08-08,2.22,2.22,2.2,2.22,81200.0
HUMEIND,2017-08-09,2.22,2.27,2.22,2.24,74000.0
HUMEIND,2017-08-10,2.23,2.23,2.23,2.23,5600.0
HUMEIND,2017-08-11,2.22,2.23,2.22,2.23,17100.0
HUMEIND,2017-08-14,2.23,2.23,2.22,2.23,35400.0
HUMEIND,2017-08-15,2.23,2.24,2.22,2.24,42100.0
HUMEIND,2017-08-16,2.24,2.24,2.22,2.22,49300.0
HUMEIND,2017-08-17,2.23,2.23,2.22,2.23,112100.0
HUMEIND,2017-08-18,2.22,2.23,2.22,2.22,3700.0
HUMEIND,2017-08-21,2.23,2.23,2.22,2.23,93400.0
HUMEIND,2017-08-22,2.24,2.25,2.24,2.25,203100.0
HUMEIND,2017-08-23,2.25,2.25,2.24,2.25,229400.0
HUMEIND,2017-08-24,2.25,2.28,2.25,2.25,30100.0
HUMEIND,2017-08-25,2.23,2.24,2.23,2.24,34000.0
HUMEIND,2017-08-28,2.24,2.25,2.23,2.23,248900.0
HUMEIND,2017-08-29,2.24,2.24,2.22,2.22,154300.0
HUMEIND,2017-08-30,2.2,2.2,2.2,2.2,2100.0
HUMEIND,2017-09-05,2.22,2.22,2.2,2.2,19000.0
HUMEIND,2017-09-06,2.21,2.21,2.2,2.2,97700.0
HUMEIND,2017-09-07,2.21,2.24,2.21,2.21,22200.0
HUMEIND,2017-09-08,2.21,2.39,2.21,2.39,138500.0
HUMEIND,2017-09-11,2.39,2.58,2.39,2.55,861100.0
HUMEIND,2017-09-12,2.56,2.56,2.53,2.56,333900.0
HUMEIND,2017-09-13,2.55,2.55,2.51,2.55,26600.0
HUMEIND,2017-09-14,2.5,2.53,2.5,2.51,143800.0
HUMEIND,2017-09-15,2.48,2.53,2.48,2.52,374000.0
HUMEIND,2017-09-18,2.52,2.53,2.51,2.51,95100.0
HUMEIND,2017-09-19,2.51,2.71,2.5,2.7,728700.0
HUMEIND,2017-09-20,2.7,2.72,2.65,2.67,179100.0
HUMEIND,2017-09-21,2.66,2.7,2.64,2.67,417400.0
HUMEIND,2017-09-25,2.58,2.67,2.58,2.67,40600.0
HUMEIND,2017-09-26,2.65,2.67,2.64,2.67,115600.0
HUMEIND,2017-09-27,2.68,2.68,2.63,2.64,168700.0
HUMEIND,2017-09-28,2.62,2.63,2.6,2.62,77500.0
HUMEIND,2017-09-29,2.6,2.6,2.59,2.6,36400.0
HUMEIND,2017-10-02,2.6,2.6,2.54,2.55,39100.0
HUMEIND,2017-10-03,2.55,2.55,2.51,2.52,65000.0
HUMEIND,2017-10-04,2.52,2.52,2.52,2.52,41400.0
HUMEIND,2017-10-05,2.52,2.52,2.5,2.5,19800.0
HUMEIND,2017-10-06,2.5,2.52,2.5,2.52,24800.0
HUMEIND,2017-10-09,2.5,2.5,2.5,2.5,41400.0
HUMEIND,2017-10-10,2.5,2.51,2.5,2.5,16100.000000000002
HUMEIND,2017-10-11,2.5,2.5,2.49,2.49,5200.0
HUMEIND,2017-10-12,2.49,2.52,2.48,2.52,241400.0
HUMEIND,2017-10-13,2.51,2.51,2.5,2.51,71200.0
HUMEIND,2017-10-16,2.5,2.51,2.5,2.51,131700.0
HUMEIND,2017-10-17,2.51,2.53,2.51,2.53,17200.0
HUMEIND,2017-10-19,2.53,2.53,2.51,2.53,180900.0
HUMEIND,2017-10-20,2.52,2.52,2.52,2.52,6100.0
HUMEIND,2017-10-23,2.52,2.52,2.52,2.52,23200.0
HUMEIND,2017-10-24,2.51,2.52,2.51,2.52,8500.0
HUMEIND,2017-10-25,2.51,2.52,2.5,2.51,36200.0
HUMEIND,2017-10-26,2.5,2.51,2.5,2.51,38100.0
HUMEIND,2017-10-30,2.49,2.51,2.49,2.5,168200.0
HUMEIND,2017-10-31,2.5,2.5,2.5,2.5,10100.0
HUMEIND,2017-11-01,2.5,2.5,2.5,2.5,45200.0
HUMEIND,2017-11-02,2.5,2.51,2.49,2.49,137200.0
HUMEIND,2017-11-03,2.48,2.48,2.48,2.48,500.0
HUMEIND,2017-11-06,2.49,2.49,2.46,2.46,8200.0
HUMEIND,2017-11-07,2.35,2.41,2.35,2.41,17300.0
HUMEIND,2017-11-08,2.45,2.46,2.38,2.38,49100.0
HUMEIND,2017-11-09,2.3,2.44,2.3,2.44,66900.0
HUMEIND,2017-11-13,2.34,2.42,2.34,2.42,107000.0
HUMEIND,2017-11-14,2.35,2.42,2.35,2.35,167300.0
HUMEIND,2017-11-15,2.35,2.35,2.3,2.33,88500.0
HUMEIND,2017-11-16,2.33,2.33,2.33,2.33,2500.0
HUMEIND,2017-11-17,2.33,2.33,2.32,2.33,310400.0
HUMEIND,2017-11-20,2.32,2.32,2.32,2.32,1100.0
HUMEIND,2017-11-22,2.32,2.33,2.23,2.23,133300.0
HUMEIND,2017-11-24,2.23,2.25,2.23,2.23,2700.0
HUMEIND,2017-11-27,2.23,2.25,2.23,2.23,412800.0
HUMEIND,2017-11-28,2.25,2.25,2.22,2.22,49100.0
HUMEIND,2017-11-29,2.23,2.23,2.18,2.18,160100.0
HUMEIND,2017-11-30,2.19,2.2,2.17,2.17,165200.0
HUMEIND,2017-12-04,2.19,2.19,2.16,2.16,97100.0
HUMEIND,2017-12-05,2.16,2.21,2.16,2.16,280900.0
HUMEIND,2017-12-07,2.16,2.16,2.15,2.15,8000.0
HUMEIND,2017-12-08,2.13,2.13,2.13,2.13,122100.0
HUMEIND,2017-12-11,2.16,2.16,2.13,2.13,77000.0
HUMEIND,2017-12-13,2.11,2.2,2.11,2.18,10500.0
HUMEIND,2017-12-14,2.18,2.2,2.16,2.16,2009999.9999999998
HUMEIND,2017-12-19,2.17,2.17,2.16,2.16,16800.0
HUMEIND,2017-12-20,2.17,2.17,2.17,2.17,57500.0
HUMEIND,2017-12-21,2.17,2.17,2.17,2.17,7000.0
HUMEIND,2017-12-22,2.16,2.16,2.15,2.16,6000.0
HUMEIND,2017-12-26,2.17,2.17,2.16,2.16,13500.0
HUMEIND,2017-12-27,2.17,2.17,2.17,2.17,1000.0
HUMEIND,2017-12-28,2.16,2.16,2.15,2.15,20500.0
HUMEIND,2017-12-29,2.12,2.17,2.1,2.16,110800.0
HUMEIND,2018-01-02,2.16,2.16,2.11,2.15,33900.0
HUMEIND,2018-01-03,2.13,2.13,2.1,2.11,157800.0
HUMEIND,2018-01-04,2.18,2.18,2.12,2.12,16300.0
HUMEIND,2018-01-05,2.12,2.16,2.11,2.11,144000.0
HUMEIND,2018-01-08,2.18,2.18,2.12,2.17,19700.0
HUMEIND,2018-01-09,2.16,2.16,2.13,2.13,8000.0
HUMEIND,2018-01-10,2.13,2.15,2.11,2.11,56700.0
HUMEIND,2018-01-11,2.12,2.12,2.11,2.11,20000.0
HUMEIND,2018-01-12,2.12,2.13,2.1,2.13,9000.0
HUMEIND,2018-01-15,2.1,2.1,2.1,2.1,2000.0
HUMEIND,2018-01-16,2.1,2.1,2.08,2.1,25000.0
HUMEIND,2018-01-17,2.15,2.15,2.1,2.1,6000.0
HUMEIND,2018-01-18,2.11,2.11,2.0,2.0,75000.0
HUMEIND,2018-01-19,2.05,2.05,2.0,2.0,48800.0
HUMEIND,2018-01-22,2.02,2.02,2.02,2.02,3500.0
HUMEIND,2018-01-23,2.02,2.02,1.98,2.0,156100.0
HUMEIND,2018-01-24,2.0,2.02,2.0,2.0,76300.0
HUMEIND,2018-01-25,2.0,2.0,2.0,2.0,3500.0
HUMEIND,2018-01-26,2.05,2.05,2.05,2.05,6000.0
HUMEIND,2018-01-29,2.01,2.05,2.0,2.0,17300.0
HUMEIND,2018-02-02,2.0,2.0,2.0,2.0,1000.0
HUMEIND,2018-02-05,1.96,2.0,1.96,2.0,5000.0
HUMEIND,2018-02-06,1.96,1.96,1.95,1.95,32000.0
HUMEIND,2018-02-07,1.88,1.97,1.88,1.93,21500.0
HUMEIND,2018-02-08,1.93,1.95,1.93,1.95,12000.0
HUMEIND,2018-02-09,1.95,2.0,1.95,1.96,62000.0
HUMEIND,2018-02-19,1.99,2.01,1.99,1.99,4500.0
HUMEIND,2018-02-20,2.01,2.01,2.01,2.01,2000.0
HUMEIND,2018-02-21,1.94,1.99,1.94,1.99,5700.0
HUMEIND,2018-02-23,1.99,1.99,1.98,1.98,19100.0
HUMEIND,2018-02-26,1.99,1.99,1.98,1.98,32000.0
HUMEIND,2018-02-27,1.98,1.98,1.98,1.98,1000.0
HUMEIND,2018-03-01,1.94,1.98,1.93,1.98,65400.00000000001
HUMEIND,2018-03-08,1.9,1.98,1.9,1.98,40000.0
HUMEIND,2018-03-09,1.95,1.95,1.95,1.95,5000.0
HUMEIND,2018-03-12,1.95,1.96,1.95,1.96,7600.0
HUMEIND,2018-03-13,1.93,1.95,1.9,1.95,20200.0
HUMEIND,2018-03-14,1.9,1.9,1.9,1.9,6000.0
HUMEIND,2018-03-16,1.94,1.95,1.94,1.94,115000.0
HUMEIND,2018-03-20,1.92,1.92,1.92,1.92,10500.0
HUMEIND,2018-03-21,1.92,1.93,1.9,1.9,45600.0
HUMEIND,2018-03-22,1.9,1.9,1.9,1.9,19400.0
HUMEIND,2018-03-23,1.9,1.9,1.9,1.9,8000.0
HUMEIND,2018-03-26,1.89,1.89,1.89,1.89,80000.0
HUMEIND,2018-03-27,1.86,1.86,1.8,1.82,94000.0
HUMEIND,2018-03-28,1.77,1.77,1.77,1.77,2000.0
