IJACOBS,2011-05-18,1.0500,1.1000,0.4150,0.4300,50399100
IJACOBS,2011-05-19,0.4350,0.4400,0.3550,0.3600,19935200
IJACOBS,2011-05-20,0.3650,0.4100,0.3550,0.3850,9510100
IJACOBS,2011-05-23,0.3850,0.3850,0.3600,0.3600,3172100
IJACOBS,2011-05-24,0.3600,0.3600,0.3400,0.3550,5310800
IJACOBS,2011-05-25,0.3550,0.3750,0.3500,0.3550,5884600
IJACOBS,2011-05-26,0.3600,0.3850,0.3600,0.3700,6675200
IJACOBS,2011-05-27,0.3700,0.3800,0.3550,0.3600,3028800
IJACOBS,2011-05-30,0.3600,0.3600,0.3450,0.3450,2875700
IJACOBS,2011-05-31,0.3400,0.3450,0.3300,0.3350,2905900
IJACOBS,2011-06-01,0.3350,0.3350,0.3100,0.3100,3115300
IJACOBS,2011-06-02,0.3000,0.3200,0.2950,0.2950,3092300
IJACOBS,2011-06-03,0.3000,0.3000,0.2850,0.2900,2078100
IJACOBS,2011-06-06,0.2900,0.2950,0.2750,0.2750,1813100
IJACOBS,2011-06-07,0.2750,0.2900,0.2700,0.2850,3249300
IJACOBS,2011-06-08,0.2850,0.2850,0.2700,0.2700,927100
IJACOBS,2011-06-09,0.2700,0.2750,0.2650,0.2700,1317500
IJACOBS,2011-06-10,0.2700,0.2700,0.2550,0.2550,1325800
IJACOBS,2011-06-13,0.2550,0.2550,0.2350,0.2450,1812500
IJACOBS,2011-06-14,0.2500,0.2750,0.2400,0.2700,3357500
IJACOBS,2011-06-15,0.2750,0.2750,0.2600,0.2650,1402600
IJACOBS,2011-06-16,0.2500,0.2550,0.2500,0.2500,649000
IJACOBS,2011-06-17,0.2500,0.2550,0.2450,0.2500,709300
IJACOBS,2011-06-20,0.2500,0.2600,0.2450,0.2500,1820100
IJACOBS,2011-06-21,0.2550,0.2600,0.2450,0.2550,1203600
IJACOBS,2011-06-22,0.2500,0.2500,0.2450,0.2500,531000
IJACOBS,2011-06-23,0.2450,0.2900,0.2450,0.2800,4808400
IJACOBS,2011-06-24,0.2650,0.2700,0.2650,0.2700,319300
IJACOBS,2011-06-27,0.2650,0.2700,0.2600,0.2600,404600
IJACOBS,2011-06-28,0.2600,0.2600,0.2500,0.2600,368300
IJACOBS,2011-06-29,0.2550,0.2650,0.2550,0.2650,1189200
IJACOBS,2011-06-30,0.2650,0.2700,0.2500,0.2700,1386800
IJACOBS,2011-07-01,0.2700,0.2950,0.2650,0.2650,6619000
IJACOBS,2011-07-04,0.2650,0.2650,0.2600,0.2650,347100
IJACOBS,2011-07-05,0.2600,0.2650,0.2550,0.2550,450100
IJACOBS,2011-07-06,0.2550,0.2550,0.2500,0.2500,508700
IJACOBS,2011-07-07,0.2550,0.2600,0.2500,0.2500,1266300
IJACOBS,2011-07-08,0.2550,0.2550,0.2500,0.2500,388500
IJACOBS,2011-07-11,0.2500,0.2500,0.2500,0.2500,137000
IJACOBS,2011-07-12,0.2450,0.2500,0.2450,0.2450,249400
IJACOBS,2011-07-13,0.2450,0.2500,0.2450,0.2500,192800
IJACOBS,2011-07-14,0.2500,0.2500,0.2400,0.2450,90000
IJACOBS,2011-07-15,0.2450,0.2450,0.2400,0.2400,164000
IJACOBS,2011-07-18,0.2400,0.2450,0.2350,0.2350,437000
IJACOBS,2011-07-19,0.2350,0.2400,0.2350,0.2400,205500
IJACOBS,2011-07-20,0.2400,0.2400,0.2350,0.2350,148500
IJACOBS,2011-07-21,0.2350,0.2400,0.2350,0.2350,160200
IJACOBS,2011-07-22,0.2350,0.2500,0.2350,0.2450,842000
IJACOBS,2011-07-25,0.2400,0.2400,0.2350,0.2350,102200
IJACOBS,2011-07-26,0.2400,0.2400,0.2350,0.2400,216600
IJACOBS,2011-07-27,0.2350,0.2400,0.2350,0.2350,443000
IJACOBS,2011-07-28,0.2350,0.2400,0.2350,0.2350,150500
IJACOBS,2011-07-29,0.2350,0.2350,0.2300,0.2300,348600
IJACOBS,2011-08-01,0.2300,0.2350,0.2250,0.2300,209900
IJACOBS,2011-08-02,0.2250,0.2250,0.2150,0.2200,528000
IJACOBS,2011-08-03,0.2250,0.2550,0.2250,0.2400,2272200
IJACOBS,2011-08-04,0.2450,0.2650,0.2450,0.2550,997800
IJACOBS,2011-08-05,0.2500,0.2500,0.2300,0.2350,448900
IJACOBS,2011-08-08,0.2250,0.2250,0.1950,0.2100,1058800
IJACOBS,2011-08-09,0.1950,0.2100,0.1850,0.1850,569000
IJACOBS,2011-08-10,0.2050,0.2050,0.1850,0.2000,542600
IJACOBS,2011-08-11,0.1800,0.1950,0.1800,0.1950,482600
IJACOBS,2011-08-12,0.2000,0.2000,0.1900,0.1950,227100
IJACOBS,2011-08-15,0.1950,0.2000,0.1950,0.1950,272000
IJACOBS,2011-08-16,0.2000,0.2050,0.1950,0.1950,172000
IJACOBS,2011-08-17,0.2000,0.2050,0.2000,0.2000,444100
IJACOBS,2011-08-18,0.2000,0.2000,0.1950,0.1950,171900
IJACOBS,2011-08-19,0.1950,0.1950,0.1950,0.1950,40000
IJACOBS,2011-08-22,0.1850,0.1850,0.1800,0.1850,100000
IJACOBS,2011-08-23,0.1850,0.1850,0.1800,0.1850,178000
IJACOBS,2011-08-24,0.1850,0.1850,0.1750,0.1750,191000
IJACOBS,2011-08-25,0.1700,0.1700,0.1550,0.1600,140600
IJACOBS,2011-08-26,0.1600,0.1650,0.1600,0.1650,195100
IJACOBS,2011-08-29,0.1600,0.1600,0.1550,0.1550,193000
IJACOBS,2011-09-02,0.1550,0.1600,0.1550,0.1550,280000
IJACOBS,2011-09-05,0.1500,0.1500,0.1400,0.1400,215600
IJACOBS,2011-09-06,0.1450,0.1450,0.1400,0.1450,208800
IJACOBS,2011-09-07,0.1450,0.1550,0.1400,0.1550,148300
IJACOBS,2011-09-08,0.1550,0.1550,0.1550,0.1550,99500
IJACOBS,2011-09-09,0.1500,0.1550,0.1500,0.1550,150000
IJACOBS,2011-09-12,0.1550,0.1700,0.1550,0.1700,82000
IJACOBS,2011-09-13,0.1500,0.1600,0.1500,0.1550,81000
IJACOBS,2011-09-14,0.1500,0.1500,0.1400,0.1400,75500
IJACOBS,2011-09-15,0.1450,0.1500,0.1450,0.1500,4600
IJACOBS,2011-09-20,0.1400,0.1400,0.1350,0.1350,50000
IJACOBS,2011-09-21,0.1350,0.1350,0.1350,0.1350,14000
IJACOBS,2011-09-22,0.1300,0.1350,0.1300,0.1300,39000
IJACOBS,2011-09-23,0.1350,0.1350,0.1250,0.1350,210100
IJACOBS,2011-09-26,0.1250,0.1300,0.1250,0.1300,205200
IJACOBS,2011-09-27,0.1300,0.1300,0.1300,0.1300,45600
IJACOBS,2011-09-28,0.1300,0.1300,0.1250,0.1300,71900
IJACOBS,2011-09-29,0.1450,0.1450,0.1450,0.1450,500
IJACOBS,2011-09-30,0.1450,0.1450,0.1450,0.1450,25000
IJACOBS,2011-10-04,0.1300,0.1550,0.1300,0.1550,25900
IJACOBS,2011-10-06,0.1300,0.1400,0.1300,0.1400,232200
IJACOBS,2011-10-07,0.1400,0.1450,0.1400,0.1400,141600
IJACOBS,2011-10-10,0.1300,0.1300,0.1300,0.1300,2000
IJACOBS,2011-10-11,0.1400,0.1450,0.1400,0.1450,63000
IJACOBS,2011-10-12,0.1500,0.1500,0.1400,0.1400,321500
IJACOBS,2011-10-13,0.1450,0.1600,0.1450,0.1600,411800
IJACOBS,2011-10-17,0.1450,0.1550,0.1450,0.1550,453600
IJACOBS,2011-10-18,0.1600,0.1600,0.1600,0.1600,20000
IJACOBS,2011-10-19,0.1600,0.1750,0.1600,0.1700,725200
IJACOBS,2011-10-20,0.1700,0.2000,0.1700,0.1900,2067200
IJACOBS,2011-10-21,0.1800,0.1850,0.1750,0.1750,114100
IJACOBS,2011-10-24,0.1850,0.1850,0.1750,0.1750,413700
IJACOBS,2011-10-25,0.1700,0.1700,0.1600,0.1650,204000
IJACOBS,2011-10-27,0.1700,0.1750,0.1650,0.1750,492900
IJACOBS,2011-10-28,0.1850,0.1850,0.1700,0.1700,349800
IJACOBS,2011-10-31,0.1700,0.1800,0.1700,0.1800,114100
IJACOBS,2011-11-01,0.1700,0.1750,0.1700,0.1700,20900
IJACOBS,2011-11-02,0.1650,0.1700,0.1650,0.1700,265100
IJACOBS,2011-11-03,0.1700,0.1750,0.1700,0.1700,159500
IJACOBS,2011-11-04,0.1700,0.2150,0.1700,0.1900,1217500
IJACOBS,2011-11-08,0.1950,0.2050,0.1950,0.1950,247800
IJACOBS,2011-11-09,0.1950,0.2000,0.1900,0.1950,182000
IJACOBS,2011-11-10,0.1700,0.2000,0.1700,0.1850,200100
IJACOBS,2011-11-11,0.1950,0.1950,0.1900,0.1900,243800
IJACOBS,2011-11-14,0.1850,0.2050,0.1850,0.2050,229400
IJACOBS,2011-11-15,0.2000,0.2000,0.1900,0.1950,122000
IJACOBS,2011-11-16,0.2000,0.2000,0.1950,0.1950,10000
IJACOBS,2011-11-17,0.1900,0.2050,0.1900,0.2000,352800
IJACOBS,2011-11-18,0.1850,0.2050,0.1800,0.1900,61000
IJACOBS,2011-11-21,0.1750,0.1850,0.1750,0.1850,21000
IJACOBS,2011-11-22,0.1950,0.1950,0.1950,0.1950,100
IJACOBS,2011-11-23,0.1750,0.1900,0.1600,0.1800,80100
IJACOBS,2011-11-24,0.1800,0.1950,0.1750,0.1950,39800
IJACOBS,2011-11-30,0.1750,0.1900,0.1700,0.1900,51500
IJACOBS,2011-12-02,0.1700,0.1900,0.1700,0.1900,10200
IJACOBS,2011-12-05,0.1750,0.1950,0.1750,0.1950,50800
IJACOBS,2011-12-06,0.1800,0.1800,0.1800,0.1800,39700
IJACOBS,2011-12-07,0.1950,0.2100,0.1950,0.2000,735400
IJACOBS,2011-12-08,0.1900,0.1950,0.1900,0.1950,19100
IJACOBS,2011-12-12,0.1750,0.2000,0.1750,0.2000,5100
IJACOBS,2011-12-13,0.1800,0.1800,0.1700,0.1700,150900
IJACOBS,2011-12-14,0.1950,0.1950,0.1950,0.1950,100
IJACOBS,2011-12-19,0.1700,0.1850,0.1700,0.1850,100700
IJACOBS,2011-12-22,0.1950,0.1950,0.1950,0.1950,2000
IJACOBS,2011-12-23,0.1750,0.1900,0.1750,0.1900,74600
IJACOBS,2011-12-27,0.1700,0.1700,0.1700,0.1700,9000
IJACOBS,2011-12-28,0.1700,0.1800,0.1700,0.1800,50100
IJACOBS,2011-12-29,0.1700,0.1700,0.1700,0.1700,4000
IJACOBS,2011-12-30,0.1700,0.1700,0.1700,0.1700,10000
IJACOBS,2012-01-03,0.1700,0.1700,0.1700,0.1700,105000
IJACOBS,2012-01-04,0.1700,0.1800,0.1700,0.1800,159000
IJACOBS,2012-01-05,0.1700,0.1800,0.1700,0.1700,143100
IJACOBS,2012-01-06,0.1750,0.1750,0.1750,0.1750,95000
IJACOBS,2012-01-09,0.1750,0.1750,0.1750,0.1750,1000
IJACOBS,2012-01-10,0.1750,0.1750,0.1750,0.1750,140300
IJACOBS,2012-01-11,0.1750,0.1950,0.1750,0.1950,28200
IJACOBS,2012-01-12,0.1800,0.1850,0.1800,0.1850,55100
IJACOBS,2012-01-13,0.1800,0.1800,0.1750,0.1750,42900
IJACOBS,2012-01-16,0.1750,0.1850,0.1750,0.1850,90000
IJACOBS,2012-01-18,0.1750,0.1850,0.1700,0.1850,35100
IJACOBS,2012-01-19,0.1750,0.1850,0.1750,0.1850,55000
IJACOBS,2012-01-20,0.1850,0.1950,0.1850,0.1900,213100
IJACOBS,2012-01-26,0.1900,0.1900,0.1900,0.1900,2000
IJACOBS,2012-01-30,0.1700,0.2000,0.1700,0.2000,190100
IJACOBS,2012-01-31,0.1800,0.1850,0.1800,0.1850,21100
IJACOBS,2012-02-02,0.1850,0.1850,0.1800,0.1800,60000
IJACOBS,2012-02-08,0.1800,0.2050,0.1800,0.2050,90100
IJACOBS,2012-02-09,0.1850,0.1900,0.1850,0.1900,102000
IJACOBS,2012-02-10,0.2000,0.2000,0.1900,0.2000,89900
IJACOBS,2012-02-13,0.1850,0.2000,0.1850,0.2000,62500
IJACOBS,2012-02-14,0.1800,0.1850,0.1750,0.1850,336500
IJACOBS,2012-02-15,0.1800,0.1800,0.1800,0.1800,32500
IJACOBS,2012-02-16,0.1750,0.1750,0.1750,0.1750,70000
IJACOBS,2012-02-17,0.1750,0.1850,0.1750,0.1850,89200
IJACOBS,2012-02-20,0.1800,0.1800,0.1750,0.1800,43000
IJACOBS,2012-02-21,0.1800,0.1800,0.1800,0.1800,29800
IJACOBS,2012-02-22,0.1750,0.1850,0.1750,0.1800,120000
IJACOBS,2012-02-23,0.1800,0.1800,0.1800,0.1800,60000
IJACOBS,2012-02-24,0.1700,0.1800,0.1700,0.1800,71000
IJACOBS,2012-02-28,0.1750,0.1750,0.1750,0.1750,129400
IJACOBS,2012-02-29,0.1750,0.1750,0.1700,0.1700,93000
IJACOBS,2012-03-01,0.1700,0.1700,0.1700,0.1700,42000
IJACOBS,2012-03-02,0.1700,0.1750,0.1700,0.1750,37100
IJACOBS,2012-03-05,0.1700,0.1700,0.1700,0.1700,10000
IJACOBS,2012-03-06,0.1700,0.1700,0.1600,0.1600,160000
IJACOBS,2012-03-07,0.1600,0.1600,0.1600,0.1600,13000
IJACOBS,2012-03-08,0.1550,0.1550,0.1550,0.1550,30000
IJACOBS,2012-03-09,0.1550,0.1800,0.1550,0.1700,1321600
IJACOBS,2012-03-12,0.1700,0.1700,0.1600,0.1700,144100
IJACOBS,2012-03-14,0.1550,0.1750,0.1550,0.1700,6100
IJACOBS,2012-03-15,0.1600,0.1850,0.1600,0.1850,207100
IJACOBS,2012-03-16,0.1600,0.1700,0.1600,0.1600,159900
IJACOBS,2012-03-19,0.1600,0.1650,0.1600,0.1650,40000
IJACOBS,2012-03-20,0.1600,0.1800,0.1600,0.1800,140100
IJACOBS,2012-03-21,0.1650,0.1700,0.1650,0.1700,105000
IJACOBS,2012-03-22,0.1650,0.1850,0.1650,0.1850,163600
IJACOBS,2012-03-23,0.1700,0.1700,0.1650,0.1650,105000
IJACOBS,2012-03-26,0.1600,0.1600,0.1600,0.1600,2000
IJACOBS,2012-03-27,0.1700,0.1700,0.1700,0.1700,272300
IJACOBS,2012-03-28,0.1650,0.1650,0.1600,0.1600,73000
IJACOBS,2012-03-29,0.1750,0.1800,0.1700,0.1800,517000
IJACOBS,2012-03-30,0.1750,0.2000,0.1750,0.2000,1052900
IJACOBS,2012-04-02,0.2200,0.2350,0.1950,0.2050,5641900
IJACOBS,2012-04-03,0.2050,0.2050,0.1800,0.1850,180000
IJACOBS,2012-04-04,0.1750,0.1800,0.1700,0.1750,381300
IJACOBS,2012-04-05,0.1650,0.1750,0.1650,0.1700,596000
IJACOBS,2012-04-06,0.1850,0.2000,0.1750,0.1850,2247200
IJACOBS,2012-04-09,0.1750,0.1750,0.1750,0.1750,61000
IJACOBS,2012-04-10,0.1750,0.1750,0.1750,0.1750,35000
IJACOBS,2012-04-12,0.1750,0.1750,0.1700,0.1700,180000
IJACOBS,2012-04-13,0.1700,0.1800,0.1650,0.1650,696100
IJACOBS,2012-04-16,0.1700,0.1700,0.1650,0.1700,167400
IJACOBS,2012-04-17,0.1700,0.1700,0.1700,0.1700,14000
IJACOBS,2012-04-18,0.1700,0.1800,0.1700,0.1800,102600
IJACOBS,2012-04-19,0.1750,0.1750,0.1700,0.1750,211600
IJACOBS,2012-04-23,0.1700,0.1750,0.1650,0.1750,130000
IJACOBS,2012-04-24,0.1650,0.1700,0.1650,0.1700,63000
IJACOBS,2012-04-25,0.1750,0.1750,0.1750,0.1750,10000
IJACOBS,2012-04-26,0.1700,0.1750,0.1700,0.1750,50100
IJACOBS,2012-04-27,0.1700,0.1750,0.1700,0.1750,10500
IJACOBS,2012-05-02,0.1700,0.1800,0.1700,0.1800,10100
IJACOBS,2012-05-03,0.1800,0.1800,0.1700,0.1700,52000
IJACOBS,2012-05-04,0.1700,0.1700,0.1700,0.1700,14900
IJACOBS,2012-05-07,0.1650,0.1650,0.1650,0.1650,50000
IJACOBS,2012-05-08,0.1700,0.1900,0.1700,0.1900,52900
IJACOBS,2012-05-09,0.1650,0.1700,0.1650,0.1700,40000
IJACOBS,2012-05-10,0.1850,0.1850,0.1850,0.1850,100
IJACOBS,2012-05-11,0.1900,0.1900,0.1900,0.1900,100
IJACOBS,2012-05-14,0.1650,0.1900,0.1650,0.1900,1100
IJACOBS,2012-05-15,0.1700,0.1850,0.1700,0.1800,330400
IJACOBS,2012-05-16,0.1750,0.1750,0.1750,0.1750,990700
IJACOBS,2012-05-17,0.1750,0.1750,0.1750,0.1750,70000
IJACOBS,2012-05-18,0.1700,0.1750,0.1700,0.1700,543600
IJACOBS,2012-05-21,0.1700,0.1750,0.1700,0.1750,110000
IJACOBS,2012-05-22,0.1750,0.1800,0.1750,0.1750,445400
IJACOBS,2012-05-23,0.1750,0.1800,0.1750,0.1800,115000
IJACOBS,2012-05-24,0.1800,0.1850,0.1800,0.1800,135000
IJACOBS,2012-05-25,0.1850,0.1850,0.1850,0.1850,325000
IJACOBS,2012-05-28,0.1850,0.1850,0.1850,0.1850,190400
IJACOBS,2012-05-29,0.1850,0.1850,0.1850,0.1850,30000
IJACOBS,2012-05-30,0.1900,0.2000,0.1900,0.1950,764700
IJACOBS,2012-05-31,0.1950,0.1950,0.1900,0.1900,400700
IJACOBS,2012-06-01,0.1950,0.2000,0.1950,0.2000,274000
IJACOBS,2012-06-04,0.2050,0.2350,0.1950,0.2250,1530200
IJACOBS,2012-06-05,0.2350,0.2650,0.2350,0.2600,2995400
IJACOBS,2012-06-06,0.2550,0.2600,0.2300,0.2350,777800
IJACOBS,2012-06-07,0.2400,0.2400,0.2250,0.2300,496500
IJACOBS,2012-06-08,0.2300,0.2450,0.2250,0.2300,646400
IJACOBS,2012-06-11,0.2250,0.2300,0.2250,0.2300,841100
IJACOBS,2012-06-12,0.2250,0.2450,0.2250,0.2450,237200
IJACOBS,2012-06-13,0.2500,0.2500,0.2300,0.2350,548300
IJACOBS,2012-06-14,0.2400,0.2400,0.2350,0.2400,280000
IJACOBS,2012-06-15,0.2300,0.2350,0.2250,0.2350,643000
IJACOBS,2012-06-18,0.2300,0.2400,0.2300,0.2350,133000
IJACOBS,2012-06-19,0.2400,0.2400,0.2350,0.2400,537500
IJACOBS,2012-06-20,0.2450,0.2750,0.2450,0.2600,901500
IJACOBS,2012-06-21,0.2500,0.2600,0.2500,0.2550,75000
IJACOBS,2012-06-22,0.2500,0.2950,0.2450,0.2850,5703900
IJACOBS,2012-06-25,0.2850,0.3000,0.2700,0.2800,14716000
IJACOBS,2012-06-26,0.2800,0.2800,0.2650,0.2650,974000
IJACOBS,2012-06-27,0.2700,0.2700,0.2650,0.2700,999500
IJACOBS,2012-06-28,0.2750,0.2850,0.2600,0.2700,7018400
IJACOBS,2012-06-29,0.2550,0.2750,0.2550,0.2700,8581200
IJACOBS,2012-07-02,0.2750,0.2750,0.2600,0.2650,965000
IJACOBS,2012-07-03,0.2600,0.2800,0.2600,0.2650,9126500
IJACOBS,2012-07-04,0.2650,0.2650,0.2500,0.2500,6240600
IJACOBS,2012-07-05,0.2550,0.2550,0.2400,0.2500,976300
IJACOBS,2012-07-06,0.2500,0.3050,0.2500,0.2650,37467300
IJACOBS,2012-07-09,0.2700,0.2800,0.2450,0.2500,11891800
IJACOBS,2012-07-10,0.2400,0.2450,0.2200,0.2250,5022400
IJACOBS,2012-07-11,0.2250,0.2350,0.2050,0.2100,6079600
IJACOBS,2012-07-12,0.2100,0.2100,0.1900,0.2000,2879100
IJACOBS,2012-07-13,0.1950,0.2200,0.1950,0.2000,13008000
IJACOBS,2012-07-16,0.2050,0.2150,0.1950,0.1950,8658300
IJACOBS,2012-07-17,0.1950,0.2100,0.1950,0.2000,5605000
IJACOBS,2012-07-18,0.2000,0.2000,0.1800,0.1800,3517000
IJACOBS,2012-07-19,0.1800,0.1950,0.1700,0.1900,5217900
IJACOBS,2012-07-20,0.1900,0.2000,0.1750,0.1800,10319000
IJACOBS,2012-07-23,0.1800,0.1800,0.1750,0.1750,1151800
IJACOBS,2012-07-24,0.1750,0.1800,0.1650,0.1650,10461300
IJACOBS,2012-07-25,0.1650,0.1650,0.1600,0.1600,1924200
IJACOBS,2012-07-26,0.1600,0.1600,0.1500,0.1500,1653900
IJACOBS,2012-07-27,0.1500,0.1550,0.1500,0.1550,1470700
IJACOBS,2012-07-30,0.1550,0.1600,0.1500,0.1550,2242300
IJACOBS,2012-07-31,0.1550,0.1600,0.1500,0.1600,871400
IJACOBS,2012-08-01,0.1550,0.1550,0.1500,0.1550,602300
IJACOBS,2012-08-02,0.1500,0.1500,0.1500,0.1500,1012100
IJACOBS,2012-08-03,0.1500,0.1500,0.1400,0.1500,2104300
IJACOBS,2012-08-06,0.1450,0.1500,0.1450,0.1500,432100
IJACOBS,2012-08-07,0.1500,0.1700,0.1500,0.1600,5953800
IJACOBS,2012-08-08,0.1600,0.1600,0.1550,0.1550,427700
IJACOBS,2012-08-09,0.1550,0.1550,0.1500,0.1500,379800
IJACOBS,2012-08-10,0.1500,0.1550,0.1500,0.1500,506000
IJACOBS,2012-08-13,0.1550,0.1600,0.1450,0.1550,1860900
IJACOBS,2012-08-14,0.1500,0.1550,0.1500,0.1550,501200
IJACOBS,2012-08-15,0.1500,0.1500,0.1500,0.1500,305800
IJACOBS,2012-08-16,0.1500,0.1500,0.1500,0.1500,312000
IJACOBS,2012-08-17,0.1550,0.1600,0.1550,0.1600,1477900
IJACOBS,2012-08-22,0.1600,0.1650,0.1550,0.1600,632200
IJACOBS,2012-08-23,0.1600,0.1600,0.1550,0.1600,191000
IJACOBS,2012-08-24,0.1600,0.1600,0.1550,0.1550,195600
IJACOBS,2012-08-27,0.1500,0.1600,0.1500,0.1600,706000
IJACOBS,2012-08-28,0.1550,0.1550,0.1500,0.1550,342100
IJACOBS,2012-08-29,0.1550,0.1600,0.1550,0.1600,215100
IJACOBS,2012-08-30,0.1600,0.1600,0.1500,0.1500,304100
IJACOBS,2012-09-03,0.1500,0.1500,0.1500,0.1500,281200
IJACOBS,2012-09-04,0.1500,0.1550,0.1500,0.1550,180100
IJACOBS,2012-09-05,0.1500,0.1500,0.1450,0.1500,635100
IJACOBS,2012-09-06,0.1450,0.1450,0.1400,0.1400,1189300
IJACOBS,2012-09-07,0.1400,0.1400,0.1400,0.1400,521100
IJACOBS,2012-09-10,0.1450,0.1500,0.1450,0.1500,588400
IJACOBS,2012-09-11,0.1450,0.1450,0.1450,0.1450,130000
IJACOBS,2012-09-12,0.1450,0.1450,0.1450,0.1450,190000
IJACOBS,2012-09-13,0.1450,0.1450,0.1400,0.1450,65700
IJACOBS,2012-09-14,0.1400,0.1450,0.1400,0.1450,375600
IJACOBS,2012-09-19,0.1450,0.1500,0.1450,0.1500,50100
IJACOBS,2012-09-20,0.1450,0.1450,0.1400,0.1400,75000
IJACOBS,2012-09-21,0.1400,0.1400,0.1400,0.1400,204700
IJACOBS,2012-09-24,0.1400,0.1400,0.1400,0.1400,316000
IJACOBS,2012-09-25,0.1400,0.1400,0.1350,0.1400,110000
IJACOBS,2012-09-26,0.1400,0.1450,0.1400,0.1400,30100
IJACOBS,2012-09-27,0.1400,0.1400,0.1400,0.1400,30000
IJACOBS,2012-09-28,0.1350,0.1400,0.1350,0.1400,240000
IJACOBS,2012-10-01,0.1400,0.1400,0.1400,0.1400,100000
IJACOBS,2012-10-02,0.1400,0.1400,0.1400,0.1400,120000
IJACOBS,2012-10-03,0.1350,0.1400,0.1350,0.1400,330900
IJACOBS,2012-10-04,0.1350,0.1350,0.1300,0.1300,440000
IJACOBS,2012-10-05,0.1350,0.1400,0.1300,0.1400,363000
IJACOBS,2012-10-08,0.1350,0.1350,0.1350,0.1350,74200
IJACOBS,2012-10-09,0.1300,0.1300,0.1300,0.1300,30000
IJACOBS,2012-10-10,0.1350,0.1350,0.1350,0.1350,209000
IJACOBS,2012-10-11,0.1300,0.1350,0.1300,0.1350,220000
IJACOBS,2012-10-12,0.1350,0.1400,0.1300,0.1300,30000
IJACOBS,2012-10-15,0.1300,0.1350,0.1300,0.1350,68000
IJACOBS,2012-10-16,0.1350,0.1350,0.1350,0.1350,110000
IJACOBS,2012-10-17,0.1350,0.1350,0.1350,0.1350,100000
IJACOBS,2012-10-18,0.1350,0.1350,0.1350,0.1350,177000
IJACOBS,2012-10-19,0.1350,0.1450,0.1350,0.1450,377400
IJACOBS,2012-10-22,0.1350,0.1400,0.1350,0.1400,365000
IJACOBS,2012-10-24,0.1350,0.1400,0.1350,0.1400,115100
IJACOBS,2012-10-25,0.1350,0.1350,0.1350,0.1350,34900
IJACOBS,2012-10-29,0.1350,0.1350,0.1350,0.1350,25000
IJACOBS,2012-10-30,0.1350,0.1350,0.1350,0.1350,151000
IJACOBS,2012-10-31,0.1400,0.1450,0.1400,0.1400,296000
IJACOBS,2012-11-01,0.1400,0.1400,0.1400,0.1400,105000
IJACOBS,2012-11-02,0.1400,0.1450,0.1400,0.1400,280200
IJACOBS,2012-11-05,0.1400,0.1450,0.1400,0.1450,280100
IJACOBS,2012-11-06,0.1400,0.1400,0.1350,0.1400,120300
IJACOBS,2012-11-08,0.1400,0.1450,0.1400,0.1450,577000
IJACOBS,2012-11-09,0.1400,0.1400,0.1400,0.1400,373200
IJACOBS,2012-11-12,0.1450,0.1450,0.1450,0.1450,100000
IJACOBS,2012-11-14,0.1450,0.1450,0.1400,0.1400,107500
IJACOBS,2012-11-16,0.1450,0.1450,0.1400,0.1450,179900
IJACOBS,2012-11-19,0.1400,0.1450,0.1400,0.1450,142000
IJACOBS,2012-11-20,0.1450,0.1450,0.1400,0.1400,227000
IJACOBS,2012-11-21,0.1400,0.1450,0.1400,0.1450,60000
IJACOBS,2012-11-23,0.1400,0.1450,0.1400,0.1450,221700
IJACOBS,2012-11-28,0.1350,0.1400,0.1350,0.1400,86300
IJACOBS,2012-11-30,0.1350,0.1350,0.1350,0.1350,145000
IJACOBS,2012-12-03,0.1350,0.1350,0.1350,0.1350,36900
IJACOBS,2012-12-04,0.1350,0.1350,0.1350,0.1350,109800
IJACOBS,2012-12-06,0.1400,0.1450,0.1400,0.1450,680000
IJACOBS,2012-12-07,0.1450,0.1450,0.1450,0.1450,210000
IJACOBS,2012-12-10,0.1500,0.1500,0.1450,0.1450,86400
IJACOBS,2012-12-11,0.1500,0.1500,0.1450,0.1450,156700
IJACOBS,2012-12-12,0.1500,0.1550,0.1500,0.1500,47000
IJACOBS,2012-12-13,0.1450,0.1450,0.1450,0.1450,8000
IJACOBS,2012-12-14,0.1450,0.1450,0.1450,0.1450,50000
IJACOBS,2012-12-17,0.1550,0.1750,0.1550,0.1750,2657600
IJACOBS,2012-12-18,0.1750,0.1900,0.1650,0.1650,2713600
IJACOBS,2012-12-19,0.1650,0.1700,0.1600,0.1650,396500
IJACOBS,2012-12-20,0.1600,0.1600,0.1600,0.1600,266300
IJACOBS,2012-12-21,0.1600,0.1600,0.1550,0.1600,767100
IJACOBS,2012-12-24,0.1550,0.1550,0.1500,0.1500,757900
IJACOBS,2012-12-26,0.1550,0.1650,0.1550,0.1650,536500
IJACOBS,2012-12-27,0.1600,0.1600,0.1600,0.1600,144800
IJACOBS,2012-12-28,0.1600,0.1650,0.1600,0.1650,761600
IJACOBS,2012-12-31,0.1650,0.1650,0.1600,0.1650,901100
IJACOBS,2013-01-02,0.1650,0.1700,0.1600,0.1700,154300
IJACOBS,2013-01-03,0.1650,0.1750,0.1650,0.1750,987300
IJACOBS,2013-01-04,0.1750,0.1900,0.1750,0.1900,1224200
IJACOBS,2013-01-07,0.1900,0.2000,0.1800,0.1800,2326900
IJACOBS,2013-01-08,0.1850,0.1850,0.1700,0.1800,393500
IJACOBS,2013-01-09,0.1700,0.1700,0.1700,0.1700,200000
IJACOBS,2013-01-10,0.1650,0.1750,0.1650,0.1650,156300
IJACOBS,2013-01-11,0.1750,0.1800,0.1650,0.1750,575800
IJACOBS,2013-01-14,0.1700,0.1700,0.1650,0.1650,258800
IJACOBS,2013-01-15,0.1650,0.1650,0.1600,0.1650,391200
IJACOBS,2013-01-17,0.1700,0.1700,0.1650,0.1650,85000
IJACOBS,2013-01-18,0.1600,0.1650,0.1600,0.1650,120000
IJACOBS,2013-01-21,0.1550,0.1600,0.1500,0.1500,445000
IJACOBS,2013-01-22,0.1500,0.1550,0.1450,0.1500,448300
IJACOBS,2013-01-23,0.1500,0.1550,0.1500,0.1550,120000
IJACOBS,2013-01-25,0.1450,0.1450,0.1450,0.1450,35000
IJACOBS,2013-01-29,0.1500,0.1500,0.1450,0.1450,78000
IJACOBS,2013-01-30,0.1450,0.1450,0.1450,0.1450,479000
IJACOBS,2013-01-31,0.1450,0.1500,0.1450,0.1500,82000
IJACOBS,2013-02-04,0.1450,0.1450,0.1400,0.1400,116900
IJACOBS,2013-02-05,0.1450,0.1450,0.1450,0.1450,131000
IJACOBS,2013-02-07,0.1600,0.1600,0.1450,0.1450,495200
IJACOBS,2013-02-13,0.1450,0.1550,0.1450,0.1550,76000
IJACOBS,2013-02-14,0.1450,0.1450,0.1450,0.1450,30000
IJACOBS,2013-02-15,0.1450,0.1450,0.1450,0.1450,83800
IJACOBS,2013-02-18,0.1400,0.1400,0.1400,0.1400,12000
IJACOBS,2013-02-19,0.1450,0.1450,0.1400,0.1450,218000
IJACOBS,2013-02-20,0.1500,0.1500,0.1450,0.1450,144300
IJACOBS,2013-02-22,0.1400,0.1400,0.1400,0.1400,108000
IJACOBS,2013-02-25,0.1400,0.1400,0.1400,0.1400,50000
IJACOBS,2013-02-28,0.1350,0.1350,0.1350,0.1350,10000
IJACOBS,2013-03-01,0.1400,0.1400,0.1400,0.1400,144000
IJACOBS,2013-03-04,0.1350,0.1350,0.1350,0.1350,10000
IJACOBS,2013-03-05,0.1350,0.1350,0.1350,0.1350,10000
IJACOBS,2013-03-06,0.1400,0.1400,0.1400,0.1400,100000
IJACOBS,2013-03-07,0.1350,0.1350,0.1350,0.1350,10000
IJACOBS,2013-03-08,0.1350,0.1350,0.1350,0.1350,5000
IJACOBS,2013-03-12,0.1400,0.1400,0.1400,0.1400,250000
IJACOBS,2013-03-13,0.1400,0.1400,0.1400,0.1400,50000
IJACOBS,2013-03-14,0.1350,0.1350,0.1350,0.1350,1000
IJACOBS,2013-03-15,0.1400,0.1400,0.1400,0.1400,45800
IJACOBS,2013-03-18,0.1400,0.1400,0.1400,0.1400,26200
IJACOBS,2013-03-19,0.1350,0.1350,0.1350,0.1350,1000
IJACOBS,2013-03-21,0.1500,0.1500,0.1500,0.1500,100
IJACOBS,2013-03-22,0.1400,0.1400,0.1400,0.1400,10000
IJACOBS,2013-03-25,0.1400,0.1400,0.1400,0.1400,23800
IJACOBS,2013-03-26,0.1350,0.1400,0.1350,0.1400,55000
IJACOBS,2013-03-27,0.1400,0.1400,0.1400,0.1400,30000
IJACOBS,2013-03-28,0.1450,0.1450,0.1450,0.1450,22000
IJACOBS,2013-03-29,0.1450,0.1450,0.1450,0.1450,69800
IJACOBS,2013-04-01,0.1550,0.1550,0.1450,0.1450,80100
IJACOBS,2013-04-02,0.1450,0.1450,0.1400,0.1400,30000
IJACOBS,2013-04-03,0.1400,0.1400,0.1400,0.1400,9000
IJACOBS,2013-04-08,0.1450,0.1550,0.1450,0.1550,10000
IJACOBS,2013-04-09,0.1500,0.1500,0.1500,0.1500,15000
IJACOBS,2013-04-10,0.1500,0.1500,0.1450,0.1450,54000
IJACOBS,2013-04-11,0.1500,0.1500,0.1500,0.1500,50000
IJACOBS,2013-04-12,0.1500,0.1500,0.1500,0.1500,230000
IJACOBS,2013-04-15,0.1550,0.1550,0.1500,0.1500,351800
IJACOBS,2013-04-16,0.1500,0.1550,0.1500,0.1550,174800
IJACOBS,2013-04-17,0.1500,0.1500,0.1500,0.1500,50000
IJACOBS,2013-04-24,0.1400,0.1450,0.1400,0.1450,96200
IJACOBS,2013-04-25,0.1600,0.1600,0.1450,0.1450,300
IJACOBS,2013-04-29,0.1500,0.1500,0.1500,0.1500,50000
IJACOBS,2013-05-06,0.1500,0.1500,0.1400,0.1400,120000
IJACOBS,2013-05-13,0.1500,0.1550,0.1500,0.1550,400000
IJACOBS,2013-05-14,0.1550,0.1550,0.1550,0.1550,5000
IJACOBS,2013-05-15,0.1600,0.1650,0.1600,0.1650,517800
IJACOBS,2013-05-16,0.1700,0.1700,0.1600,0.1600,910000
IJACOBS,2013-05-17,0.1650,0.1650,0.1650,0.1650,20000
IJACOBS,2013-05-20,0.1700,0.1700,0.1700,0.1700,95100
IJACOBS,2013-05-21,0.1700,0.1700,0.1650,0.1650,126800
IJACOBS,2013-05-22,0.1650,0.1700,0.1650,0.1700,437700
IJACOBS,2013-05-23,0.1650,0.1650,0.1600,0.1600,199500
IJACOBS,2013-05-27,0.1650,0.1650,0.1650,0.1650,100000
IJACOBS,2013-05-28,0.1650,0.1650,0.1650,0.1650,238300
IJACOBS,2013-05-29,0.1650,0.1650,0.1650,0.1650,108700
IJACOBS,2013-05-30,0.1650,0.1650,0.1600,0.1600,142000
IJACOBS,2013-05-31,0.1650,0.1850,0.1650,0.1750,792700
IJACOBS,2013-06-03,0.1800,0.1950,0.1800,0.1950,1652600
IJACOBS,2013-06-04,0.2000,0.2000,0.1800,0.1900,2560000
IJACOBS,2013-06-05,0.1900,0.1900,0.1750,0.1900,1007300
IJACOBS,2013-06-06,0.1850,0.2150,0.1800,0.2150,3342600
IJACOBS,2013-06-07,0.2100,0.2250,0.2050,0.2050,4686000
IJACOBS,2013-06-10,0.2050,0.2100,0.2050,0.2100,1048500
IJACOBS,2013-06-11,0.2050,0.2100,0.2000,0.2050,668600
IJACOBS,2013-06-12,0.2000,0.2050,0.1950,0.2050,885100
IJACOBS,2013-06-13,0.2000,0.2000,0.1950,0.1950,835100
IJACOBS,2013-06-14,0.1950,0.2000,0.1900,0.2000,728400
IJACOBS,2013-06-17,0.2000,0.2150,0.2000,0.2100,596700
IJACOBS,2013-06-18,0.2100,0.2350,0.2100,0.2250,4654500
IJACOBS,2013-06-19,0.2350,0.2400,0.2150,0.2200,4101600
IJACOBS,2013-06-20,0.2050,0.2150,0.2050,0.2100,798000
IJACOBS,2013-06-21,0.2050,0.2100,0.2000,0.2100,1073100
IJACOBS,2013-06-24,0.2150,0.2150,0.1950,0.2000,693800
IJACOBS,2013-06-25,0.1950,0.1950,0.1850,0.1950,1041000
IJACOBS,2013-06-26,0.1950,0.2000,0.1900,0.2000,649400
IJACOBS,2013-06-27,0.2000,0.2000,0.1950,0.2000,231000
IJACOBS,2013-06-28,0.1950,0.2000,0.1900,0.2000,384400
IJACOBS,2013-07-01,0.2100,0.2200,0.2000,0.2050,1724500
IJACOBS,2013-07-02,0.2050,0.2050,0.1950,0.2000,360000
IJACOBS,2013-07-03,0.2050,0.2050,0.1950,0.1950,418000
IJACOBS,2013-07-04,0.2000,0.2150,0.2000,0.2150,753200
IJACOBS,2013-07-05,0.2150,0.2300,0.2150,0.2300,2047000
IJACOBS,2013-07-08,0.2250,0.2300,0.2150,0.2200,408700
IJACOBS,2013-07-09,0.2200,0.2250,0.2200,0.2250,162000
IJACOBS,2013-07-10,0.2300,0.2350,0.2150,0.2150,1394800
IJACOBS,2013-07-11,0.2150,0.2250,0.2100,0.2150,110400
IJACOBS,2013-07-12,0.2250,0.2350,0.2150,0.2250,241900
IJACOBS,2013-07-15,0.2300,0.2300,0.2200,0.2200,470000
IJACOBS,2013-07-16,0.2200,0.2300,0.2150,0.2250,1716700
IJACOBS,2013-07-17,0.2250,0.2500,0.2250,0.2400,1740000
IJACOBS,2013-07-18,0.2400,0.2600,0.2400,0.2550,3806300
IJACOBS,2013-07-19,0.2600,0.2600,0.2450,0.2550,1424200
IJACOBS,2013-07-22,0.2500,0.2500,0.2500,0.2500,230000
IJACOBS,2013-07-23,0.2500,0.2550,0.2450,0.2500,1386500
IJACOBS,2013-07-24,0.2500,0.2550,0.2400,0.2500,840100
IJACOBS,2013-07-25,0.2500,0.2500,0.2450,0.2450,295000
IJACOBS,2013-07-26,0.2450,0.2500,0.2400,0.2500,579900
IJACOBS,2013-07-29,0.2450,0.2450,0.2450,0.2450,165000
IJACOBS,2013-07-30,0.2400,0.2500,0.2400,0.2500,346200
IJACOBS,2013-07-31,0.2400,0.2450,0.2400,0.2450,162000
IJACOBS,2013-08-01,0.2400,0.2550,0.2400,0.2500,928000
IJACOBS,2013-08-02,0.2500,0.2550,0.2500,0.2550,440100
IJACOBS,2013-08-05,0.2500,0.2600,0.2450,0.2550,708200
IJACOBS,2013-08-06,0.2550,0.2750,0.2550,0.2650,1918100
IJACOBS,2013-08-12,0.2700,0.2700,0.2600,0.2700,250500
IJACOBS,2013-08-13,0.2650,0.2700,0.2600,0.2650,194500
IJACOBS,2013-08-14,0.2600,0.2700,0.2600,0.2700,671300
IJACOBS,2013-08-15,0.2650,0.2850,0.2650,0.2850,1013900
IJACOBS,2013-08-16,0.2850,0.2950,0.2800,0.2800,3636400
IJACOBS,2013-08-19,0.2800,0.2850,0.2700,0.2750,1157200
IJACOBS,2013-08-20,0.2700,0.2700,0.2500,0.2500,999200
IJACOBS,2013-08-21,0.2500,0.2550,0.2450,0.2500,519000
IJACOBS,2013-08-22,0.2400,0.2400,0.2250,0.2400,1342400
IJACOBS,2013-08-23,0.2450,0.2550,0.2350,0.2400,964000
IJACOBS,2013-08-26,0.2400,0.2400,0.2250,0.2400,462000
IJACOBS,2013-08-27,0.2350,0.2350,0.2100,0.2250,785100
IJACOBS,2013-08-28,0.2200,0.2300,0.2050,0.2300,1018700
IJACOBS,2013-08-29,0.2350,0.2400,0.2250,0.2300,711000
IJACOBS,2013-08-30,0.2250,0.2350,0.2200,0.2350,274000
IJACOBS,2013-09-02,0.2250,0.2350,0.2250,0.2300,484000
IJACOBS,2013-09-03,0.2300,0.2300,0.2200,0.2300,144000
IJACOBS,2013-09-04,0.2250,0.2250,0.2200,0.2250,288000
IJACOBS,2013-09-05,0.2200,0.2250,0.2200,0.2250,98000
IJACOBS,2013-09-06,0.2250,0.2300,0.2250,0.2300,118000
IJACOBS,2013-09-09,0.2200,0.2300,0.2200,0.2300,208000
IJACOBS,2013-09-10,0.2300,0.2400,0.2300,0.2350,322000
IJACOBS,2013-09-11,0.2300,0.2300,0.2250,0.2300,59000
IJACOBS,2013-09-12,0.2200,0.2300,0.2200,0.2300,13200
IJACOBS,2013-09-13,0.2200,0.2300,0.2200,0.2300,56000
IJACOBS,2013-09-17,0.2350,0.2350,0.2300,0.2300,558100
IJACOBS,2013-09-18,0.2250,0.2300,0.2250,0.2250,80000
IJACOBS,2013-09-19,0.2300,0.2550,0.2300,0.2550,753700
IJACOBS,2013-09-20,0.2450,0.2500,0.2400,0.2500,342500
IJACOBS,2013-09-23,0.2400,0.2400,0.2400,0.2400,10000
IJACOBS,2013-09-24,0.2350,0.2450,0.2350,0.2450,80100
IJACOBS,2013-09-25,0.2450,0.2450,0.2350,0.2400,176200
IJACOBS,2013-09-26,0.2400,0.2450,0.2400,0.2400,246600
IJACOBS,2013-09-27,0.2400,0.2450,0.2400,0.2450,261000
IJACOBS,2013-09-30,0.2400,0.2450,0.2400,0.2450,470100
IJACOBS,2013-10-01,0.2500,0.2650,0.2450,0.2550,509600
IJACOBS,2013-10-02,0.2550,0.2600,0.2450,0.2450,181500
IJACOBS,2013-10-03,0.2450,0.2450,0.2450,0.2450,70000
IJACOBS,2013-10-04,0.2350,0.2450,0.2300,0.2450,121700
IJACOBS,2013-10-07,0.2400,0.2450,0.2400,0.2450,74200
IJACOBS,2013-10-08,0.2400,0.2400,0.2400,0.2400,51500
IJACOBS,2013-10-09,0.2400,0.2450,0.2350,0.2400,141200
IJACOBS,2013-10-10,0.2450,0.2750,0.2400,0.2650,5534500
IJACOBS,2013-10-11,0.2750,0.2850,0.2350,0.2450,6135700
IJACOBS,2013-10-14,0.2400,0.2500,0.2400,0.2500,35200
IJACOBS,2013-10-16,0.2350,0.2400,0.2350,0.2400,270000
IJACOBS,2013-10-17,0.2400,0.2450,0.2350,0.2400,765500
IJACOBS,2013-10-18,0.2450,0.2450,0.2350,0.2350,947100
IJACOBS,2013-10-21,0.2400,0.2450,0.2350,0.2450,463000
IJACOBS,2013-10-22,0.2400,0.2450,0.2400,0.2450,323100
IJACOBS,2013-10-23,0.2450,0.2550,0.2350,0.2500,1481900
IJACOBS,2013-10-24,0.2500,0.2500,0.2250,0.2400,1618200
IJACOBS,2013-10-25,0.2300,0.2300,0.2300,0.2300,15000
IJACOBS,2013-10-28,0.2250,0.2350,0.2250,0.2350,272600
IJACOBS,2013-10-29,0.2350,0.2400,0.2250,0.2300,1045000
IJACOBS,2013-10-30,0.2300,0.2300,0.2250,0.2300,244900
IJACOBS,2013-10-31,0.2250,0.2250,0.2250,0.2250,33000
IJACOBS,2013-11-01,0.2250,0.2250,0.2200,0.2200,105800
IJACOBS,2013-11-04,0.2250,0.2250,0.2200,0.2200,373600
IJACOBS,2013-11-06,0.2250,0.2300,0.2200,0.2300,110900
IJACOBS,2013-11-07,0.2300,0.2300,0.2250,0.2300,130000
IJACOBS,2013-11-08,0.2250,0.2250,0.2250,0.2250,123000
IJACOBS,2013-11-11,0.2300,0.2350,0.2250,0.2350,438000
IJACOBS,2013-11-12,0.2300,0.2300,0.2300,0.2300,60000
IJACOBS,2013-11-13,0.2300,0.2300,0.2200,0.2250,129000
IJACOBS,2013-11-14,0.2200,0.2300,0.2200,0.2250,122500
IJACOBS,2013-11-15,0.2250,0.2250,0.2200,0.2200,66000
IJACOBS,2013-11-18,0.2300,0.2300,0.2200,0.2200,220000
IJACOBS,2013-11-19,0.2200,0.2300,0.2200,0.2250,207400
IJACOBS,2013-11-20,0.2200,0.2200,0.2150,0.2200,360200
IJACOBS,2013-11-21,0.2150,0.2200,0.2150,0.2200,210200
IJACOBS,2013-11-22,0.2200,0.2250,0.2100,0.2150,1265100
IJACOBS,2013-11-25,0.2150,0.2200,0.2100,0.2200,504000
IJACOBS,2013-11-26,0.2150,0.2200,0.2100,0.2200,110700
IJACOBS,2013-11-27,0.2150,0.2150,0.2150,0.2150,200000
IJACOBS,2013-11-28,0.2100,0.2150,0.2100,0.2150,286700
IJACOBS,2013-11-29,0.2100,0.2250,0.2100,0.2250,13900
IJACOBS,2013-12-02,0.2100,0.2200,0.2100,0.2200,52000
IJACOBS,2013-12-03,0.2100,0.2150,0.2100,0.2150,109800
IJACOBS,2013-12-04,0.2100,0.2300,0.2100,0.2300,497600
IJACOBS,2013-12-05,0.2300,0.2350,0.2200,0.2300,64600
IJACOBS,2013-12-06,0.2200,0.2350,0.2200,0.2350,116000
IJACOBS,2013-12-09,0.2300,0.2350,0.2200,0.2350,87000
IJACOBS,2013-12-10,0.2350,0.2350,0.2200,0.2250,127000
IJACOBS,2013-12-11,0.2150,0.2250,0.2100,0.2250,94000
IJACOBS,2013-12-12,0.2150,0.2250,0.2150,0.2250,37000
IJACOBS,2013-12-13,0.2200,0.2250,0.2100,0.2200,150000
IJACOBS,2013-12-16,0.2150,0.2150,0.2150,0.2150,27000
IJACOBS,2013-12-18,0.2200,0.2200,0.2200,0.2200,6000
IJACOBS,2013-12-19,0.2050,0.2200,0.2050,0.2200,8000
IJACOBS,2013-12-20,0.2250,0.2250,0.2250,0.2250,2000
IJACOBS,2013-12-23,0.2100,0.2100,0.2050,0.2050,10300
IJACOBS,2013-12-24,0.2150,0.2250,0.2150,0.2250,5700
IJACOBS,2013-12-26,0.2100,0.2250,0.2050,0.2250,68400
IJACOBS,2013-12-31,0.2250,0.2250,0.2200,0.2200,202200
IJACOBS,2014-01-02,0.2100,0.2250,0.2100,0.2250,32000
IJACOBS,2014-01-03,0.2100,0.2200,0.2100,0.2200,102000
IJACOBS,2014-01-06,0.2150,0.2300,0.2150,0.2300,121900
IJACOBS,2014-01-07,0.2200,0.2300,0.2200,0.2300,21000
IJACOBS,2014-01-08,0.2350,0.2350,0.2300,0.2350,7000
IJACOBS,2014-01-09,0.2250,0.2250,0.2150,0.2250,51000
IJACOBS,2014-01-10,0.2200,0.2300,0.2150,0.2150,146000
IJACOBS,2014-01-13,0.2150,0.2150,0.2150,0.2150,20000
IJACOBS,2014-01-15,0.2250,0.2250,0.2050,0.2050,47500
IJACOBS,2014-01-16,0.2300,0.2300,0.2100,0.2250,73100
IJACOBS,2014-01-20,0.2200,0.2250,0.2200,0.2250,120100
IJACOBS,2014-01-21,0.2250,0.2300,0.2150,0.2200,373200
IJACOBS,2014-01-22,0.2150,0.2300,0.2150,0.2200,335100
IJACOBS,2014-01-23,0.2150,0.2150,0.2150,0.2150,157000
IJACOBS,2014-01-24,0.2100,0.2150,0.2100,0.2150,80000
IJACOBS,2014-01-27,0.2050,0.2100,0.2050,0.2100,210000
IJACOBS,2014-01-28,0.2150,0.2200,0.2100,0.2100,460200
IJACOBS,2014-01-29,0.2150,0.2200,0.2150,0.2200,182000
IJACOBS,2014-01-30,0.2200,0.2200,0.2200,0.2200,114000
IJACOBS,2014-02-04,0.2100,0.2150,0.2050,0.2150,251900
IJACOBS,2014-02-05,0.2200,0.2250,0.2150,0.2200,183000
IJACOBS,2014-02-06,0.2150,0.2200,0.2150,0.2200,107100
IJACOBS,2014-02-07,0.2200,0.2250,0.2150,0.2150,81000
IJACOBS,2014-02-10,0.2200,0.2200,0.2150,0.2150,41900
IJACOBS,2014-02-11,0.2150,0.2200,0.2150,0.2150,64100
IJACOBS,2014-02-12,0.2200,0.2250,0.2200,0.2250,401500
IJACOBS,2014-02-13,0.2250,0.2450,0.2250,0.2300,1139400
IJACOBS,2014-02-14,0.2350,0.2400,0.2300,0.2350,419800
IJACOBS,2014-02-17,0.2350,0.2450,0.2350,0.2350,270100
IJACOBS,2014-02-18,0.2350,0.2400,0.2350,0.2400,387100
IJACOBS,2014-02-19,0.2400,0.2400,0.2350,0.2400,42000
IJACOBS,2014-02-20,0.2300,0.2400,0.2250,0.2400,271800
IJACOBS,2014-02-21,0.2400,0.2450,0.2300,0.2400,691600
IJACOBS,2014-02-24,0.2400,0.2450,0.2350,0.2350,381000
IJACOBS,2014-02-25,0.2350,0.2400,0.2300,0.2350,281000
IJACOBS,2014-02-26,0.2350,0.2350,0.2250,0.2350,211500
IJACOBS,2014-02-27,0.2300,0.2500,0.2300,0.2500,146800
IJACOBS,2014-02-28,0.2400,0.2500,0.2400,0.2500,41100
IJACOBS,2014-03-03,0.2350,0.2350,0.2350,0.2350,30000
IJACOBS,2014-03-04,0.2300,0.2450,0.2300,0.2450,32100
IJACOBS,2014-03-05,0.2450,0.2450,0.2300,0.2350,181100
IJACOBS,2014-03-06,0.2300,0.2300,0.2300,0.2300,90000
IJACOBS,2014-03-07,0.2300,0.2350,0.2300,0.2350,47800
IJACOBS,2014-03-10,0.2250,0.2250,0.2250,0.2250,30000
IJACOBS,2014-03-11,0.2250,0.2350,0.2250,0.2350,327000
IJACOBS,2014-03-12,0.2350,0.2350,0.2250,0.2350,115200
IJACOBS,2014-03-14,0.2250,0.2350,0.2250,0.2350,12000
IJACOBS,2014-03-17,0.2250,0.2350,0.2250,0.2350,22000
IJACOBS,2014-03-18,0.2200,0.2350,0.2150,0.2350,31100
IJACOBS,2014-03-19,0.2200,0.2350,0.2200,0.2350,3000
IJACOBS,2014-03-20,0.2250,0.2300,0.2250,0.2300,29000
IJACOBS,2014-03-21,0.2350,0.2350,0.2250,0.2250,90000
IJACOBS,2014-03-24,0.2200,0.2250,0.2200,0.2250,30000
IJACOBS,2014-03-26,0.2200,0.2200,0.2150,0.2200,164200
IJACOBS,2014-03-27,0.2200,0.2250,0.2150,0.2250,55000
IJACOBS,2014-03-28,0.2200,0.2200,0.2150,0.2150,106700
IJACOBS,2014-03-31,0.2300,0.2300,0.2300,0.2300,2000
IJACOBS,2014-04-03,0.2150,0.2300,0.2150,0.2300,6000
IJACOBS,2014-04-04,0.2200,0.2250,0.2200,0.2250,11000
IJACOBS,2014-04-08,0.2200,0.2200,0.2150,0.2150,69000
IJACOBS,2014-04-09,0.2300,0.2300,0.2150,0.2300,46000
IJACOBS,2014-04-14,0.2200,0.2300,0.2150,0.2300,5000
IJACOBS,2014-04-16,0.2150,0.2250,0.2150,0.2250,92000
IJACOBS,2014-04-18,0.2200,0.2200,0.2200,0.2200,2000
IJACOBS,2014-04-21,0.2200,0.2300,0.2200,0.2300,88000
IJACOBS,2014-04-23,0.2200,0.2300,0.2150,0.2150,58000
IJACOBS,2014-04-24,0.2150,0.2150,0.2150,0.2150,50000
IJACOBS,2014-04-25,0.2150,0.2300,0.2150,0.2300,37100
IJACOBS,2014-04-28,0.2150,0.2250,0.2150,0.2250,2000
IJACOBS,2014-04-29,0.2150,0.2200,0.2150,0.2200,11000
IJACOBS,2014-04-30,0.2250,0.2250,0.2250,0.2250,1000
IJACOBS,2014-05-15,0.2050,0.2200,0.2050,0.2200,190200
IJACOBS,2014-05-20,0.2100,0.2100,0.2100,0.2100,65000
IJACOBS,2014-05-21,0.2100,0.2400,0.2100,0.2300,643800
IJACOBS,2014-05-22,0.2400,0.2700,0.2350,0.2700,5954200
IJACOBS,2014-05-23,0.2750,0.2750,0.2450,0.2500,7456100
IJACOBS,2014-05-26,0.2450,0.2500,0.2200,0.2250,1085000
IJACOBS,2014-05-27,0.2200,0.2250,0.2200,0.2250,717400
IJACOBS,2014-05-28,0.2250,0.2250,0.2150,0.2250,1166100
IJACOBS,2014-05-29,0.2250,0.2250,0.2100,0.2250,853400
IJACOBS,2014-05-30,0.2200,0.2200,0.2200,0.2200,384000
IJACOBS,2014-06-17,0.3450,0.3450,0.3000,0.3050,12988900
IJACOBS,2014-06-18,0.3000,0.3750,0.2900,0.3650,33447600
IJACOBS,2014-06-19,0.3700,0.3900,0.3550,0.3700,16438100
IJACOBS,2014-06-20,0.3700,0.3750,0.3550,0.3550,4363000
IJACOBS,2014-06-23,0.3500,0.3900,0.3500,0.3800,11194800
IJACOBS,2014-06-24,0.3850,0.4150,0.3850,0.4050,17704000
IJACOBS,2014-06-25,0.4100,0.4100,0.3850,0.3900,3684500
IJACOBS,2014-06-26,0.4000,0.4300,0.3900,0.4200,10702000
IJACOBS,2014-06-27,0.4150,0.4400,0.4150,0.4250,9279300
IJACOBS,2014-06-30,0.4300,0.4300,0.4100,0.4150,3840500
IJACOBS,2014-07-01,0.4150,0.4350,0.4150,0.4200,6289300
IJACOBS,2014-07-03,0.3950,0.4000,0.3700,0.3900,10820700
IJACOBS,2014-07-07,0.4000,0.4050,0.3900,0.3950,5729200
IJACOBS,2014-07-08,0.3950,0.3950,0.3850,0.3900,2993700
IJACOBS,2014-07-09,0.3900,0.3950,0.3800,0.3850,5095100
IJACOBS,2014-07-10,0.3850,0.4000,0.3850,0.3900,4053300
IJACOBS,2014-07-11,0.3950,0.3950,0.3850,0.3900,2121400
IJACOBS,2014-07-14,0.3900,0.3950,0.3800,0.3950,3992400
IJACOBS,2014-07-16,0.3950,0.3950,0.3850,0.3900,3427200
IJACOBS,2014-07-17,0.3950,0.4350,0.3900,0.4250,16594300
IJACOBS,2014-07-18,0.4200,0.4700,0.4100,0.4650,21492300
IJACOBS,2014-07-21,0.4700,0.5300,0.4650,0.4900,27789700
IJACOBS,2014-07-22,0.5000,0.5200,0.4950,0.5000,5345200
IJACOBS,2014-07-23,0.5100,0.5500,0.4900,0.5400,14142900
IJACOBS,2014-07-24,0.5450,0.6050,0.5400,0.5900,26320100
IJACOBS,2014-07-25,0.5900,0.6200,0.5800,0.6050,13441200
IJACOBS,2014-07-30,0.6100,0.6100,0.5900,0.5950,4430800
IJACOBS,2014-07-31,0.6000,0.6000,0.5600,0.5650,7032300
IJACOBS,2014-08-01,0.5450,0.5850,0.5300,0.5700,7383600
IJACOBS,2014-08-04,0.5650,0.6150,0.5650,0.6000,11200500
IJACOBS,2014-08-05,0.6050,0.6550,0.6050,0.6500,20667200
IJACOBS,2014-08-06,0.6450,0.6700,0.6250,0.6350,14666800
IJACOBS,2014-08-07,0.6350,0.6500,0.6150,0.6400,6239200
IJACOBS,2014-08-08,0.6400,0.6400,0.6000,0.6150,6910800
IJACOBS,2014-08-11,0.6300,0.6500,0.6250,0.6400,7051500
IJACOBS,2014-08-12,0.6400,0.7050,0.6400,0.7000,24038700
IJACOBS,2014-08-13,0.7100,0.7250,0.6900,0.7200,13443400
IJACOBS,2014-08-19,0.6700,0.7450,0.6450,0.6500,29730300
IJACOBS,2014-08-20,0.6500,0.6650,0.5450,0.5650,7317800
IJACOBS,2014-08-21,0.5850,0.6150,0.5750,0.5950,4842100
IJACOBS,2014-08-22,0.6000,0.6050,0.5500,0.5650,3489900
IJACOBS,2014-08-25,0.5650,0.5650,0.4800,0.5000,16059100
IJACOBS,2014-08-26,0.5050,0.5200,0.4900,0.4950,5987800
IJACOBS,2014-08-27,0.5000,0.5200,0.4900,0.5000,2402800
IJACOBS,2014-08-28,0.4850,0.4950,0.4600,0.4700,5713200
IJACOBS,2014-08-29,0.4550,0.4600,0.4150,0.4350,6415800
IJACOBS,2014-09-08,0.4900,0.5200,0.4850,0.5050,4429700
IJACOBS,2014-09-10,0.4950,0.5050,0.4900,0.4900,1176200
IJACOBS,2014-09-11,0.4900,0.4900,0.4800,0.4800,1637500
IJACOBS,2014-09-12,0.4800,0.5250,0.4700,0.5050,8024200
IJACOBS,2014-09-15,0.4950,0.5000,0.4850,0.4950,1045700
IJACOBS,2014-09-17,0.4850,0.4900,0.4850,0.4900,656000
IJACOBS,2014-09-18,0.4950,0.4950,0.4650,0.4750,3210200
IJACOBS,2014-09-19,0.4750,0.5050,0.4650,0.4800,7060700
IJACOBS,2014-09-22,0.4850,0.5050,0.4850,0.5000,2324100
IJACOBS,2014-09-23,0.4950,0.4950,0.4850,0.4850,743000
IJACOBS,2014-09-24,0.4850,0.5150,0.4800,0.4900,4854600
IJACOBS,2014-09-25,0.4900,0.5050,0.4800,0.4800,3444700
IJACOBS,2014-09-26,0.4800,0.5000,0.4800,0.4800,1716000
IJACOBS,2014-09-29,0.4850,0.4950,0.4850,0.4900,1103600
IJACOBS,2014-09-30,0.4900,0.4900,0.4800,0.4850,1101600
IJACOBS,2014-10-01,0.4800,0.4900,0.4700,0.4750,1972900
IJACOBS,2014-10-02,0.4700,0.4750,0.4650,0.4700,877100
IJACOBS,2014-10-03,0.4700,0.4700,0.4550,0.4650,666400
IJACOBS,2014-10-07,0.4700,0.4750,0.4400,0.4400,1549500
IJACOBS,2014-10-08,0.4250,0.4300,0.4000,0.4000,2514500
IJACOBS,2014-10-09,0.4050,0.4500,0.4050,0.4400,1311900
IJACOBS,2014-10-10,0.4200,0.4300,0.4100,0.4250,1484600
IJACOBS,2014-10-13,0.4200,0.4200,0.4050,0.4050,756500
IJACOBS,2014-10-14,0.4050,0.4100,0.3900,0.3900,1604700
IJACOBS,2014-10-15,0.4050,0.4150,0.3950,0.3950,1176500
IJACOBS,2014-10-16,0.3950,0.4000,0.3800,0.3800,1307100
IJACOBS,2014-10-17,0.3950,0.4050,0.3950,0.4000,526600
IJACOBS,2014-10-20,0.4100,0.4150,0.3900,0.4000,1508700
IJACOBS,2014-10-21,0.3950,0.4000,0.3950,0.3950,149000
IJACOBS,2014-10-24,0.4000,0.4250,0.4000,0.4100,1497600
IJACOBS,2014-10-27,0.4150,0.4450,0.4100,0.4350,2510800
IJACOBS,2014-10-28,0.4450,0.5050,0.4450,0.4750,15166100
IJACOBS,2014-10-29,0.4900,0.4950,0.4800,0.4850,3753600
IJACOBS,2014-10-30,0.4800,0.5150,0.4750,0.5050,9576400
IJACOBS,2014-10-31,0.5150,0.5150,0.4900,0.4900,3075300
IJACOBS,2014-11-03,0.4950,0.5000,0.4800,0.4800,3946100
IJACOBS,2014-11-04,0.4850,0.4900,0.4700,0.4850,1310400
IJACOBS,2014-11-05,0.4850,0.5000,0.4700,0.4750,2883900
IJACOBS,2014-11-06,0.4800,0.4900,0.4650,0.4650,1021900
IJACOBS,2014-11-07,0.4650,0.4800,0.4550,0.4550,1478100
IJACOBS,2014-11-10,0.4550,0.4650,0.4450,0.4450,1323600
IJACOBS,2014-11-11,0.4400,0.4450,0.4200,0.4250,1537300
IJACOBS,2014-11-12,0.4300,0.4500,0.4250,0.4250,1153400
IJACOBS,2014-11-13,0.4250,0.4250,0.4100,0.4150,1275800
IJACOBS,2014-11-14,0.4100,0.4300,0.4050,0.4200,731700
IJACOBS,2014-11-17,0.4000,0.4200,0.4000,0.4100,607700
IJACOBS,2014-11-18,0.4100,0.4500,0.4000,0.4500,2997900
IJACOBS,2014-11-19,0.4550,0.4750,0.4550,0.4650,7319000
IJACOBS,2014-11-20,0.4700,0.4700,0.4200,0.4450,1562700
IJACOBS,2014-11-21,0.4400,0.4500,0.4300,0.4400,968300
IJACOBS,2014-11-24,0.4300,0.4600,0.4300,0.4350,1554500
IJACOBS,2014-11-25,0.4300,0.4350,0.4050,0.4100,1696700
IJACOBS,2014-11-26,0.4100,0.4200,0.4050,0.4100,772800
IJACOBS,2014-11-27,0.4050,0.4050,0.3900,0.4050,1169700
IJACOBS,2014-11-28,0.3950,0.4250,0.3950,0.4150,905900
IJACOBS,2014-12-01,0.4000,0.4000,0.3500,0.3800,2458600
IJACOBS,2014-12-02,0.3650,0.3850,0.3650,0.3800,694700
IJACOBS,2014-12-03,0.3750,0.3800,0.3600,0.3600,355500
IJACOBS,2014-12-04,0.3600,0.3850,0.3550,0.3750,1204300
IJACOBS,2014-12-05,0.3750,0.3750,0.3550,0.3700,1045000
IJACOBS,2014-12-08,0.3600,0.3600,0.3450,0.3450,380800
IJACOBS,2014-12-09,0.3400,0.3400,0.3150,0.3150,626700
IJACOBS,2014-12-10,0.3150,0.3300,0.3150,0.3200,570000
IJACOBS,2014-12-11,0.3000,0.3150,0.2900,0.2950,704800
IJACOBS,2014-12-12,0.3050,0.3050,0.2500,0.2750,476300
IJACOBS,2014-12-15,0.2350,0.2400,0.2150,0.2150,905800
IJACOBS,2014-12-16,0.2200,0.2600,0.2100,0.2550,1396700
IJACOBS,2014-12-17,0.2550,0.2650,0.2550,0.2600,549500
IJACOBS,2014-12-18,0.2700,0.2900,0.2700,0.2850,1262400
IJACOBS,2014-12-19,0.2950,0.3050,0.2950,0.2950,982400
IJACOBS,2014-12-22,0.3050,0.3150,0.3000,0.3050,409900
IJACOBS,2014-12-23,0.2900,0.2900,0.2800,0.2800,71000
IJACOBS,2014-12-24,0.2950,0.3050,0.2800,0.3000,376700
IJACOBS,2014-12-26,0.3100,0.3100,0.2950,0.3050,147000
IJACOBS,2014-12-29,0.3050,0.3100,0.3000,0.3050,279000
IJACOBS,2014-12-30,0.2900,0.3100,0.2900,0.3050,287500
IJACOBS,2014-12-31,0.2950,0.3100,0.2950,0.3100,42400
IJACOBS,2015-01-02,0.3050,0.3200,0.3050,0.3050,451400
IJACOBS,2015-01-05,0.2900,0.2900,0.2800,0.2800,75000
IJACOBS,2015-01-06,0.2800,0.2800,0.2500,0.2650,498900
IJACOBS,2015-01-07,0.2700,0.2750,0.2700,0.2700,81000
IJACOBS,2015-01-08,0.2700,0.2850,0.2700,0.2850,239500
IJACOBS,2015-01-09,0.2950,0.2950,0.2850,0.2900,77000
IJACOBS,2015-01-12,0.2650,0.2950,0.2650,0.2750,39900
IJACOBS,2015-01-13,0.2950,0.3000,0.2800,0.2950,376900
IJACOBS,2015-01-14,0.3050,0.3050,0.2800,0.3000,244200
IJACOBS,2015-01-15,0.3000,0.3050,0.3000,0.3050,174800
IJACOBS,2015-01-16,0.3000,0.3050,0.2900,0.2950,145000
IJACOBS,2015-01-19,0.2950,0.3000,0.2800,0.2900,374600
IJACOBS,2015-01-20,0.2900,0.2900,0.2850,0.2900,150000
IJACOBS,2015-01-21,0.2900,0.3050,0.2800,0.3050,533800
IJACOBS,2015-01-22,0.3100,0.3300,0.3050,0.3200,1055500
IJACOBS,2015-01-23,0.3200,0.3300,0.3050,0.3050,543000
IJACOBS,2015-01-26,0.3050,0.3100,0.2850,0.2900,246000
IJACOBS,2015-01-27,0.3000,0.3150,0.3000,0.3050,448000
IJACOBS,2015-01-28,0.3000,0.3000,0.2950,0.2950,348000
IJACOBS,2015-01-29,0.3050,0.3150,0.2900,0.2900,311300
IJACOBS,2015-01-30,0.3100,0.3100,0.3000,0.3000,183000
IJACOBS,2015-02-04,0.3100,0.3400,0.3100,0.3300,2010900
IJACOBS,2015-02-05,0.3350,0.3700,0.3350,0.3600,4034100
IJACOBS,2015-02-06,0.3750,0.4000,0.3750,0.3950,5609600
IJACOBS,2015-02-09,0.3950,0.3950,0.3650,0.3800,2264300
IJACOBS,2015-02-10,0.3800,0.3800,0.3650,0.3650,447900
IJACOBS,2015-02-11,0.3650,0.3800,0.3450,0.3650,1598000
IJACOBS,2015-02-12,0.3500,0.3600,0.3400,0.3500,878100
IJACOBS,2015-02-13,0.3450,0.3750,0.3450,0.3600,1970100
IJACOBS,2015-02-16,0.3650,0.3700,0.3600,0.3600,316800
IJACOBS,2015-02-17,0.3550,0.3600,0.3450,0.3500,297000
IJACOBS,2015-02-18,0.3500,0.3550,0.3450,0.3500,300300
IJACOBS,2015-02-23,0.3500,0.3500,0.3450,0.3500,415600
IJACOBS,2015-02-24,0.3450,0.3450,0.3400,0.3450,230000
IJACOBS,2015-02-25,0.3450,0.3450,0.3450,0.3450,203700
IJACOBS,2015-02-26,0.3550,0.3650,0.3550,0.3550,654600
IJACOBS,2015-02-27,0.3600,0.3700,0.3550,0.3550,468100
IJACOBS,2015-03-02,0.3550,0.3550,0.3550,0.3550,107400
IJACOBS,2015-03-03,0.3600,0.3600,0.3550,0.3550,256400
IJACOBS,2015-03-04,0.3500,0.3700,0.3500,0.3550,510300
IJACOBS,2015-03-05,0.3500,0.3600,0.3500,0.3500,100000
IJACOBS,2015-03-06,0.3600,0.3650,0.3550,0.3550,217100
IJACOBS,2015-03-09,0.3550,0.3600,0.3550,0.3600,352000
IJACOBS,2015-03-10,0.3650,0.4100,0.3650,0.4100,6507500
IJACOBS,2015-03-11,0.4050,0.4100,0.3950,0.4000,3120900
IJACOBS,2015-03-12,0.4050,0.4150,0.4000,0.4000,1370400
IJACOBS,2015-03-13,0.4000,0.4050,0.3900,0.3950,594100
IJACOBS,2015-03-16,0.3850,0.4150,0.3750,0.4150,4338200
IJACOBS,2015-03-17,0.4200,0.4350,0.4100,0.4100,5559800
IJACOBS,2015-03-18,0.4000,0.4150,0.3900,0.4100,974300
IJACOBS,2015-03-19,0.4000,0.4050,0.3900,0.4000,317800
IJACOBS,2015-03-20,0.3900,0.3900,0.3800,0.3900,979000
IJACOBS,2015-03-23,0.4000,0.4000,0.3750,0.3850,1608700
IJACOBS,2015-03-24,0.3850,0.3900,0.3800,0.3850,612100
IJACOBS,2015-03-25,0.3850,0.3850,0.3800,0.3850,197000
IJACOBS,2015-03-26,0.3850,0.4000,0.3850,0.3950,1555700
IJACOBS,2015-03-27,0.3900,0.3900,0.3800,0.3900,459100
IJACOBS,2015-03-30,0.3900,0.4050,0.3900,0.3950,7408600
IJACOBS,2015-03-31,0.4000,0.4050,0.3900,0.3950,833500
IJACOBS,2015-04-01,0.3900,0.3950,0.3850,0.3950,514900
IJACOBS,2015-04-02,0.3900,0.3950,0.3850,0.3950,410500
IJACOBS,2015-04-03,0.3950,0.3950,0.3800,0.3900,1963700
IJACOBS,2015-04-06,0.3900,0.4050,0.3850,0.4050,2271000
IJACOBS,2015-04-07,0.4050,0.4100,0.3950,0.4000,3213800
IJACOBS,2015-04-08,0.3900,0.3950,0.3900,0.3950,385500
IJACOBS,2015-04-09,0.3900,0.3900,0.3800,0.3900,1293600
IJACOBS,2015-04-10,0.3900,0.3900,0.3800,0.3850,1039500
IJACOBS,2015-04-13,0.3800,0.3850,0.3700,0.3850,919300
IJACOBS,2015-04-14,0.3850,0.3850,0.3700,0.3700,655000
IJACOBS,2015-04-15,0.3750,0.3800,0.3700,0.3750,1030000
IJACOBS,2015-04-16,0.3800,0.3900,0.3750,0.3850,2400400
IJACOBS,2015-04-17,0.3850,0.3900,0.3800,0.3900,767400
IJACOBS,2015-04-20,0.3900,0.3900,0.3850,0.3850,498000
IJACOBS,2015-04-21,0.3850,0.3850,0.3750,0.3800,662400
IJACOBS,2015-04-22,0.3850,0.3900,0.3750,0.3750,360900
IJACOBS,2015-04-23,0.3750,0.3800,0.3700,0.3750,269600
IJACOBS,2015-04-24,0.3750,0.3750,0.3700,0.3700,401100
IJACOBS,2015-04-27,0.3700,0.3750,0.3600,0.3650,370400
IJACOBS,2015-04-28,0.3600,0.3600,0.3350,0.3350,534300
IJACOBS,2015-04-29,0.3350,0.3400,0.3200,0.3400,161900
IJACOBS,2015-04-30,0.3400,0.3400,0.3250,0.3300,181000
IJACOBS,2015-05-05,0.3400,0.3400,0.3300,0.3400,56000
IJACOBS,2015-05-06,0.3350,0.3400,0.3250,0.3400,134000
IJACOBS,2015-05-07,0.3350,0.3400,0.3250,0.3400,100100
IJACOBS,2015-05-08,0.3200,0.3300,0.3200,0.3300,91900
IJACOBS,2015-05-11,0.3200,0.3350,0.3200,0.3350,6000
IJACOBS,2015-05-13,0.3150,0.3150,0.3000,0.3000,894400
IJACOBS,2015-05-14,0.3000,0.3000,0.3000,0.3000,470000
IJACOBS,2015-05-15,0.2800,0.2950,0.2650,0.2950,498500
IJACOBS,2015-05-18,0.3000,0.3250,0.3000,0.3150,1296200
IJACOBS,2015-05-19,0.3250,0.3300,0.3050,0.3050,92000
IJACOBS,2015-05-20,0.3050,0.3100,0.3000,0.3000,119000
IJACOBS,2015-05-21,0.3000,0.3000,0.2850,0.2950,162500
IJACOBS,2015-05-22,0.2850,0.2950,0.2850,0.2950,244900
IJACOBS,2015-05-26,0.2800,0.2950,0.2800,0.2950,55200
IJACOBS,2015-05-27,0.2800,0.2850,0.2800,0.2800,149000
IJACOBS,2015-05-28,0.2900,0.2950,0.2800,0.2950,125100
IJACOBS,2015-05-29,0.2900,0.2950,0.2800,0.2950,170000
IJACOBS,2015-06-01,0.2800,0.2850,0.2750,0.2850,58000
IJACOBS,2015-06-02,0.2900,0.2900,0.2800,0.2800,12100
IJACOBS,2015-06-04,0.2850,0.2850,0.2850,0.2850,50000
IJACOBS,2015-06-05,0.2850,0.2850,0.2700,0.2800,190700
IJACOBS,2015-06-09,0.2750,0.2750,0.2750,0.2750,29000
IJACOBS,2015-06-10,0.2600,0.2600,0.2600,0.2600,75000
IJACOBS,2015-06-11,0.2700,0.2750,0.2600,0.2700,462000
IJACOBS,2015-06-12,0.2650,0.2700,0.2550,0.2550,158000
IJACOBS,2015-06-15,0.2600,0.2600,0.2300,0.2400,304400
IJACOBS,2015-06-16,0.2200,0.2250,0.2200,0.2200,196000
IJACOBS,2015-06-18,0.2400,0.2500,0.2300,0.2400,105900
IJACOBS,2015-06-22,0.2400,0.2400,0.2350,0.2400,175000
IJACOBS,2015-06-23,0.2500,0.2550,0.2500,0.2500,543000
IJACOBS,2015-06-24,0.2500,0.2600,0.2450,0.2600,200000
IJACOBS,2015-06-25,0.2600,0.2600,0.2450,0.2450,285800
IJACOBS,2015-06-29,0.2400,0.2400,0.2250,0.2350,127600
IJACOBS,2015-06-30,0.2300,0.2350,0.2200,0.2300,75000
IJACOBS,2015-07-01,0.2400,0.2400,0.2400,0.2400,1000
IJACOBS,2015-07-02,0.2350,0.2400,0.2300,0.2400,33000
IJACOBS,2015-07-03,0.2250,0.2300,0.2250,0.2300,11300
IJACOBS,2015-07-07,0.2200,0.2200,0.2150,0.2200,161200
IJACOBS,2015-07-08,0.2200,0.2200,0.2100,0.2100,159000
IJACOBS,2015-07-09,0.2100,0.2250,0.2100,0.2150,193000
IJACOBS,2015-07-10,0.2250,0.2300,0.2150,0.2150,138600
IJACOBS,2015-07-13,0.2150,0.2250,0.2150,0.2250,236500
IJACOBS,2015-07-14,0.2200,0.2200,0.2150,0.2200,31000
IJACOBS,2015-07-15,0.2200,0.2200,0.2150,0.2150,6000
IJACOBS,2015-07-16,0.2150,0.2150,0.2150,0.2150,11000
IJACOBS,2015-07-20,0.2150,0.2150,0.2000,0.2100,237600
IJACOBS,2015-07-21,0.2100,0.2250,0.2100,0.2250,119300
IJACOBS,2015-07-22,0.2150,0.2250,0.2150,0.2250,252000
IJACOBS,2015-07-23,0.2200,0.2600,0.2200,0.2500,882400
IJACOBS,2015-07-24,0.2550,0.2550,0.2350,0.2350,552900
IJACOBS,2015-07-27,0.2250,0.2300,0.2250,0.2250,149200
IJACOBS,2015-07-28,0.2150,0.2200,0.2100,0.2100,202400
IJACOBS,2015-07-29,0.2200,0.2200,0.2150,0.2150,150400
IJACOBS,2015-07-30,0.2150,0.2300,0.2100,0.2100,208200
IJACOBS,2015-07-31,0.2150,0.2200,0.2150,0.2200,140700
IJACOBS,2015-08-03,0.2200,0.2200,0.2150,0.2150,124500
IJACOBS,2015-08-04,0.2150,0.2150,0.2050,0.2050,345000
IJACOBS,2015-08-05,0.2100,0.2150,0.2050,0.2100,513000
IJACOBS,2015-08-06,0.2150,0.2150,0.2050,0.2050,159700
IJACOBS,2015-08-07,0.2000,0.2000,0.1950,0.1950,192500
IJACOBS,2015-08-11,0.1900,0.1900,0.1750,0.1850,242900
IJACOBS,2015-08-12,0.1850,0.1850,0.1650,0.1650,259800
IJACOBS,2015-08-13,0.1700,0.1750,0.1700,0.1750,117600
IJACOBS,2015-08-14,0.1750,0.1750,0.1550,0.1700,229700
IJACOBS,2015-08-17,0.1700,0.1700,0.1450,0.1500,599000
IJACOBS,2015-08-18,0.1550,0.1550,0.1500,0.1500,174700
IJACOBS,2015-08-19,0.1500,0.1500,0.1500,0.1500,69000
IJACOBS,2015-08-20,0.1450,0.1500,0.1450,0.1500,188700
IJACOBS,2015-08-24,0.1350,0.1350,0.1200,0.1250,269000
IJACOBS,2015-08-25,0.1100,0.1200,0.1100,0.1200,757200
IJACOBS,2015-08-26,0.1100,0.1200,0.1100,0.1200,195000
IJACOBS,2015-08-27,0.1200,0.1300,0.1200,0.1300,296000
IJACOBS,2015-08-28,0.1350,0.1400,0.1250,0.1250,1030000
IJACOBS,2015-09-01,0.1350,0.1350,0.1250,0.1250,220600
IJACOBS,2015-09-02,0.1200,0.1200,0.1100,0.1200,637900
IJACOBS,2015-09-03,0.1200,0.1250,0.1200,0.1250,130000
IJACOBS,2015-09-04,0.1300,0.1300,0.1250,0.1250,655000
IJACOBS,2015-09-07,0.1250,0.1250,0.1250,0.1250,30000
IJACOBS,2015-09-08,0.1250,0.1500,0.1250,0.1450,1316000
IJACOBS,2015-09-09,0.1500,0.1600,0.1450,0.1500,1278200
IJACOBS,2015-09-10,0.1500,0.1550,0.1450,0.1500,272100
IJACOBS,2015-09-11,0.1550,0.1650,0.1550,0.1650,1015800
IJACOBS,2015-09-14,0.1700,0.1700,0.1600,0.1600,455400
IJACOBS,2015-09-15,0.1600,0.1600,0.1550,0.1550,206000
IJACOBS,2015-09-17,0.1550,0.1600,0.1550,0.1600,128000
IJACOBS,2015-09-18,0.1500,0.1600,0.1500,0.1600,180000
IJACOBS,2015-09-21,0.1550,0.1600,0.1550,0.1600,115000
IJACOBS,2015-09-22,0.1650,0.1750,0.1650,0.1750,372400
IJACOBS,2015-09-23,0.1750,0.1750,0.1700,0.1700,199000
IJACOBS,2015-09-28,0.1550,0.1550,0.1550,0.1550,10000
IJACOBS,2015-09-29,0.1550,0.1550,0.1550,0.1550,55000
IJACOBS,2015-09-30,0.1550,0.1550,0.1550,0.1550,70000
IJACOBS,2015-10-02,0.1550,0.1550,0.1550,0.1550,50000
IJACOBS,2015-10-08,0.1650,0.1650,0.1600,0.1600,40000
IJACOBS,2015-10-09,0.1600,0.1650,0.1600,0.1650,242400
IJACOBS,2015-10-12,0.1650,0.1800,0.1650,0.1800,453400
IJACOBS,2015-10-13,0.1800,0.2000,0.1800,0.1950,1622200
IJACOBS,2015-10-19,0.1800,0.1900,0.1800,0.1800,180000
IJACOBS,2015-10-22,0.1750,0.1750,0.1750,0.1750,70000
IJACOBS,2015-10-23,0.1750,0.1750,0.1750,0.1750,132800
IJACOBS,2015-10-26,0.1800,0.1800,0.1800,0.1800,40000
IJACOBS,2015-10-28,0.1750,0.1800,0.1750,0.1800,239200
IJACOBS,2015-10-29,0.1800,0.1900,0.1800,0.1850,545000
IJACOBS,2015-10-30,0.1900,0.2100,0.1900,0.2050,2146900
IJACOBS,2015-11-02,0.2100,0.2150,0.2050,0.2050,994700
IJACOBS,2015-11-03,0.2050,0.2050,0.2050,0.2050,471400
IJACOBS,2015-11-04,0.2050,0.2050,0.2000,0.2000,297300
IJACOBS,2015-11-05,0.2000,0.2000,0.1800,0.1900,801500
IJACOBS,2015-11-06,0.1900,0.1900,0.1850,0.1900,230300
IJACOBS,2015-11-09,0.1900,0.2000,0.1850,0.2000,230400
IJACOBS,2015-11-11,0.1950,0.1950,0.1800,0.1800,347000
IJACOBS,2015-11-12,0.1800,0.1850,0.1800,0.1850,356100
IJACOBS,2015-11-13,0.1900,0.1900,0.1850,0.1850,120200
IJACOBS,2015-11-16,0.1800,0.1800,0.1800,0.1800,54800
IJACOBS,2015-11-17,0.1850,0.1900,0.1800,0.1850,182100
IJACOBS,2015-11-18,0.1800,0.1800,0.1750,0.1750,147000
IJACOBS,2015-11-19,0.1800,0.1800,0.1800,0.1800,82600
IJACOBS,2015-11-20,0.1800,0.1800,0.1800,0.1800,28500
IJACOBS,2015-11-23,0.1800,0.1850,0.1800,0.1800,292500
IJACOBS,2015-11-24,0.1800,0.1800,0.1800,0.1800,86000
IJACOBS,2015-11-25,0.1800,0.1800,0.1800,0.1800,1000
IJACOBS,2015-11-26,0.1800,0.1800,0.1750,0.1750,72100
IJACOBS,2015-11-27,0.1750,0.1750,0.1650,0.1650,88000
IJACOBS,2015-11-30,0.1650,0.1650,0.1500,0.1650,213500
IJACOBS,2015-12-01,0.1700,0.1750,0.1650,0.1700,139200
IJACOBS,2015-12-02,0.1650,0.1650,0.1600,0.1600,20000
IJACOBS,2015-12-03,0.1600,0.1600,0.1550,0.1550,42600
IJACOBS,2015-12-04,0.1550,0.1550,0.1550,0.1550,85000
IJACOBS,2015-12-07,0.1550,0.1550,0.1500,0.1500,24000
IJACOBS,2015-12-09,0.1500,0.1550,0.1500,0.1500,178000
IJACOBS,2015-12-10,0.1500,0.1500,0.1450,0.1450,189800
IJACOBS,2015-12-11,0.1550,0.1550,0.1550,0.1550,10000
IJACOBS,2015-12-14,0.1550,0.1550,0.1550,0.1550,93400
IJACOBS,2015-12-15,0.1500,0.1550,0.1500,0.1550,15000
IJACOBS,2015-12-16,0.1500,0.1500,0.1500,0.1500,136700
IJACOBS,2015-12-17,0.1550,0.1600,0.1500,0.1600,81000
IJACOBS,2015-12-18,0.1500,0.1500,0.1500,0.1500,137000
IJACOBS,2015-12-21,0.1500,0.1550,0.1500,0.1500,65000
IJACOBS,2015-12-22,0.1550,0.1550,0.1550,0.1550,148000
IJACOBS,2015-12-23,0.1550,0.1700,0.1550,0.1650,393700
IJACOBS,2015-12-28,0.1700,0.1900,0.1700,0.1800,903700
IJACOBS,2015-12-29,0.1800,0.1800,0.1700,0.1750,224900
IJACOBS,2015-12-30,0.1750,0.1800,0.1750,0.1800,65400
IJACOBS,2015-12-31,0.1700,0.1700,0.1600,0.1600,40000
IJACOBS,2016-01-04,0.1650,0.1650,0.1550,0.1550,387000
IJACOBS,2016-01-05,0.1600,0.1600,0.1600,0.1600,146800
IJACOBS,2016-01-06,0.1600,0.1650,0.1600,0.1650,119300
IJACOBS,2016-01-07,0.1650,0.1700,0.1600,0.1600,92000
IJACOBS,2016-01-08,0.1600,0.1700,0.1600,0.1700,188600
IJACOBS,2016-01-11,0.1650,0.1650,0.1600,0.1650,144300
IJACOBS,2016-01-12,0.1600,0.1600,0.1600,0.1600,232100
IJACOBS,2016-01-13,0.1600,0.1600,0.1600,0.1600,50000
IJACOBS,2016-01-15,0.1600,0.1700,0.1600,0.1700,392500
IJACOBS,2016-01-18,0.1600,0.1600,0.1600,0.1600,168500
IJACOBS,2016-01-19,0.1600,0.1600,0.1600,0.1600,103300
IJACOBS,2016-01-20,0.1600,0.1600,0.1600,0.1600,45000
IJACOBS,2016-01-21,0.1550,0.1600,0.1500,0.1500,219800
IJACOBS,2016-01-22,0.1500,0.1500,0.1500,0.1500,150000
IJACOBS,2016-01-26,0.1500,0.1550,0.1500,0.1500,117000
IJACOBS,2016-01-27,0.1500,0.1500,0.1500,0.1500,132500
IJACOBS,2016-01-28,0.1450,0.1500,0.1450,0.1500,475000
IJACOBS,2016-01-29,0.1500,0.1700,0.1500,0.1650,160400
IJACOBS,2016-02-02,0.1650,0.1650,0.1500,0.1500,76900
IJACOBS,2016-02-03,0.1500,0.1550,0.1500,0.1500,70000
IJACOBS,2016-02-04,0.1550,0.1550,0.1550,0.1550,47500
IJACOBS,2016-02-05,0.1500,0.1500,0.1500,0.1500,120000
IJACOBS,2016-02-10,0.1500,0.1500,0.1450,0.1500,85000
IJACOBS,2016-02-11,0.1500,0.1500,0.1500,0.1500,47800
IJACOBS,2016-02-12,0.1450,0.1500,0.1450,0.1500,40000
IJACOBS,2016-02-15,0.1500,0.1500,0.1500,0.1500,24900
IJACOBS,2016-02-16,0.1500,0.1500,0.1500,0.1500,80000
IJACOBS,2016-02-17,0.1500,0.1500,0.1500,0.1500,87000
IJACOBS,2016-02-18,0.1500,0.1500,0.1500,0.1500,9000
IJACOBS,2016-02-19,0.1700,0.1700,0.1700,0.1700,22000
IJACOBS,2016-02-23,0.1550,0.1600,0.1500,0.1550,247000
IJACOBS,2016-02-24,0.1550,0.1550,0.1500,0.1500,110000
IJACOBS,2016-02-25,0.1500,0.1500,0.1500,0.1500,191000
IJACOBS,2016-02-26,0.1500,0.1500,0.1500,0.1500,116000
IJACOBS,2016-02-29,0.1500,0.1500,0.1500,0.1500,28700
IJACOBS,2016-03-01,0.1500,0.1500,0.1500,0.1500,70000
IJACOBS,2016-03-02,0.1650,0.1650,0.1600,0.1600,466400
IJACOBS,2016-03-03,0.1600,0.1650,0.1550,0.1650,115000
IJACOBS,2016-03-04,0.1600,0.1650,0.1550,0.1550,160000
IJACOBS,2016-03-07,0.1500,0.1500,0.1450,0.1450,185000
IJACOBS,2016-03-08,0.1500,0.1550,0.1500,0.1550,313100
IJACOBS,2016-03-09,0.1550,0.1550,0.1550,0.1550,20000
IJACOBS,2016-03-11,0.1450,0.1500,0.1400,0.1500,673000
IJACOBS,2016-03-14,0.1450,0.1450,0.1450,0.1450,5000
IJACOBS,2016-03-15,0.1550,0.1650,0.1450,0.1450,105000
IJACOBS,2016-03-16,0.1500,0.1500,0.1400,0.1400,883900
IJACOBS,2016-03-17,0.1400,0.1450,0.1400,0.1450,82200
IJACOBS,2016-03-18,0.1450,0.1450,0.1450,0.1450,120000
IJACOBS,2016-03-21,0.1450,0.1500,0.1450,0.1500,133100
IJACOBS,2016-03-22,0.1450,0.1500,0.1450,0.1500,15000
IJACOBS,2016-03-23,0.1400,0.1450,0.1400,0.1450,58500
IJACOBS,2016-03-25,0.1500,0.1500,0.1500,0.1500,47600
IJACOBS,2016-03-30,0.1400,0.1500,0.1400,0.1500,82100
IJACOBS,2016-03-31,0.1450,0.1450,0.1400,0.1450,31900
IJACOBS,2016-04-04,0.1500,0.1550,0.1500,0.1500,80000
IJACOBS,2016-04-06,0.1500,0.1600,0.1500,0.1600,70500
IJACOBS,2016-04-07,0.1600,0.1600,0.1500,0.1600,111100
IJACOBS,2016-04-08,0.1600,0.1600,0.1550,0.1550,110000
IJACOBS,2016-04-11,0.1600,0.1750,0.1600,0.1700,1666700
IJACOBS,2016-04-12,0.1750,0.1800,0.1700,0.1750,850100
IJACOBS,2016-04-13,0.1700,0.1700,0.1650,0.1700,96100
IJACOBS,2016-04-14,0.1700,0.1700,0.1650,0.1650,132500
IJACOBS,2016-04-15,0.1600,0.1600,0.1500,0.1550,397500
IJACOBS,2016-04-18,0.1550,0.1600,0.1550,0.1600,101600
IJACOBS,2016-04-19,0.1600,0.1600,0.1600,0.1600,343700
IJACOBS,2016-04-20,0.1600,0.1600,0.1600,0.1600,195000
IJACOBS,2016-04-21,0.1550,0.1550,0.1550,0.1550,82200
IJACOBS,2016-04-22,0.1550,0.1550,0.1550,0.1550,103000
IJACOBS,2016-04-25,0.1550,0.1550,0.1550,0.1550,145000
IJACOBS,2016-04-26,0.1500,0.1500,0.1500,0.1500,248500
IJACOBS,2016-04-27,0.1500,0.1500,0.1450,0.1450,39000
IJACOBS,2016-04-28,0.1450,0.1450,0.1450,0.1450,95700
IJACOBS,2016-05-05,0.1500,0.1550,0.1450,0.1450,35000
IJACOBS,2016-05-09,0.1450,0.1450,0.1450,0.1450,67800
IJACOBS,2016-05-10,0.1500,0.1550,0.1500,0.1550,127500
IJACOBS,2016-05-11,0.1600,0.2200,0.1600,0.2000,7574200
IJACOBS,2016-05-12,0.2100,0.2200,0.2050,0.2050,5755600
IJACOBS,2016-05-13,0.2100,0.2100,0.1850,0.1900,1348500
IJACOBS,2016-05-16,0.1850,0.1850,0.1750,0.1850,553800
IJACOBS,2016-05-17,0.1800,0.1850,0.1700,0.1750,1868000
IJACOBS,2016-05-18,0.1750,0.1800,0.1650,0.1750,1865000
IJACOBS,2016-05-19,0.1700,0.1700,0.1650,0.1700,713900
IJACOBS,2016-05-20,0.1700,0.1950,0.1700,0.1800,3138900
IJACOBS,2016-05-23,0.1800,0.1950,0.1750,0.1900,1681700
IJACOBS,2016-05-24,0.1850,0.1850,0.1800,0.1800,611300
IJACOBS,2016-05-25,0.1750,0.1750,0.1700,0.1750,292700
IJACOBS,2016-05-26,0.1700,0.1900,0.1650,0.1650,1448500
IJACOBS,2016-05-27,0.1700,0.1750,0.1600,0.1650,577600
IJACOBS,2016-05-30,0.1600,0.1850,0.1550,0.1750,2228800
IJACOBS,2016-05-31,0.1800,0.2000,0.1800,0.1900,4125100
IJACOBS,2016-06-01,0.1900,0.1900,0.1750,0.1750,886600
IJACOBS,2016-06-02,0.1800,0.1800,0.1750,0.1750,397000
IJACOBS,2016-06-03,0.1800,0.1800,0.1700,0.1750,911500
IJACOBS,2016-06-06,0.1800,0.1950,0.1750,0.1750,1523100
IJACOBS,2016-06-07,0.1800,0.1850,0.1750,0.1750,397300
IJACOBS,2016-06-08,0.1750,0.1800,0.1750,0.1800,370000
IJACOBS,2016-06-09,0.1750,0.1800,0.1750,0.1750,510200
IJACOBS,2016-06-10,0.1750,0.1750,0.1700,0.1700,457700
IJACOBS,2016-06-13,0.1700,0.1700,0.1650,0.1650,250000
IJACOBS,2016-06-14,0.1650,0.1650,0.1650,0.1650,143600
IJACOBS,2016-06-15,0.1650,0.1750,0.1650,0.1750,965700
IJACOBS,2016-06-16,0.1700,0.1700,0.1650,0.1650,206500
IJACOBS,2016-06-17,0.1650,0.1650,0.1650,0.1650,140000
IJACOBS,2016-06-20,0.1650,0.1700,0.1650,0.1700,125000
IJACOBS,2016-06-21,0.1650,0.1650,0.1650,0.1650,307000
IJACOBS,2016-06-23,0.1650,0.1650,0.1650,0.1650,35000
IJACOBS,2016-06-24,0.1600,0.1600,0.1550,0.1600,520500
IJACOBS,2016-06-27,0.1500,0.1700,0.1500,0.1700,274100
IJACOBS,2016-06-28,0.1650,0.1750,0.1600,0.1750,501400
IJACOBS,2016-06-30,0.1750,0.1750,0.1650,0.1700,612200
IJACOBS,2016-07-01,0.1650,0.1650,0.1650,0.1650,96000
IJACOBS,2016-07-04,0.1650,0.1650,0.1600,0.1650,111500
IJACOBS,2016-07-05,0.1600,0.1600,0.1600,0.1600,10000
IJACOBS,2016-07-08,0.1600,0.1600,0.1600,0.1600,196000
IJACOBS,2016-07-11,0.1600,0.1600,0.1600,0.1600,32000
IJACOBS,2016-07-12,0.1600,0.1600,0.1600,0.1600,77000
IJACOBS,2016-07-13,0.1600,0.1600,0.1600,0.1600,85900
IJACOBS,2016-07-14,0.1600,0.1600,0.1600,0.1600,30000
IJACOBS,2016-07-15,0.1600,0.1750,0.1600,0.1750,860700
IJACOBS,2016-07-18,0.1750,0.1800,0.1750,0.1750,543100
IJACOBS,2016-07-19,0.1750,0.1800,0.1750,0.1750,416500
IJACOBS,2016-07-20,0.1750,0.1750,0.1750,0.1750,91000
IJACOBS,2016-07-21,0.1700,0.1700,0.1600,0.1650,370400
IJACOBS,2016-07-22,0.1650,0.1700,0.1650,0.1700,295000
IJACOBS,2016-07-25,0.1700,0.1750,0.1700,0.1750,380000
IJACOBS,2016-07-26,0.1750,0.1750,0.1750,0.1750,90000
IJACOBS,2016-07-27,0.1700,0.1700,0.1650,0.1650,203700
IJACOBS,2016-07-28,0.1700,0.1700,0.1650,0.1650,108300
IJACOBS,2016-07-29,0.1700,0.1700,0.1550,0.1650,854800
IJACOBS,2016-08-01,0.1650,0.1650,0.1650,0.1650,50000
IJACOBS,2016-08-02,0.1650,0.1650,0.1650,0.1650,95000
IJACOBS,2016-08-03,0.1650,0.1700,0.1650,0.1700,151000
IJACOBS,2016-08-04,0.1700,0.1750,0.1650,0.1750,153100
IJACOBS,2016-08-05,0.1650,0.1650,0.1650,0.1650,84000
IJACOBS,2016-08-10,0.1650,0.1700,0.1600,0.1650,90200
IJACOBS,2016-08-11,0.1650,0.1650,0.1600,0.1600,415700
IJACOBS,2016-08-12,0.1650,0.1650,0.1650,0.1650,190000
IJACOBS,2016-08-15,0.1650,0.1650,0.1650,0.1650,87200
IJACOBS,2016-08-16,0.1650,0.1700,0.1650,0.1700,162400
IJACOBS,2016-08-17,0.1700,0.1700,0.1650,0.1700,122200
IJACOBS,2016-08-18,0.1700,0.1700,0.1700,0.1700,20000
IJACOBS,2016-08-19,0.1700,0.1700,0.1650,0.1650,125600
IJACOBS,2016-08-22,0.1650,0.1700,0.1650,0.1700,343400
IJACOBS,2016-08-23,0.1700,0.1700,0.1700,0.1700,169200
IJACOBS,2016-08-24,0.1650,0.1750,0.1650,0.1750,45800
IJACOBS,2016-08-25,0.1700,0.1700,0.1650,0.1650,95000
IJACOBS,2016-08-26,0.1700,0.1750,0.1650,0.1650,293500
IJACOBS,2016-08-29,0.1700,0.1850,0.1650,0.1800,1613000
IJACOBS,2016-08-30,0.1750,0.1800,0.1750,0.1800,712000
IJACOBS,2016-09-01,0.1750,0.1750,0.1700,0.1700,282000
IJACOBS,2016-09-02,0.1700,0.1700,0.1700,0.1700,70000
IJACOBS,2016-09-05,0.1650,0.1700,0.1650,0.1700,295000
IJACOBS,2016-09-06,0.1700,0.1700,0.1650,0.1650,225000
IJACOBS,2016-09-07,0.1700,0.1750,0.1700,0.1750,1316300
IJACOBS,2016-09-08,0.1800,0.1950,0.1800,0.1800,5317300
IJACOBS,2016-09-09,0.1800,0.1850,0.1800,0.1800,395000
IJACOBS,2016-09-13,0.1800,0.1800,0.1700,0.1700,118600
IJACOBS,2016-09-14,0.1700,0.1700,0.1650,0.1650,475000
IJACOBS,2016-09-15,0.1700,0.1800,0.1700,0.1800,2085500
IJACOBS,2016-09-19,0.1850,0.1950,0.1850,0.1900,1984700
IJACOBS,2016-09-20,0.1850,0.1850,0.1850,0.1850,500000
IJACOBS,2016-09-21,0.1850,0.1900,0.1800,0.1900,1062300
IJACOBS,2016-09-22,0.1900,0.1900,0.1850,0.1850,944800
IJACOBS,2016-09-23,0.1900,0.1950,0.1800,0.1800,1791200
IJACOBS,2016-09-26,0.1850,0.2050,0.1850,0.2000,2477800
IJACOBS,2016-09-27,0.2050,0.2150,0.1950,0.2000,4985600
IJACOBS,2016-09-28,0.2000,0.2000,0.1950,0.1950,403900
IJACOBS,2016-09-29,0.1950,0.2000,0.1950,0.1950,451400
IJACOBS,2016-09-30,0.1950,0.1950,0.1850,0.1900,1189300
IJACOBS,2016-10-04,0.1900,0.1900,0.1800,0.1850,1169700
IJACOBS,2016-10-05,0.1850,0.1900,0.1800,0.1800,407600
IJACOBS,2016-10-06,0.1850,0.1850,0.1850,0.1850,438500
IJACOBS,2016-10-07,0.1800,0.1800,0.1750,0.1750,548100
IJACOBS,2016-10-10,0.1750,0.1800,0.1750,0.1800,320000
IJACOBS,2016-10-11,0.1800,0.1800,0.1750,0.1750,355000
IJACOBS,2016-10-12,0.1750,0.1950,0.1750,0.1950,1535600
IJACOBS,2016-10-13,0.1950,0.1950,0.1850,0.1850,536000
IJACOBS,2016-10-14,0.1850,0.1900,0.1850,0.1850,260000
IJACOBS,2016-10-17,0.1850,0.1850,0.1850,0.1850,262900
IJACOBS,2016-10-18,0.1850,0.1850,0.1800,0.1800,71400
IJACOBS,2016-10-19,0.1850,0.1900,0.1850,0.1850,331700
IJACOBS,2016-10-20,0.1850,0.1950,0.1850,0.1950,579100
IJACOBS,2016-10-21,0.1950,0.2000,0.1950,0.2000,525500
IJACOBS,2016-10-24,0.2000,0.2050,0.1950,0.2000,1180200
IJACOBS,2016-10-25,0.2000,0.2000,0.1950,0.2000,516300
IJACOBS,2016-10-26,0.2000,0.2000,0.1900,0.1900,336100
IJACOBS,2016-10-27,0.1900,0.1950,0.1900,0.1900,280700
IJACOBS,2016-10-28,0.1950,0.2000,0.1850,0.1900,404400
IJACOBS,2016-10-31,0.1900,0.1900,0.1900,0.1900,115600
IJACOBS,2016-11-01,0.1850,0.1900,0.1850,0.1900,271000
IJACOBS,2016-11-02,0.1900,0.1900,0.1850,0.1850,148800
IJACOBS,2016-11-03,0.1850,0.1900,0.1850,0.1850,333700
IJACOBS,2016-11-04,0.1850,0.1850,0.1850,0.1850,18200
IJACOBS,2016-11-07,0.1900,0.1950,0.1900,0.1950,33100
IJACOBS,2016-11-08,0.1900,0.1900,0.1900,0.1900,8500
IJACOBS,2016-11-09,0.1850,0.1850,0.1800,0.1800,1061100
IJACOBS,2016-11-10,0.1850,0.1900,0.1850,0.1900,184000
IJACOBS,2016-11-11,0.1850,0.1850,0.1850,0.1850,257600
IJACOBS,2016-11-17,0.1850,0.1900,0.1850,0.1900,189100
IJACOBS,2016-11-18,0.1900,0.1900,0.1900,0.1900,515600
IJACOBS,2016-11-21,0.2000,0.2100,0.1950,0.2100,3012400
IJACOBS,2016-11-22,0.2200,0.2300,0.2150,0.2300,5412500
IJACOBS,2016-11-23,0.2350,0.2450,0.2250,0.2250,3536100
IJACOBS,2016-11-24,0.2300,0.2300,0.2150,0.2200,2316000
IJACOBS,2016-11-25,0.2150,0.2200,0.2100,0.2100,938500
IJACOBS,2016-11-28,0.2050,0.2100,0.2050,0.2100,729400
IJACOBS,2016-11-29,0.2050,0.2250,0.2050,0.2150,1561400
IJACOBS,2016-11-30,0.2150,0.2250,0.2150,0.2200,882400
IJACOBS,2016-12-01,0.2200,0.2250,0.2100,0.2100,575300
IJACOBS,2016-12-02,0.2150,0.2150,0.2100,0.2100,678900
IJACOBS,2016-12-05,0.2100,0.2100,0.2050,0.2050,505600
IJACOBS,2016-12-06,0.2050,0.2050,0.2050,0.2050,352200
IJACOBS,2016-12-07,0.2050,0.2050,0.2050,0.2050,159000
IJACOBS,2016-12-08,0.2050,0.2050,0.2050,0.2050,160600
IJACOBS,2016-12-09,0.2050,0.2050,0.2050,0.2050,234600
IJACOBS,2016-12-13,0.2050,0.2150,0.2050,0.2150,303500
IJACOBS,2016-12-14,0.2200,0.2250,0.2200,0.2200,590500
IJACOBS,2016-12-15,0.2200,0.2250,0.2150,0.2250,148200
IJACOBS,2016-12-16,0.2250,0.2300,0.2250,0.2250,371900
IJACOBS,2016-12-19,0.2200,0.2250,0.2200,0.2200,190800
IJACOBS,2016-12-20,0.2200,0.2200,0.2200,0.2200,111800
IJACOBS,2016-12-21,0.2200,0.2300,0.2200,0.2300,782100
IJACOBS,2016-12-22,0.2300,0.2450,0.2300,0.2350,2853900
IJACOBS,2016-12-23,0.2350,0.2350,0.2300,0.2300,606000
IJACOBS,2016-12-27,0.2200,0.2400,0.2200,0.2300,506500
IJACOBS,2016-12-28,0.2350,0.2400,0.2250,0.2300,197100
IJACOBS,2016-12-29,0.2250,0.2400,0.2250,0.2300,1813600
IJACOBS,2016-12-30,0.2300,0.2350,0.2250,0.2350,184000
IJACOBS,2017-01-03,0.2300,0.2350,0.2300,0.2300,205100
IJACOBS,2017-01-04,0.2300,0.2300,0.2300,0.2300,256000
IJACOBS,2017-01-05,0.2350,0.2500,0.2350,0.2450,1868100
IJACOBS,2017-01-06,0.2500,0.2600,0.2450,0.2500,3992600
IJACOBS,2017-01-09,0.2500,0.2650,0.2500,0.2550,3019900
IJACOBS,2017-01-10,0.2550,0.2650,0.2550,0.2650,1742400
IJACOBS,2017-01-11,0.2650,0.2700,0.2550,0.2600,1323200
IJACOBS,2017-01-12,0.2650,0.2700,0.2500,0.2650,1730800
IJACOBS,2017-01-13,0.2600,0.2600,0.2550,0.2600,565100
IJACOBS,2017-01-16,0.2650,0.2650,0.2450,0.2450,1203900
IJACOBS,2017-01-17,0.2500,0.2550,0.2450,0.2450,603200
IJACOBS,2017-01-18,0.2450,0.2650,0.2450,0.2550,2028400
IJACOBS,2017-01-19,0.2600,0.2600,0.2500,0.2500,658000
IJACOBS,2017-01-20,0.2500,0.2550,0.2450,0.2450,292800
IJACOBS,2017-01-23,0.2450,0.2450,0.2350,0.2350,512500
IJACOBS,2017-01-24,0.2300,0.2350,0.2250,0.2250,936900
IJACOBS,2017-01-25,0.2250,0.2400,0.2250,0.2300,511400
IJACOBS,2017-01-26,0.2350,0.2400,0.2300,0.2300,286400
IJACOBS,2017-01-27,0.2300,0.2350,0.2300,0.2350,48000
IJACOBS,2017-01-31,0.2300,0.2350,0.2300,0.2300,344200
IJACOBS,2017-02-02,0.2250,0.2350,0.2250,0.2350,613200
IJACOBS,2017-02-03,0.2350,0.2500,0.2300,0.2400,1775700
IJACOBS,2017-02-06,0.2450,0.2500,0.2450,0.2450,149000
IJACOBS,2017-02-07,0.2450,0.2450,0.2350,0.2400,181700
IJACOBS,2017-02-08,0.2400,0.2400,0.2350,0.2400,228000
IJACOBS,2017-02-10,0.2400,0.2600,0.2350,0.2600,2414500
IJACOBS,2017-02-13,0.2600,0.2700,0.2550,0.2650,1918100
IJACOBS,2017-02-14,0.2700,0.3000,0.2700,0.2950,8779400
IJACOBS,2017-02-15,0.3000,0.3000,0.2800,0.2850,3409700
IJACOBS,2017-02-16,0.2850,0.2850,0.2800,0.2850,586000
IJACOBS,2017-02-17,0.2750,0.2850,0.2700,0.2750,933900
IJACOBS,2017-02-20,0.2800,0.2950,0.2800,0.2900,2239800
IJACOBS,2017-02-21,0.2950,0.3000,0.2850,0.2850,1471300
IJACOBS,2017-02-22,0.2850,0.3150,0.2850,0.3000,3651400
IJACOBS,2017-02-23,0.3050,0.3050,0.2900,0.2950,954900
IJACOBS,2017-02-24,0.2900,0.3000,0.2850,0.2950,1158600
IJACOBS,2017-02-27,0.2950,0.3000,0.2850,0.2850,1281200
IJACOBS,2017-02-28,0.2700,0.2750,0.2050,0.2250,6354000
IJACOBS,2017-03-01,0.2250,0.2450,0.2200,0.2350,3333100
IJACOBS,2017-03-02,0.2400,0.2450,0.2300,0.2300,1566600
IJACOBS,2017-03-03,0.2250,0.2250,0.2200,0.2200,1152800
IJACOBS,2017-03-06,0.2200,0.2400,0.2200,0.2300,1778000
IJACOBS,2017-03-07,0.2300,0.2400,0.2300,0.2400,1146000
IJACOBS,2017-03-08,0.2300,0.2350,0.2250,0.2300,660700
IJACOBS,2017-03-09,0.2300,0.2350,0.2250,0.2250,663000
IJACOBS,2017-03-10,0.2300,0.2350,0.2250,0.2350,923700
IJACOBS,2017-03-13,0.2250,0.2300,0.2250,0.2250,1025700
IJACOBS,2017-03-14,0.2300,0.2400,0.2300,0.2300,2330200
IJACOBS,2017-03-15,0.2300,0.2450,0.2300,0.2450,3068600
IJACOBS,2017-03-16,0.2450,0.2500,0.2350,0.2400,1047400
IJACOBS,2017-03-17,0.2350,0.2400,0.2350,0.2350,1133500
IJACOBS,2017-03-20,0.2400,0.2450,0.2350,0.2350,1344000
IJACOBS,2017-03-21,0.2400,0.2400,0.2350,0.2350,480600
IJACOBS,2017-03-22,0.2350,0.2350,0.2300,0.2350,471400
IJACOBS,2017-03-23,0.2350,0.2550,0.2350,0.2450,4326400
IJACOBS,2017-03-24,0.2500,0.2600,0.2450,0.2550,2288600
IJACOBS,2017-03-27,0.2550,0.2550,0.2450,0.2550,1609100
IJACOBS,2017-03-28,0.2500,0.2500,0.2450,0.2450,530000
IJACOBS,2017-03-29,0.2450,0.2700,0.2450,0.2600,2495500
IJACOBS,2017-03-30,0.265,0.27,0.255,0.255,669800.0
IJACOBS,2017-03-31,0.255,0.255,0.25,0.255,848000.0
IJACOBS,2017-04-03,0.25,0.26,0.245,0.255,828100.0
IJACOBS,2017-04-04,0.255,0.26,0.255,0.255,617300.0
IJACOBS,2017-04-05,0.255,0.265,0.25,0.26,1430000.0
IJACOBS,2017-04-06,0.26,0.275,0.26,0.265,1990000.0
IJACOBS,2017-04-07,0.26,0.27,0.26,0.265,1500000.0
IJACOBS,2017-04-10,0.265,0.27,0.26,0.265,1110000.0
IJACOBS,2017-04-11,0.265,0.265,0.255,0.255,655000.0
IJACOBS,2017-04-12,0.26,0.265,0.255,0.255,285500.0
IJACOBS,2017-04-13,0.26,0.26,0.25,0.255,1010000.0
IJACOBS,2017-04-14,0.25,0.25,0.24,0.24,945200.0
IJACOBS,2017-04-17,0.24,0.24,0.235,0.235,715400.0
IJACOBS,2017-04-18,0.235,0.24,0.235,0.24,384600.0
IJACOBS,2017-04-19,0.245,0.245,0.23,0.235,808100.0
IJACOBS,2017-04-20,0.23,0.235,0.23,0.235,631100.0
IJACOBS,2017-04-21,0.235,0.235,0.235,0.235,373700.0
IJACOBS,2017-04-25,0.235,0.235,0.23,0.23,245000.0
IJACOBS,2017-04-26,0.23,0.245,0.23,0.24,1110000.0
IJACOBS,2017-04-27,0.24,0.25,0.24,0.24,1250000.0
IJACOBS,2017-04-28,0.245,0.25,0.24,0.245,356300.0
IJACOBS,2017-05-02,0.25,0.255,0.25,0.255,2049999.9999999998
IJACOBS,2017-05-03,0.255,0.255,0.245,0.25,922300.0
IJACOBS,2017-05-04,0.245,0.245,0.245,0.245,239500.0
IJACOBS,2017-05-05,0.245,0.26,0.245,0.255,1090000.0
IJACOBS,2017-05-08,0.255,0.26,0.25,0.25,847400.0
IJACOBS,2017-05-09,0.25,0.255,0.245,0.245,215000.0
IJACOBS,2017-05-11,0.24,0.25,0.24,0.25,178000.0
IJACOBS,2017-05-12,0.255,0.29,0.255,0.285,6150000.0
IJACOBS,2017-05-15,0.295,0.295,0.275,0.285,4110000.0000000005
IJACOBS,2017-05-16,0.285,0.285,0.28,0.28,674000.0
IJACOBS,2017-05-17,0.275,0.28,0.27,0.28,1450000.0
IJACOBS,2017-05-18,0.27,0.27,0.265,0.27,665500.0
IJACOBS,2017-05-19,0.28,0.28,0.27,0.27,476200.0
IJACOBS,2017-05-22,0.27,0.285,0.27,0.275,2670000.0
IJACOBS,2017-05-23,0.28,0.28,0.27,0.27,440000.0
IJACOBS,2017-05-24,0.27,0.275,0.265,0.275,428500.0
IJACOBS,2017-05-25,0.28,0.28,0.26,0.26,875800.0
IJACOBS,2017-05-26,0.26,0.27,0.255,0.255,1750000.0
IJACOBS,2017-05-29,0.255,0.26,0.25,0.25,1120000.0
IJACOBS,2017-05-30,0.25,0.255,0.25,0.25,1610000.0
IJACOBS,2017-05-31,0.25,0.255,0.245,0.255,1400000.0
IJACOBS,2017-06-01,0.255,0.27,0.255,0.27,1200000.0
IJACOBS,2017-06-02,0.27,0.28,0.27,0.28,755200.0
IJACOBS,2017-06-05,0.28,0.295,0.28,0.295,3980000.0
IJACOBS,2017-06-06,0.295,0.295,0.28,0.285,978600.0
IJACOBS,2017-06-07,0.28,0.325,0.28,0.325,7210000.0
IJACOBS,2017-06-08,0.335,0.345,0.325,0.33,6330000.0
IJACOBS,2017-06-09,0.33,0.4,0.33,0.39,16840000.0
IJACOBS,2017-06-13,0.395,0.45,0.395,0.435,18070000.0
IJACOBS,2017-06-14,0.435,0.455,0.405,0.445,9510000.0
IJACOBS,2017-06-15,0.445,0.46,0.435,0.44,6360000.0
IJACOBS,2017-06-16,0.45,0.45,0.435,0.435,2400000.0
IJACOBS,2017-06-19,0.43,0.44,0.385,0.39,7320000.0
IJACOBS,2017-06-20,0.385,0.405,0.36,0.37,5210000.0
IJACOBS,2017-06-21,0.37,0.385,0.365,0.375,2340000.0
IJACOBS,2017-06-22,0.375,0.395,0.375,0.385,4600000.0
IJACOBS,2017-06-23,0.385,0.395,0.375,0.385,3200000.0
IJACOBS,2017-06-28,0.39,0.39,0.375,0.375,1250000.0
IJACOBS,2017-06-29,0.375,0.39,0.375,0.38,1680000.0
IJACOBS,2017-06-30,0.375,0.38,0.37,0.375,2230000.0
IJACOBS,2017-07-03,0.375,0.395,0.37,0.38,4520000.0
IJACOBS,2017-07-04,0.385,0.445,0.38,0.44,16780000.0
IJACOBS,2017-07-05,0.44,0.455,0.43,0.43,9540000.0
IJACOBS,2017-07-06,0.435,0.445,0.425,0.425,1110000.0
IJACOBS,2017-07-07,0.425,0.44,0.415,0.42,2160000.0
IJACOBS,2017-07-10,0.415,0.43,0.41,0.42,1600000.0
IJACOBS,2017-07-11,0.42,0.44,0.395,0.43,6070000.0
IJACOBS,2017-07-12,0.44,0.445,0.425,0.435,3840000.0
IJACOBS,2017-07-13,0.44,0.495,0.435,0.495,21220000.0
IJACOBS,2017-07-14,0.505,0.515,0.49,0.495,11700000.0
IJACOBS,2017-07-17,0.495,0.515,0.49,0.495,5260000.0
IJACOBS,2017-07-18,0.49,0.525,0.49,0.51,6340000.0
IJACOBS,2017-07-19,0.515,0.535,0.505,0.515,8930000.0
IJACOBS,2017-07-20,0.515,0.525,0.5,0.51,4090000.0
IJACOBS,2017-07-21,0.5,0.5,0.485,0.495,3040000.0
IJACOBS,2017-07-24,0.49,0.495,0.485,0.485,2200000.0
IJACOBS,2017-07-25,0.485,0.51,0.48,0.5,7010000.0
IJACOBS,2017-07-26,0.5,0.505,0.48,0.49,3520000.0
IJACOBS,2017-07-27,0.49,0.52,0.49,0.51,9750000.0
IJACOBS,2017-07-28,0.51,0.515,0.5,0.505,3680000.0
IJACOBS,2017-07-31,0.505,0.505,0.49,0.49,2640000.0
IJACOBS,2017-08-01,0.485,0.505,0.485,0.49,3900000.0
IJACOBS,2017-08-02,0.495,0.555,0.49,0.54,22490000.0
IJACOBS,2017-08-03,0.54,0.555,0.52,0.525,8160000.0
IJACOBS,2017-08-04,0.525,0.54,0.52,0.53,2020000.0
IJACOBS,2017-08-07,0.525,0.535,0.505,0.51,3420000.0
IJACOBS,2017-08-08,0.51,0.515,0.41,0.48,15650000.0
IJACOBS,2017-08-09,0.48,0.495,0.465,0.465,4330000.0
IJACOBS,2017-08-10,0.46,0.46,0.43,0.44,1450000.0
IJACOBS,2017-08-11,0.44,0.44,0.415,0.425,1910000.0
IJACOBS,2017-08-14,0.42,0.465,0.42,0.46,7630000.0
IJACOBS,2017-08-15,0.46,0.47,0.455,0.46,4250000.0
IJACOBS,2017-08-16,0.46,0.485,0.46,0.47,5160000.0
IJACOBS,2017-08-17,0.47,0.48,0.465,0.47,1450000.0
IJACOBS,2017-08-18,0.47,0.47,0.44,0.46,2370000.0
IJACOBS,2017-08-21,0.46,0.46,0.35,0.405,7990000.0
IJACOBS,2017-08-22,0.405,0.415,0.36,0.36,7240000.0
IJACOBS,2017-08-23,0.36,0.38,0.36,0.365,2580000.0
IJACOBS,2017-08-24,0.365,0.37,0.36,0.37,1520000.0
IJACOBS,2017-08-25,0.37,0.375,0.355,0.36,2200000.0
IJACOBS,2017-08-28,0.36,0.365,0.33,0.34,2000000.0
IJACOBS,2017-08-29,0.32,0.335,0.315,0.325,1970000.0
IJACOBS,2017-08-30,0.34,0.36,0.335,0.35,3250000.0
IJACOBS,2017-09-05,0.355,0.36,0.33,0.33,1390000.0
IJACOBS,2017-09-06,0.33,0.35,0.33,0.335,1460000.0
IJACOBS,2017-09-07,0.335,0.35,0.335,0.345,1590000.0
IJACOBS,2017-09-08,0.345,0.35,0.335,0.345,1720000.0
IJACOBS,2017-09-11,0.345,0.395,0.34,0.39,6210000.0
IJACOBS,2017-09-12,0.395,0.415,0.385,0.39,3790000.0
IJACOBS,2017-09-13,0.385,0.395,0.375,0.385,478800.0
IJACOBS,2017-09-14,0.385,0.405,0.385,0.39,1360000.0
IJACOBS,2017-09-15,0.39,0.415,0.39,0.4,4580000.0
IJACOBS,2017-09-18,0.405,0.415,0.4,0.4,2300000.0
IJACOBS,2017-09-19,0.4,0.4,0.395,0.4,635700.0
IJACOBS,2017-09-20,0.4,0.4,0.39,0.39,819200.0
IJACOBS,2017-09-21,0.39,0.4,0.385,0.395,2300000.0
IJACOBS,2017-09-25,0.395,0.395,0.38,0.39,420300.0
IJACOBS,2017-09-26,0.38,0.38,0.375,0.38,313900.0
IJACOBS,2017-09-27,0.38,0.4,0.38,0.395,1160000.0
IJACOBS,2017-09-28,0.4,0.405,0.39,0.39,2540000.0
IJACOBS,2017-09-29,0.39,0.395,0.38,0.39,677400.0
IJACOBS,2017-10-02,0.395,0.395,0.385,0.395,198200.0
IJACOBS,2017-10-03,0.38,0.4,0.38,0.39,1030000.0
IJACOBS,2017-10-04,0.39,0.41,0.39,0.405,5380000.0
IJACOBS,2017-10-05,0.41,0.42,0.4,0.405,3080000.0
IJACOBS,2017-10-06,0.405,0.41,0.4,0.405,930000.0
IJACOBS,2017-10-09,0.405,0.42,0.405,0.405,1740000.0
IJACOBS,2017-10-10,0.405,0.445,0.4,0.445,10520000.0
IJACOBS,2017-10-11,0.445,0.47,0.435,0.445,8540000.0
IJACOBS,2017-10-12,0.445,0.46,0.445,0.45,1350000.0
IJACOBS,2017-10-13,0.45,0.465,0.45,0.45,2860000.0
IJACOBS,2017-10-16,0.45,0.455,0.44,0.44,1250000.0
IJACOBS,2017-10-17,0.44,0.455,0.44,0.45,2700000.0
IJACOBS,2017-10-19,0.45,0.45,0.435,0.44,974300.0
IJACOBS,2017-10-20,0.435,0.44,0.43,0.44,370500.0
IJACOBS,2017-10-23,0.43,0.435,0.42,0.425,1480000.0
IJACOBS,2017-10-24,0.43,0.43,0.405,0.41,2180000.0
IJACOBS,2017-10-25,0.41,0.41,0.4,0.41,685800.0
IJACOBS,2017-10-26,0.41,0.425,0.41,0.42,1500000.0
IJACOBS,2017-10-27,0.425,0.43,0.415,0.42,728600.0
IJACOBS,2017-10-30,0.42,0.435,0.41,0.43,2200000.0
IJACOBS,2017-10-31,0.435,0.445,0.43,0.44,1380000.0
IJACOBS,2017-11-01,0.43,0.44,0.43,0.43,318000.0
IJACOBS,2017-11-02,0.43,0.43,0.42,0.43,405000.0
IJACOBS,2017-11-03,0.42,0.435,0.415,0.425,1160000.0
IJACOBS,2017-11-06,0.415,0.435,0.415,0.43,805000.0
IJACOBS,2017-11-07,0.43,0.43,0.415,0.415,1350000.0
IJACOBS,2017-11-08,0.42,0.425,0.415,0.415,627500.0
IJACOBS,2017-11-09,0.415,0.435,0.415,0.43,2370000.0
IJACOBS,2017-11-10,0.43,0.44,0.425,0.43,1340000.0
IJACOBS,2017-11-13,0.43,0.435,0.42,0.43,652400.0
IJACOBS,2017-11-14,0.425,0.425,0.425,0.425,562700.0
IJACOBS,2017-11-15,0.425,0.425,0.415,0.425,897500.0
IJACOBS,2017-11-16,0.425,0.425,0.42,0.425,830200.0
IJACOBS,2017-11-17,0.43,0.435,0.425,0.425,2029999.9999999998
IJACOBS,2017-11-20,0.425,0.425,0.415,0.42,428000.0
IJACOBS,2017-11-21,0.415,0.415,0.395,0.405,1400000.0
IJACOBS,2017-11-22,0.4,0.41,0.4,0.41,261000.0
IJACOBS,2017-11-23,0.405,0.405,0.4,0.4,226000.0
IJACOBS,2017-11-24,0.405,0.415,0.4,0.415,980000.0
IJACOBS,2017-11-27,0.405,0.405,0.4,0.405,392900.0
IJACOBS,2017-11-28,0.4,0.4,0.365,0.37,1020000.0
IJACOBS,2017-11-29,0.365,0.385,0.345,0.37,1110000.0
IJACOBS,2017-11-30,0.355,0.365,0.355,0.36,109000.0
IJACOBS,2017-12-04,0.355,0.355,0.335,0.335,1140000.0
IJACOBS,2017-12-05,0.32,0.33,0.315,0.325,797400.0
IJACOBS,2017-12-06,0.33,0.34,0.33,0.34,570200.0
IJACOBS,2017-12-07,0.35,0.355,0.345,0.35,377800.0
IJACOBS,2017-12-08,0.35,0.35,0.33,0.35,435100.0
IJACOBS,2017-12-11,0.34,0.35,0.33,0.35,355000.0
IJACOBS,2017-12-12,0.35,0.35,0.335,0.35,121000.0
IJACOBS,2017-12-13,0.345,0.355,0.345,0.35,253900.0
IJACOBS,2017-12-14,0.36,0.39,0.36,0.39,1520000.0
IJACOBS,2017-12-15,0.39,0.415,0.39,0.4,1140000.0
IJACOBS,2017-12-18,0.405,0.415,0.405,0.405,470100.0
IJACOBS,2017-12-19,0.4,0.405,0.4,0.405,465500.0
IJACOBS,2017-12-20,0.405,0.41,0.4,0.41,353800.0
IJACOBS,2017-12-21,0.41,0.425,0.405,0.42,1580000.0
IJACOBS,2017-12-22,0.42,0.42,0.415,0.42,474900.0
IJACOBS,2017-12-26,0.415,0.415,0.405,0.405,257800.0
IJACOBS,2017-12-27,0.405,0.415,0.405,0.405,1290000.0
IJACOBS,2017-12-28,0.405,0.42,0.405,0.415,1620000.0
IJACOBS,2017-12-29,0.415,0.415,0.405,0.415,769400.0
IJACOBS,2018-01-02,0.405,0.41,0.405,0.41,576900.0
IJACOBS,2018-01-03,0.405,0.41,0.405,0.405,622200.0
IJACOBS,2018-01-04,0.405,0.42,0.4,0.415,2120000.0
IJACOBS,2018-01-05,0.415,0.415,0.405,0.415,993500.0
IJACOBS,2018-01-08,0.41,0.415,0.41,0.415,720300.0
IJACOBS,2018-01-09,0.41,0.455,0.405,0.45,8270000.0
IJACOBS,2018-01-10,0.455,0.46,0.44,0.44,3460000.0
IJACOBS,2018-01-11,0.44,0.44,0.425,0.43,472400.0
IJACOBS,2018-01-12,0.43,0.43,0.42,0.425,571200.0
IJACOBS,2018-01-15,0.425,0.43,0.415,0.42,840100.0
IJACOBS,2018-01-16,0.42,0.42,0.405,0.405,1010000.0
IJACOBS,2018-01-17,0.415,0.425,0.41,0.415,1280000.0
IJACOBS,2018-01-18,0.41,0.41,0.405,0.41,314100.0
IJACOBS,2018-01-19,0.41,0.425,0.405,0.41,1770000.0
IJACOBS,2018-01-22,0.415,0.425,0.41,0.42,1280000.0
IJACOBS,2018-01-23,0.42,0.435,0.42,0.425,1610000.0
IJACOBS,2018-01-24,0.425,0.425,0.415,0.42,688200.0
IJACOBS,2018-01-25,0.415,0.42,0.415,0.415,208800.0
IJACOBS,2018-01-26,0.415,0.415,0.41,0.41,688600.0
IJACOBS,2018-01-29,0.41,0.415,0.395,0.395,1730000.0
IJACOBS,2018-01-30,0.385,0.385,0.35,0.36,3870000.0
IJACOBS,2018-02-02,0.35,0.37,0.35,0.36,817400.0
IJACOBS,2018-02-05,0.34,0.365,0.34,0.355,486200.0
IJACOBS,2018-02-06,0.34,0.34,0.315,0.325,1490000.0
IJACOBS,2018-02-07,0.335,0.345,0.32,0.32,1400000.0
IJACOBS,2018-02-08,0.32,0.335,0.32,0.33,101300.0
IJACOBS,2018-02-09,0.315,0.325,0.315,0.325,1790000.0
IJACOBS,2018-02-12,0.325,0.33,0.32,0.325,423600.0
IJACOBS,2018-02-13,0.33,0.34,0.315,0.32,1980000.0
IJACOBS,2018-02-14,0.32,0.325,0.315,0.325,728300.0
IJACOBS,2018-02-15,0.32,0.325,0.315,0.32,841200.0
IJACOBS,2018-02-19,0.32,0.335,0.32,0.335,1160000.0
IJACOBS,2018-02-20,0.34,0.355,0.34,0.345,1490000.0
IJACOBS,2018-02-21,0.335,0.35,0.33,0.35,147300.0
IJACOBS,2018-02-22,0.335,0.35,0.335,0.35,448100.0
IJACOBS,2018-02-23,0.34,0.36,0.335,0.34,798000.0
IJACOBS,2018-02-26,0.335,0.345,0.335,0.345,324200.0
IJACOBS,2018-02-27,0.335,0.335,0.32,0.335,561500.0
IJACOBS,2018-02-28,0.335,0.335,0.32,0.335,273000.0
IJACOBS,2018-03-01,0.315,0.325,0.315,0.325,161200.0
IJACOBS,2018-03-02,0.32,0.32,0.315,0.32,657400.0
IJACOBS,2018-03-05,0.325,0.325,0.31,0.315,218800.0
IJACOBS,2018-03-06,0.315,0.325,0.315,0.325,390000.0
IJACOBS,2018-03-07,0.31,0.32,0.305,0.315,555300.0
IJACOBS,2018-03-08,0.305,0.31,0.295,0.3,522100.0
IJACOBS,2018-03-09,0.295,0.32,0.295,0.32,1470000.0
IJACOBS,2018-03-12,0.31,0.315,0.305,0.31,492400.0
IJACOBS,2018-03-13,0.305,0.31,0.305,0.31,218800.0
IJACOBS,2018-03-14,0.3,0.325,0.3,0.31,974300.0
IJACOBS,2018-03-15,0.305,0.31,0.3,0.305,258800.0
IJACOBS,2018-03-16,0.305,0.315,0.3,0.31,667300.0
IJACOBS,2018-03-19,0.305,0.32,0.3,0.31,907600.0
IJACOBS,2018-03-20,0.3,0.32,0.3,0.32,462200.0
IJACOBS,2018-03-21,0.31,0.35,0.31,0.35,3620000.0
IJACOBS,2018-03-22,0.37,0.4,0.37,0.395,5310000.0
IJACOBS,2018-03-23,0.375,0.395,0.37,0.395,1840000.0
IJACOBS,2018-03-26,0.39,0.4,0.385,0.395,1570000.0
IJACOBS,2018-03-27,0.4,0.405,0.385,0.39,1250000.0
IJACOBS,2018-03-28,0.395,0.395,0.375,0.38,1040000.0
