IOIPG,2014-01-15,2.8986,3.2146,2.7180,2.7992,73229619
IOIPG,2014-01-16,2.7992,2.8173,2.6006,2.6367,49003730
IOIPG,2014-01-20,2.7180,2.7541,2.6818,2.7360,19515133
IOIPG,2014-01-21,2.6999,2.7089,2.6818,2.6999,13927057
IOIPG,2014-01-22,2.6999,2.7180,2.6277,2.6367,25070651
IOIPG,2014-01-23,2.6367,2.6367,2.5374,2.5554,33520044
IOIPG,2014-01-24,2.5554,2.5915,2.5374,2.5735,9208438
IOIPG,2014-01-27,2.5193,2.5825,2.4380,2.4741,21669232
IOIPG,2014-01-28,2.4561,2.4832,2.4110,2.4471,25474427
IOIPG,2014-01-29,2.4380,2.4832,2.4019,2.4110,15598751
IOIPG,2014-01-30,2.4290,2.4380,2.3839,2.4380,8896027
IOIPG,2014-02-04,2.3839,2.3929,2.3387,2.3387,11739402
IOIPG,2014-02-05,2.3658,2.3658,2.2845,2.3568,8500114
IOIPG,2014-02-06,2.3116,2.3297,2.2845,2.3207,9634474
IOIPG,2014-02-07,2.3207,2.3568,2.3116,2.3477,11806181
IOIPG,2014-02-10,2.3568,2.3839,2.3207,2.3207,7318023
IOIPG,2014-02-11,2.3297,2.3477,2.3026,2.3116,8772214
IOIPG,2014-02-12,2.3116,2.3297,2.2936,2.3116,6563407
IOIPG,2014-02-13,2.3297,2.3297,2.2936,2.3207,2848248
IOIPG,2014-02-14,2.3026,2.3387,2.3026,2.3116,3307396
IOIPG,2014-02-17,2.3207,2.3658,2.3116,2.3477,1946009
IOIPG,2014-02-18,2.3477,2.3568,2.3477,2.3477,2778146
IOIPG,2014-02-19,2.3568,2.4019,2.3477,2.4019,7901981
IOIPG,2014-02-20,2.4019,2.5012,2.3748,2.4110,6924103
IOIPG,2014-02-21,2.4200,2.4561,2.4110,2.4110,2778146
IOIPG,2014-02-24,2.4110,2.4380,2.3929,2.3929,2100277
IOIPG,2014-02-25,2.3929,2.4290,2.3297,2.3387,4621717
IOIPG,2014-02-26,2.3658,2.3748,2.3207,2.3207,5388404
IOIPG,2014-02-27,2.3568,2.3568,2.3207,2.3477,3599763
IOIPG,2014-02-28,2.3387,2.3658,2.3297,2.3477,3743731
IOIPG,2014-03-03,2.3568,2.3658,2.3297,2.3477,4410415
IOIPG,2014-03-04,2.3387,2.3568,2.3297,2.3568,2970178
IOIPG,2014-03-05,2.3658,2.3748,2.3477,2.3477,3597437
IOIPG,2014-03-06,2.3568,2.4019,2.3297,2.3297,5850542
IOIPG,2014-03-07,2.3477,2.3658,2.3387,2.3387,1973253
IOIPG,2014-03-10,2.3387,2.3477,2.3207,2.3207,3025440
IOIPG,2014-03-11,2.3297,2.3477,2.3116,2.3207,4138647
IOIPG,2014-03-12,2.3297,2.3297,2.3026,2.3116,9397258
IOIPG,2014-03-13,2.3207,2.3568,2.3116,2.3387,5316198
IOIPG,2014-03-14,2.3387,2.3477,2.3207,2.3387,4024359
IOIPG,2014-03-17,2.3207,2.3477,2.3207,2.3477,2337160
IOIPG,2014-03-18,2.3477,2.3568,2.3207,2.3297,7989137
IOIPG,2014-03-19,2.3297,2.3387,2.3207,2.3387,3265867
IOIPG,2014-03-20,2.3297,2.3929,2.3297,2.3568,4604662
IOIPG,2014-03-21,2.3568,2.4019,2.3387,2.3387,6538822
IOIPG,2014-03-24,2.3387,2.4110,2.3387,2.3839,4430903
IOIPG,2014-03-25,2.3748,2.4110,2.3748,2.3748,1577783
IOIPG,2014-03-26,2.3929,2.4110,2.3839,2.4019,1874247
IOIPG,2014-03-27,2.4110,2.4110,2.3748,2.3839,2450342
IOIPG,2014-03-28,2.3839,2.4200,2.3839,2.4019,3352469
IOIPG,2014-03-31,2.4019,2.4110,2.3748,2.4019,6800623
IOIPG,2014-04-01,2.3929,2.4200,2.3929,2.4200,4480074
IOIPG,2014-04-02,2.4380,2.4380,2.3929,2.4110,6860536
IOIPG,2014-04-03,2.4200,2.4471,2.4019,2.4471,2236825
IOIPG,2014-04-04,2.4561,2.4741,2.4200,2.4651,3976628
IOIPG,2014-04-07,2.4651,2.6277,2.4651,2.6186,10708145
IOIPG,2014-04-08,2.5554,2.5554,2.4832,2.4832,4037537
IOIPG,2014-04-09,2.4922,2.5283,2.4380,2.4561,8154368
IOIPG,2014-04-10,2.4651,2.5193,2.4651,2.5193,5139671
IOIPG,2014-04-11,2.4832,2.5103,2.4651,2.4832,2870951
IOIPG,2014-04-14,2.4741,2.5103,2.4651,2.4832,4750070
IOIPG,2014-04-15,2.4922,2.5012,2.4561,2.4741,2721445
IOIPG,2014-04-16,2.4832,2.5012,2.4741,2.4832,2749131
IOIPG,2014-04-17,2.4922,2.5012,2.4290,2.4380,3279932
IOIPG,2014-04-18,2.4561,2.4651,2.4471,2.4561,2781358
IOIPG,2014-04-21,2.4471,2.4832,2.4471,2.4651,980314
IOIPG,2014-04-22,2.4651,2.5193,2.4561,2.4832,4494582
IOIPG,2014-04-23,2.4832,2.5193,2.4741,2.4922,2548905
IOIPG,2014-04-24,2.4741,2.4832,2.4471,2.4651,2050110
IOIPG,2014-04-25,2.4741,2.4741,2.4290,2.4290,2094740
IOIPG,2014-04-28,2.4290,2.4471,2.4200,2.4200,1470692
IOIPG,2014-04-29,2.4290,2.4380,2.4019,2.4290,1956309
IOIPG,2014-04-30,2.4200,2.4741,2.4200,2.4200,3555133
IOIPG,2014-05-02,2.4290,2.4471,2.4200,2.4290,1225171
IOIPG,2014-05-05,2.4290,2.4380,2.3929,2.3929,3528000
IOIPG,2014-05-06,2.3929,2.4110,2.3929,2.4019,1210552
IOIPG,2014-05-07,2.3929,2.4019,2.3839,2.3839,4058136
IOIPG,2014-05-08,2.3839,2.4019,2.3839,2.3929,1496607
IOIPG,2014-05-09,2.3839,2.4019,2.3839,2.4019,1206787
IOIPG,2014-05-12,2.4019,2.4110,2.3929,2.4019,2336496
IOIPG,2014-05-14,2.4019,2.4200,2.4019,2.4110,2819454
IOIPG,2014-05-15,2.4110,2.4200,2.4019,2.4110,4578637
IOIPG,2014-05-16,2.4019,2.4110,2.3929,2.4110,2351114
IOIPG,2014-05-19,2.4110,2.4200,2.3929,2.4019,2898748
IOIPG,2014-05-20,2.4019,2.4019,2.3748,2.3748,2299286
IOIPG,2014-05-21,2.3748,2.3839,2.3748,2.3839,897698
IOIPG,2014-05-22,2.3929,2.3929,2.3477,2.3477,2926323
IOIPG,2014-05-23,2.3477,2.3839,2.3477,2.3839,2374149
IOIPG,2014-05-26,2.3839,2.3839,2.3477,2.3839,2607267
IOIPG,2014-05-27,2.3748,2.3839,2.3477,2.3568,945761
IOIPG,2014-05-28,2.3658,2.3658,2.3207,2.3387,4054703
IOIPG,2014-05-29,2.3477,2.3477,2.3116,2.3207,2443365
IOIPG,2014-05-30,2.3207,2.3477,2.2394,2.2394,12560575
IOIPG,2014-06-02,2.2845,2.2845,2.2574,2.2755,1524846
IOIPG,2014-06-03,2.2755,2.2845,2.2665,2.2755,1918212
IOIPG,2014-06-04,2.2845,2.2936,2.2574,2.2574,2789664
IOIPG,2014-06-05,2.2755,2.2845,2.2484,2.2845,4435112
IOIPG,2014-06-06,2.2665,2.2845,2.2574,2.2574,2636947
IOIPG,2014-06-09,2.2755,2.2755,2.2574,2.2665,428804
IOIPG,2014-06-10,2.2845,2.2845,2.2574,2.2755,3632876
IOIPG,2014-06-11,2.2755,2.3207,2.2755,2.3116,2725653
IOIPG,2014-06-12,2.3116,2.3297,2.2936,2.3116,1999721
IOIPG,2014-06-13,2.3207,2.3297,2.2936,2.3207,927378
IOIPG,2014-06-16,2.3207,2.3207,2.2936,2.3116,1670919
IOIPG,2014-06-17,2.3116,2.3477,2.3026,2.3477,1055620
IOIPG,2014-06-18,2.3477,2.3477,2.3207,2.3297,1733158
IOIPG,2014-06-19,2.3387,2.3477,2.2845,2.3026,1174560
IOIPG,2014-06-20,2.3026,2.3116,2.2755,2.2755,2332509
IOIPG,2014-06-23,2.2755,2.3026,2.2755,2.2936,1748219
IOIPG,2014-06-24,2.2936,2.3116,2.2845,2.3116,3029094
IOIPG,2014-06-25,2.3026,2.3116,2.2936,2.3116,1575235
IOIPG,2014-06-26,2.3116,2.3116,2.2665,2.2755,1501590
IOIPG,2014-06-27,2.2755,2.2936,2.2665,2.2755,1152744
IOIPG,2014-06-30,2.2755,2.2845,2.2665,2.2755,3558787
IOIPG,2014-07-01,2.2665,2.2755,2.2484,2.2484,1653089
IOIPG,2014-07-02,2.2574,2.2665,2.2484,2.2574,1649877
IOIPG,2014-07-03,2.2574,2.2574,2.2213,2.2304,2737503
IOIPG,2014-07-04,2.2394,2.2665,2.2213,2.2304,1523961
IOIPG,2014-07-07,2.2304,2.2394,2.2123,2.2123,2538605
IOIPG,2014-07-08,2.2213,2.2394,2.1942,2.2213,2318887
IOIPG,2014-07-09,2.2213,2.2394,2.2123,2.2123,3282589
IOIPG,2014-07-10,2.2123,2.2936,2.2123,2.2755,2474816
IOIPG,2014-07-11,2.2755,2.2755,2.2574,2.2574,1122621
IOIPG,2014-07-14,2.2574,2.2665,2.2394,2.2484,1364377
IOIPG,2014-07-16,2.2665,2.2665,2.2304,2.2304,3933880
IOIPG,2014-07-17,2.2394,2.2665,2.2394,2.2484,1231151
IOIPG,2014-07-18,2.2394,2.2484,2.2213,2.2304,1396161
IOIPG,2014-07-21,2.2304,2.2484,2.2123,2.2304,1696169
IOIPG,2014-07-22,2.2394,2.2394,2.2123,2.2213,1090283
IOIPG,2014-07-23,2.2304,2.2304,2.2213,2.2213,378858
IOIPG,2014-07-24,2.2304,2.2845,2.2304,2.2665,2865635
IOIPG,2014-07-25,2.2665,2.2845,2.2484,2.2574,3966439
IOIPG,2014-07-30,2.2665,2.3026,2.2574,2.3026,2348235
IOIPG,2014-07-31,2.3026,2.3026,2.2574,2.2755,1934381
IOIPG,2014-08-01,2.2574,2.2574,2.2484,2.2574,816965
IOIPG,2014-08-04,2.2484,2.2574,2.2394,2.2484,2196625
IOIPG,2014-08-05,2.2484,2.2665,2.2394,2.2484,1705250
IOIPG,2014-08-06,2.2574,2.2574,2.2394,2.2484,2363518
IOIPG,2014-08-07,2.2394,2.2665,2.2394,2.2484,715412
IOIPG,2014-08-08,2.2394,2.2665,2.2213,2.2213,1793735
IOIPG,2014-08-11,2.2304,2.2394,2.2123,2.2213,3931998
IOIPG,2014-08-12,2.2213,2.2213,2.1942,2.1942,2337050
IOIPG,2014-08-13,2.2123,2.2213,2.1852,2.1942,2361081
IOIPG,2014-08-14,2.1852,2.2033,2.1581,2.1762,3301638
IOIPG,2014-08-15,2.1762,2.2123,2.1762,2.2123,429247
IOIPG,2014-08-18,2.2123,2.2123,2.1762,2.1762,1533263
IOIPG,2014-08-19,2.1852,2.2033,2.1671,2.1671,2319552
IOIPG,2014-08-20,2.1852,2.1852,2.1491,2.1671,1163597
IOIPG,2014-08-21,2.1852,2.1852,2.1491,2.1671,1358840
IOIPG,2014-08-22,2.1671,2.1762,2.1491,2.1671,1912786
IOIPG,2014-08-25,2.1671,2.1762,2.1491,2.1491,457044
IOIPG,2014-08-26,2.1852,2.3026,2.1852,2.2665,12264776
IOIPG,2014-08-27,2.2845,2.2845,2.2665,2.2755,4827149
IOIPG,2014-08-28,2.2755,2.2845,2.2484,2.2574,5032580
IOIPG,2014-08-29,2.2574,2.2665,2.2213,2.2213,4550397
IOIPG,2014-09-02,2.2213,2.2936,2.2213,2.2845,3946394
IOIPG,2014-09-03,2.2936,2.2936,2.2665,2.2755,2105039
IOIPG,2014-09-04,2.2755,2.2845,2.2665,2.2665,1896285
IOIPG,2014-09-05,2.2665,2.2845,2.2665,2.2845,913978
IOIPG,2014-09-08,2.2845,2.3116,2.2755,2.2755,3230982
IOIPG,2014-09-09,2.2755,2.2936,2.2755,2.2845,5346321
IOIPG,2014-09-10,2.2936,2.3026,2.2845,2.2936,5240559
IOIPG,2014-09-11,2.2936,2.3116,2.2845,2.3026,8124024
IOIPG,2014-09-12,2.3026,2.3568,2.3026,2.3477,11281250
IOIPG,2014-09-15,2.3477,2.4019,2.3477,2.3748,4491148
IOIPG,2014-09-17,2.3748,2.4110,2.3658,2.4110,3671747
IOIPG,2014-09-18,2.4019,2.4380,2.3929,2.4380,6090969
IOIPG,2014-09-19,2.4380,2.4922,2.4110,2.4651,5778004
IOIPG,2014-09-22,2.4741,2.4832,2.4200,2.4290,7765432
IOIPG,2014-09-23,2.4200,2.4290,2.3748,2.3839,7564873
IOIPG,2014-09-24,2.3929,2.4019,2.3839,2.3839,5031805
IOIPG,2014-09-25,2.3929,2.4110,2.3929,2.4110,5460388
IOIPG,2014-09-26,2.3387,2.3839,2.3026,2.3658,6743035
IOIPG,2014-09-29,2.3658,2.3748,2.3477,2.3568,3087457
IOIPG,2014-09-30,2.3568,2.3658,2.3387,2.3658,3295325
IOIPG,2014-10-01,2.3568,2.3658,2.2936,2.3116,1898500
IOIPG,2014-10-02,2.3116,2.3297,2.2845,2.3207,3451475
IOIPG,2014-10-03,2.3116,2.3387,2.2936,2.3026,5292942
IOIPG,2014-10-07,2.2936,2.3116,2.2574,2.2574,5009767
IOIPG,2014-10-08,2.2574,2.3116,2.2213,2.2936,6716678
IOIPG,2014-10-09,2.2936,2.3207,2.2755,2.3207,5510998
IOIPG,2014-10-10,2.2845,2.3568,2.2755,2.3568,6646355
IOIPG,2014-10-13,2.3568,2.3658,2.2845,2.3477,4136654
IOIPG,2014-10-14,2.3297,2.3297,2.2574,2.2574,6778031
IOIPG,2014-10-15,2.2574,2.2665,2.2394,2.2574,7597211
IOIPG,2014-10-16,2.2394,2.2484,2.2213,2.2304,4761809
IOIPG,2014-10-17,2.2394,2.2574,2.2213,2.2213,5389068
IOIPG,2014-10-20,2.2394,2.2755,2.2304,2.2574,5666706
IOIPG,2014-10-21,2.2574,2.2574,2.2394,2.2484,1203908
IOIPG,2014-10-24,2.2665,2.2936,2.2484,2.2845,891386
IOIPG,2014-10-27,2.2755,2.3297,2.2665,2.3116,3299312
IOIPG,2014-10-28,2.3116,2.3658,2.3116,2.3658,5048971
IOIPG,2014-10-29,2.3748,2.4200,2.3477,2.4200,3078597
IOIPG,2014-10-30,2.4200,2.5012,2.3839,2.4832,14854767
IOIPG,2014-10-31,2.4832,2.5012,2.4380,2.4832,7358888
IOIPG,2014-11-03,2.4832,2.4922,2.4561,2.4832,6579354
IOIPG,2014-11-04,2.4832,2.5193,2.4741,2.4922,7503299
IOIPG,2014-11-05,2.4922,2.5103,2.4741,2.5012,4128237
IOIPG,2014-11-06,2.5193,2.5193,2.4922,2.5103,5621632
IOIPG,2014-11-07,2.5193,2.5193,2.4922,2.5012,3417034
IOIPG,2014-11-10,2.4922,2.5012,2.4200,2.4380,4705218
IOIPG,2014-11-11,2.4019,2.4110,2.3116,2.3116,11408496
IOIPG,2014-11-12,2.3026,2.3116,2.2755,2.2845,3229210
IOIPG,2014-11-13,2.2845,2.3116,2.2845,2.2936,3342170
IOIPG,2014-11-14,2.2936,2.2936,2.2755,2.2755,965031
IOIPG,2014-11-17,2.2755,2.2755,2.2213,2.2304,2548019
IOIPG,2014-11-18,2.2304,2.2484,2.2213,2.2213,2949469
IOIPG,2014-11-19,2.2394,2.2574,2.2213,2.2304,4686945
IOIPG,2014-11-20,2.2304,2.2394,2.2213,2.2304,696253
IOIPG,2014-11-21,2.2304,2.2574,2.2123,2.2123,835238
IOIPG,2014-11-24,2.2394,2.2574,2.2304,2.2394,1416206
IOIPG,2014-11-25,2.2574,2.2574,2.2304,2.2394,3352802
IOIPG,2014-11-26,2.2574,2.2574,2.2213,2.2304,2101495
IOIPG,2014-11-27,2.2304,2.2484,2.2213,2.2304,752401
IOIPG,2014-11-28,2.2213,2.2304,2.2123,2.2213,2487220
IOIPG,2014-12-01,2.2033,2.2123,2.0949,2.1310,4228905
IOIPG,2014-12-02,2.1310,2.1942,2.1310,2.1762,3098310
IOIPG,2014-12-03,2.1762,2.1762,2.1310,2.1401,1964614
IOIPG,2014-12-04,2.1491,2.1491,2.0588,2.0588,2753893
IOIPG,2014-12-05,2.0588,2.1762,2.0407,2.1581,5309996
IOIPG,2014-12-08,2.1762,2.2033,2.0949,2.0949,2711589
IOIPG,2014-12-09,2.1401,2.2123,2.0859,2.1130,2454439
IOIPG,2014-12-10,2.1130,2.1581,2.1039,2.1220,2547354
IOIPG,2014-12-11,2.1039,2.1220,2.0768,2.0768,5239673
IOIPG,2014-12-12,2.1220,2.1220,2.0678,2.1039,2090642
IOIPG,2014-12-15,2.0949,2.0949,2.0498,2.0678,3293996
IOIPG,2014-12-16,2.0588,2.0678,2.0407,2.0498,5413321
IOIPG,2014-12-17,2.0498,2.0768,2.0317,2.0498,4413406
IOIPG,2014-12-18,2.0768,2.0859,2.0317,2.0588,6063615
IOIPG,2014-12-19,2.1039,2.1220,2.0678,2.1039,3649044
IOIPG,2014-12-22,2.1130,2.2574,2.1130,2.2574,3143826
IOIPG,2014-12-23,2.2123,2.2394,2.1942,2.2033,1276778
IOIPG,2014-12-24,2.2213,2.2213,2.1310,2.1581,583515
IOIPG,2014-12-26,2.1491,2.2304,2.1491,2.2033,480965
IOIPG,2014-12-29,2.1942,2.2304,2.1852,2.2123,358592
IOIPG,2014-12-30,2.2033,2.2394,2.1762,2.2033,1294165
IOIPG,2014-12-31,2.2033,2.2033,2.1852,2.1852,190149
IOIPG,2015-01-02,2.1852,2.2033,2.1852,2.1852,325369
IOIPG,2015-01-05,2.1852,2.1852,2.1671,2.1762,3226553
IOIPG,2015-01-06,2.1671,2.1671,2.1039,2.1310,6726756
IOIPG,2015-01-07,2.1310,2.1491,2.1220,2.1220,3536085
IOIPG,2015-01-08,2.1724,2.1724,1.9682,2.0146,3238248
IOIPG,2015-01-09,2.0238,2.0981,2.0238,2.0703,2219907
IOIPG,2015-01-12,2.0703,2.0703,2.0610,2.0610,488382
IOIPG,2015-01-13,2.0331,2.0424,1.9960,2.0053,2399361
IOIPG,2015-01-14,2.0238,2.0331,1.9960,2.0053,4560239
IOIPG,2015-01-15,2.0053,2.0146,1.9867,1.9867,3507213
IOIPG,2015-01-16,1.9960,1.9960,1.9403,1.9589,4539881
IOIPG,2015-01-19,1.9682,1.9867,1.9589,1.9682,2332362
IOIPG,2015-01-20,1.9867,2.0238,1.9682,1.9960,1163649
IOIPG,2015-01-21,1.9960,2.0053,1.9774,1.9774,1061966
IOIPG,2015-01-22,1.9960,2.0146,1.9774,1.9960,1808003
IOIPG,2015-01-23,2.0146,2.0238,1.9960,2.0146,1254454
IOIPG,2015-01-26,2.0146,2.0238,2.0053,2.0146,2371570
IOIPG,2015-01-27,2.0238,2.0331,1.9960,2.0331,1375310
IOIPG,2015-01-28,2.0238,2.0331,1.9774,1.9774,2612852
IOIPG,2015-01-29,1.9774,1.9960,1.9310,1.9310,4164708
IOIPG,2015-01-30,1.9403,1.9682,1.9124,1.9124,4556038
IOIPG,2015-02-04,1.9682,1.9774,1.9217,1.9403,3091863
IOIPG,2015-02-05,1.9310,1.9403,1.9217,1.9310,2969175
IOIPG,2015-02-06,1.9403,1.9403,1.9217,1.9403,1772026
IOIPG,2015-02-09,1.9403,1.9682,1.9310,1.9589,2898406
IOIPG,2015-02-10,1.9682,1.9682,1.9217,1.9217,3283058
IOIPG,2015-02-11,1.9310,1.9403,1.8939,1.9032,4970419
IOIPG,2015-02-12,1.9032,1.9217,1.9032,1.9217,7560221
IOIPG,2015-02-13,1.9310,1.9310,1.9032,1.9217,2152585
IOIPG,2015-02-16,1.9217,1.9310,1.9217,1.9310,2708827
IOIPG,2015-02-17,1.9310,1.9403,1.9310,1.9403,1222785
IOIPG,2015-02-18,1.9403,1.9496,1.9310,1.9310,1951803
IOIPG,2015-02-23,1.9403,1.9496,1.9124,1.9124,611716
IOIPG,2015-02-24,1.9403,1.9682,1.9310,1.9589,1871663
IOIPG,2015-02-25,1.9589,1.9682,1.9403,1.9589,1800247
IOIPG,2015-02-26,1.9589,1.9682,1.9403,1.9589,2301232
IOIPG,2015-02-27,1.9496,1.9774,1.9496,1.9774,5452769
IOIPG,2015-03-02,1.9867,1.9867,1.9124,1.9774,2591956
IOIPG,2015-03-03,1.9682,1.9774,1.9496,1.9682,1371756
IOIPG,2015-03-04,1.9589,1.9867,1.9589,1.9774,3372892
IOIPG,2015-03-05,1.9589,1.9682,1.9403,1.9589,1926382
IOIPG,2015-03-06,1.9589,1.9589,1.9310,1.9403,1432292
IOIPG,2015-03-09,1.9403,1.9496,1.8939,1.9217,5077381
IOIPG,2015-03-10,1.9217,1.9403,1.8846,1.9032,6537140
IOIPG,2015-03-11,1.8846,1.9217,1.8846,1.9032,8176137
IOIPG,2015-03-12,1.9032,1.9403,1.9032,1.9403,4626484
IOIPG,2015-03-13,1.9403,1.9682,1.8939,1.9217,6222396
IOIPG,2015-03-16,1.9217,1.9496,1.8939,1.9032,1519110
IOIPG,2015-03-17,1.9310,1.9496,1.9124,1.9217,4301399
IOIPG,2015-03-18,1.9217,1.9589,1.9124,1.9589,2358321
IOIPG,2015-03-19,1.9682,1.9774,1.9310,1.9310,2321805
IOIPG,2015-03-20,1.9589,1.9589,1.9124,1.9403,3486101
IOIPG,2015-03-23,1.9496,1.9589,1.9496,1.9496,677745
IOIPG,2015-03-24,1.9682,2.0331,1.9496,2.0331,3963496
IOIPG,2015-03-25,2.0331,2.0331,1.9960,2.0146,3051470
IOIPG,2015-03-26,1.9960,2.0331,1.9960,2.0053,3887880
IOIPG,2015-03-27,2.0053,2.0146,1.9960,2.0053,4165462
IOIPG,2015-03-30,1.9960,2.0238,1.9960,2.0146,4339961
IOIPG,2015-03-31,2.0238,2.0331,2.0146,2.0238,3763037
IOIPG,2015-04-01,2.0331,2.0331,1.9960,2.0238,1470638
IOIPG,2015-04-02,2.0238,2.0238,1.9960,2.0238,1201027
IOIPG,2015-04-03,2.0238,2.0238,1.9960,1.9960,69153
IOIPG,2015-04-06,2.0053,2.0053,1.9867,2.0053,4379600
IOIPG,2015-04-07,2.0053,2.0146,2.0053,2.0146,2427151
IOIPG,2015-04-08,2.0146,2.0238,2.0053,2.0146,3075382
IOIPG,2015-04-09,2.0053,2.0146,1.9867,2.0146,1990150
IOIPG,2015-04-10,2.0238,2.0238,2.0053,2.0238,1290969
IOIPG,2015-04-13,2.0146,2.0331,1.9682,1.9867,6488991
IOIPG,2015-04-14,1.9774,1.9867,1.9774,1.9867,1656555
IOIPG,2015-04-15,1.9867,1.9960,1.9774,1.9960,1567905
IOIPG,2015-04-16,1.9867,2.0053,1.9867,1.9960,1934138
IOIPG,2015-04-17,1.9774,1.9960,1.9774,1.9960,641876
IOIPG,2015-04-20,2.0331,2.0331,1.9960,2.0238,449820
IOIPG,2015-04-21,2.0053,2.0331,2.0053,2.0331,486981
IOIPG,2015-04-22,2.0424,2.0424,1.9867,1.9867,723093
IOIPG,2015-04-23,1.9867,2.0053,1.9774,1.9867,1773534
IOIPG,2015-04-24,1.9867,2.0053,1.9774,2.0053,922367
IOIPG,2015-04-27,2.0238,2.0238,2.0053,2.0238,679792
IOIPG,2015-04-28,2.0238,2.0238,2.0053,2.0238,1365400
IOIPG,2015-04-29,2.0331,2.0331,1.9960,2.0238,2787782
IOIPG,2015-04-30,2.0053,2.0146,1.9867,1.9867,2098942
IOIPG,2015-05-05,2.0331,2.0331,2.0053,2.0331,1330716
IOIPG,2015-05-06,2.0331,2.0331,1.9960,2.0331,1131227
IOIPG,2015-05-07,2.0053,2.0517,1.9960,2.0238,2001029
IOIPG,2015-05-08,2.0146,2.0331,2.0146,2.0331,480303
IOIPG,2015-05-11,2.0146,2.0331,2.0053,2.0331,1156002
IOIPG,2015-05-12,2.0146,2.0331,2.0146,2.0331,975255
IOIPG,2015-05-13,2.0146,2.0331,2.0053,2.0146,882835
IOIPG,2015-05-14,2.0053,2.0053,1.9310,1.9403,1521588
IOIPG,2015-05-15,1.9496,1.9774,1.9496,1.9589,662988
IOIPG,2015-05-18,1.9589,1.9867,1.9403,1.9496,812497
IOIPG,2015-05-19,1.9496,1.9589,1.9217,1.9217,918597
IOIPG,2015-05-20,1.9217,1.9310,1.9217,1.9217,675268
IOIPG,2015-05-21,1.9403,1.9403,1.9032,1.9032,578647
IOIPG,2015-05-22,1.9124,1.9217,1.9124,1.9124,266811
IOIPG,2015-05-25,1.9310,1.9310,1.9032,1.9124,511540
IOIPG,2015-05-26,1.9124,1.9310,1.8475,1.8475,5666907
IOIPG,2015-05-27,1.8567,1.8567,1.8103,1.8382,1631350
IOIPG,2015-05-28,1.8567,1.8753,1.8289,1.8289,2601973
IOIPG,2015-05-29,1.8196,1.8475,1.7918,1.8196,15498953
IOIPG,2015-06-01,1.8196,1.8753,1.8103,1.8660,3288767
IOIPG,2015-06-02,1.8660,1.9310,1.8567,1.8939,2519248
IOIPG,2015-06-03,1.9403,1.9403,1.8846,1.9403,1730125
IOIPG,2015-06-04,1.9403,1.9403,1.8753,1.8753,1209105
IOIPG,2015-06-05,1.8846,1.8939,1.8475,1.8939,1566936
IOIPG,2015-06-08,1.8939,1.8939,1.8382,1.8382,976548
IOIPG,2015-06-09,1.8382,1.8660,1.8382,1.8475,5399988
IOIPG,2015-06-10,1.8753,1.8753,1.8382,1.8382,4740447
IOIPG,2015-06-11,1.8660,1.8660,1.8103,1.8103,1008970
IOIPG,2015-06-12,1.8196,1.8475,1.8010,1.8475,1132197
IOIPG,2015-06-15,1.8196,1.8567,1.7361,1.7361,6676093
IOIPG,2015-06-16,1.7546,1.7825,1.7361,1.7639,1658494
IOIPG,2015-06-17,1.7825,1.7918,1.7546,1.7639,2350673
IOIPG,2015-06-18,1.7639,1.7732,1.7361,1.7361,1461052
IOIPG,2015-06-19,1.7639,1.7639,1.7082,1.7082,5561885
IOIPG,2015-06-22,1.7082,1.7546,1.7082,1.7546,806573
IOIPG,2015-06-23,1.7361,1.7546,1.7361,1.7453,1350428
IOIPG,2015-06-24,1.7453,1.7918,1.7361,1.7918,3495688
IOIPG,2015-06-25,1.7639,1.7732,1.7175,1.7175,786861
IOIPG,2015-06-26,1.7268,1.7453,1.7082,1.7175,1513186
IOIPG,2015-06-29,1.7082,1.7268,1.6804,1.7175,754223
IOIPG,2015-06-30,1.6896,1.7639,1.6896,1.7175,4184312
IOIPG,2015-07-01,1.7453,1.8103,1.7361,1.7918,4692514
IOIPG,2015-07-02,1.8103,1.8103,1.7639,1.7639,1744235
IOIPG,2015-07-03,1.7639,1.7732,1.7453,1.7732,2193301
IOIPG,2015-07-06,1.7639,1.7639,1.7268,1.7453,1216430
IOIPG,2015-07-07,1.7361,1.7732,1.7361,1.7732,1796154
IOIPG,2015-07-08,1.7453,1.7453,1.6618,1.6989,2576337
IOIPG,2015-07-09,1.6989,1.6989,1.6618,1.6711,1236465
IOIPG,2015-07-10,1.6896,1.7082,1.6804,1.7082,2189531
IOIPG,2015-07-13,1.7175,1.7453,1.7175,1.7268,500984
IOIPG,2015-07-14,1.7175,1.8382,1.7175,1.7639,1996613
IOIPG,2015-07-15,1.7453,1.7639,1.7361,1.7361,555165
IOIPG,2015-07-16,1.7268,1.7825,1.7268,1.7825,349752
IOIPG,2015-07-20,1.7639,1.7918,1.7546,1.7546,528236
IOIPG,2015-07-21,1.7825,1.7825,1.7546,1.7732,628196
IOIPG,2015-07-22,1.7732,1.7732,1.7546,1.7639,1180776
IOIPG,2015-07-23,1.7639,1.7732,1.7546,1.7639,1174636
IOIPG,2015-07-24,1.7546,1.7732,1.7361,1.7453,853537
IOIPG,2015-07-27,1.7361,1.7639,1.7361,1.7453,670313
IOIPG,2015-07-28,1.7546,1.7732,1.7453,1.7546,3639703
IOIPG,2015-07-29,1.7546,1.7732,1.7453,1.7453,1337394
IOIPG,2015-07-30,1.7639,1.7639,1.7546,1.7639,932277
IOIPG,2015-07-31,1.7639,1.7732,1.7546,1.7732,2151400
IOIPG,2015-08-03,1.7639,1.7732,1.7453,1.7732,1163757
IOIPG,2015-08-04,1.7639,1.7825,1.7546,1.7639,2300909
IOIPG,2015-08-05,1.7639,1.7732,1.7639,1.7732,890591
IOIPG,2015-08-06,1.7639,1.7732,1.7546,1.7546,1946633
IOIPG,2015-08-07,1.7546,1.7732,1.7361,1.7639,1071337
IOIPG,2015-08-10,1.7825,1.7825,1.6989,1.7268,1271149
IOIPG,2015-08-11,1.7175,1.7546,1.7082,1.7175,1133166
IOIPG,2015-08-12,1.6989,1.7175,1.6896,1.7082,2036467
IOIPG,2015-08-13,1.6989,1.7268,1.6989,1.7082,774797
IOIPG,2015-08-14,1.7175,1.7268,1.6989,1.7175,1039561
IOIPG,2015-08-17,1.7361,1.7361,1.7082,1.7175,1702980
IOIPG,2015-08-18,1.7175,1.7546,1.6989,1.7175,1125087
IOIPG,2015-08-19,1.6989,1.7546,1.6989,1.7453,420305
IOIPG,2015-08-20,1.7175,1.7639,1.7175,1.7361,876480
IOIPG,2015-08-21,1.6989,1.7453,1.6989,1.7268,2627502
IOIPG,2015-08-24,1.7082,1.7082,1.6711,1.6989,2719168
IOIPG,2015-08-25,1.6711,1.7453,1.6618,1.7268,2799308
IOIPG,2015-08-26,1.7453,1.7546,1.7268,1.7546,1239158
IOIPG,2015-08-27,1.7361,1.8010,1.7361,1.7918,1896653
IOIPG,2015-08-28,1.8103,1.8103,1.6989,1.6989,6958415
IOIPG,2015-09-01,1.7082,1.7825,1.6989,1.7361,1865092
IOIPG,2015-09-02,1.7175,1.8103,1.7175,1.8103,1568444
IOIPG,2015-09-03,1.8010,1.8010,1.7825,1.7918,778890
IOIPG,2015-09-04,1.7918,1.8103,1.7918,1.7918,1340734
IOIPG,2015-09-07,1.7639,1.7732,1.7268,1.7639,844596
IOIPG,2015-09-08,1.7453,1.7918,1.7453,1.7825,781798
IOIPG,2015-09-09,1.7918,1.8103,1.7825,1.8103,1881573
IOIPG,2015-09-10,1.7732,1.8382,1.7732,1.8196,1056473
IOIPG,2015-09-11,1.8196,1.8475,1.7918,1.8103,629273
IOIPG,2015-09-14,1.7918,1.8475,1.7918,1.8289,889945
IOIPG,2015-09-15,1.8010,1.8196,1.7732,1.7825,1056688
IOIPG,2015-09-17,1.7825,1.8382,1.7732,1.7825,2140844
IOIPG,2015-09-18,1.7732,1.8103,1.7732,1.8103,2425966
IOIPG,2015-09-21,1.8103,1.8103,1.7918,1.8010,3776717
IOIPG,2015-09-22,1.8103,1.8196,1.7918,1.8196,2063719
IOIPG,2015-09-23,1.8382,1.8382,1.7361,1.7546,2884726
IOIPG,2015-09-25,1.7639,1.8010,1.7268,1.8010,1732710
IOIPG,2015-09-28,1.7639,1.8103,1.7639,1.8010,659003
IOIPG,2015-09-29,1.7918,1.8382,1.7918,1.8196,1184115
IOIPG,2015-09-30,1.8196,1.8382,1.7639,1.8382,2783797
IOIPG,2015-10-01,1.8382,1.8567,1.8103,1.8475,742051
IOIPG,2015-10-02,1.8475,1.9032,1.8475,1.9032,1900100
IOIPG,2015-10-05,1.8939,1.9217,1.8939,1.9217,995398
IOIPG,2015-10-06,1.9217,2.0053,1.9217,2.0053,2021818
IOIPG,2015-10-07,2.0053,2.0053,1.9589,2.0053,3337562
IOIPG,2015-10-08,2.0053,2.0331,2.0053,2.0331,2547254
IOIPG,2015-10-09,2.0238,2.0610,2.0146,2.0610,1903654
IOIPG,2015-10-12,2.0424,2.0888,2.0424,2.0795,2083539
IOIPG,2015-10-13,2.0888,2.1445,2.0610,2.0888,4850748
IOIPG,2015-10-15,2.0610,2.1724,2.0146,2.0146,3459603
IOIPG,2015-10-16,2.0331,2.0610,1.9774,1.9960,3355766
IOIPG,2015-10-19,1.9774,2.0238,1.9496,1.9682,1783552
IOIPG,2015-10-21,1.9682,2.0888,1.9682,2.0238,3724906
IOIPG,2015-10-22,2.0238,2.1074,2.0146,2.1074,3094448
IOIPG,2015-10-23,2.1167,2.1538,2.0888,2.1260,2177575
IOIPG,2015-10-26,2.1167,2.1260,2.0331,2.0424,2832807
IOIPG,2015-10-27,2.0238,2.0238,1.9867,2.0146,1511139
IOIPG,2015-10-28,1.9960,2.0053,1.9589,1.9867,1717091
IOIPG,2015-10-29,1.9867,2.0053,1.8846,1.8846,3079476
IOIPG,2015-10-30,1.8846,1.9310,1.8660,1.8753,3008922
IOIPG,2015-11-02,1.9032,1.9682,1.8846,1.9403,1070368
IOIPG,2015-11-03,1.9589,2.0238,1.9496,2.0238,998199
IOIPG,2015-11-04,2.0053,2.0053,1.9682,2.0053,1963113
IOIPG,2015-11-05,2.0053,2.0146,1.9682,2.0053,793108
IOIPG,2015-11-06,1.9774,2.0053,1.9774,1.9774,447881
IOIPG,2015-11-09,1.9589,1.9774,1.9496,1.9589,1489489
IOIPG,2015-11-11,1.9589,1.9589,1.9124,1.9403,3223060
IOIPG,2015-11-12,1.9124,1.9589,1.9124,1.9403,1618639
IOIPG,2015-11-13,1.9310,1.9774,1.9124,1.9403,1020711
IOIPG,2015-11-16,1.9124,1.9403,1.9032,1.9403,2130395
IOIPG,2015-11-17,1.9682,1.9774,1.9403,1.9774,1027928
IOIPG,2015-11-18,1.9403,2.0053,1.9403,1.9960,1015433
IOIPG,2015-11-19,1.9774,1.9867,1.9217,1.9217,1485503
IOIPG,2015-11-20,1.9403,1.9496,1.9217,1.9403,861615
IOIPG,2015-11-23,1.9403,1.9496,1.9310,1.9403,334241
IOIPG,2015-11-24,1.9310,1.9682,1.9310,1.9682,1331793
IOIPG,2015-11-25,1.9496,1.9774,1.9032,1.9032,1764271
IOIPG,2015-11-26,1.9124,1.9867,1.9124,1.9682,793755
IOIPG,2015-11-27,1.9403,2.0053,1.9403,2.0053,864632
IOIPG,2015-11-30,1.9682,2.0424,1.9403,2.0424,4340284
IOIPG,2015-12-01,2.0517,2.0981,2.0053,2.0888,1588156
IOIPG,2015-12-02,2.0610,2.1074,2.0424,2.0888,970839
IOIPG,2015-12-03,2.0610,2.1074,2.0610,2.0888,1624887
IOIPG,2015-12-04,2.0610,2.0981,2.0424,2.0981,2328807
IOIPG,2015-12-07,2.0981,2.1167,2.0795,2.0981,659326
IOIPG,2015-12-08,2.0981,2.1167,2.0981,2.1074,1609160
IOIPG,2015-12-09,2.1167,2.1260,2.0238,2.0331,2272903
IOIPG,2015-12-10,2.0146,2.0517,1.9867,2.0424,2668110
IOIPG,2015-12-11,2.0331,2.0517,1.9496,1.9496,2630841
IOIPG,2015-12-14,1.9589,1.9774,1.9217,1.9310,2412286
IOIPG,2015-12-15,1.9217,1.9589,1.9217,1.9403,1297432
IOIPG,2015-12-16,1.9310,2.0331,1.9217,1.9682,1833639
IOIPG,2015-12-17,1.9960,2.1260,1.9774,2.0610,3199363
IOIPG,2015-12-18,2.0610,2.0610,1.9960,1.9960,2279796
IOIPG,2015-12-21,1.9960,2.0238,1.9867,1.9960,281568
IOIPG,2015-12-22,1.9867,2.0238,1.9867,1.9960,489674
IOIPG,2015-12-23,1.9960,2.0238,1.9960,2.0238,799787
IOIPG,2015-12-28,2.0238,2.0795,2.0238,2.0610,387775
IOIPG,2015-12-29,2.0610,2.0981,2.0424,2.0888,2252544
IOIPG,2015-12-30,2.0703,2.0888,2.0517,2.0703,2190931
IOIPG,2015-12-31,2.0517,2.0888,2.0331,2.0888,729880
IOIPG,2016-01-04,2.0888,2.0888,2.0424,2.0424,229972
IOIPG,2016-01-05,2.0517,2.0888,2.0424,2.0610,1910656
IOIPG,2016-01-06,2.0888,2.1353,2.0517,2.1260,3241156
IOIPG,2016-01-07,2.0703,2.1353,2.0703,2.1260,1519003
IOIPG,2016-01-08,2.0703,2.1353,2.0610,2.1260,640476
IOIPG,2016-01-11,2.1260,2.1538,2.0795,2.1353,3498704
IOIPG,2016-01-12,2.0888,2.1445,2.0888,2.1353,1578461
IOIPG,2016-01-13,2.1074,2.1817,2.1074,2.1445,1004769
IOIPG,2016-01-14,2.0981,2.1724,2.0981,2.1445,715984
IOIPG,2016-01-15,2.1074,2.1724,2.1074,2.1260,2079984
IOIPG,2016-01-18,2.0888,2.1167,2.0238,2.0610,2037868
IOIPG,2016-01-19,2.0517,2.1074,2.0238,2.1074,1549055
IOIPG,2016-01-20,2.0795,2.1074,2.0424,2.0517,1840533
IOIPG,2016-01-21,2.0424,2.0610,1.9774,1.9774,969008
IOIPG,2016-01-22,1.9867,2.0331,1.9682,1.9867,1508339
IOIPG,2016-01-26,1.9960,1.9960,1.9310,1.9403,1545177
IOIPG,2016-01-27,1.9403,1.9682,1.9217,1.9217,1472900
IOIPG,2016-01-28,1.9217,1.9589,1.9217,1.9496,1252407
IOIPG,2016-01-29,1.9496,2.0517,1.9496,1.9774,4607095
IOIPG,2016-02-02,1.9774,1.9960,1.9496,1.9496,1272765
IOIPG,2016-02-03,1.9403,2.0331,1.9217,1.9867,3188699
IOIPG,2016-02-04,2.0053,2.0053,1.9867,2.0053,2766670
IOIPG,2016-02-05,1.9774,1.9867,1.9032,1.9032,1930045
IOIPG,2016-02-10,1.9124,1.9310,1.8939,1.9032,2285721
IOIPG,2016-02-11,1.9124,1.9124,1.8660,1.8939,3579060
IOIPG,2016-02-12,1.8660,1.8939,1.8660,1.8939,968792
IOIPG,2016-02-15,1.8939,1.9124,1.8753,1.8846,3616114
IOIPG,2016-02-16,1.9124,1.9310,1.8939,1.9124,2448694
IOIPG,2016-02-17,1.9310,1.9310,1.8939,1.9124,1786460
IOIPG,2016-02-18,1.9403,1.9682,1.9032,1.9682,2466144
IOIPG,2016-02-19,1.9774,1.9774,1.9310,1.9310,396716
IOIPG,2016-02-22,1.9217,1.9682,1.9124,1.9589,3751835
IOIPG,2016-02-23,1.9774,2.0053,1.9774,2.0053,2596049
IOIPG,2016-02-24,1.9960,1.9960,1.9310,1.9310,2194917
IOIPG,2016-02-25,1.9403,1.9589,1.9124,1.9124,893499
IOIPG,2016-02-26,1.9124,1.9589,1.9032,1.9217,1638782
IOIPG,2016-02-29,1.9124,1.9217,1.8846,1.9032,3939152
IOIPG,2016-03-01,1.8939,1.9403,1.8939,1.9310,1080601
IOIPG,2016-03-02,1.9124,1.9403,1.9032,1.9124,3076567
IOIPG,2016-03-03,1.9124,1.9310,1.9032,1.9217,2495550
IOIPG,2016-03-04,1.9217,1.9403,1.9032,1.9217,1077585
IOIPG,2016-03-07,1.9217,1.9496,1.9032,1.9496,2743296
IOIPG,2016-03-08,1.9589,1.9589,1.9403,1.9496,1879741
IOIPG,2016-03-09,1.9403,1.9682,1.9403,1.9589,806250
IOIPG,2016-03-10,1.9310,1.9867,1.9310,1.9867,1996828
IOIPG,2016-03-11,1.9867,1.9867,1.9589,1.9682,2359290
IOIPG,2016-03-14,1.9496,1.9960,1.9496,1.9960,979564
IOIPG,2016-03-15,1.9682,1.9960,1.9589,1.9867,2729939
IOIPG,2016-03-16,1.9682,2.0424,1.9682,2.0424,2158293
IOIPG,2016-03-17,2.0238,2.0424,2.0146,2.0424,4366567
IOIPG,2016-03-18,2.0424,2.1167,2.0238,2.0888,7058267
IOIPG,2016-03-21,2.0610,2.1074,2.0517,2.0888,3225215
IOIPG,2016-03-22,2.0703,2.2467,2.0703,2.2467,6594121
IOIPG,2016-03-23,2.2095,2.2188,2.1445,2.2188,3100588
IOIPG,2016-03-24,2.1445,2.1910,2.1353,2.1910,3391419
IOIPG,2016-03-25,2.1445,2.1817,2.1445,2.1538,106854
IOIPG,2016-03-28,2.1445,2.1538,2.0981,2.1538,357292
IOIPG,2016-03-29,2.1167,2.1817,2.1167,2.1538,1842795
IOIPG,2016-03-30,2.1538,2.1910,2.1260,2.1724,703166
IOIPG,2016-03-31,2.1538,2.1631,2.1445,2.1445,2310818
IOIPG,2016-04-01,2.1353,2.1538,2.1353,2.1538,3250743
IOIPG,2016-04-04,2.1260,2.1538,2.1260,2.1445,3087662
IOIPG,2016-04-05,2.1538,2.1631,2.1260,2.1445,2937291
IOIPG,2016-04-06,2.1538,2.2095,2.1445,2.2095,3284997
IOIPG,2016-04-07,2.2095,2.2095,2.1538,2.1631,1404286
IOIPG,2016-04-08,2.1724,2.1910,2.1353,2.1724,683131
IOIPG,2016-04-11,2.1817,2.1910,2.1538,2.1724,560336
IOIPG,2016-04-12,2.1538,2.1817,2.1538,2.1724,3461865
IOIPG,2016-04-13,2.1538,2.2559,2.1538,2.2559,4495179
IOIPG,2016-04-14,2.2281,2.2559,2.2095,2.2281,5252418
IOIPG,2016-04-15,2.2095,2.2745,2.2095,2.2745,844381
IOIPG,2016-04-18,2.2188,2.2745,2.2188,2.2281,3389804
IOIPG,2016-04-19,2.2002,2.2281,2.2002,2.2188,1720861
IOIPG,2016-04-20,2.2188,2.2467,2.2095,2.2281,4570472
IOIPG,2016-04-21,2.2467,2.2467,2.2188,2.2374,1476240
IOIPG,2016-04-22,2.2281,2.2374,2.2095,2.2281,1874248
IOIPG,2016-04-25,2.2095,2.2281,2.1817,2.2281,1177545
IOIPG,2016-04-26,2.2374,2.2467,2.1817,2.2281,1492397
IOIPG,2016-04-27,2.2002,2.2281,2.1631,2.2281,3482654
IOIPG,2016-04-28,2.2281,2.2467,2.2095,2.2374,5463541
IOIPG,2016-04-29,2.2002,2.2559,2.2002,2.2467,2061565
IOIPG,2016-05-03,2.2095,2.2467,2.2002,2.2281,1580508
IOIPG,2016-05-04,2.1910,2.2188,2.1910,2.2095,1766856
IOIPG,2016-05-05,2.1910,2.2374,2.1817,2.1817,1131443
IOIPG,2016-05-06,2.1538,2.2095,2.1538,2.1724,1189393
IOIPG,2016-05-09,2.1445,2.2374,2.0888,2.2374,1874248
IOIPG,2016-05-10,2.2188,2.2188,2.1167,2.1167,1669266
IOIPG,2016-05-11,2.1167,2.2095,2.0981,2.2095,1891806
IOIPG,2016-05-12,2.2095,2.2095,2.1538,2.1538,1858414
IOIPG,2016-05-13,2.1817,2.1910,2.1260,2.1260,3259576
IOIPG,2016-05-16,2.1260,2.1445,2.0888,2.1074,410288
IOIPG,2016-05-17,2.0981,2.1074,2.0703,2.0703,853106
IOIPG,2016-05-18,2.0703,2.0795,2.0517,2.0517,863985
IOIPG,2016-05-19,2.0703,2.1167,2.0424,2.0888,372372
IOIPG,2016-05-20,2.1260,2.1353,2.0610,2.0888,1064013
IOIPG,2016-05-23,2.0703,2.1538,2.0703,2.1353,830917
IOIPG,2016-05-24,2.1167,2.1445,2.0795,2.0795,662127
IOIPG,2016-05-25,2.0795,2.0888,2.0053,2.0795,1029221
IOIPG,2016-05-26,2.0795,2.0888,2.0424,2.0795,1751129
IOIPG,2016-05-27,2.0517,2.0888,2.0517,2.0888,1513078
IOIPG,2016-05-30,2.1074,2.1167,2.0610,2.0888,3448939
IOIPG,2016-05-31,2.1167,2.2559,2.0703,2.2559,5929302
IOIPG,2016-06-01,2.2095,2.2095,2.1538,2.1538,1130473
IOIPG,2016-06-02,2.1538,2.1538,2.1353,2.1353,3968343
IOIPG,2016-06-03,2.1724,2.1724,2.1445,2.1445,622056
IOIPG,2016-06-06,2.1724,2.1724,2.1353,2.1445,1050979
IOIPG,2016-06-07,2.1353,2.1817,2.1353,2.1631,2437169
IOIPG,2016-06-08,2.1817,2.1817,2.1538,2.1631,1797770
IOIPG,2016-06-09,2.1445,2.1631,2.1353,2.1353,1627472
IOIPG,2016-06-10,2.1353,2.1445,2.1260,2.1260,763702
IOIPG,2016-06-13,2.1074,2.2095,2.1074,2.1538,4958786
IOIPG,2016-06-14,2.1538,2.1817,2.1445,2.1817,2739203
IOIPG,2016-06-15,2.1817,2.1817,2.1445,2.1538,1457605
IOIPG,2016-06-16,2.1817,2.1910,2.1445,2.1724,4166001
IOIPG,2016-06-17,2.1817,2.1817,2.1538,2.1538,2710119
IOIPG,2016-06-20,2.1631,2.1817,2.1538,2.1724,4782995
IOIPG,2016-06-21,2.1724,2.1910,2.1631,2.1817,3186545
IOIPG,2016-06-23,2.1724,2.1910,2.1631,2.1817,3789212
IOIPG,2016-06-24,2.1631,2.1910,2.1353,2.1631,1527835
IOIPG,2016-06-27,2.1724,2.1817,2.0981,2.0981,417505
IOIPG,2016-06-28,2.1074,2.1445,2.1074,2.1353,2628363
IOIPG,2016-06-29,2.1353,2.1724,2.1260,2.1445,2274088
IOIPG,2016-06-30,2.1538,2.1817,2.1353,2.1817,2680067
IOIPG,2016-07-01,2.1538,2.1817,2.1445,2.1817,3873661
IOIPG,2016-07-04,2.1724,2.1817,2.1260,2.1353,1613577
IOIPG,2016-07-05,2.1260,2.1910,2.1260,2.1910,621195
IOIPG,2016-07-08,2.1910,2.1910,2.1445,2.1631,898885
IOIPG,2016-07-11,2.1445,2.1910,2.1445,2.1817,1594403
IOIPG,2016-07-12,2.1817,2.1910,2.1724,2.1817,2000921
IOIPG,2016-07-13,2.1910,2.3024,2.1724,2.3024,5381461
IOIPG,2016-07-14,2.2652,2.3395,2.2652,2.3209,7498284
IOIPG,2016-07-15,2.3209,2.3395,2.2559,2.2745,3829606
IOIPG,2016-07-18,2.2652,2.2931,2.2374,2.2745,2289599
IOIPG,2016-07-19,2.2467,2.2838,2.2188,2.2467,5154182
IOIPG,2016-07-20,2.2374,2.2467,2.2095,2.2281,1993812
IOIPG,2016-07-21,2.2095,2.2559,2.2095,2.2281,2860706
IOIPG,2016-07-22,2.2188,2.2467,2.1724,2.2467,6137085
IOIPG,2016-07-25,2.2281,2.2467,2.2095,2.2095,845458
IOIPG,2016-07-26,2.2095,2.2188,2.1910,2.2095,1233880
IOIPG,2016-07-27,2.2188,2.2281,2.2095,2.2188,4664185
IOIPG,2016-07-28,2.2002,2.2281,2.2002,2.2281,3348656
IOIPG,2016-07-29,2.2095,2.2281,2.1910,2.1910,2657554
IOIPG,2016-08-01,2.1910,2.2281,2.1817,2.2281,2726708
IOIPG,2016-08-02,2.2281,2.2281,2.2095,2.2188,2268809
IOIPG,2016-08-03,2.2002,2.2374,2.2002,2.2281,3326575
IOIPG,2016-08-04,2.2281,2.2467,2.2281,2.2281,5299598
IOIPG,2016-08-05,2.2281,2.2931,2.2188,2.2931,1557026
IOIPG,2016-08-08,2.2931,2.2931,2.2281,2.2281,2209351
IOIPG,2016-08-09,2.2281,2.2467,2.2281,2.2467,2078369
IOIPG,2016-08-10,2.2467,2.2467,2.2188,2.2467,1129288
IOIPG,2016-08-11,2.2281,2.2467,2.2188,2.2281,826285
IOIPG,2016-08-12,2.2467,2.2559,2.2188,2.2467,3021309
IOIPG,2016-08-15,2.2559,2.2931,2.2281,2.2559,1428306
IOIPG,2016-08-16,2.2467,2.2838,2.2467,2.2652,2500721
IOIPG,2016-08-17,2.2652,2.3209,2.2374,2.3209,2894744
IOIPG,2016-08-18,2.2931,2.2931,2.2652,2.2931,2095711
IOIPG,2016-08-19,2.2652,2.2931,2.2559,2.2745,2344103
IOIPG,2016-08-22,2.2838,2.2838,2.2559,2.2652,1822006
IOIPG,2016-08-23,2.2838,2.3302,2.2559,2.2652,1758669
IOIPG,2016-08-24,2.2652,2.3209,2.2559,2.3209,4009275
IOIPG,2016-08-25,2.3024,2.3302,2.2838,2.3209,4347501
IOIPG,2016-08-26,2.3302,2.3302,2.3117,2.3209,2524849
IOIPG,2016-08-29,2.3395,2.3395,2.3117,2.3395,2881172
IOIPG,2016-08-30,2.3488,2.3488,2.3302,2.3395,4999179
IOIPG,2016-09-01,2.3581,2.3952,2.3395,2.3952,4092108
IOIPG,2016-09-02,2.3952,2.4045,2.3766,2.3952,1883942
IOIPG,2016-09-05,2.3952,2.3952,2.3488,2.3581,2671126
IOIPG,2016-09-06,2.3581,2.3674,2.3395,2.3581,3210888
IOIPG,2016-09-07,2.3581,2.4045,2.3488,2.4045,4006582
IOIPG,2016-09-08,2.4045,2.4045,2.3766,2.3952,2967236
IOIPG,2016-09-09,2.3952,2.4323,2.3766,2.4323,2388912
IOIPG,2016-09-13,2.4138,2.4602,2.4045,2.4230,2679205
IOIPG,2016-09-14,2.4416,2.4416,2.4045,2.4323,3739879
IOIPG,2016-09-15,2.4323,2.4509,2.4138,2.4323,7747430
IOIPG,2016-09-19,2.4509,2.4602,2.3952,2.4323,3722644
IOIPG,2016-09-20,2.3766,2.3859,2.3395,2.3488,3628070
IOIPG,2016-09-21,2.3488,2.3488,2.3209,2.3395,3503443
IOIPG,2016-09-22,2.3488,2.3488,2.3117,2.3209,2396991
IOIPG,2016-09-23,2.3395,2.3395,2.3117,2.3209,3561933
IOIPG,2016-09-26,2.3209,2.3766,2.3117,2.3766,2974668
IOIPG,2016-09-27,2.3395,2.3395,2.3024,2.3024,3091432
IOIPG,2016-09-28,2.3024,2.3209,2.2838,2.3117,2679744
IOIPG,2016-09-29,2.3209,2.3209,2.3024,2.3117,1425721
IOIPG,2016-09-30,2.3395,2.3395,2.3024,2.3117,3203025
IOIPG,2016-10-04,2.3209,2.3581,2.3209,2.3302,6837343
IOIPG,2016-10-05,2.3395,2.3859,2.3209,2.3395,7560759
IOIPG,2016-10-06,2.3766,2.3766,2.3395,2.3395,4973328
IOIPG,2016-10-07,2.3488,2.3674,2.3302,2.3488,3173403
IOIPG,2016-10-10,2.3674,2.3674,2.3302,2.3395,3315588
IOIPG,2016-10-11,2.3581,2.3581,2.3117,2.3209,3584122
IOIPG,2016-10-12,2.3024,2.3209,2.3024,2.3117,2843148
IOIPG,2016-10-13,2.3302,2.3302,2.3117,2.3209,6180171
IOIPG,2016-10-14,2.3302,2.3581,2.3117,2.3488,1632858
IOIPG,2016-10-17,2.3488,2.3581,2.3395,2.3488,1692317
IOIPG,2016-10-18,2.3581,2.3674,2.3209,2.3488,4976021
IOIPG,2016-10-19,2.3581,2.3581,2.3117,2.3209,2679313
IOIPG,2016-10-20,2.3302,2.3302,2.3024,2.3209,2765377
IOIPG,2016-10-21,2.3209,2.3302,2.3024,2.3302,4737862
IOIPG,2016-10-24,2.3302,2.3395,2.3117,2.3209,5216980
IOIPG,2016-10-25,2.3117,2.3395,2.3117,2.3209,3700347
IOIPG,2016-10-26,2.3302,2.3395,2.2931,2.3117,2657877
IOIPG,2016-10-27,2.3024,2.3024,2.2745,2.2838,1187239
IOIPG,2016-10-28,2.2838,2.2838,2.2652,2.2745,1857013
IOIPG,2016-10-31,2.2931,2.3024,2.2652,2.2745,2624917
IOIPG,2016-11-01,2.2931,2.2931,2.2652,2.2745,929261
IOIPG,2016-11-02,2.2838,2.2838,2.2559,2.2559,763164
IOIPG,2016-11-03,2.2745,2.3024,2.2559,2.2745,2138689
IOIPG,2016-11-04,2.2559,2.2838,2.2281,2.2745,928076
IOIPG,2016-11-07,2.2559,2.2652,2.2188,2.2281,1309281
IOIPG,2016-11-08,2.2467,2.2559,2.2095,2.2559,1740250
IOIPG,2016-11-09,2.2559,2.2559,2.1724,2.1817,1089757
IOIPG,2016-11-10,2.2002,2.2374,2.1910,2.2188,4641133
IOIPG,2016-11-11,2.2002,2.2095,2.1724,2.1724,4146612
IOIPG,2016-11-14,2.1724,2.1817,2.0703,2.1074,2558133
IOIPG,2016-11-15,2.1167,2.1817,2.0981,2.1445,2921134
IOIPG,2016-11-16,2.1724,2.2002,2.1538,2.1910,3152937
IOIPG,2016-11-17,2.2095,2.2188,2.1724,2.2188,1297217
IOIPG,2016-11-18,2.2002,2.2652,2.2002,2.2559,1807141
IOIPG,2016-11-21,2.2188,2.2745,2.1167,2.2652,16864246
IOIPG,2016-11-22,2.2374,2.2374,2.2002,2.2188,2610806
IOIPG,2016-11-23,2.2095,2.2188,2.1538,2.1724,5733691
IOIPG,2016-11-24,2.1538,2.1631,2.1260,2.1353,3232539
IOIPG,2016-11-25,2.1260,2.1631,2.1260,2.1260,321638
IOIPG,2016-11-28,2.1260,2.1260,2.0703,2.0888,1411933
IOIPG,2016-11-29,2.0981,2.0981,2.0610,2.0610,2339794
IOIPG,2016-11-30,2.0703,2.0703,1.9403,1.9403,6472295
IOIPG,2016-12-01,1.9867,2.0146,1.9589,2.0053,2086447
IOIPG,2016-12-02,2.0053,2.0146,1.9589,1.9589,3556655
IOIPG,2016-12-05,1.9496,2.0331,1.9496,1.9960,743452
IOIPG,2016-12-06,2.0053,2.0238,1.9682,1.9867,1665065
IOIPG,2016-12-07,1.9960,1.9960,1.8939,1.9217,4008198
IOIPG,2016-12-08,1.9310,1.9403,1.8753,1.8939,4135086
IOIPG,2016-12-09,1.8939,1.8939,1.8475,1.8846,4799260
IOIPG,2016-12-13,1.8846,1.9032,1.8475,1.9032,6824955
IOIPG,2016-12-14,1.8939,1.8939,1.8660,1.8660,6757956
IOIPG,2016-12-15,1.8567,1.8846,1.8567,1.8753,2231971
IOIPG,2016-12-16,1.8753,1.8753,1.8475,1.8567,5671862
IOIPG,2016-12-19,1.8567,1.8753,1.8567,1.8660,1792707
IOIPG,2016-12-20,1.8660,1.8846,1.8660,1.8753,645538
IOIPG,2016-12-21,1.8753,1.9032,1.8567,1.8846,2318035
IOIPG,2016-12-22,1.8753,1.8939,1.8753,1.8939,1294201
IOIPG,2016-12-23,1.8846,1.8846,1.8753,1.8753,1710197
IOIPG,2016-12-27,1.8753,1.8753,1.8660,1.8660,450358
IOIPG,2016-12-28,1.8660,1.8939,1.8567,1.8753,1541838
IOIPG,2016-12-29,1.8939,1.9310,1.8753,1.9310,1239589
IOIPG,2016-12-30,1.9310,1.9589,1.9124,1.9496,1162895
IOIPG,2017-01-03,1.9496,1.9496,1.9124,1.9496,518865
IOIPG,2017-01-04,1.9496,1.9682,1.9217,1.9682,1592464
IOIPG,2017-01-05,1.9682,2.0331,1.9496,2.0146,1031160
IOIPG,2017-01-06,1.9960,2.0517,1.9960,2.0517,2645383
IOIPG,2017-01-09,2.0331,2.0517,1.9960,2.0424,1842364
IOIPG,2017-01-10,2.0238,2.0517,1.9774,2.0517,3751943
IOIPG,2017-01-11,2.0331,2.0424,2.0146,2.0238,2232294
IOIPG,2017-01-12,2.0238,2.0331,2.0146,2.0238,1855505
IOIPG,2017-01-13,2.0146,2.0331,1.9682,1.9682,3523802
IOIPG,2017-01-16,1.9682,2.0053,1.9496,1.9867,3123100
IOIPG,2017-01-17,1.9960,1.9960,1.9774,1.9960,3017108
IOIPG,2017-01-18,1.9867,1.9960,1.9867,1.9960,641661
IOIPG,2017-01-19,2.0053,2.0053,1.9867,1.9960,1243467
IOIPG,2017-01-20,1.9960,1.9960,1.9496,1.9496,449389
IOIPG,2017-01-23,1.9589,1.9774,1.9403,1.9496,3456264
IOIPG,2017-01-24,1.9589,1.9867,1.9403,1.9867,3171465
IOIPG,2017-01-25,1.9682,1.9867,1.9682,1.9682,163727
IOIPG,2017-01-26,1.9774,1.9867,1.9589,1.9774,908149
IOIPG,2017-01-27,1.9867,2.0053,1.9774,1.9960,657603
IOIPG,2017-01-31,1.9960,1.9960,1.9867,1.9867,1839779
IOIPG,2017-02-02,1.9867,2.0053,1.9682,1.9774,2695255
IOIPG,2017-02-03,1.9867,1.9867,1.9774,1.9867,1606252
IOIPG,2017-02-06,1.9774,1.9867,1.9589,1.9682,3950139
IOIPG,2017-02-07,1.9682,1.9774,1.9496,1.9589,4432596
IOIPG,2017-02-08,1.9682,1.9774,1.9589,1.9682,1593865
IOIPG,2017-02-10,1.9774,1.9774,1.9589,1.9682,1752853
IOIPG,2017-02-13,1.9774,1.9774,1.9403,1.9682,1643845
IOIPG,2017-02-14,1.9589,1.9682,1.9217,1.9403,2598742
IOIPG,2017-02-15,1.9403,1.9496,1.9310,1.9403,4269300
IOIPG,2017-02-16,1.9310,1.9496,1.9124,1.9124,2709258
IOIPG,2017-02-17,1.9217,1.9217,1.9032,1.9217,2492642
IOIPG,2017-02-20,1.9217,1.9310,1.9124,1.9217,2900022
IOIPG,2017-02-21,1.9217,1.9774,1.9124,1.9774,2998150
IOIPG,2017-02-22,1.9682,2.0053,1.9403,2.0053,4546990
IOIPG,2017-02-23,1.9960,1.9960,1.9682,1.9774,2700641
IOIPG,2017-02-24,1.9774,1.9774,1.9589,1.9682,3634102
IOIPG,2017-02-27,1.9774,2.0146,1.9682,1.9960,5289580
IOIPG,2017-02-28,2.0000,2.1100,2.0000,2.1100,5899100
IOIPG,2017-03-01,2.0800,2.0900,2.0200,2.0200,1785900
IOIPG,2017-03-02,2.0300,2.0600,2.0100,2.0400,1820600
IOIPG,2017-03-03,2.0400,2.0400,1.9400,1.9500,6656900
IOIPG,2017-03-06,1.9600,1.9600,1.8600,1.8900,13145700
IOIPG,2017-03-07,1.8800,1.8800,1.8500,1.8800,7998400
IOIPG,2017-03-08,1.8700,1.9100,1.8700,1.9000,9628200
IOIPG,2017-03-09,1.9000,1.9100,1.8800,1.9000,10747600
IOIPG,2017-03-10,1.9100,1.9300,1.9000,1.9300,7933800
IOIPG,2017-03-13,1.9300,1.9400,1.9100,1.9300,2553300
IOIPG,2017-03-14,1.9300,1.9300,1.8900,1.9100,4735500
IOIPG,2017-03-15,1.9100,1.9200,1.8900,1.9000,2725800
IOIPG,2017-03-16,1.9000,1.9600,1.9000,1.9300,12227100
IOIPG,2017-03-17,1.9300,2.0200,1.9300,2.0000,6994000
IOIPG,2017-03-20,2.0100,2.0600,2.0100,2.0400,5278900
IOIPG,2017-03-21,2.0200,2.0600,2.0000,2.0400,5675200
IOIPG,2017-03-22,2.0400,2.0900,1.9900,2.0900,4760700
IOIPG,2017-03-23,2.0700,2.0800,2.0500,2.0700,2596500
IOIPG,2017-03-24,2.0600,2.0700,2.0200,2.0400,3130100
IOIPG,2017-03-27,2.0400,2.0500,2.0200,2.0400,1841700
IOIPG,2017-03-28,2.0100,2.0400,2.0100,2.0400,6333700
IOIPG,2017-03-29,2.0400,2.0600,2.0300,2.0600,5183600
IOIPG,2017-03-31,2.0500,2.0900,2.0500,2.0700,8098900
IOIPG,2017-04-03,2.07,2.08,2.06,2.06,6100000.0
IOIPG,2017-04-04,2.05,2.08,2.05,2.07,5590000.0
IOIPG,2017-04-05,2.08,2.08,2.06,2.08,2860000.0
IOIPG,2017-04-06,2.08,2.08,2.05,2.06,2710000.0
IOIPG,2017-04-07,2.06,2.07,2.05,2.05,1640000.0
IOIPG,2017-04-10,2.05,2.06,2.05,2.06,2190000.0
IOIPG,2017-04-11,2.06,2.07,2.05,2.05,1710000.0
IOIPG,2017-04-12,2.05,2.05,2.03,2.05,1740000.0
IOIPG,2017-04-13,2.04,2.05,2.03,2.04,956300.0
IOIPG,2017-04-14,2.03,2.04,2.01,2.03,1070000.0
IOIPG,2017-04-17,2.02,2.03,2.01,2.01,5890000.0
IOIPG,2017-04-18,2.01,2.05,2.0,2.05,6950000.0
IOIPG,2017-04-19,2.03,2.04,2.02,2.02,4280000.0
IOIPG,2017-04-20,2.02,2.04,2.01,2.04,2590000.0
IOIPG,2017-04-21,2.03,2.05,2.03,2.03,776900.0
IOIPG,2017-04-25,2.03,2.04,2.02,2.02,3290000.0
IOIPG,2017-04-26,2.03,2.03,2.0,2.02,4090000.0
IOIPG,2017-04-27,2.02,2.05,2.01,2.05,1990000.0
IOIPG,2017-04-28,2.05,2.08,2.04,2.07,6300000.0
IOIPG,2017-05-02,2.07,2.17,2.07,2.13,3720000.0
IOIPG,2017-05-03,2.11,2.14,2.11,2.12,2800000.0
IOIPG,2017-05-04,2.12,2.12,2.08,2.08,3310000.0
IOIPG,2017-05-05,2.08,2.1,2.07,2.08,2510000.0
IOIPG,2017-05-08,2.1,2.1,2.08,2.1,506600.0
IOIPG,2017-05-09,2.11,2.12,2.09,2.1,4610000.0
IOIPG,2017-05-11,2.14,2.17,2.13,2.16,4340000.0
IOIPG,2017-05-12,2.15,2.18,2.15,2.17,2170000.0
IOIPG,2017-05-15,2.16,2.17,2.15,2.17,2500000.0
IOIPG,2017-05-16,2.17,2.18,2.07,2.08,4480000.0
IOIPG,2017-05-17,2.08,2.11,2.06,2.11,2690000.0
IOIPG,2017-05-18,2.08,2.1,2.07,2.09,1510000.0
IOIPG,2017-05-19,2.08,2.09,2.08,2.08,2290000.0
IOIPG,2017-05-22,2.09,2.1,2.07,2.1,2150000.0
IOIPG,2017-05-23,2.09,2.1,2.07,2.08,3010000.0
IOIPG,2017-05-24,2.06,2.11,2.06,2.1,2270000.0
IOIPG,2017-05-25,2.1,2.12,2.08,2.1,2320000.0
IOIPG,2017-05-26,2.11,2.14,2.09,2.14,2009999.9999999998
IOIPG,2017-05-29,2.13,2.13,2.09,2.09,1790000.0
IOIPG,2017-05-30,2.09,2.12,2.09,2.11,1570000.0
IOIPG,2017-05-31,2.12,2.14,2.11,2.12,19270000.0
IOIPG,2017-06-01,2.13,2.14,2.11,2.13,2810000.0
IOIPG,2017-06-02,2.13,2.13,2.09,2.09,2490000.0
IOIPG,2017-06-05,2.09,2.11,2.09,2.09,1610000.0
IOIPG,2017-06-06,2.1,2.11,2.07,2.09,1550000.0
IOIPG,2017-06-07,2.1,2.12,2.1,2.11,987000.0
IOIPG,2017-06-08,2.11,2.13,2.1,2.12,2400000.0
IOIPG,2017-06-09,2.1,2.12,2.08,2.11,1070000.0
IOIPG,2017-06-13,2.15,2.15,2.08,2.1,2190000.0
IOIPG,2017-06-14,2.11,2.13,2.09,2.12,2820000.0
IOIPG,2017-06-15,2.11,2.13,2.11,2.12,1050000.0
IOIPG,2017-06-16,2.12,2.17,2.12,2.17,8080000.0
IOIPG,2017-06-19,2.17,2.17,2.13,2.17,1060000.0
IOIPG,2017-06-20,2.17,2.17,2.12,2.12,1460000.0
IOIPG,2017-06-21,2.14,2.16,2.11,2.16,3500000.0
IOIPG,2017-06-22,2.17,2.17,2.13,2.15,1100000.0
IOIPG,2017-06-23,2.15,2.15,2.14,2.14,549400.0
IOIPG,2017-06-28,2.15,2.16,2.13,2.15,1140000.0
IOIPG,2017-06-29,2.14,2.17,2.12,2.16,1320000.0
IOIPG,2017-06-30,2.14,2.2,2.14,2.2,1650000.0
IOIPG,2017-07-03,2.2,2.2,2.15,2.2,2000000.0
IOIPG,2017-07-04,2.17,2.21,2.16,2.18,1320000.0
IOIPG,2017-07-05,2.17,2.2,2.17,2.2,1290000.0
IOIPG,2017-07-06,2.2,2.22,2.18,2.2,2230000.0
IOIPG,2017-07-07,2.18,2.2,2.18,2.18,437700.0
IOIPG,2017-07-10,2.18,2.18,2.15,2.15,2740000.0
IOIPG,2017-07-11,2.15,2.17,2.15,2.16,1880000.0
IOIPG,2017-07-12,2.14,2.17,2.14,2.16,1300000.0
IOIPG,2017-07-13,2.17,2.17,2.14,2.16,1640000.0
IOIPG,2017-07-14,2.17,2.17,2.14,2.16,2690000.0
IOIPG,2017-07-17,2.17,2.17,2.16,2.17,1730000.0
IOIPG,2017-07-18,2.17,2.18,2.16,2.18,311400.0
IOIPG,2017-07-19,2.18,2.2,2.16,2.2,1170000.0
IOIPG,2017-07-20,2.2,2.2,2.13,2.13,637400.0
IOIPG,2017-07-21,2.15,2.17,2.12,2.17,880900.0
IOIPG,2017-07-24,2.15,2.17,2.13,2.17,418200.0
IOIPG,2017-07-25,2.15,2.16,2.1,2.1,655800.0
IOIPG,2017-07-26,2.11,2.11,2.1,2.11,668900.0
IOIPG,2017-07-27,2.12,2.14,2.1,2.11,1280000.0
IOIPG,2017-07-28,2.12,2.13,2.1,2.12,3020000.0
IOIPG,2017-07-31,2.1,2.14,2.1,2.1,2300000.0
IOIPG,2017-08-01,2.1,2.15,2.1,2.15,702800.0
IOIPG,2017-08-02,2.15,2.15,2.13,2.14,1370000.0
IOIPG,2017-08-03,2.12,2.14,2.11,2.13,877100.0
IOIPG,2017-08-04,2.12,2.13,2.11,2.12,2420000.0
IOIPG,2017-08-07,2.13,2.17,2.07,2.07,2220000.0
IOIPG,2017-08-08,2.08,2.11,2.07,2.09,1190000.0
IOIPG,2017-08-09,2.09,2.13,2.09,2.11,2870000.0
IOIPG,2017-08-10,2.11,2.12,2.11,2.12,2100000.0
IOIPG,2017-08-11,2.11,2.11,2.08,2.09,2640000.0
IOIPG,2017-08-14,2.09,2.17,2.09,2.11,3760000.0
IOIPG,2017-08-15,2.12,2.15,2.1,2.12,4139999.9999999995
IOIPG,2017-08-16,2.13,2.14,2.1,2.1,1740000.0
IOIPG,2017-08-17,2.12,2.13,2.1,2.12,1270000.0
IOIPG,2017-08-18,2.12,2.14,2.11,2.14,587900.0
IOIPG,2017-08-21,2.14,2.14,2.12,2.12,731500.0
IOIPG,2017-08-22,2.12,2.13,2.11,2.11,1420000.0
IOIPG,2017-08-23,2.11,2.13,2.11,2.13,613900.0
IOIPG,2017-08-24,2.13,2.13,2.11,2.12,1690000.0
IOIPG,2017-08-25,2.13,2.14,2.12,2.14,1020000.0
IOIPG,2017-08-28,2.1,2.1,2.06,2.06,2290000.0
IOIPG,2017-08-29,2.05,2.05,2.0,2.01,3320000.0
IOIPG,2017-08-30,2.0,2.02,1.98,1.99,4900000.0
IOIPG,2017-09-05,1.99,2.02,1.97,2.0,2630000.0
IOIPG,2017-09-06,2.0,2.04,2.0,2.04,5150000.0
IOIPG,2017-09-07,2.03,2.06,2.03,2.06,8690000.0
IOIPG,2017-09-08,2.06,2.08,2.04,2.04,9020000.0
IOIPG,2017-09-11,2.05,2.06,2.04,2.05,1580000.0
IOIPG,2017-09-12,2.06,2.06,2.03,2.05,3030000.0
IOIPG,2017-09-13,2.05,2.06,2.04,2.04,1120000.0
IOIPG,2017-09-14,2.06,2.06,2.04,2.06,846400.0
IOIPG,2017-09-15,2.05,2.05,2.01,2.01,10740000.0
IOIPG,2017-09-18,2.01,2.05,2.01,2.04,1660000.0
IOIPG,2017-09-19,2.03,2.08,2.03,2.06,1530000.0
IOIPG,2017-09-20,2.05,2.06,2.03,2.05,3970000.0
IOIPG,2017-09-21,2.04,2.05,2.03,2.04,2570000.0
IOIPG,2017-09-25,2.04,2.05,2.04,2.05,1530000.0
IOIPG,2017-09-26,2.06,2.06,2.03,2.04,3460000.0
IOIPG,2017-09-27,2.05,2.05,2.03,2.03,1220000.0
IOIPG,2017-09-28,2.04,2.04,2.01,2.02,3070000.0
IOIPG,2017-09-29,2.02,2.06,2.0,2.02,3160000.0
IOIPG,2017-10-02,2.03,2.04,2.01,2.02,6110000.0
IOIPG,2017-10-03,2.02,2.02,2.01,2.01,444100.0
IOIPG,2017-10-04,2.01,2.02,1.99,2.01,4410000.0
IOIPG,2017-10-05,2.01,2.01,1.99,2.0,3640000.0
IOIPG,2017-10-06,2.0,2.01,1.99,2.0,1830000.0
IOIPG,2017-10-09,2.0,2.06,2.0,2.04,2220000.0
IOIPG,2017-10-10,2.03,2.03,2.01,2.02,3850000.0
IOIPG,2017-10-11,2.02,2.02,1.95,1.98,6740000.0
IOIPG,2017-10-12,1.98,1.99,1.97,1.99,2690000.0
IOIPG,2017-10-13,2.0,2.0,1.95,1.97,1910000.0
IOIPG,2017-10-16,1.99,2.01,1.97,2.01,1760000.0
IOIPG,2017-10-17,1.99,2.0,1.97,1.98,4630000.0
IOIPG,2017-10-19,1.98,1.99,1.95,1.98,3270000.0
IOIPG,2017-10-20,1.99,2.02,1.97,1.97,4350000.0
IOIPG,2017-10-23,1.99,2.01,1.98,2.01,3260000.0
IOIPG,2017-10-24,2.02,2.02,2.0,2.0,1880000.0
IOIPG,2017-10-25,1.99,2.01,1.99,2.0,1180000.0
IOIPG,2017-10-26,2.01,2.01,1.97,1.97,6140000.0
IOIPG,2017-10-27,1.98,2.01,1.97,1.99,1190000.0
IOIPG,2017-10-30,2.0,2.01,1.99,2.0,3110000.0
IOIPG,2017-10-31,2.0,2.01,1.99,1.99,2860000.0
IOIPG,2017-11-01,2.0,2.0,1.99,1.99,3290000.0
IOIPG,2017-11-02,2.0,2.0,1.99,2.0,3570000.0
IOIPG,2017-11-03,1.99,2.0,1.99,1.99,3050000.0
IOIPG,2017-11-06,1.99,2.0,1.96,1.98,790900.0
IOIPG,2017-11-07,1.98,2.0,1.98,1.99,1990000.0
IOIPG,2017-11-08,1.99,2.02,1.99,2.01,2080000.0
IOIPG,2017-11-09,2.0,2.01,1.99,1.99,2610000.0
IOIPG,2017-11-10,1.98,2.0,1.98,1.99,3810000.0
IOIPG,2017-11-13,1.99,1.99,1.97,1.98,2240000.0
IOIPG,2017-11-14,1.98,2.0,1.98,1.99,1880000.0
IOIPG,2017-11-15,1.98,2.0,1.98,1.98,2630000.0
IOIPG,2017-11-16,1.98,1.99,1.97,1.98,735600.0
IOIPG,2017-11-17,1.99,1.99,1.97,1.98,3100000.0
IOIPG,2017-11-20,1.99,2.0,1.97,1.99,1030000.0
IOIPG,2017-11-21,2.0,2.0,1.97,1.99,2480000.0
IOIPG,2017-11-22,1.98,2.0,1.98,1.99,1310000.0
IOIPG,2017-11-23,1.99,1.99,1.98,1.98,301500.0
IOIPG,2017-11-24,1.98,1.98,1.95,1.95,559900.0
IOIPG,2017-11-27,1.95,1.95,1.92,1.94,1130000.0
IOIPG,2017-11-28,1.94,1.94,1.92,1.94,685900.0
IOIPG,2017-11-29,1.93,1.93,1.88,1.89,1610000.0
IOIPG,2017-11-30,1.89,1.91,1.89,1.89,5370000.0
IOIPG,2017-12-04,1.9,1.9,1.86,1.89,964400.0
IOIPG,2017-12-05,1.9,1.92,1.88,1.92,1630000.0
IOIPG,2017-12-06,1.9,1.91,1.9,1.9,1180000.0
IOIPG,2017-12-07,1.91,1.91,1.89,1.89,467100.0
IOIPG,2017-12-08,1.9,1.95,1.9,1.95,428300.0
IOIPG,2017-12-11,1.95,1.96,1.9,1.9,402900.0
IOIPG,2017-12-12,1.9,1.96,1.89,1.96,957700.0
IOIPG,2017-12-13,1.92,1.96,1.92,1.96,820400.0
IOIPG,2017-12-14,1.93,1.97,1.93,1.96,17440000.0
IOIPG,2017-12-15,1.97,1.97,1.94,1.94,21360000.0
IOIPG,2017-12-18,1.94,1.95,1.9,1.91,21200000.0
IOIPG,2017-12-19,1.9,1.9,1.79,1.79,25300000.0
IOIPG,2017-12-20,1.8,1.84,1.79,1.8,18590000.0
IOIPG,2017-12-21,1.81,1.83,1.8,1.81,4179999.9999999995
IOIPG,2017-12-22,1.82,1.83,1.82,1.82,2900000.0
IOIPG,2017-12-26,1.83,1.84,1.82,1.83,1150000.0
IOIPG,2017-12-27,1.83,1.83,1.8,1.81,2460000.0
IOIPG,2017-12-28,1.81,1.84,1.81,1.83,2330000.0
IOIPG,2017-12-29,1.83,1.87,1.83,1.85,939800.0
IOIPG,2018-01-02,1.84,1.86,1.83,1.84,742200.0
IOIPG,2018-01-03,1.84,1.95,1.83,1.95,1940000.0
IOIPG,2018-01-04,1.94,1.94,1.88,1.89,2700000.0
IOIPG,2018-01-05,1.9,1.95,1.9,1.95,2029999.9999999998
IOIPG,2018-01-08,1.95,1.95,1.93,1.95,2260000.0
IOIPG,2018-01-09,1.94,1.94,1.9,1.92,7380000.0
IOIPG,2018-01-10,1.92,1.94,1.91,1.94,673400.0
IOIPG,2018-01-11,1.94,1.94,1.91,1.92,1580000.0
IOIPG,2018-01-12,1.94,1.96,1.93,1.96,1020000.0
IOIPG,2018-01-15,1.96,1.96,1.94,1.94,370600.0
IOIPG,2018-01-16,1.94,1.98,1.93,1.98,1600000.0
IOIPG,2018-01-17,1.95,1.98,1.95,1.98,1700000.0
IOIPG,2018-01-18,1.98,2.0,1.97,2.0,2920000.0
IOIPG,2018-01-19,2.0,2.02,1.98,2.02,604100.0
IOIPG,2018-01-22,2.02,2.03,1.99,2.03,716400.0
IOIPG,2018-01-23,2.03,2.05,2.0,2.05,776800.0
IOIPG,2018-01-24,2.01,2.03,2.01,2.01,835500.0
IOIPG,2018-01-25,2.01,2.05,2.0,2.04,3100000.0
IOIPG,2018-01-26,2.04,2.06,2.01,2.06,692700.0
IOIPG,2018-01-29,2.06,2.06,2.03,2.04,967200.0
IOIPG,2018-01-30,2.03,2.03,1.95,1.99,3160000.0
IOIPG,2018-02-02,2.02,2.03,2.01,2.03,671500.0
IOIPG,2018-02-05,2.01,2.01,1.96,2.0,1360000.0
IOIPG,2018-02-06,1.96,1.98,1.94,1.97,2760000.0
IOIPG,2018-02-07,1.97,2.0,1.9,1.94,1520000.0
IOIPG,2018-02-08,1.98,1.98,1.96,1.97,492400.0
IOIPG,2018-02-09,1.93,1.96,1.93,1.96,1460000.0
IOIPG,2018-02-12,1.96,1.97,1.95,1.96,1270000.0
IOIPG,2018-02-13,1.95,1.98,1.94,1.97,986800.0
IOIPG,2018-02-14,1.95,1.98,1.95,1.97,358100.0
IOIPG,2018-02-15,1.95,1.98,1.95,1.96,336500.0
IOIPG,2018-02-19,1.99,2.05,1.97,2.04,619400.0
IOIPG,2018-02-20,2.04,2.04,1.99,2.01,465900.0
IOIPG,2018-02-21,2.0,2.02,1.97,2.02,1410000.0
IOIPG,2018-02-22,1.98,2.05,1.98,2.05,1100000.0
IOIPG,2018-02-23,2.03,2.03,1.98,1.98,1960000.0
IOIPG,2018-02-26,1.97,1.99,1.91,1.91,616200.0
IOIPG,2018-02-27,1.9,1.91,1.83,1.84,3570000.0
IOIPG,2018-02-28,1.83,1.87,1.83,1.85,2540000.0
IOIPG,2018-03-01,1.86,1.86,1.83,1.84,1450000.0
IOIPG,2018-03-02,1.83,1.86,1.83,1.84,2110000.0
IOIPG,2018-03-05,1.84,1.86,1.83,1.85,989400.0
IOIPG,2018-03-06,1.84,1.85,1.83,1.83,2550000.0
IOIPG,2018-03-07,1.83,1.83,1.8,1.8,1370000.0
IOIPG,2018-03-08,1.81,1.82,1.8,1.81,1400000.0
IOIPG,2018-03-09,1.82,1.83,1.81,1.83,530400.0
IOIPG,2018-03-12,1.82,1.84,1.8,1.82,2390000.0
IOIPG,2018-03-13,1.81,1.83,1.81,1.81,1800000.0
IOIPG,2018-03-14,1.8,1.8,1.76,1.77,5290000.0
IOIPG,2018-03-15,1.77,1.77,1.71,1.72,5860000.0
IOIPG,2018-03-16,1.73,1.74,1.71,1.72,10180000.0
IOIPG,2018-03-19,1.72,1.73,1.71,1.73,4710000.0
IOIPG,2018-03-20,1.73,1.73,1.66,1.68,5920000.0
IOIPG,2018-03-21,1.68,1.69,1.65,1.65,1200000.0
IOIPG,2018-03-22,1.65,1.65,1.62,1.65,1740000.0
IOIPG,2018-03-23,1.63,1.68,1.61,1.68,740100.0
IOIPG,2018-03-26,1.66,1.66,1.61,1.61,1870000.0
IOIPG,2018-03-27,1.62,1.63,1.61,1.62,829300.0
IOIPG,2018-03-28,1.63,1.63,1.61,1.62,1500000.0
