MERGE,2007-01-03,0.6400,0.6700,0.6300,0.6700,15000
MERGE,2007-01-04,0.6400,0.6600,0.6300,0.6600,67800
MERGE,2007-01-05,0.6400,0.6400,0.6300,0.6300,32000
MERGE,2007-01-08,0.6300,0.6300,0.6300,0.6300,17000
MERGE,2007-01-09,0.6150,0.6300,0.6150,0.6200,31000
MERGE,2007-01-10,0.6350,0.6350,0.6350,0.6350,5800
MERGE,2007-01-11,0.6200,0.6300,0.6200,0.6200,12400
MERGE,2007-01-12,0.6200,0.6300,0.6200,0.6300,10400
MERGE,2007-01-15,0.6300,0.6600,0.6300,0.6600,12100
MERGE,2007-01-16,0.6300,0.6500,0.6300,0.6500,13700
MERGE,2007-01-17,0.6650,0.6700,0.6500,0.6700,6100
MERGE,2007-01-18,0.6300,0.6600,0.6100,0.6400,80300
MERGE,2007-01-19,0.6100,0.6100,0.6100,0.6100,2000
MERGE,2007-01-22,0.6500,0.6950,0.6500,0.6750,39500
MERGE,2007-01-23,0.6800,0.6850,0.6200,0.6750,20100
MERGE,2007-01-24,0.6800,0.6800,0.6250,0.6250,5000
MERGE,2007-01-25,0.6250,0.6250,0.6250,0.6250,4900
MERGE,2007-01-26,0.6250,0.6700,0.6250,0.6600,25200
MERGE,2007-01-29,0.6250,0.6600,0.6250,0.6600,7
MERGE,2007-01-30,0.6400,0.6750,0.6400,0.6750,11400
MERGE,2007-01-31,0.6750,0.6800,0.6750,0.6800,1100
MERGE,2007-02-02,0.6800,0.6800,0.6450,0.6450,12000
MERGE,2007-02-06,0.6400,0.6400,0.6400,0.6400,11000
MERGE,2007-02-07,0.6250,0.6700,0.6050,0.6700,13100
MERGE,2007-02-08,0.6200,0.6200,0.6050,0.6050,23000
MERGE,2007-02-09,0.6000,0.6150,0.6000,0.6150,7100
MERGE,2007-02-12,0.6000,0.6500,0.6000,0.6500,10100
MERGE,2007-02-13,0.6050,0.6500,0.6050,0.6500,12100
MERGE,2007-02-14,0.6050,0.6400,0.6050,0.6400,2500
MERGE,2007-02-15,0.6000,0.6000,0.6000,0.6000,9000
MERGE,2007-02-16,0.6300,0.6750,0.6300,0.6600,19900
MERGE,2007-02-21,0.6300,0.6500,0.6000,0.6500,33100
MERGE,2007-02-22,0.6700,0.6750,0.6450,0.6600,49800
MERGE,2007-02-23,0.6000,0.6950,0.6000,0.6700,54600
MERGE,2007-02-26,0.6750,0.6800,0.6500,0.6500,53200
MERGE,2007-02-27,0.6500,0.6750,0.6100,0.6100,33900
MERGE,2007-02-28,0.6100,0.6100,0.5700,0.5700,12000
MERGE,2007-03-01,0.5600,0.6000,0.5600,0.6000,25000
MERGE,2007-03-02,0.6000,0.6000,0.6000,0.6000,5000
MERGE,2007-03-05,0.6000,0.6000,0.4000,0.5000,11000
MERGE,2007-03-06,0.5500,0.5950,0.5500,0.5500,16000
MERGE,2007-03-07,0.5900,0.6000,0.5150,0.6000,19700
MERGE,2007-03-08,0.5250,0.5250,0.5250,0.5250,1000
MERGE,2007-03-09,0.6000,0.6000,0.5300,0.5600,32100
MERGE,2007-03-12,0.5600,0.5900,0.5500,0.5850,9200
MERGE,2007-03-13,0.5450,0.6100,0.5450,0.6100,300
MERGE,2007-03-14,0.5300,0.5300,0.5300,0.5300,10000
MERGE,2007-03-15,0.5450,0.5450,0.5450,0.5450,27900
MERGE,2007-03-16,0.5450,0.5800,0.5450,0.5800,7900
MERGE,2007-03-20,0.5650,0.5650,0.5600,0.5600,8000
MERGE,2007-03-21,0.5650,0.6000,0.5650,0.6000,9100
MERGE,2007-03-22,0.6000,0.6200,0.6000,0.6200,5100
MERGE,2007-03-23,0.6100,0.6100,0.6100,0.6100,3000
MERGE,2007-03-26,0.5900,0.5900,0.5650,0.5650,8100
MERGE,2007-03-27,0.5800,0.6100,0.5700,0.6100,19200
MERGE,2007-03-28,0.5700,0.5750,0.5700,0.5750,5000
MERGE,2007-03-29,0.5850,0.5850,0.5850,0.5850,1000
MERGE,2007-03-30,0.6000,0.6200,0.6000,0.6000,35000
MERGE,2007-04-02,0.6200,0.6550,0.6200,0.6400,213800
MERGE,2007-04-03,0.6200,0.6500,0.6200,0.6500,83000
MERGE,2007-04-04,0.6600,0.6700,0.6200,0.6300,46100
MERGE,2007-04-05,0.6500,0.6700,0.6350,0.6650,390900
MERGE,2007-04-06,0.6750,0.6750,0.6250,0.6300,31500
MERGE,2007-04-09,0.6300,0.6400,0.6300,0.6300,15000
MERGE,2007-04-10,0.6250,0.6250,0.6250,0.6250,18000
MERGE,2007-04-11,0.6100,0.6200,0.6100,0.6200,4900
MERGE,2007-04-12,0.6000,0.6000,0.6000,0.6000,1000
MERGE,2007-04-13,0.6350,0.6350,0.6100,0.6100,12000
MERGE,2007-04-16,0.6100,0.6100,0.6100,0.6100,26000
MERGE,2007-04-17,0.6100,0.6100,0.6000,0.6000,55000
MERGE,2007-04-18,0.5950,0.6000,0.5900,0.5900,39000
MERGE,2007-04-19,0.5900,0.5900,0.5900,0.5900,8000
MERGE,2007-04-20,0.5900,0.5900,0.5900,0.5900,20000
MERGE,2007-04-23,0.5800,0.5800,0.5800,0.5800,5000
MERGE,2007-04-24,0.5600,0.5600,0.5600,0.5600,2000
MERGE,2007-04-25,0.5750,0.5750,0.5750,0.5750,12000
MERGE,2007-04-30,0.5700,0.5700,0.5700,0.5700,5000
MERGE,2007-05-03,0.5700,0.5700,0.5700,0.5700,2000
MERGE,2007-05-04,0.5900,0.5900,0.5700,0.5700,7000
MERGE,2007-05-07,0.5600,0.5600,0.5600,0.5600,1000
MERGE,2007-05-08,0.5700,0.5700,0.5600,0.5600,22000
MERGE,2007-05-10,0.5300,0.5500,0.5300,0.5300,12000
MERGE,2007-05-16,0.4750,0.4750,0.4750,0.4750,1000
MERGE,2007-05-17,0.4900,0.4900,0.4900,0.4900,1000
MERGE,2007-05-18,0.4900,0.4900,0.4900,0.4900,1
MERGE,2007-05-22,0.4700,0.4900,0.4700,0.4900,7000
MERGE,2007-05-23,0.4850,0.4850,0.4850,0.4850,1000
MERGE,2007-05-24,0.4800,0.5000,0.4800,0.5000,19000
MERGE,2007-05-25,0.4900,0.4900,0.4900,0.4900,4000
MERGE,2007-05-28,0.4800,0.4800,0.4600,0.4600,7000
MERGE,2007-05-29,0.4550,0.4600,0.4550,0.4600,10000
MERGE,2007-05-30,0.4600,0.4600,0.4500,0.4500,9000
MERGE,2007-05-31,0.3500,0.4300,0.3500,0.4300,6000
MERGE,2007-06-05,0.4300,0.4300,0.4200,0.4200,12000
MERGE,2007-06-06,0.4300,0.4300,0.4300,0.4300,13000
MERGE,2007-06-11,0.4400,0.4400,0.4200,0.4200,12000
MERGE,2007-06-12,0.4200,0.4400,0.4200,0.4400,25100
MERGE,2007-06-14,0.4400,0.4400,0.4400,0.4400,22000
MERGE,2007-06-18,0.4300,0.4300,0.4300,0.4300,4000
MERGE,2007-06-19,0.4200,0.4200,0.4150,0.4150,10000
MERGE,2007-06-21,0.4000,0.4000,0.4000,0.4000,1000
MERGE,2007-06-22,0.4000,0.4000,0.4000,0.4000,2000
MERGE,2007-06-25,0.4400,0.4400,0.4400,0.4400,2000
MERGE,2007-06-26,0.5300,0.5300,0.4200,0.4200,12000
MERGE,2007-07-03,0.4200,0.4200,0.4200,0.4200,3000
MERGE,2007-07-04,0.3800,0.3800,0.3800,0.3800,2000
MERGE,2007-07-05,0.4200,0.4200,0.4000,0.4000,35000
MERGE,2007-07-06,0.4000,0.4500,0.4000,0.4500,65200
MERGE,2007-07-09,0.4600,0.5100,0.4600,0.5100,13000
MERGE,2007-07-10,0.5100,0.5700,0.5000,0.5100,85100
MERGE,2007-07-12,0.4700,0.4700,0.4700,0.4700,1000
MERGE,2007-07-16,0.4700,0.4800,0.4700,0.4700,28000
MERGE,2007-07-17,0.4700,0.4700,0.4700,0.4700,5000
MERGE,2007-07-18,0.4700,0.4700,0.4700,0.4700,4500
MERGE,2007-07-23,0.4700,0.4700,0.4700,0.4700,5000
MERGE,2007-07-24,0.5500,0.5500,0.5500,0.5500,15000
MERGE,2007-07-25,0.5550,0.6050,0.5500,0.6000,204000
MERGE,2007-07-26,0.6100,0.6100,0.5700,0.5700,80000
MERGE,2007-07-27,0.5500,0.5500,0.5300,0.5300,28000
MERGE,2007-07-30,0.5300,0.5500,0.5300,0.5450,11000
MERGE,2007-07-31,0.5950,0.5950,0.5500,0.5500,56000
MERGE,2007-08-01,0.5600,0.5600,0.5400,0.5400,17000
MERGE,2007-08-02,0.5250,0.5250,0.5200,0.5200,15000
MERGE,2007-08-06,0.5000,0.6000,0.5000,0.5800,37000
MERGE,2007-08-09,0.5050,0.5100,0.5050,0.5100,6000
MERGE,2007-08-14,0.5100,0.5100,0.5100,0.5100,5000
MERGE,2007-08-16,0.4200,0.4200,0.4200,0.4200,5000
MERGE,2007-08-17,0.3600,0.3600,0.3600,0.3600,7000
MERGE,2007-09-06,0.3800,0.3800,0.3800,0.3800,5500
MERGE,2007-09-12,0.4000,0.4000,0.4000,0.4000,10000
MERGE,2007-09-18,0.4000,0.4000,0.4000,0.4000,5000
MERGE,2007-09-19,0.4000,0.4000,0.4000,0.4000,1000
MERGE,2007-09-21,0.4500,0.4500,0.4500,0.4500,7000
MERGE,2007-09-25,0.4300,0.4300,0.4100,0.4100,38000
MERGE,2007-09-26,0.4100,0.4100,0.4000,0.4000,30000
MERGE,2007-09-27,0.4000,0.4000,0.4000,0.4000,10000
MERGE,2007-10-02,0.4000,0.4000,0.4000,0.4000,11000
MERGE,2007-10-03,0.4000,0.4000,0.4000,0.4000,10000
MERGE,2007-10-04,0.3800,0.4300,0.3800,0.4300,6
MERGE,2007-10-09,0.3800,0.3800,0.3800,0.3800,6000
MERGE,2007-10-23,0.4000,0.4200,0.4000,0.4200,18900
MERGE,2007-10-24,0.4000,0.4600,0.4000,0.4600,20000
MERGE,2007-10-25,0.4600,0.4600,0.4250,0.4250,32000
MERGE,2007-10-26,0.4000,0.4000,0.4000,0.4000,500
MERGE,2007-11-01,0.4100,0.4100,0.4100,0.4100,1000
MERGE,2007-11-06,0.4100,0.4100,0.4100,0.4100,5000
MERGE,2007-11-29,0.4000,0.4000,0.4000,0.4000,500
MERGE,2007-11-30,0.3400,0.3400,0.3000,0.3000,40000
MERGE,2007-12-06,0.3300,0.3300,0.3100,0.3100,1000
MERGE,2007-12-12,0.3100,0.3100,0.3100,0.3100,4900
MERGE,2007-12-13,0.3100,0.3100,0.3100,0.3100,5000
MERGE,2007-12-21,0.3300,0.3300,0.3300,0.3300,3000
MERGE,2007-12-26,0.3300,0.3600,0.3300,0.3600,8000
MERGE,2007-12-27,0.4000,0.4000,0.4000,0.4000,19400
MERGE,2008-01-16,0.3000,0.3000,0.3000,0.3000,1000
MERGE,2008-01-21,0.3000,0.3000,0.3000,0.3000,2000
MERGE,2008-01-28,0.3000,0.3000,0.3000,0.3000,14000
MERGE,2008-01-31,0.3000,0.4500,0.3000,0.3000,14400
MERGE,2008-02-05,0.3050,0.5000,0.3050,0.5000,7900
MERGE,2008-02-15,0.3100,0.3100,0.3100,0.3100,3000
MERGE,2008-02-18,0.3050,0.3050,0.3050,0.3050,1000
MERGE,2008-02-19,0.3050,0.3050,0.3050,0.3050,3000
MERGE,2008-02-20,0.3000,0.3000,0.3000,0.3000,3000
MERGE,2008-02-21,0.2950,0.2950,0.2950,0.2950,2000
MERGE,2008-03-06,0.2150,0.2150,0.2150,0.2150,2000
MERGE,2008-04-02,0.5150,0.5150,0.5150,0.5150,100
MERGE,2008-04-10,0.3300,0.3300,0.3300,0.3300,7000
MERGE,2008-04-14,0.2350,0.2350,0.2250,0.2250,60000
MERGE,2008-04-15,0.2350,0.2350,0.2250,0.2250,60000
MERGE,2008-04-16,0.2300,0.2300,0.2250,0.2250,51200
MERGE,2008-04-17,0.2250,0.2250,0.2250,0.2250,156000
MERGE,2008-04-18,0.2300,0.2400,0.2300,0.2350,118000
MERGE,2008-04-21,0.2400,0.2800,0.2400,0.2800,10100
MERGE,2008-04-22,0.2800,0.2800,0.2500,0.2500,120000
MERGE,2008-04-25,0.2400,0.2400,0.2400,0.2400,20000
MERGE,2008-05-16,0.2500,0.2500,0.2500,0.2500,5000
MERGE,2008-06-23,0.3000,0.3000,0.2500,0.2500,15000
MERGE,2008-08-05,0.2000,0.2000,0.2000,0.2000,10
MERGE,2008-08-06,0.1500,0.2200,0.1500,0.2200,30000
MERGE,2008-08-15,0.1800,0.1800,0.1800,0.1800,9
MERGE,2008-08-19,0.1800,0.1800,0.1800,0.1800,10100
MERGE,2008-08-20,0.1800,0.1800,0.1800,0.1800,50000
MERGE,2008-09-24,0.2000,0.2000,0.2000,0.2000,10000
MERGE,2008-10-09,0.1600,0.1700,0.1500,0.1700,160000
MERGE,2008-12-19,0.2200,0.2200,0.2200,0.2200,12000
MERGE,2008-12-23,0.2200,0.2200,0.1500,0.1500,200
MERGE,2009-01-29,0.1600,0.1600,0.1600,0.1600,15000
MERGE,2009-02-18,0.1600,0.1600,0.1600,0.1600,4000
MERGE,2009-03-18,0.1350,0.1350,0.1000,0.1000,60000
MERGE,2009-03-19,0.0900,0.0900,0.0900,0.0900,12000
MERGE,2009-03-23,0.1200,0.1300,0.1200,0.1300,20000
MERGE,2009-03-24,0.1000,0.1000,0.1000,0.1000,40000
MERGE,2009-03-27,0.1200,0.1200,0.1200,0.1200,20000
MERGE,2009-04-03,0.1200,0.1400,0.1000,0.1000,60000
MERGE,2009-04-06,0.1200,0.1200,0.1200,0.1200,20000
MERGE,2009-04-07,0.1200,0.1200,0.1200,0.1200,20000
MERGE,2009-04-08,0.1200,0.1200,0.1200,0.1200,20000
MERGE,2009-04-20,0.1200,0.1200,0.1200,0.1200,10000
MERGE,2009-04-21,0.1200,0.1200,0.1200,0.1200,10000
MERGE,2009-04-30,0.1200,0.1200,0.1200,0.1200,2000
MERGE,2009-05-20,0.0800,0.0800,0.0800,0.0800,2000
MERGE,2009-05-21,0.1200,0.1200,0.1200,0.1200,8000
MERGE,2009-05-29,0.1500,0.1900,0.1500,0.1900,6000
MERGE,2009-06-02,0.1800,0.1800,0.1800,0.1800,2000
MERGE,2009-06-04,0.2000,0.2000,0.1800,0.2000,35000
MERGE,2009-06-05,0.2000,0.2000,0.1800,0.2000,35000
MERGE,2009-06-08,0.2000,0.2000,0.1800,0.1800,13000
MERGE,2009-07-15,0.2000,0.2000,0.2000,0.2000,5000
MERGE,2009-07-16,0.3500,0.3900,0.3250,0.3450,231700
MERGE,2009-07-17,0.3600,0.3700,0.3200,0.3700,59000
MERGE,2009-07-20,0.3800,0.3800,0.3800,0.3800,20000
MERGE,2009-07-24,0.3500,0.3500,0.3500,0.3500,10000
MERGE,2009-07-28,0.3000,0.3000,0.3000,0.3000,30000
MERGE,2009-07-29,0.2800,0.2800,0.2800,0.2800,5000
MERGE,2009-08-03,0.3000,0.3000,0.3000,0.3000,10000
MERGE,2009-08-04,0.3900,0.3950,0.3900,0.3950,22000
MERGE,2009-08-05,0.4050,0.4050,0.4050,0.4050,100
MERGE,2009-08-11,0.3200,0.3200,0.3200,0.3200,4000
MERGE,2009-08-13,0.3300,0.3300,0.3300,0.3300,10000
MERGE,2009-08-21,0.2300,0.2300,0.2300,0.2300,8200
MERGE,2009-08-24,0.3300,0.3300,0.3300,0.3300,8200
MERGE,2009-09-03,0.3000,0.3000,0.3000,0.3000,14900
MERGE,2009-09-09,0.3000,0.3000,0.3000,0.3000,2000
MERGE,2009-09-23,0.3500,0.3500,0.3500,0.3500,28900
MERGE,2009-09-24,0.4000,0.4000,0.4000,0.4000,29000
MERGE,2009-09-25,0.4050,0.4050,0.4000,0.4000,32000
MERGE,2009-09-28,0.4000,0.4000,0.4000,0.4000,10000
MERGE,2009-10-01,0.3500,0.3550,0.3500,0.3550,3500
MERGE,2009-10-02,0.3550,0.3550,0.3550,0.3550,100
MERGE,2009-10-12,0.3600,0.3600,0.3600,0.3600,2000
MERGE,2009-10-14,0.3650,0.4000,0.3650,0.4000,15000
MERGE,2009-10-15,0.3650,0.3650,0.3500,0.3500,90000
MERGE,2009-10-16,0.3800,0.3800,0.3800,0.3800,20000
MERGE,2009-10-21,0.3800,0.3800,0.3800,0.3800,18000
MERGE,2009-10-22,0.3500,0.4000,0.3500,0.3800,10000000
MERGE,2009-10-23,0.3750,0.3750,0.3750,0.3750,15000
MERGE,2009-10-28,0.3700,0.3700,0.3700,0.3700,20000
MERGE,2009-10-29,0.3700,0.3700,0.3700,0.3700,26500
MERGE,2009-11-11,0.3800,0.3800,0.3800,0.3800,23000
MERGE,2009-11-16,0.3800,0.3800,0.3800,0.3800,40000
MERGE,2009-11-19,0.3800,0.3800,0.3800,0.3800,10000
MERGE,2009-12-17,0.3200,0.3200,0.3200,0.3200,4000
MERGE,2009-12-30,0.2500,0.3800,0.2500,0.3800,1100
MERGE,2010-01-05,0.3700,0.3800,0.3700,0.3800,14000
MERGE,2010-01-06,0.4000,0.4000,0.4000,0.4000,26000
MERGE,2010-01-07,0.3800,0.3800,0.3800,0.3800,14900
MERGE,2010-01-11,0.3850,0.3850,0.3850,0.3850,18000
MERGE,2010-01-12,0.3850,0.4100,0.3850,0.4000,45000
MERGE,2010-01-13,0.4000,0.4100,0.3900,0.3900,17000
MERGE,2010-01-14,0.4200,0.4300,0.4200,0.4300,59000
MERGE,2010-01-15,0.4600,0.4600,0.4050,0.4050,5000
MERGE,2010-01-21,0.3950,0.3950,0.3950,0.3950,25000
MERGE,2010-01-22,0.4150,0.4150,0.4150,0.4150,15000
MERGE,2010-02-08,0.3950,0.3950,0.3900,0.3900,20500
MERGE,2010-02-09,0.3500,0.3500,0.3500,0.3500,5000
MERGE,2010-02-12,0.3500,0.3500,0.3500,0.3500,5000
MERGE,2010-02-23,0.3900,0.4300,0.3800,0.4300,32100
MERGE,2010-03-01,0.4350,0.4350,0.4350,0.4350,400
MERGE,2010-03-03,0.4600,0.4600,0.4600,0.4600,300
MERGE,2010-03-04,0.3500,0.3900,0.3500,0.3900,43000
MERGE,2010-03-09,0.4100,0.4100,0.3800,0.3800,20000
MERGE,2010-03-16,0.3650,0.3650,0.3650,0.3650,22000
MERGE,2010-03-18,0.3700,0.3700,0.3700,0.3700,4000
MERGE,2010-03-22,0.3700,0.3700,0.3700,0.3700,2600
MERGE,2010-03-24,0.3750,0.3750,0.3700,0.3700,4000
MERGE,2010-03-25,0.3800,0.3800,0.3550,0.3550,45000
MERGE,2010-03-31,0.2900,0.2900,0.2900,0.2900,10000
MERGE,2010-04-02,0.2900,0.2900,0.2900,0.2900,1000
MERGE,2010-04-06,0.2900,0.2900,0.2900,0.2900,11100
MERGE,2010-04-07,0.2950,0.2950,0.2950,0.2950,15000
MERGE,2010-04-29,0.1000,0.2600,0.1000,0.2600,4000
MERGE,2010-05-11,0.2650,0.2650,0.2650,0.2650,15000
MERGE,2010-05-12,0.2650,0.2650,0.2650,0.2650,15000
MERGE,2010-05-13,0.2500,0.2500,0.2500,0.2500,2000
MERGE,2010-05-14,0.2650,0.2650,0.2650,0.2650,15000
MERGE,2010-06-01,0.3800,0.3800,0.3700,0.3700,12000
MERGE,2010-06-29,0.2150,0.2150,0.2150,0.2150,1000
MERGE,2010-07-05,0.2150,0.2150,0.2150,0.2150,1000
MERGE,2010-07-22,0.3300,0.3900,0.3300,0.3900,11000
MERGE,2010-07-23,0.3300,0.3300,0.3300,0.3300,4000
MERGE,2010-07-27,0.2600,0.2600,0.2600,0.2600,8000
MERGE,2010-07-28,0.2600,0.2600,0.2600,0.2600,4000
MERGE,2010-08-06,0.3600,0.3600,0.3600,0.3600,10600
MERGE,2010-08-13,0.2500,0.2800,0.2500,0.2800,7000
MERGE,2010-08-19,0.2600,0.2600,0.2600,0.2600,2000
MERGE,2010-08-24,0.2650,0.2650,0.2600,0.2600,12000
MERGE,2010-10-18,0.2400,0.2400,0.2400,0.2400,24000
MERGE,2010-10-22,0.2500,0.2500,0.2500,0.2500,1500
MERGE,2010-10-28,0.2600,0.2600,0.2600,0.2600,10000
MERGE,2010-11-03,0.3300,0.3400,0.3300,0.3400,14500
MERGE,2010-11-04,0.3500,0.3500,0.3500,0.3500,145000
MERGE,2010-11-08,0.3500,0.3500,0.3500,0.3500,50000
MERGE,2010-11-12,0.4600,0.4600,0.4600,0.4600,2000
MERGE,2010-11-22,0.3400,0.3400,0.3350,0.3350,2000
MERGE,2010-11-24,0.3350,0.3500,0.3350,0.3500,43500
MERGE,2010-11-30,0.3300,0.3300,0.3300,0.3300,5000
MERGE,2010-12-06,0.3300,0.3300,0.3300,0.3300,27000
MERGE,2010-12-08,0.3300,0.3300,0.3300,0.3300,50000
MERGE,2010-12-10,0.3500,0.3500,0.3200,0.3200,4000
MERGE,2010-12-13,0.3200,0.3200,0.3200,0.3200,11000
MERGE,2010-12-15,0.3400,0.3400,0.3400,0.3400,10000
MERGE,2010-12-22,0.3100,0.3200,0.3100,0.3200,22500
MERGE,2010-12-27,0.3150,0.3150,0.3150,0.3150,2000
MERGE,2010-12-29,0.3250,0.3250,0.3250,0.3250,3000
MERGE,2011-01-03,0.3150,0.3150,0.3150,0.3150,10000
MERGE,2011-01-06,0.3800,0.3800,0.3750,0.3750,32800
MERGE,2011-01-10,0.3700,0.3700,0.3700,0.3700,5000
MERGE,2011-01-13,0.3700,0.3700,0.3650,0.3650,70000
MERGE,2011-01-14,0.3300,0.3300,0.3300,0.3300,16000
MERGE,2011-01-18,0.3300,0.3500,0.3300,0.3500,8000
MERGE,2011-01-19,0.3400,0.3400,0.3400,0.3400,12800
MERGE,2011-01-25,0.3250,0.3250,0.3250,0.3250,11100
MERGE,2011-01-27,0.3500,0.3500,0.3350,0.3350,201500
MERGE,2011-02-07,0.3500,0.3500,0.3500,0.3500,3000
MERGE,2011-02-16,0.3200,0.3200,0.3200,0.3200,16900
MERGE,2011-02-18,0.3350,0.3350,0.3350,0.3350,15000
MERGE,2011-02-21,0.3250,0.3250,0.3250,0.3250,5000
MERGE,2011-02-23,0.3150,0.3150,0.3150,0.3150,1000
MERGE,2011-02-24,0.3150,0.3150,0.3150,0.3150,30000
MERGE,2011-03-01,0.3100,0.3200,0.3100,0.3200,8000
MERGE,2011-03-02,0.3300,0.3300,0.3200,0.3200,71500
MERGE,2011-03-04,0.3200,0.3200,0.3200,0.3200,50900
MERGE,2011-03-23,0.3100,0.3200,0.3100,0.3200,6000
MERGE,2011-03-30,0.3100,0.3100,0.3100,0.3100,1000
MERGE,2011-03-31,0.3100,0.3100,0.3100,0.3100,1000
MERGE,2011-04-04,0.3200,0.3200,0.3200,0.3200,5000
MERGE,2011-04-06,0.3200,0.3200,0.3200,0.3200,5000
MERGE,2011-04-08,0.3100,0.3150,0.3100,0.3150,31000
MERGE,2011-05-27,0.3000,0.3000,0.3000,0.3000,20000
MERGE,2011-06-03,0.3000,0.3300,0.3000,0.3300,15000
MERGE,2011-06-27,0.2150,0.2700,0.2150,0.2600,4000
MERGE,2011-06-29,0.3000,0.3000,0.3000,0.3000,2000
MERGE,2011-06-30,0.3100,0.3100,0.3000,0.3000,50100
MERGE,2011-07-06,0.3000,0.3000,0.3000,0.3000,25000
MERGE,2011-07-13,0.2700,0.2700,0.2700,0.2700,5000
MERGE,2011-07-14,0.3000,0.3000,0.3000,0.3000,10000
MERGE,2011-07-22,0.3000,0.3000,0.3000,0.3000,2000
MERGE,2011-08-02,0.2800,0.2800,0.2800,0.2800,1000
MERGE,2011-08-04,0.2800,0.3100,0.2800,0.3100,15000
MERGE,2011-08-05,0.3000,0.3050,0.3000,0.3000,40700
MERGE,2011-08-23,0.2600,0.2950,0.2600,0.2950,3000
MERGE,2011-09-07,0.2500,0.2500,0.2500,0.2500,9000
MERGE,2011-10-17,0.2400,0.2400,0.2400,0.2400,10000
MERGE,2011-10-18,0.2100,0.2100,0.2100,0.2100,3000
MERGE,2011-10-25,0.2300,0.2300,0.2300,0.2300,50000
MERGE,2011-12-16,0.2300,0.2300,0.2300,0.2300,10000
MERGE,2011-12-23,0.2900,0.3000,0.2900,0.3000,48000
MERGE,2012-01-11,0.2950,0.2950,0.2950,0.2950,39000
MERGE,2012-02-02,0.3000,0.3000,0.3000,0.3000,5000
MERGE,2012-02-08,0.3000,0.3100,0.3000,0.3100,49000
MERGE,2012-02-17,0.2750,0.2750,0.2700,0.2700,20000
MERGE,2012-02-22,0.2800,0.3100,0.2800,0.3100,24000
MERGE,2012-02-23,0.2900,0.2900,0.2900,0.2900,60000
MERGE,2012-02-24,0.2800,0.2800,0.2800,0.2800,4000
MERGE,2012-02-28,0.2800,0.2800,0.2800,0.2800,11000
MERGE,2012-02-29,0.2900,0.2900,0.2900,0.2900,60000
MERGE,2012-03-01,0.2800,0.2800,0.2800,0.2800,15000
MERGE,2012-03-02,0.3000,0.3000,0.2900,0.2900,8500
MERGE,2012-03-06,0.3000,0.3000,0.2700,0.2700,44000
MERGE,2012-03-07,0.2700,0.2700,0.2700,0.2700,20000
MERGE,2012-03-08,0.2300,0.2850,0.2300,0.2850,23300
MERGE,2012-03-12,0.2800,0.2850,0.2350,0.2350,31000
MERGE,2012-03-13,0.2500,0.2950,0.2500,0.2950,195000
MERGE,2012-03-15,0.2650,0.2700,0.2650,0.2700,67700
MERGE,2012-03-16,0.2700,0.2850,0.2700,0.2750,304000
MERGE,2012-03-19,0.2800,0.2900,0.2800,0.2900,260100
MERGE,2012-03-20,0.2900,0.3250,0.2900,0.3250,2066000
MERGE,2012-03-21,0.3400,0.3850,0.3200,0.3250,6530600
MERGE,2012-03-22,0.3150,0.3250,0.3100,0.3200,173900
MERGE,2012-03-23,0.3250,0.3400,0.3200,0.3200,77200
MERGE,2012-03-26,0.3150,0.3200,0.2800,0.3000,307000
MERGE,2012-03-27,0.2800,0.2800,0.2550,0.2750,1176300
MERGE,2012-03-28,0.2900,0.2900,0.2550,0.2700,775700
MERGE,2012-03-29,0.2800,0.2850,0.2700,0.2750,574500
MERGE,2012-03-30,0.2750,0.2900,0.2700,0.2850,278000
MERGE,2012-04-02,0.2750,0.2750,0.2600,0.2700,215000
MERGE,2012-04-03,0.2650,0.2650,0.2600,0.2650,56000
MERGE,2012-04-04,0.2650,0.2650,0.2550,0.2550,114000
MERGE,2012-04-05,0.2600,0.2600,0.2400,0.2400,53000
MERGE,2012-04-06,0.2450,0.2700,0.2450,0.2700,58000
MERGE,2012-04-09,0.2600,0.2750,0.2600,0.2750,88000
MERGE,2012-04-10,0.2600,0.2700,0.2550,0.2700,45000
MERGE,2012-04-12,0.2650,0.2650,0.2650,0.2650,85500
MERGE,2012-04-13,0.2650,0.2650,0.2650,0.2650,20000
MERGE,2012-04-16,0.2600,0.2600,0.2550,0.2550,24000
MERGE,2012-04-17,0.2950,0.2950,0.2650,0.2650,80300
MERGE,2012-04-18,0.2700,0.2700,0.2700,0.2700,1500
MERGE,2012-04-19,0.2600,0.2600,0.2550,0.2550,40000
MERGE,2012-04-20,0.2550,0.2650,0.2550,0.2650,143500
MERGE,2012-04-23,0.2650,0.2800,0.2650,0.2750,153000
MERGE,2012-04-24,0.2850,0.3000,0.2700,0.2700,881400
MERGE,2012-04-25,0.2650,0.2750,0.2600,0.2600,71000
MERGE,2012-04-26,0.2800,0.2850,0.2800,0.2850,96000
MERGE,2012-04-27,0.2650,0.2800,0.2650,0.2700,42700
MERGE,2012-04-30,0.2750,0.2800,0.2550,0.2800,411800
MERGE,2012-05-03,0.2750,0.2750,0.2550,0.2550,49500
MERGE,2012-05-04,0.2750,0.2900,0.2700,0.2700,367200
MERGE,2012-05-07,0.2800,0.2800,0.2800,0.2800,167100
MERGE,2012-05-09,0.2850,0.3000,0.2850,0.2950,1091400
MERGE,2012-05-10,0.2950,0.3150,0.2950,0.3050,894500
MERGE,2012-05-11,0.3000,0.3000,0.2900,0.2900,57000
MERGE,2012-05-14,0.2750,0.3150,0.2750,0.2850,377100
MERGE,2012-05-15,0.2650,0.2700,0.2650,0.2650,27000
MERGE,2012-05-16,0.2600,0.2750,0.2450,0.2450,211800
MERGE,2012-05-17,0.2500,0.2550,0.2500,0.2550,44500
MERGE,2012-05-18,0.2500,0.2500,0.2400,0.2500,59700
MERGE,2012-05-21,0.2400,0.2650,0.2400,0.2650,404000
MERGE,2012-05-22,0.2600,0.2850,0.2450,0.2850,288500
MERGE,2012-05-23,0.2500,0.2500,0.2450,0.2450,17500
MERGE,2012-05-24,0.2650,0.2650,0.2650,0.2650,10000
MERGE,2012-05-25,0.2650,0.2650,0.2650,0.2650,3000
MERGE,2012-05-28,0.2650,0.2850,0.2650,0.2850,262600
MERGE,2012-05-29,0.2850,0.2900,0.2550,0.2900,305000
MERGE,2012-05-30,0.2850,0.2850,0.2800,0.2800,47900
MERGE,2012-05-31,0.2700,0.2750,0.2700,0.2750,11200
MERGE,2012-06-01,0.2850,0.3000,0.2850,0.2950,286500
MERGE,2012-06-04,0.2700,0.2750,0.2700,0.2750,11500
MERGE,2012-06-05,0.2850,0.2900,0.2550,0.2550,800
MERGE,2012-06-06,0.2550,0.2850,0.2550,0.2850,2600
MERGE,2012-06-07,0.2850,0.2950,0.2850,0.2950,345700
MERGE,2012-06-12,0.2950,0.2950,0.2950,0.2950,373800
MERGE,2012-06-13,0.2950,0.2950,0.2950,0.2950,34000
MERGE,2012-06-15,0.2900,0.2950,0.2700,0.2700,374900
MERGE,2012-06-19,0.2700,0.2700,0.2700,0.2700,8900
MERGE,2012-06-21,0.2700,0.2900,0.2700,0.2900,21000
MERGE,2012-06-22,0.2700,0.2750,0.2700,0.2700,60000
MERGE,2012-06-25,0.2850,0.2850,0.2850,0.2850,2000
MERGE,2012-06-26,0.2850,0.2850,0.2850,0.2850,310000
MERGE,2012-06-27,0.2850,0.3200,0.2850,0.3150,588600
MERGE,2012-06-28,0.2800,0.2850,0.2750,0.2750,63000
MERGE,2012-07-02,0.2750,0.2750,0.2750,0.2750,1000
MERGE,2012-07-03,0.2950,0.2950,0.2800,0.2800,1100
MERGE,2012-07-04,0.2800,0.2800,0.2750,0.2750,28900
MERGE,2012-07-05,0.3000,0.3100,0.3000,0.3100,929700
MERGE,2012-07-06,0.2800,0.2800,0.2800,0.2800,32000
MERGE,2012-07-09,0.2750,0.2750,0.2750,0.2750,8000
MERGE,2012-07-10,0.2750,0.2750,0.2750,0.2750,33800
MERGE,2012-07-11,0.2750,0.2750,0.2750,0.2750,19100
MERGE,2012-07-12,0.2700,0.2700,0.2650,0.2650,43100
MERGE,2012-07-13,0.2650,0.2850,0.2650,0.2850,862000
MERGE,2012-07-16,0.2850,0.2900,0.2750,0.2850,478900
MERGE,2012-07-17,0.2700,0.2850,0.2700,0.2700,52900
MERGE,2012-07-19,0.2850,0.3000,0.2750,0.2900,670600
MERGE,2012-07-20,0.2800,0.2800,0.2800,0.2800,5000
MERGE,2012-07-23,0.2950,0.2950,0.2700,0.2850,487000
MERGE,2012-07-25,0.2850,0.2950,0.2700,0.2900,359300
MERGE,2012-07-26,0.2750,0.2900,0.2750,0.2900,37000
MERGE,2012-07-27,0.2900,0.3050,0.2750,0.2750,1467500
MERGE,2012-07-30,0.2750,0.2750,0.2750,0.2750,3100
MERGE,2012-07-31,0.2950,0.2950,0.2950,0.2950,28000
MERGE,2012-08-01,0.2950,0.2950,0.2950,0.2950,460000
MERGE,2012-08-02,0.2900,0.3200,0.2800,0.2800,367000
MERGE,2012-08-03,0.3000,0.3150,0.2900,0.3100,938000
MERGE,2012-08-06,0.3250,0.3350,0.2900,0.2900,218900
MERGE,2012-08-07,0.2850,0.3050,0.2850,0.3000,30000
MERGE,2012-08-08,0.3100,0.3150,0.3100,0.3150,311000
MERGE,2012-08-09,0.3250,0.3250,0.2950,0.2950,697900
MERGE,2012-08-10,0.2900,0.2900,0.2900,0.2900,121900
MERGE,2012-08-13,0.2850,0.2900,0.2650,0.2650,455200
MERGE,2012-08-14,0.2700,0.2750,0.2700,0.2700,66000
MERGE,2012-08-15,0.2800,0.2800,0.2750,0.2750,3100
MERGE,2012-08-16,0.2700,0.2750,0.2700,0.2750,14000
MERGE,2012-08-17,0.2750,0.2850,0.2750,0.2800,124700
MERGE,2012-08-22,0.2850,0.2900,0.2850,0.2900,1100
MERGE,2012-08-23,0.2900,0.2900,0.2900,0.2900,133000
MERGE,2012-08-24,0.2750,0.2800,0.2700,0.2700,11200
MERGE,2012-08-27,0.2750,0.2850,0.2750,0.2850,70500
MERGE,2012-08-28,0.2750,0.2750,0.2750,0.2750,1200
MERGE,2012-08-29,0.2850,0.2950,0.2750,0.2850,340100
MERGE,2012-08-30,0.2800,0.2850,0.2800,0.2850,61200
MERGE,2012-09-03,0.2750,0.2900,0.2750,0.2900,18000
MERGE,2012-09-04,0.2950,0.2950,0.2950,0.2950,285000
MERGE,2012-09-05,0.2800,0.2900,0.2800,0.2900,2000
MERGE,2012-09-06,0.2750,0.2850,0.2750,0.2750,21100
MERGE,2012-09-07,0.2850,0.2850,0.2750,0.2750,54000
MERGE,2012-09-10,0.2800,0.2800,0.2700,0.2800,706000
MERGE,2012-09-11,0.2700,0.2850,0.2700,0.2750,26000
MERGE,2012-09-12,0.2850,0.2900,0.2750,0.2750,382500
MERGE,2012-09-13,0.2800,0.2850,0.2750,0.2850,51000
MERGE,2012-09-14,0.2850,0.2900,0.2850,0.2850,92000
MERGE,2012-09-18,0.2750,0.3000,0.2750,0.3000,588900
MERGE,2012-09-19,0.2950,0.3000,0.2950,0.3000,73200
MERGE,2012-09-20,0.3000,0.3050,0.3000,0.3050,290500
MERGE,2012-09-21,0.3050,0.3100,0.2850,0.3100,620400
MERGE,2012-09-24,0.3100,0.3250,0.2900,0.3250,1432300
MERGE,2012-09-25,0.3200,0.3400,0.3000,0.3300,1055000
MERGE,2012-09-26,0.3400,0.3500,0.3400,0.3450,1654800
MERGE,2012-09-27,0.3450,0.3500,0.3400,0.3450,200000
MERGE,2012-09-28,0.3400,0.3450,0.3300,0.3400,680100
MERGE,2012-10-01,0.3100,0.3300,0.3100,0.3300,11000
MERGE,2012-10-02,0.3250,0.3350,0.3250,0.3350,113300
MERGE,2012-10-03,0.3300,0.3550,0.3250,0.3500,1438500
MERGE,2012-10-04,0.3500,0.3550,0.3450,0.3550,97000
MERGE,2012-10-05,0.3550,0.3600,0.3500,0.3600,85600
MERGE,2012-10-08,0.3600,0.3600,0.3500,0.3600,39400
MERGE,2012-10-09,0.3550,0.3600,0.3400,0.3600,507000
MERGE,2012-10-10,0.3550,0.3550,0.3400,0.3550,416800
MERGE,2012-10-11,0.3400,0.3500,0.3400,0.3500,181300
MERGE,2012-10-12,0.3450,0.3500,0.3450,0.3500,73800
MERGE,2012-10-15,0.3550,0.3550,0.3550,0.3550,2000
MERGE,2012-10-16,0.3550,0.3600,0.3200,0.3600,645700
MERGE,2012-10-17,0.3300,0.3550,0.3300,0.3550,11500
MERGE,2012-10-18,0.3400,0.3550,0.3400,0.3550,48500
MERGE,2012-10-19,0.3300,0.3500,0.3300,0.3500,198500
MERGE,2012-10-22,0.3500,0.3500,0.3500,0.3500,685100
MERGE,2012-10-23,0.3450,0.3500,0.3450,0.3500,6000
MERGE,2012-10-24,0.3300,0.3500,0.3250,0.3500,69500
MERGE,2012-10-25,0.3450,0.3500,0.3450,0.3500,249000
MERGE,2012-10-29,0.3450,0.3500,0.3450,0.3500,278100
MERGE,2012-10-30,0.3400,0.3450,0.3400,0.3450,101000
MERGE,2012-10-31,0.3450,0.3500,0.3450,0.3500,586200
MERGE,2012-11-01,0.3500,0.3550,0.3500,0.3550,453500
MERGE,2012-11-05,0.3500,0.3500,0.3400,0.3500,4500
MERGE,2012-11-06,0.3400,0.3500,0.3400,0.3500,16900
MERGE,2012-11-07,0.3450,0.3500,0.3450,0.3500,447100
MERGE,2012-11-08,0.3500,0.3500,0.3500,0.3500,10000
MERGE,2012-11-09,0.3450,0.3450,0.3450,0.3450,20000
MERGE,2012-11-12,0.3450,0.3500,0.3400,0.3500,422100
MERGE,2012-11-14,0.3450,0.3450,0.3400,0.3450,13000
MERGE,2012-11-19,0.3400,0.3450,0.3400,0.3450,394200
MERGE,2012-11-20,0.3350,0.3650,0.3300,0.3400,469500
MERGE,2012-11-21,0.3300,0.3500,0.3300,0.3450,360500
MERGE,2012-11-22,0.3400,0.3550,0.3400,0.3550,389700
MERGE,2012-11-23,0.3650,0.3700,0.3550,0.3600,915000
MERGE,2012-11-26,0.3600,0.3600,0.3600,0.3600,20000
MERGE,2012-11-27,0.3500,0.3500,0.3500,0.3500,50000
MERGE,2012-11-28,0.3500,0.3550,0.3300,0.3550,246200
MERGE,2012-11-29,0.3550,0.3650,0.3550,0.3650,1541100
MERGE,2012-11-30,0.3500,0.3500,0.3450,0.3450,2000
MERGE,2012-12-04,0.3550,0.3550,0.3300,0.3500,726100
MERGE,2012-12-05,0.3550,0.3600,0.3550,0.3600,298000
MERGE,2012-12-07,0.3350,0.3550,0.3350,0.3550,11000
MERGE,2012-12-10,0.3500,0.3550,0.3450,0.3500,542200
MERGE,2012-12-12,0.3500,0.3650,0.3350,0.3500,653000
MERGE,2012-12-14,0.3500,0.3550,0.3500,0.3550,194200
MERGE,2012-12-17,0.3400,0.3500,0.3300,0.3450,362100
MERGE,2012-12-18,0.3300,0.3450,0.3300,0.3450,105100
MERGE,2012-12-19,0.3450,0.3500,0.3450,0.3500,5000
MERGE,2012-12-20,0.3300,0.3450,0.3300,0.3450,12000
MERGE,2012-12-21,0.3450,0.4000,0.3300,0.4000,640900
MERGE,2012-12-24,0.4000,0.4050,0.3700,0.3700,313100
MERGE,2012-12-26,0.3650,0.3900,0.3650,0.3800,83600
MERGE,2012-12-27,0.3800,0.3850,0.3750,0.3850,55000
MERGE,2012-12-28,0.3900,0.3950,0.3800,0.3950,314100
MERGE,2012-12-31,0.3800,0.3950,0.3800,0.3950,361600
MERGE,2013-01-02,0.3950,0.4000,0.3800,0.4000,425800
MERGE,2013-01-03,0.3850,0.3850,0.3750,0.3750,89000
MERGE,2013-01-04,0.3800,0.3900,0.3750,0.3800,262900
MERGE,2013-01-07,0.3900,0.3900,0.3800,0.3800,50000
MERGE,2013-01-08,0.3850,0.3950,0.3800,0.3950,68000
MERGE,2013-01-09,0.3850,0.3850,0.3800,0.3800,50000
MERGE,2013-01-10,0.3900,0.4000,0.3900,0.4000,128700
MERGE,2013-01-11,0.4000,0.4650,0.4000,0.4600,246900
MERGE,2013-01-14,0.4550,0.4700,0.4550,0.4700,209800
MERGE,2013-01-15,0.4800,0.5000,0.4650,0.4900,373500
MERGE,2013-01-16,0.4800,0.4850,0.4700,0.4700,230600
MERGE,2013-01-17,0.4700,0.4700,0.4500,0.4500,123300
MERGE,2013-01-18,0.4500,0.4500,0.4350,0.4400,140200
MERGE,2013-01-21,0.4350,0.4450,0.4000,0.4450,184600
MERGE,2013-01-22,0.4000,0.4300,0.4000,0.4200,368100
MERGE,2013-01-23,0.4000,0.4350,0.4000,0.4350,114500
MERGE,2013-01-25,0.4100,0.4250,0.4000,0.4250,99400
MERGE,2013-01-29,0.4100,0.4150,0.4050,0.4050,47000
MERGE,2013-01-30,0.4100,0.4150,0.4000,0.4000,73000
MERGE,2013-01-31,0.4000,0.4050,0.4000,0.4050,82000
MERGE,2013-02-04,0.4000,0.4050,0.4000,0.4050,40000
MERGE,2013-02-05,0.3950,0.3950,0.3850,0.3850,169900
MERGE,2013-02-06,0.3800,0.3900,0.3800,0.3900,68200
MERGE,2013-02-07,0.3800,0.3950,0.3800,0.3950,88000
MERGE,2013-02-08,0.3900,0.3950,0.3900,0.3950,53500
MERGE,2013-02-13,0.4000,0.4000,0.3800,0.3800,125500
MERGE,2013-02-15,0.4050,0.4200,0.4050,0.4200,46000
MERGE,2013-02-18,0.4250,0.4300,0.4200,0.4300,53000
MERGE,2013-02-19,0.4300,0.4300,0.4300,0.4300,82000
MERGE,2013-02-20,0.4200,0.4200,0.4200,0.4200,7000
MERGE,2013-02-21,0.4100,0.4300,0.4100,0.4300,31000
MERGE,2013-02-22,0.3900,0.3900,0.3900,0.3900,5000
MERGE,2013-02-25,0.3950,0.3950,0.3950,0.3950,5000
MERGE,2013-03-01,0.3950,0.4050,0.3950,0.4050,16000
MERGE,2013-03-07,0.4050,0.4050,0.4050,0.4050,800
MERGE,2013-03-12,0.3900,0.3900,0.3900,0.3900,2000
MERGE,2013-03-14,0.3700,0.3700,0.3700,0.3700,5500
MERGE,2013-03-15,0.3850,0.3850,0.3800,0.3800,5000
MERGE,2013-03-18,0.3700,0.3750,0.3600,0.3600,64900
MERGE,2013-03-20,0.3650,0.3650,0.3600,0.3600,5500
MERGE,2013-03-22,0.3700,0.3700,0.3700,0.3700,50000
MERGE,2013-03-26,0.3700,0.3700,0.3700,0.3700,2000
MERGE,2013-03-27,0.3650,0.3650,0.3300,0.3300,27000
MERGE,2013-03-29,0.3500,0.3500,0.3500,0.3500,12000
MERGE,2013-04-01,0.3500,0.3500,0.3500,0.3500,10000
MERGE,2013-04-02,0.3500,0.4000,0.3500,0.4000,19100
MERGE,2013-04-08,0.3600,0.3600,0.3600,0.3600,343700
MERGE,2013-04-09,0.3700,0.3700,0.3700,0.3700,1000
MERGE,2013-04-12,0.3500,0.3500,0.3500,0.3500,700
MERGE,2013-04-15,0.3500,0.3500,0.3500,0.3500,1000
MERGE,2013-05-09,0.4100,0.4200,0.4100,0.4100,129300
MERGE,2013-05-10,0.4100,0.4100,0.4100,0.4100,53000
MERGE,2013-05-13,0.4250,0.4300,0.4200,0.4300,45000
MERGE,2013-05-14,0.4200,0.4950,0.4200,0.4950,80500
MERGE,2013-05-15,0.4600,0.5000,0.4500,0.4850,139700
MERGE,2013-05-16,0.4650,0.4850,0.4600,0.4850,62000
MERGE,2013-05-17,0.4600,0.4900,0.4600,0.4900,93000
MERGE,2013-05-20,0.4900,0.5100,0.4800,0.4900,272000
MERGE,2013-05-21,0.4900,0.5100,0.4900,0.5000,416900
MERGE,2013-05-22,0.5100,0.5150,0.4900,0.5100,390000
MERGE,2013-05-23,0.4900,0.4950,0.4700,0.4950,155000
MERGE,2013-05-27,0.4950,0.5000,0.4850,0.4850,41000
MERGE,2013-05-28,0.4850,0.4900,0.4850,0.4900,24800
MERGE,2013-05-29,0.4950,0.4950,0.4800,0.4800,159800
MERGE,2013-05-30,0.4900,0.4900,0.4900,0.4900,15000
MERGE,2013-05-31,0.4800,0.4800,0.4800,0.4800,10000
MERGE,2013-06-03,0.4700,0.4700,0.4700,0.4700,1300
MERGE,2013-06-04,0.4850,0.4900,0.4850,0.4900,67000
MERGE,2013-06-05,0.4700,0.4700,0.4700,0.4700,8500
MERGE,2013-06-06,0.4700,0.4700,0.4700,0.4700,15000
MERGE,2013-06-07,0.4850,0.5000,0.4800,0.5000,16000
MERGE,2013-06-10,0.4850,0.5250,0.4850,0.5250,109000
MERGE,2013-06-12,0.4900,0.4900,0.4850,0.4850,13000
MERGE,2013-06-13,0.4800,0.4900,0.4800,0.4900,29000
MERGE,2013-06-14,0.4800,0.4950,0.4800,0.4900,174000
MERGE,2013-06-17,0.4800,0.4800,0.4800,0.4800,15000
MERGE,2013-06-18,0.5000,0.5000,0.5000,0.5000,15000
MERGE,2013-06-20,0.4850,0.5000,0.4850,0.5000,26000
MERGE,2013-06-24,0.4750,0.4950,0.4600,0.4950,28000
MERGE,2013-06-25,0.4750,0.4950,0.4700,0.4950,35000
MERGE,2013-06-26,0.4800,0.4950,0.4750,0.4950,146000
MERGE,2013-06-27,0.4850,0.4850,0.4850,0.4850,12000
MERGE,2013-06-28,0.4750,0.4900,0.4700,0.4900,40000
MERGE,2013-07-02,0.4900,0.4900,0.4900,0.4900,15000
MERGE,2013-07-04,0.4900,0.4900,0.4750,0.4750,31000
MERGE,2013-07-08,0.4800,0.4850,0.4800,0.4850,51000
MERGE,2013-07-10,0.4800,0.4850,0.4800,0.4850,52000
MERGE,2013-07-16,0.4800,0.4800,0.3800,0.4150,254000
MERGE,2013-07-17,0.4250,0.4250,0.4250,0.4250,60000
MERGE,2013-07-18,0.4200,0.4200,0.4200,0.4200,10000
MERGE,2013-07-19,0.4050,0.4050,0.4050,0.4050,10000
MERGE,2013-07-22,0.4150,0.4200,0.4100,0.4200,84000
MERGE,2013-07-23,0.4200,0.4200,0.4000,0.4050,29000
MERGE,2013-07-25,0.4150,0.4150,0.4050,0.4050,11000
MERGE,2013-07-26,0.4000,0.4000,0.3850,0.3850,45000
MERGE,2013-07-29,0.3850,0.3900,0.3800,0.3900,30000
MERGE,2013-07-30,0.4050,0.4050,0.3700,0.4000,57100
MERGE,2013-08-01,0.3800,0.4000,0.3650,0.4000,20100
MERGE,2013-08-02,0.3800,0.3800,0.3800,0.3800,9200
MERGE,2013-08-05,0.4000,0.4000,0.4000,0.4000,10000
MERGE,2013-08-13,0.4000,0.4000,0.4000,0.4000,10100
MERGE,2013-08-14,0.4000,0.4000,0.4000,0.4000,40000
MERGE,2013-08-16,0.4000,0.4000,0.4000,0.4000,10100
MERGE,2013-08-19,0.4000,0.4000,0.4000,0.4000,10000
MERGE,2013-08-20,0.4000,0.4000,0.3500,0.3500,60000
MERGE,2013-08-22,0.3800,0.3800,0.3800,0.3800,10000
MERGE,2013-08-23,0.3800,0.3800,0.3800,0.3800,20000
MERGE,2013-08-28,0.3500,0.3500,0.3500,0.3500,10000
MERGE,2013-09-04,0.3450,0.3500,0.3450,0.3500,18000
MERGE,2013-09-09,0.3300,0.3300,0.3300,0.3300,80000
MERGE,2013-09-10,0.3250,0.3250,0.3250,0.3250,10000
MERGE,2013-09-11,0.3300,0.3300,0.3300,0.3300,10000
MERGE,2013-09-12,0.3500,0.3500,0.3400,0.3500,6000
MERGE,2013-09-13,0.3450,0.3450,0.3400,0.3400,24000
MERGE,2013-09-19,0.3500,0.3800,0.3500,0.3800,25000
MERGE,2013-09-26,0.3700,0.3700,0.3700,0.3700,50000
MERGE,2013-10-02,0.3550,0.3550,0.3550,0.3550,50000
MERGE,2013-10-03,0.3500,0.3500,0.3500,0.3500,64200
MERGE,2013-10-14,0.3400,0.3400,0.3400,0.3400,1000
MERGE,2013-10-16,0.3500,0.3500,0.3500,0.3500,4000
MERGE,2013-10-18,0.3300,0.3300,0.3300,0.3300,1000
MERGE,2013-10-23,0.3300,0.3500,0.3300,0.3500,5000
MERGE,2013-10-30,0.3600,0.3600,0.3600,0.3600,100000
MERGE,2013-11-15,0.3300,0.3300,0.3200,0.3200,25000
MERGE,2013-11-18,0.3300,0.3550,0.3300,0.3550,46700
MERGE,2013-11-22,0.3350,0.3350,0.3350,0.3350,2600
MERGE,2013-11-26,0.3400,0.3400,0.3400,0.3400,48000
MERGE,2013-11-28,0.3300,0.3300,0.3200,0.3200,50000
MERGE,2013-11-29,0.3400,0.3400,0.3400,0.3400,5000
MERGE,2013-12-03,0.3450,0.3450,0.3450,0.3450,15000
MERGE,2013-12-24,0.3450,0.3450,0.3450,0.3450,25000
MERGE,2013-12-26,0.3450,0.3450,0.3450,0.3450,550000
MERGE,2013-12-27,0.3450,0.3450,0.3450,0.3450,80000
MERGE,2013-12-30,0.3450,0.3450,0.3450,0.3450,155800
MERGE,2013-12-31,0.3350,0.3350,0.3350,0.3350,1000
MERGE,2014-01-03,0.3300,0.3300,0.3300,0.3300,1000
MERGE,2014-01-13,0.3300,0.3300,0.3300,0.3300,5000
MERGE,2014-01-15,0.4000,0.5250,0.3800,0.3800,497000
MERGE,2014-01-22,0.4100,0.4300,0.4100,0.4200,395300
MERGE,2014-01-23,0.4100,0.4100,0.4100,0.4100,15500
MERGE,2014-01-24,0.3600,0.3600,0.3600,0.3600,4000
MERGE,2014-01-27,0.3600,0.3600,0.3600,0.3600,10000
MERGE,2014-01-29,0.3400,0.3400,0.3400,0.3400,5000
MERGE,2014-01-30,0.3850,0.3850,0.3850,0.3850,5000
MERGE,2014-02-04,0.3850,0.3850,0.3850,0.3850,10000
MERGE,2014-02-05,0.3850,0.3850,0.3600,0.3600,30000
MERGE,2014-02-14,0.3600,0.3600,0.3600,0.3600,13300
MERGE,2014-02-17,0.3800,0.3800,0.3800,0.3800,15000
MERGE,2014-02-21,0.3950,0.4000,0.3950,0.4000,13000
MERGE,2014-02-24,0.3750,0.3750,0.3750,0.3750,40000
MERGE,2014-02-25,0.3850,0.3850,0.3750,0.3850,24000
MERGE,2014-02-26,0.3800,0.3800,0.3800,0.3800,19000
MERGE,2014-02-27,0.4000,0.4300,0.4000,0.4200,136800
MERGE,2014-02-28,0.4200,0.4250,0.4100,0.4250,51200
MERGE,2014-03-03,0.4000,0.4000,0.4000,0.4000,24000
MERGE,2014-03-04,0.4050,0.4050,0.4050,0.4050,1000
MERGE,2014-03-06,0.4300,0.4300,0.4200,0.4250,26200
MERGE,2014-03-07,0.4400,0.4500,0.4400,0.4500,45000
MERGE,2014-03-10,0.4450,0.4600,0.4450,0.4600,171000
MERGE,2014-03-11,0.4850,0.5150,0.4850,0.5100,156000
MERGE,2014-03-12,0.5600,0.7000,0.5400,0.5600,1652800
MERGE,2014-03-13,0.6000,0.6300,0.5800,0.5950,368100
MERGE,2014-03-14,0.5900,0.5900,0.5650,0.5850,112500
MERGE,2014-03-17,0.5750,0.5750,0.5550,0.5550,141600
MERGE,2014-03-18,0.5500,0.5550,0.5100,0.5300,230100
MERGE,2014-03-19,0.5150,0.5200,0.5150,0.5200,90000
MERGE,2014-03-20,0.5200,0.5600,0.5200,0.5600,141200
MERGE,2014-03-21,0.5650,0.6100,0.5650,0.6000,261400
MERGE,2014-03-24,0.6150,0.6550,0.6100,0.6100,377700
MERGE,2014-03-25,0.6150,0.6150,0.5900,0.6000,247400
MERGE,2014-03-26,0.5950,0.6050,0.5900,0.6050,111400
MERGE,2014-03-27,0.6000,0.6400,0.6000,0.6300,437000
MERGE,2014-03-28,0.6350,0.6700,0.6350,0.6500,720700
MERGE,2014-03-31,0.6600,0.6700,0.6400,0.6500,288300
MERGE,2014-04-01,0.6500,0.6500,0.6300,0.6350,252500
MERGE,2014-04-02,0.6300,0.6350,0.6150,0.6350,188900
MERGE,2014-04-03,0.6200,0.6350,0.6150,0.6300,181400
MERGE,2014-04-04,0.6450,0.6450,0.6100,0.6150,97800
MERGE,2014-04-07,0.6100,0.6150,0.6100,0.6100,56800
MERGE,2014-04-08,0.6100,0.6100,0.6050,0.6100,37300
MERGE,2014-04-09,0.6050,0.6200,0.5950,0.5950,74000
MERGE,2014-04-10,0.5950,0.6450,0.5950,0.6400,230100
MERGE,2014-04-11,0.6400,0.6950,0.6400,0.6700,936500
MERGE,2014-04-14,0.6900,0.6900,0.6600,0.6800,32000
MERGE,2014-04-15,0.6600,0.6650,0.6550,0.6650,199000
MERGE,2014-04-16,0.6600,0.6600,0.6400,0.6550,99000
MERGE,2014-04-17,0.6450,0.6500,0.6350,0.6500,117500
MERGE,2014-04-18,0.6450,0.6450,0.6400,0.6400,97800
MERGE,2014-04-21,0.6650,0.6650,0.6400,0.6400,80300
MERGE,2014-04-22,0.6400,0.6650,0.6400,0.6550,94200
MERGE,2014-04-23,0.6500,0.6500,0.6400,0.6400,140200
MERGE,2014-04-24,0.6450,0.6650,0.6450,0.6600,173800
MERGE,2014-04-25,0.6550,0.6600,0.6400,0.6400,147500
MERGE,2014-04-28,0.6400,0.6400,0.6350,0.6350,20000
MERGE,2014-04-29,0.6350,0.6400,0.6200,0.6300,85100
MERGE,2014-04-30,0.6050,0.6250,0.6000,0.6250,25000
MERGE,2014-05-02,0.6100,0.6100,0.5900,0.5900,83000
MERGE,2014-05-05,0.5900,0.5900,0.5700,0.5700,54500
MERGE,2014-05-06,0.5700,0.5700,0.5700,0.5700,85600
MERGE,2014-05-07,0.5700,0.5700,0.5550,0.5700,115000
MERGE,2014-05-08,0.5800,0.5800,0.5600,0.5600,53000
MERGE,2014-05-09,0.5600,0.5600,0.5600,0.5600,36000
MERGE,2014-05-12,0.5700,0.5700,0.5700,0.5700,20000
MERGE,2014-05-14,0.5600,0.5650,0.5600,0.5650,46000
MERGE,2014-05-15,0.5600,0.5650,0.5600,0.5600,28000
MERGE,2014-05-16,0.5600,0.5600,0.5500,0.5550,33200
MERGE,2014-05-19,0.5550,0.5550,0.5550,0.5550,11800
MERGE,2014-05-20,0.5550,0.5550,0.5550,0.5550,46800
MERGE,2014-05-21,0.5550,0.5550,0.5550,0.5550,20000
MERGE,2014-05-22,0.5500,0.5500,0.5500,0.5500,10000
MERGE,2014-05-23,0.5500,0.5500,0.5350,0.5350,37000
MERGE,2014-05-27,0.5250,0.5250,0.5150,0.5150,25000
MERGE,2014-05-28,0.5200,0.5200,0.5200,0.5200,5000
MERGE,2014-05-30,0.5150,0.5150,0.5100,0.5100,30000
MERGE,2014-06-02,0.5000,0.5000,0.5000,0.5000,80000
MERGE,2014-06-05,0.4900,0.5100,0.4900,0.4900,3200
MERGE,2014-06-06,0.4900,0.4900,0.4900,0.4900,28000
MERGE,2014-06-09,0.4900,0.4900,0.4900,0.4900,15000
MERGE,2014-06-11,0.4950,0.4950,0.4950,0.4950,10000
MERGE,2014-06-12,0.5000,0.5100,0.5000,0.5100,50000
MERGE,2014-06-13,0.5200,0.6200,0.5200,0.6000,495700
MERGE,2014-06-16,0.5950,0.5950,0.5950,0.5950,30000
MERGE,2014-06-18,0.5700,0.5700,0.5550,0.5550,87200
MERGE,2014-06-19,0.5800,0.6350,0.5800,0.5900,583000
MERGE,2014-06-23,0.5850,0.5850,0.5700,0.5700,20000
MERGE,2014-06-24,0.5650,0.5650,0.5650,0.5650,2000
MERGE,2014-06-25,0.5850,0.5850,0.5400,0.5500,145100
MERGE,2014-06-26,0.5500,0.5500,0.5500,0.5500,13000
MERGE,2014-06-30,0.5300,0.5300,0.5300,0.5300,3000
MERGE,2014-07-01,0.5550,0.5700,0.5450,0.5700,140900
MERGE,2014-07-02,0.5500,0.5500,0.5500,0.5500,20000
MERGE,2014-07-03,0.5550,0.5550,0.5550,0.5550,10000
MERGE,2014-07-04,0.5400,0.5400,0.5400,0.5400,13000
MERGE,2014-07-07,0.5450,0.5700,0.5300,0.5700,37000
MERGE,2014-07-08,0.5400,0.5500,0.5400,0.5400,22000
MERGE,2014-07-10,0.5600,0.5600,0.5600,0.5600,24500
MERGE,2014-07-11,0.5550,0.5550,0.5450,0.5450,21000
MERGE,2014-07-14,0.5450,0.5450,0.5350,0.5400,49900
MERGE,2014-07-16,0.5300,0.5300,0.5000,0.5300,293300
MERGE,2014-07-17,0.5300,0.5600,0.5300,0.5400,277900
MERGE,2014-07-18,0.5350,0.5350,0.5350,0.5350,19300
MERGE,2014-07-21,0.5300,0.5400,0.5300,0.5400,97000
MERGE,2014-07-22,0.5300,0.5350,0.5250,0.5300,79300
MERGE,2014-07-23,0.5250,0.5450,0.5250,0.5250,178100
MERGE,2014-07-24,0.5250,0.5300,0.5250,0.5250,30000
MERGE,2014-07-25,0.5350,0.5450,0.5350,0.5450,46900
MERGE,2014-07-30,0.5450,0.5800,0.5400,0.5700,108900
MERGE,2014-07-31,0.5800,0.6100,0.5600,0.5600,313000
MERGE,2014-08-01,0.5400,0.5650,0.5400,0.5650,54000
MERGE,2014-08-04,0.5650,0.5750,0.5650,0.5750,62500
MERGE,2014-08-05,0.5700,0.6000,0.5700,0.5750,70700
MERGE,2014-08-06,0.5850,0.5850,0.5500,0.5800,34900
MERGE,2014-08-07,0.5500,0.5850,0.5450,0.5450,95200
MERGE,2014-08-08,0.5500,0.5500,0.5350,0.5400,62900
MERGE,2014-08-11,0.5300,0.5400,0.5300,0.5400,58000
MERGE,2014-08-12,0.5450,0.5450,0.5300,0.5300,55000
MERGE,2014-08-13,0.5350,0.5350,0.5300,0.5350,12000
MERGE,2014-08-14,0.5350,0.5350,0.5300,0.5350,110300
MERGE,2014-08-15,0.5350,0.5350,0.5350,0.5350,15000
MERGE,2014-08-18,0.5350,0.5350,0.5350,0.5350,50000
MERGE,2014-08-19,0.5350,0.5350,0.5350,0.5350,89800
MERGE,2014-08-20,0.5350,0.5350,0.5350,0.5350,80000
MERGE,2014-08-21,0.5350,0.5350,0.5300,0.5300,35000
MERGE,2014-08-22,0.5400,0.5400,0.5400,0.5400,13600
MERGE,2014-08-25,0.5400,0.5400,0.5350,0.5350,44400
MERGE,2014-08-26,0.5400,0.5400,0.5400,0.5400,78200
MERGE,2014-08-27,0.5400,0.5400,0.5350,0.5350,49400
MERGE,2014-08-28,0.5350,0.5350,0.5350,0.5350,5000
MERGE,2014-08-29,0.5350,0.5350,0.5350,0.5350,8600
MERGE,2014-09-02,0.5350,0.5350,0.5350,0.5350,4400
MERGE,2014-09-03,0.5300,0.5300,0.5200,0.5300,32000
MERGE,2014-09-04,0.5300,0.5300,0.5250,0.5300,50000
MERGE,2014-09-05,0.5300,0.5300,0.5300,0.5300,56000
MERGE,2014-09-08,0.5350,0.5350,0.5300,0.5350,117000
MERGE,2014-09-09,0.5350,0.5350,0.5350,0.5350,22600
MERGE,2014-09-10,0.5350,0.5350,0.5300,0.5350,30400
MERGE,2014-09-11,0.5300,0.5400,0.5300,0.5400,4000
MERGE,2014-09-12,0.5350,0.5350,0.5350,0.5350,24000
MERGE,2014-09-15,0.5300,0.5300,0.5300,0.5300,4000
MERGE,2014-09-17,0.5300,0.5300,0.5250,0.5250,14800
MERGE,2014-09-18,0.5300,0.5300,0.5250,0.5300,79500
MERGE,2014-09-19,0.5350,0.5400,0.5350,0.5400,37000
MERGE,2014-09-23,0.5300,0.5350,0.5300,0.5350,74300
MERGE,2014-09-24,0.5500,0.5500,0.5300,0.5300,31000
MERGE,2014-09-25,0.5300,0.5450,0.5300,0.5400,308100
MERGE,2014-09-26,0.5400,0.5400,0.5250,0.5300,91000
MERGE,2014-09-29,0.5300,0.5300,0.5150,0.5250,328700
MERGE,2014-09-30,0.5200,0.5200,0.5100,0.5100,50000
MERGE,2014-10-01,0.5100,0.5100,0.5100,0.5100,98000
MERGE,2014-10-03,0.5100,0.5100,0.5100,0.5100,5000
MERGE,2014-10-07,0.5000,0.5000,0.5000,0.5000,10000
MERGE,2014-10-08,0.4500,0.4950,0.4500,0.4950,69000
MERGE,2014-10-09,0.4800,0.4800,0.4750,0.4750,40000
MERGE,2014-10-10,0.4700,0.4700,0.4700,0.4700,5000
MERGE,2014-10-13,0.4500,0.4650,0.4500,0.4650,29000
MERGE,2014-10-15,0.4600,0.4600,0.4600,0.4600,25500
MERGE,2014-10-17,0.4000,0.4500,0.4000,0.4100,4000
MERGE,2014-10-20,0.4600,0.4800,0.4600,0.4800,15000
MERGE,2014-10-30,0.4100,0.4450,0.4100,0.4450,203000
MERGE,2014-10-31,0.4450,0.4500,0.4300,0.4300,85000
MERGE,2014-11-03,0.4400,0.4400,0.4300,0.4300,95000
MERGE,2014-11-04,0.4300,0.4300,0.4300,0.4300,5000
MERGE,2014-11-05,0.4250,0.4250,0.4050,0.4150,793300
MERGE,2014-11-06,0.4150,0.4200,0.4150,0.4150,68000
MERGE,2014-11-07,0.4100,0.4200,0.4000,0.4200,143800
MERGE,2014-11-10,0.4200,0.4200,0.4200,0.4200,110000
MERGE,2014-11-11,0.4050,0.4050,0.4050,0.4050,50000
MERGE,2014-11-12,0.4000,0.4000,0.4000,0.4000,15000
MERGE,2014-11-13,0.4000,0.4000,0.4000,0.4000,10000
MERGE,2014-11-14,0.3900,0.3900,0.3900,0.3900,2000
MERGE,2014-11-17,0.4050,0.4050,0.4050,0.4050,20000
MERGE,2014-11-19,0.4100,0.4300,0.4050,0.4300,122000
MERGE,2014-11-20,0.4050,0.4050,0.4050,0.4050,10000
MERGE,2014-11-25,0.3950,0.3950,0.3950,0.3950,7000
MERGE,2014-11-26,0.3950,0.3950,0.3950,0.3950,20000
MERGE,2014-12-01,0.3850,0.3900,0.3850,0.3900,20000
MERGE,2014-12-02,0.3700,0.3800,0.3600,0.3750,70000
MERGE,2014-12-04,0.3550,0.3550,0.3550,0.3550,10000
MERGE,2014-12-09,0.3050,0.3700,0.3050,0.3550,18000
MERGE,2014-12-12,0.4000,0.4000,0.4000,0.4000,31000
MERGE,2014-12-19,0.4000,0.4000,0.4000,0.4000,19000
MERGE,2014-12-23,0.3500,0.3600,0.3500,0.3600,74200
MERGE,2014-12-30,0.3500,0.3500,0.3500,0.3500,200
MERGE,2014-12-31,0.3450,0.3450,0.3450,0.3450,5000
MERGE,2015-01-06,0.3400,0.3400,0.3400,0.3400,10000
MERGE,2015-01-07,0.3200,0.3200,0.3200,0.3200,2000
MERGE,2015-01-08,0.3500,0.3550,0.3500,0.3550,35000
MERGE,2015-01-14,0.3350,0.3350,0.3350,0.3350,20000
MERGE,2015-01-19,0.3250,0.3350,0.3200,0.3250,332800
MERGE,2015-01-20,0.3250,0.3250,0.3250,0.3250,10000
MERGE,2015-01-21,0.3200,0.3300,0.3200,0.3300,22000
MERGE,2015-01-22,0.3300,0.3350,0.3300,0.3350,40000
MERGE,2015-01-23,0.3300,0.3300,0.3300,0.3300,4900
MERGE,2015-01-27,0.3350,0.3450,0.3350,0.3450,25000
MERGE,2015-01-28,0.3450,0.3450,0.3450,0.3450,23700
MERGE,2015-01-29,0.3500,0.3500,0.3500,0.3500,3000
MERGE,2015-02-04,0.3300,0.3300,0.3300,0.3300,25000
MERGE,2015-02-05,0.3300,0.3300,0.3300,0.3300,15000
MERGE,2015-02-09,0.3400,0.3850,0.3400,0.3850,56400
MERGE,2015-02-10,0.3500,0.3500,0.3500,0.3500,50000
MERGE,2015-02-17,0.4000,0.4000,0.4000,0.4000,100
MERGE,2015-03-17,0.3300,0.3300,0.3300,0.3300,2000
MERGE,2015-03-19,0.3650,0.3800,0.3650,0.3800,10100
MERGE,2015-03-20,0.3650,0.3650,0.3650,0.3650,10000
MERGE,2015-03-23,0.3450,0.3650,0.3450,0.3450,57400
MERGE,2015-03-24,0.3350,0.3800,0.3350,0.3600,52100
MERGE,2015-03-25,0.3700,0.3750,0.3600,0.3600,40000
MERGE,2015-03-26,0.3650,0.3650,0.3300,0.3500,41500
MERGE,2015-03-27,0.3600,0.3750,0.3600,0.3750,16600
MERGE,2015-04-02,0.3750,0.4000,0.3700,0.3850,169200
MERGE,2015-04-03,0.3850,0.4000,0.3800,0.3800,40100
MERGE,2015-04-07,0.4000,0.4000,0.3750,0.4000,20100
MERGE,2015-04-08,0.3800,0.3800,0.3550,0.3550,82800
MERGE,2015-04-10,0.3650,0.3750,0.3650,0.3750,15000
MERGE,2015-04-14,0.3700,0.3850,0.3650,0.3850,66100
MERGE,2015-04-17,0.3650,0.3750,0.3600,0.3750,44100
MERGE,2015-04-20,0.3700,0.3950,0.3500,0.3500,84600
MERGE,2015-04-21,0.3650,0.3750,0.3650,0.3750,48000
MERGE,2015-04-22,0.3900,0.3950,0.3800,0.3850,67900
MERGE,2015-04-23,0.3950,0.4750,0.3950,0.4600,369400
MERGE,2015-04-24,0.4600,0.4850,0.4600,0.4850,432900
MERGE,2015-04-27,0.4850,0.4850,0.4600,0.4600,698300
MERGE,2015-04-28,0.4300,0.4300,0.4300,0.4300,45000
MERGE,2015-04-29,0.4200,0.4200,0.4100,0.4100,55000
MERGE,2015-04-30,0.4100,0.4200,0.4100,0.4150,70000
MERGE,2015-05-05,0.4000,0.4000,0.4000,0.4000,69600
MERGE,2015-05-06,0.4000,0.4000,0.4000,0.4000,10000
MERGE,2015-05-07,0.4000,0.4100,0.4000,0.4100,13600
MERGE,2015-05-11,0.4150,0.4150,0.4000,0.4000,54000
MERGE,2015-05-12,0.3800,0.3800,0.3750,0.3750,25000
MERGE,2015-05-13,0.3850,0.3950,0.3800,0.3800,25500
MERGE,2015-05-14,0.4100,0.4100,0.3850,0.3850,56000
MERGE,2015-05-15,0.3900,0.3900,0.3850,0.3900,39000
MERGE,2015-05-18,0.3900,0.3900,0.3850,0.3850,30800
MERGE,2015-05-21,0.3850,0.3850,0.3800,0.3800,50000
MERGE,2015-05-25,0.3800,0.3800,0.3800,0.3800,30000
MERGE,2015-06-01,0.3800,0.3950,0.3800,0.3950,23000
MERGE,2015-06-02,0.3850,0.3850,0.3800,0.3800,3500
MERGE,2015-06-09,0.3900,0.3900,0.3850,0.3850,89600
MERGE,2015-06-15,0.3850,0.3850,0.3600,0.3600,28000
MERGE,2015-06-18,0.3700,0.3700,0.3700,0.3700,5000
MERGE,2015-06-19,0.3700,0.3700,0.3600,0.3600,20000
MERGE,2015-06-26,0.3700,0.3700,0.3700,0.3700,40000
MERGE,2015-07-02,0.3700,0.3700,0.3650,0.3650,34000
MERGE,2015-07-07,0.3700,0.3700,0.3700,0.3700,15000
MERGE,2015-07-10,0.3750,0.3750,0.3750,0.3750,10000
MERGE,2015-07-15,0.3500,0.3700,0.3500,0.3700,20000
MERGE,2015-07-16,0.3700,0.3700,0.3700,0.3700,15000
MERGE,2015-07-20,0.3700,0.3700,0.3700,0.3700,25000
MERGE,2015-07-21,0.3700,0.3700,0.3700,0.3700,30000
MERGE,2015-07-22,0.3750,0.3800,0.3750,0.3800,25200
MERGE,2015-07-23,0.3700,0.3850,0.3700,0.3850,31600
MERGE,2015-07-24,0.3900,0.3900,0.3900,0.3900,10000
MERGE,2015-07-28,0.3900,0.3900,0.3700,0.3700,42000
MERGE,2015-07-30,0.3700,0.3700,0.3700,0.3700,30000
MERGE,2015-07-31,0.3700,0.3700,0.3700,0.3700,10000
MERGE,2015-08-03,0.3650,0.3650,0.3650,0.3650,15000
MERGE,2015-08-06,0.3550,0.3700,0.3550,0.3700,26000
MERGE,2015-08-07,0.3600,0.3650,0.3600,0.3600,68000
MERGE,2015-08-10,0.3650,0.3650,0.3650,0.3650,13000
MERGE,2015-08-12,0.3650,0.3650,0.3300,0.3300,63500
MERGE,2015-08-13,0.3550,0.3550,0.3550,0.3550,10000
MERGE,2015-08-17,0.3550,0.3550,0.3550,0.3550,10000
MERGE,2015-08-18,0.3300,0.3600,0.3300,0.3600,24000
MERGE,2015-08-19,0.3550,0.3600,0.3550,0.3600,39000
MERGE,2015-08-20,0.3500,0.3700,0.3500,0.3700,55000
MERGE,2015-09-09,0.3350,0.3550,0.3250,0.3550,69000
MERGE,2015-09-10,0.3600,0.3600,0.3600,0.3600,22000
MERGE,2015-09-17,0.3600,0.3600,0.3600,0.3600,32000
MERGE,2015-09-22,0.3600,0.3600,0.3600,0.3600,30000
MERGE,2015-09-25,0.3600,0.3650,0.3600,0.3650,46000
MERGE,2015-09-28,0.3600,0.3600,0.3600,0.3600,17000
MERGE,2015-09-29,0.3500,0.3550,0.3450,0.3550,79000
MERGE,2015-10-01,0.3550,0.3550,0.3550,0.3550,70000
MERGE,2015-10-05,0.3600,0.3650,0.3550,0.3600,42000
MERGE,2015-10-06,0.3600,0.3600,0.3600,0.3600,20000
MERGE,2015-10-07,0.3600,0.3600,0.3600,0.3600,30000
MERGE,2015-10-08,0.3700,0.3700,0.3700,0.3700,11000
MERGE,2015-10-09,0.3600,0.3600,0.3600,0.3600,309000
MERGE,2015-10-12,0.3600,0.3600,0.3600,0.3600,30000
MERGE,2015-10-13,0.3600,0.3650,0.3600,0.3650,69000
MERGE,2015-10-19,0.3550,0.3550,0.3450,0.3450,62500
MERGE,2015-10-21,0.3500,0.3500,0.3450,0.3450,5000
MERGE,2015-10-26,0.3700,0.3700,0.3550,0.3600,92200
MERGE,2015-10-27,0.3700,0.3700,0.3550,0.3600,92200
MERGE,2015-10-28,0.3700,0.3800,0.3700,0.3800,50000
MERGE,2015-10-29,0.3800,0.3800,0.3700,0.3700,32000
MERGE,2015-10-30,0.3600,0.3700,0.3600,0.3700,12000
MERGE,2015-11-02,0.3700,0.3750,0.3700,0.3750,44000
MERGE,2015-11-03,0.3600,0.3900,0.3600,0.3900,86600
MERGE,2015-11-04,0.3700,0.4150,0.3700,0.4050,397700
MERGE,2015-11-05,0.4000,0.4000,0.3950,0.4000,78000
MERGE,2015-11-06,0.4000,0.4050,0.3950,0.4000,231500
MERGE,2015-11-09,0.3900,0.3900,0.3850,0.3850,16200
MERGE,2015-11-11,0.3850,0.4000,0.3600,0.3800,125800
MERGE,2015-11-12,0.3800,0.3850,0.3750,0.3850,62400
MERGE,2015-11-13,0.3600,0.3950,0.3600,0.3700,56300
MERGE,2015-11-17,0.3900,0.3900,0.3700,0.3800,55500
MERGE,2015-11-18,0.3800,0.3800,0.3800,0.3800,26000
MERGE,2015-11-23,0.3800,0.3800,0.3800,0.3800,90000
MERGE,2015-11-24,0.3750,0.3900,0.3700,0.3900,151400
MERGE,2015-11-25,0.3850,0.4000,0.3800,0.4000,161500
MERGE,2015-11-26,0.4050,0.4050,0.3900,0.3900,84200
MERGE,2015-11-27,0.3850,0.3950,0.3850,0.3950,50400
MERGE,2015-11-30,0.4100,0.4100,0.3800,0.4100,147200
MERGE,2015-12-01,0.4250,0.4250,0.3800,0.3950,17300
MERGE,2015-12-03,0.3850,0.3900,0.3800,0.3900,15400
MERGE,2015-12-07,0.4100,0.4100,0.3900,0.4100,44400
MERGE,2015-12-08,0.3900,0.3950,0.3700,0.3800,54500
MERGE,2015-12-09,0.3700,0.3950,0.3700,0.3950,12100
MERGE,2015-12-11,0.3900,0.3900,0.3900,0.3900,13000
MERGE,2015-12-15,0.3700,0.3900,0.3700,0.3850,28000
MERGE,2015-12-16,0.3900,0.3900,0.3900,0.3900,8000
MERGE,2015-12-17,0.3700,0.3850,0.3700,0.3750,62800
MERGE,2015-12-18,0.3850,0.3850,0.3850,0.3850,100
MERGE,2015-12-21,0.3800,0.3850,0.3750,0.3850,50500
MERGE,2015-12-22,0.3850,0.4500,0.3850,0.3850,226000
MERGE,2015-12-23,0.4350,0.4350,0.3850,0.3850,205900
MERGE,2015-12-28,0.3800,0.3850,0.3800,0.3850,40000
MERGE,2015-12-29,0.3850,0.3900,0.3850,0.3850,82700
MERGE,2015-12-30,0.3850,0.3850,0.3800,0.3800,14100
MERGE,2015-12-31,0.3700,0.3800,0.3700,0.3800,17200
MERGE,2016-01-04,0.3700,0.3800,0.3700,0.3750,13200
MERGE,2016-01-05,0.3750,0.3900,0.3700,0.3750,24300
MERGE,2016-01-06,0.3750,0.3900,0.3750,0.3800,28200
MERGE,2016-01-07,0.3850,0.3850,0.3700,0.3850,2200
MERGE,2016-01-08,0.3700,0.3850,0.3650,0.3850,70600
MERGE,2016-01-11,0.3800,0.3800,0.3750,0.3800,78300
MERGE,2016-01-12,0.3850,0.3900,0.3750,0.3750,59100
MERGE,2016-01-13,0.3850,0.4350,0.3850,0.4050,522100
MERGE,2016-01-14,0.4000,0.4100,0.4000,0.4000,46400
MERGE,2016-01-15,0.3950,0.4050,0.3900,0.3900,90200
MERGE,2016-01-18,0.3800,0.3800,0.3750,0.3750,5000
MERGE,2016-01-19,0.3800,0.4150,0.3800,0.4100,321900
MERGE,2016-01-20,0.4050,0.4050,0.3700,0.4000,187800
MERGE,2016-01-21,0.3950,0.3950,0.3950,0.3950,65900
MERGE,2016-01-22,0.3750,0.3850,0.3750,0.3850,200
MERGE,2016-01-26,0.3850,0.3850,0.3700,0.3700,15500
MERGE,2016-01-28,0.3800,0.4100,0.3650,0.3950,73400
MERGE,2016-02-02,0.3500,0.3600,0.3500,0.3600,200
MERGE,2016-02-03,0.3700,0.3800,0.3700,0.3800,20000
MERGE,2016-02-05,0.3800,0.3800,0.3800,0.3800,10000
MERGE,2016-02-10,0.3600,0.3600,0.3600,0.3600,5000
MERGE,2016-02-11,0.3700,0.3700,0.3700,0.3700,12000
MERGE,2016-02-12,0.3750,0.3750,0.3700,0.3700,50000
MERGE,2016-02-15,0.3700,0.3700,0.3700,0.3700,32000
MERGE,2016-02-16,0.3750,0.3750,0.3750,0.3750,100000
MERGE,2016-02-17,0.3750,0.3750,0.3750,0.3750,5000
MERGE,2016-02-18,0.3700,0.3700,0.3700,0.3700,10000
MERGE,2016-02-26,0.3500,0.3650,0.3500,0.3650,25000
MERGE,2016-03-02,0.3650,0.3650,0.3650,0.3650,20000
MERGE,2016-03-03,0.3650,0.3650,0.3650,0.3650,20000
MERGE,2016-03-09,0.3750,0.3750,0.3750,0.3750,4700
MERGE,2016-03-15,0.3800,0.3850,0.3800,0.3850,18700
MERGE,2016-03-17,0.3700,0.3750,0.3700,0.3750,16000
MERGE,2016-03-18,0.3750,0.3750,0.3750,0.3750,20000
MERGE,2016-03-21,0.3700,0.3750,0.3700,0.3750,122800
MERGE,2016-03-22,0.3650,0.3650,0.3650,0.3650,70000
MERGE,2016-03-25,0.3700,0.3700,0.3700,0.3700,30000
MERGE,2016-03-29,0.3700,0.3700,0.3700,0.3700,58000
MERGE,2016-03-31,0.3750,0.3750,0.3750,0.3750,30000
MERGE,2016-04-11,0.3700,0.3700,0.3700,0.3700,20000
MERGE,2016-04-20,0.3700,0.3700,0.3500,0.3500,40000
MERGE,2016-04-21,0.3600,0.3600,0.3600,0.3600,10000
MERGE,2016-04-22,0.3650,0.3650,0.3650,0.3650,10000
MERGE,2016-04-26,0.3450,0.3500,0.3400,0.3450,34700
MERGE,2016-05-06,0.3600,0.3600,0.3600,0.3600,1000
MERGE,2016-05-12,0.3350,0.3350,0.3350,0.3350,15000
MERGE,2016-05-13,0.3250,0.3250,0.3200,0.3200,20000
MERGE,2016-05-17,0.3400,0.3400,0.3300,0.3400,155000
MERGE,2016-05-18,0.3350,0.3600,0.3350,0.3500,133200
MERGE,2016-05-23,0.3250,0.3250,0.3200,0.3250,37200
MERGE,2016-05-24,0.3350,0.3400,0.3350,0.3350,49000
MERGE,2016-05-25,0.3300,0.3300,0.3100,0.3250,144700
MERGE,2016-05-26,0.3150,0.3150,0.3100,0.3150,128000
MERGE,2016-05-27,0.3100,0.3100,0.3100,0.3100,30000
MERGE,2016-05-30,0.3050,0.3050,0.3000,0.3000,16000
MERGE,2016-06-01,0.2950,0.3100,0.2900,0.3100,28100
MERGE,2016-06-02,0.2950,0.2950,0.2950,0.2950,5000
MERGE,2016-06-06,0.2950,0.2950,0.2900,0.2900,10000
MERGE,2016-06-08,0.2850,0.2950,0.2850,0.2950,15000
MERGE,2016-06-10,0.2900,0.2900,0.2900,0.2900,4900
MERGE,2016-06-14,0.2900,0.2900,0.2900,0.2900,23000
MERGE,2016-06-17,0.2900,0.2900,0.2900,0.2900,10000
MERGE,2016-06-20,0.2900,0.2900,0.2900,0.2900,20000
MERGE,2016-06-27,0.3050,0.3050,0.3050,0.3050,15000
MERGE,2016-06-28,0.2950,0.2950,0.2800,0.2800,50000
MERGE,2016-06-29,0.2750,0.2750,0.2750,0.2750,5000
MERGE,2016-07-04,0.2750,0.2750,0.2750,0.2750,6000
MERGE,2016-07-05,0.2700,0.2700,0.2650,0.2650,30500
MERGE,2016-07-08,0.2600,0.2600,0.2450,0.2550,39000
MERGE,2016-07-11,0.2550,0.2550,0.2500,0.2500,21000
MERGE,2016-07-13,0.2500,0.2600,0.2500,0.2600,39000
MERGE,2016-07-14,0.2550,0.2550,0.2550,0.2550,7800
MERGE,2016-07-15,0.2550,0.2550,0.2550,0.2550,5200
MERGE,2016-07-18,0.2550,0.2550,0.2550,0.2550,3400
MERGE,2016-07-20,0.2500,0.2500,0.2500,0.2500,8200
MERGE,2016-07-21,0.2550,0.2550,0.2550,0.2550,25000
MERGE,2016-07-22,0.2550,0.2550,0.2500,0.2500,43000
MERGE,2016-07-27,0.2500,0.2500,0.2500,0.2500,20000
MERGE,2016-07-28,0.2550,0.2550,0.2500,0.2500,10000
MERGE,2016-07-29,0.2550,0.2550,0.2550,0.2550,5000
MERGE,2016-08-01,0.2600,0.2600,0.2600,0.2600,25000
MERGE,2016-08-03,0.2600,0.2700,0.2600,0.2650,40000
MERGE,2016-08-04,0.2650,0.2650,0.2550,0.2550,41900
MERGE,2016-08-05,0.2700,0.2700,0.2700,0.2700,10200
MERGE,2016-08-08,0.2650,0.2650,0.2650,0.2650,200
MERGE,2016-08-09,0.2650,0.2650,0.2600,0.2600,15100
MERGE,2016-08-10,0.2600,0.2700,0.2550,0.2700,63800
MERGE,2016-08-12,0.2550,0.2850,0.2550,0.2850,13000
MERGE,2016-08-16,0.2800,0.2800,0.2750,0.2800,98000
MERGE,2016-08-18,0.2750,0.2800,0.2750,0.2800,7000
MERGE,2016-08-22,0.2700,0.2900,0.2700,0.2900,9200
MERGE,2016-08-24,0.2700,0.2700,0.2650,0.2650,25000
MERGE,2016-08-25,0.2650,0.2650,0.2600,0.2600,20000
MERGE,2016-08-30,0.2650,0.2650,0.2650,0.2650,5000
MERGE,2016-09-01,0.2650,0.2650,0.2650,0.2650,5000
MERGE,2016-09-05,0.2700,0.2700,0.2700,0.2700,5000
MERGE,2016-09-06,0.2850,0.2850,0.2850,0.2850,300
MERGE,2016-09-07,0.2850,0.2850,0.2800,0.2800,69100
MERGE,2016-09-08,0.2750,0.2750,0.2750,0.2750,6000
MERGE,2016-09-09,0.2750,0.2750,0.2750,0.2750,6300
MERGE,2016-09-13,0.2650,0.2650,0.2600,0.2600,20000
MERGE,2016-09-15,0.2600,0.2600,0.2600,0.2600,25000
MERGE,2016-09-20,0.2700,0.2700,0.2600,0.2600,35600
MERGE,2016-09-21,0.2600,0.2700,0.2600,0.2650,33000
MERGE,2016-09-22,0.2600,0.2600,0.2600,0.2600,10000
MERGE,2016-09-23,0.2600,0.2600,0.2600,0.2600,7000
MERGE,2016-09-26,0.2600,0.2600,0.2550,0.2550,20000
MERGE,2016-09-27,0.2600,0.2600,0.2600,0.2600,10000
MERGE,2016-09-28,0.2600,0.2600,0.2600,0.2600,8000
MERGE,2016-09-30,0.2550,0.2550,0.2400,0.2400,162000
MERGE,2016-10-04,0.2450,0.2500,0.2450,0.2500,24000
MERGE,2016-10-05,0.2500,0.2500,0.2500,0.2500,16000
MERGE,2016-10-06,0.2400,0.2450,0.2400,0.2450,50000
MERGE,2016-10-10,0.2400,0.2400,0.2400,0.2400,40000
MERGE,2016-10-11,0.2500,0.2500,0.2500,0.2500,23000
MERGE,2016-10-12,0.2400,0.2500,0.2400,0.2500,6000
MERGE,2016-10-13,0.2450,0.2500,0.2450,0.2500,28000
MERGE,2016-10-14,0.2500,0.2500,0.2500,0.2500,5000
MERGE,2016-10-17,0.2450,0.2600,0.2450,0.2550,45000
MERGE,2016-10-19,0.2500,0.2500,0.2500,0.2500,68000
MERGE,2016-10-20,0.2550,0.2550,0.2500,0.2500,87200
MERGE,2016-10-21,0.2600,0.2600,0.2550,0.2550,46800
MERGE,2016-10-24,0.2600,0.2650,0.2400,0.2600,307700
MERGE,2016-10-25,0.2700,0.2700,0.2500,0.2600,21300
MERGE,2016-10-26,0.2600,0.2700,0.2550,0.2700,50000
MERGE,2016-10-27,0.2650,0.2700,0.2600,0.2650,94600
MERGE,2016-10-28,0.2700,0.2800,0.2650,0.2800,194000
MERGE,2016-10-31,0.2800,0.3650,0.2800,0.3600,1585000
MERGE,2016-11-01,0.3600,0.3800,0.3350,0.3450,1181100
MERGE,2016-11-02,0.3750,0.3750,0.3100,0.3500,253000
MERGE,2016-11-03,0.3250,0.3450,0.3200,0.3450,55400
MERGE,2016-11-04,0.3550,0.3550,0.3300,0.3500,61200
MERGE,2016-11-07,0.3150,0.3300,0.3100,0.3300,80000
MERGE,2016-11-08,0.3150,0.3200,0.3000,0.3150,72700
MERGE,2016-11-09,0.3000,0.3300,0.3000,0.3300,15100
MERGE,2016-11-10,0.3400,0.3500,0.3350,0.3500,136600
MERGE,2016-11-11,0.3500,0.3500,0.3300,0.3400,90000
MERGE,2016-11-14,0.3150,0.3150,0.3150,0.3150,90000
MERGE,2016-11-15,0.3250,0.3400,0.3250,0.3300,130000
MERGE,2016-11-16,0.3200,0.3200,0.3150,0.3150,40000
MERGE,2016-11-17,0.3500,0.3500,0.3500,0.3500,900
MERGE,2016-11-18,0.3150,0.3200,0.3100,0.3100,82400
MERGE,2016-11-22,0.3100,0.3100,0.3100,0.3100,500
MERGE,2016-11-24,0.3050,0.3050,0.3000,0.3000,26000
MERGE,2016-11-25,0.2900,0.2900,0.2900,0.2900,1800
MERGE,2016-11-29,0.2850,0.2850,0.2850,0.2850,2600
MERGE,2016-11-30,0.2850,0.2850,0.2850,0.2850,6700
MERGE,2016-12-02,0.2750,0.2750,0.2750,0.2750,20400
MERGE,2016-12-05,0.2750,0.2750,0.2750,0.2750,1400
MERGE,2016-12-13,0.2750,0.2750,0.2750,0.2750,23000
MERGE,2016-12-15,0.2700,0.2750,0.2700,0.2750,17000
MERGE,2016-12-16,0.2750,0.3400,0.2750,0.3400,12100
MERGE,2017-01-05,0.3000,0.3100,0.3000,0.3100,5500
MERGE,2017-01-06,0.3100,0.3100,0.2900,0.2900,5000
MERGE,2017-01-10,0.2800,0.2800,0.2800,0.2800,700
MERGE,2017-01-11,0.3200,0.3200,0.2900,0.2950,17600
MERGE,2017-01-12,0.2950,0.2950,0.2950,0.2950,4400
MERGE,2017-01-13,0.3100,0.3300,0.3100,0.3200,60900
MERGE,2017-01-16,0.3000,0.3000,0.2950,0.2950,14500
MERGE,2017-01-18,0.2900,0.3200,0.2900,0.3200,23500
MERGE,2017-01-24,0.2950,0.3200,0.2950,0.3200,10000
MERGE,2017-02-03,0.3000,0.3000,0.3000,0.3000,13000
MERGE,2017-02-06,0.3000,0.3250,0.3000,0.3100,43900
MERGE,2017-02-07,0.3150,0.3350,0.3050,0.3200,44300
MERGE,2017-02-15,0.3200,0.3400,0.3100,0.3300,14700
MERGE,2017-02-17,0.3100,0.3200,0.3100,0.3200,40000
MERGE,2017-02-21,0.3150,0.3150,0.3150,0.3150,10000
MERGE,2017-02-22,0.3250,0.3250,0.3250,0.3250,10000
MERGE,2017-02-24,0.3100,0.3150,0.3050,0.3100,52000
MERGE,2017-02-27,0.3050,0.3050,0.3000,0.3000,20000
MERGE,2017-02-28,0.3000,0.3000,0.3000,0.3000,70000
MERGE,2017-03-03,0.3200,0.3300,0.3200,0.3300,33000
MERGE,2017-03-06,0.3200,0.3200,0.3200,0.3200,91000
MERGE,2017-03-07,0.3050,0.3050,0.3000,0.3000,43000
MERGE,2017-03-08,0.3050,0.3150,0.3050,0.3100,63200
MERGE,2017-03-09,0.3200,0.3200,0.3200,0.3200,30000
MERGE,2017-03-10,0.3200,0.3400,0.3200,0.3400,454200
MERGE,2017-03-13,0.3350,0.3500,0.3300,0.3350,187500
MERGE,2017-03-14,0.3300,0.3300,0.3300,0.3300,10000
MERGE,2017-03-15,0.3150,0.3250,0.3150,0.3250,11200
MERGE,2017-03-16,0.3200,0.3400,0.3200,0.3400,39000
MERGE,2017-03-17,0.3300,0.3300,0.3250,0.3250,73000
MERGE,2017-03-20,0.3300,0.3450,0.3300,0.3450,134800
MERGE,2017-03-21,0.3400,0.3650,0.3400,0.3600,683800
MERGE,2017-03-22,0.3450,0.3450,0.3300,0.3400,110600
MERGE,2017-03-23,0.3400,0.3400,0.3400,0.3400,4000
MERGE,2017-03-24,0.3100,0.3250,0.3100,0.3250,30500
MERGE,2017-03-27,0.3200,0.3350,0.3200,0.3350,109800
MERGE,2017-03-29,0.3250,0.3250,0.3250,0.3250,1000
MERGE,2017-03-30,0.3300,0.3350,0.3300,0.3300,34000
MERGE,2017-03-31,0.32,0.32,0.32,0.32,4800.0
MERGE,2017-04-05,0.335,0.34,0.335,0.335,126000.0
MERGE,2017-04-06,0.33,0.33,0.33,0.33,50000.0
MERGE,2017-04-07,0.33,0.33,0.31,0.32,30300.0
MERGE,2017-04-10,0.32,0.32,0.32,0.32,50000.0
MERGE,2017-04-11,0.32,0.32,0.32,0.32,29000.0
MERGE,2017-04-13,0.33,0.33,0.325,0.325,61000.0
MERGE,2017-04-14,0.32,0.32,0.305,0.31,71100.0
MERGE,2017-04-17,0.31,0.315,0.31,0.31,24000.0
MERGE,2017-04-18,0.31,0.31,0.31,0.31,200.0
MERGE,2017-04-19,0.31,0.32,0.31,0.32,123400.0
MERGE,2017-04-20,0.31,0.33,0.31,0.33,17000.0
MERGE,2017-04-21,0.32,0.325,0.32,0.32,65400.00000000001
MERGE,2017-04-25,0.32,0.325,0.32,0.32,44600.0
MERGE,2017-04-26,0.31,0.31,0.31,0.31,800.0
MERGE,2017-04-27,0.315,0.315,0.315,0.315,10000.0
MERGE,2017-04-28,0.32,0.32,0.32,0.32,10000.0
MERGE,2017-05-02,0.32,0.33,0.315,0.32,118800.0
MERGE,2017-05-04,0.325,0.325,0.31,0.31,44000.0
MERGE,2017-05-08,0.315,0.315,0.315,0.315,20800.0
MERGE,2017-05-12,0.31,0.31,0.31,0.31,10000.0
MERGE,2017-05-17,0.31,0.31,0.31,0.31,111000.0
MERGE,2017-05-18,0.315,0.315,0.3,0.3,98000.0
MERGE,2017-05-23,0.305,0.305,0.3,0.3,58000.0
MERGE,2017-05-24,0.31,0.38,0.31,0.355,731000.0
MERGE,2017-05-25,0.35,0.35,0.33,0.335,70100.0
MERGE,2017-05-26,0.315,0.32,0.305,0.32,138000.0
MERGE,2017-05-29,0.32,0.32,0.3,0.305,183800.0
MERGE,2017-05-30,0.305,0.305,0.3,0.3,280800.0
MERGE,2017-06-01,0.305,0.315,0.305,0.31,152400.0
MERGE,2017-06-05,0.305,0.32,0.305,0.32,48800.0
MERGE,2017-06-06,0.32,0.32,0.32,0.32,62000.0
MERGE,2017-06-07,0.315,0.335,0.315,0.335,12100.0
MERGE,2017-06-08,0.32,0.32,0.32,0.32,3900.0
MERGE,2017-06-09,0.315,0.32,0.315,0.32,23000.0
MERGE,2017-06-13,0.32,0.32,0.31,0.31,23300.0
MERGE,2017-06-14,0.315,0.35,0.315,0.345,60700.0
MERGE,2017-06-15,0.335,0.335,0.32,0.32,25000.0
MERGE,2017-06-16,0.32,0.32,0.32,0.32,62000.0
MERGE,2017-06-19,0.33,0.34,0.325,0.33,201100.0
MERGE,2017-06-20,0.33,0.33,0.33,0.33,9900.0
MERGE,2017-06-21,0.325,0.33,0.325,0.33,192800.0
MERGE,2017-06-22,0.34,0.355,0.335,0.35,357800.0
MERGE,2017-06-23,0.35,0.405,0.35,0.395,2980000.0
MERGE,2017-06-28,0.395,0.415,0.375,0.39,698400.0
MERGE,2017-06-29,0.39,0.43,0.38,0.42,2570000.0
MERGE,2017-06-30,0.415,0.465,0.4,0.465,2280000.0
MERGE,2017-07-03,0.485,0.51,0.46,0.49,3520000.0
MERGE,2017-07-04,0.49,0.525,0.47,0.51,2310000.0
MERGE,2017-07-05,0.51,0.555,0.51,0.545,3240000.0
MERGE,2017-07-06,0.55,0.575,0.535,0.54,2590000.0
MERGE,2017-07-07,0.54,0.55,0.5,0.505,1120000.0
MERGE,2017-07-10,0.5,0.5,0.47,0.475,482000.0
MERGE,2017-07-11,0.465,0.485,0.45,0.46,606300.0
MERGE,2017-07-12,0.475,0.54,0.46,0.515,3190000.0
MERGE,2017-07-13,0.53,0.555,0.51,0.51,1530000.0
MERGE,2017-07-14,0.52,0.52,0.49,0.49,236700.0
MERGE,2017-07-17,0.495,0.495,0.455,0.46,1060000.0
MERGE,2017-07-18,0.46,0.5,0.445,0.49,1060000.0
MERGE,2017-07-19,0.485,0.52,0.485,0.5,1140000.0
MERGE,2017-07-20,0.5,0.505,0.475,0.495,507300.0
MERGE,2017-07-21,0.48,0.5,0.47,0.49,242200.0
MERGE,2017-07-24,0.48,0.49,0.47,0.485,555500.0
MERGE,2017-07-25,0.47,0.47,0.465,0.47,488600.0
MERGE,2017-07-26,0.475,0.485,0.47,0.48,255000.0
MERGE,2017-07-27,0.475,0.495,0.47,0.47,475500.0
MERGE,2017-07-28,0.47,0.47,0.455,0.47,401400.0
MERGE,2017-07-31,0.465,0.465,0.455,0.46,139200.0
MERGE,2017-08-01,0.455,0.455,0.42,0.44,539300.0
MERGE,2017-08-02,0.44,0.46,0.425,0.445,821000.0
MERGE,2017-08-03,0.44,0.44,0.425,0.425,230000.0
MERGE,2017-08-04,0.44,0.455,0.425,0.44,736900.0
MERGE,2017-08-07,0.435,0.44,0.425,0.425,186900.0
MERGE,2017-08-08,0.435,0.435,0.39,0.405,686900.0
MERGE,2017-08-09,0.4,0.41,0.39,0.405,285600.0
MERGE,2017-08-10,0.4,0.425,0.4,0.405,1110000.0
MERGE,2017-08-11,0.4,0.4,0.39,0.395,140200.0
MERGE,2017-08-14,0.38,0.395,0.37,0.395,141500.0
MERGE,2017-08-15,0.39,0.4,0.385,0.395,159100.0
MERGE,2017-08-16,0.385,0.395,0.375,0.385,1270000.0
MERGE,2017-08-17,0.385,0.39,0.38,0.385,320000.0
MERGE,2017-08-18,0.38,0.42,0.38,0.41,2400000.0
MERGE,2017-08-21,0.415,0.43,0.415,0.43,1370000.0
MERGE,2017-08-22,0.43,0.46,0.43,0.45,1570000.0
MERGE,2017-08-23,0.41,0.425,0.4,0.4,1350000.0
MERGE,2017-08-24,0.405,0.405,0.385,0.385,423200.0
MERGE,2017-08-25,0.385,0.385,0.38,0.385,114200.0
MERGE,2017-08-28,0.38,0.38,0.36,0.36,192600.0
MERGE,2017-08-29,0.36,0.37,0.355,0.36,114500.0
MERGE,2017-08-30,0.36,0.375,0.35,0.36,267400.0
MERGE,2017-09-05,0.355,0.365,0.355,0.36,79400.0
MERGE,2017-09-06,0.355,0.365,0.35,0.36,134400.0
MERGE,2017-09-07,0.36,0.38,0.36,0.36,603500.0
MERGE,2017-09-08,0.36,0.38,0.355,0.38,94400.0
MERGE,2017-09-11,0.365,0.365,0.36,0.365,12500.0
MERGE,2017-09-12,0.365,0.365,0.365,0.365,60000.0
MERGE,2017-09-13,0.365,0.38,0.365,0.38,530600.0
MERGE,2017-09-14,0.365,0.375,0.36,0.36,47700.0
MERGE,2017-09-15,0.365,0.365,0.36,0.36,6300.0
MERGE,2017-09-18,0.36,0.36,0.35,0.35,74800.0
MERGE,2017-09-19,0.35,0.37,0.34,0.34,239400.0
MERGE,2017-09-20,0.36,0.36,0.35,0.36,44900.0
MERGE,2017-09-21,0.35,0.37,0.35,0.35,184100.0
MERGE,2017-09-25,0.35,0.35,0.35,0.35,20000.0
MERGE,2017-09-26,0.35,0.35,0.345,0.345,86600.0
MERGE,2017-09-27,0.345,0.355,0.345,0.355,41600.0
MERGE,2017-09-28,0.35,0.35,0.35,0.35,104800.0
MERGE,2017-09-29,0.35,0.355,0.345,0.355,49500.0
MERGE,2017-10-02,0.35,0.365,0.35,0.365,10100.0
MERGE,2017-10-03,0.36,0.36,0.36,0.36,12000.0
MERGE,2017-10-04,0.35,0.35,0.35,0.35,22000.0
MERGE,2017-10-06,0.35,0.35,0.35,0.35,60000.0
MERGE,2017-10-09,0.35,0.35,0.35,0.35,37900.0
MERGE,2017-10-10,0.35,0.36,0.345,0.36,53900.0
MERGE,2017-10-11,0.355,0.355,0.35,0.35,75000.0
MERGE,2017-10-12,0.35,0.355,0.35,0.35,13900.0
MERGE,2017-10-16,0.345,0.345,0.345,0.345,23100.0
MERGE,2017-10-19,0.345,0.345,0.34,0.34,105000.0
MERGE,2017-10-23,0.345,0.345,0.345,0.345,18500.0
MERGE,2017-10-24,0.34,0.34,0.34,0.34,50000.0
MERGE,2017-10-25,0.34,0.34,0.34,0.34,10000.0
MERGE,2017-10-26,0.355,0.355,0.355,0.355,2000.0
MERGE,2017-10-27,0.35,0.35,0.35,0.35,5000.0
MERGE,2017-10-30,0.34,0.34,0.34,0.34,37800.0
MERGE,2017-10-31,0.35,0.36,0.35,0.36,26000.0
MERGE,2017-11-07,0.34,0.34,0.34,0.34,15000.0
MERGE,2017-11-09,0.335,0.34,0.335,0.34,136000.0
MERGE,2017-11-13,0.34,0.355,0.34,0.355,30000.0
MERGE,2017-11-14,0.35,0.355,0.34,0.34,64400.00000000001
MERGE,2017-11-15,0.335,0.335,0.335,0.335,50000.0
MERGE,2017-11-16,0.36,0.49,0.36,0.42,6840000.0
MERGE,2017-11-17,0.415,0.44,0.38,0.415,1490000.0
MERGE,2017-11-20,0.395,0.44,0.395,0.405,1040000.0
MERGE,2017-11-21,0.39,0.42,0.375,0.375,417800.0
MERGE,2017-11-22,0.365,0.375,0.35,0.36,1420000.0
MERGE,2017-11-23,0.35,0.385,0.35,0.37,910200.0
MERGE,2017-11-24,0.355,0.365,0.355,0.365,237900.0
MERGE,2017-11-27,0.355,0.365,0.35,0.36,589600.0
MERGE,2017-11-28,0.36,0.365,0.35,0.36,517600.0
MERGE,2017-11-29,0.35,0.355,0.34,0.345,503200.0
MERGE,2017-11-30,0.34,0.355,0.34,0.345,137900.0
MERGE,2017-12-04,0.34,0.35,0.33,0.335,332600.0
MERGE,2017-12-05,0.35,0.35,0.325,0.335,458200.0
MERGE,2017-12-06,0.33,0.33,0.325,0.33,211900.0
MERGE,2017-12-07,0.325,0.34,0.325,0.34,10100.0
MERGE,2017-12-08,0.335,0.335,0.325,0.33,36000.0
MERGE,2017-12-11,0.33,0.335,0.32,0.335,347400.0
MERGE,2017-12-12,0.33,0.33,0.33,0.33,30000.0
MERGE,2017-12-13,0.335,0.335,0.325,0.335,68500.0
MERGE,2017-12-14,0.335,0.35,0.335,0.335,142000.0
MERGE,2017-12-15,0.33,0.345,0.33,0.345,63000.0
MERGE,2017-12-18,0.35,0.35,0.33,0.34,58000.0
MERGE,2017-12-19,0.335,0.345,0.335,0.345,35500.0
MERGE,2017-12-20,0.33,0.33,0.33,0.33,46000.0
MERGE,2017-12-21,0.33,0.34,0.33,0.34,283800.0
MERGE,2017-12-22,0.34,0.365,0.335,0.35,182300.0
MERGE,2017-12-26,0.335,0.35,0.335,0.335,13000.0
MERGE,2017-12-27,0.345,0.345,0.34,0.34,103200.0
MERGE,2017-12-28,0.34,0.34,0.34,0.34,1000.0
MERGE,2017-12-29,0.34,0.34,0.34,0.34,21000.0
MERGE,2018-01-02,0.34,0.34,0.34,0.34,61700.0
MERGE,2018-01-03,0.38,0.38,0.345,0.345,27200.0
MERGE,2018-01-04,0.345,0.36,0.345,0.345,78900.0
MERGE,2018-01-05,0.35,0.365,0.35,0.35,42900.0
MERGE,2018-01-08,0.35,0.35,0.35,0.35,15600.0
MERGE,2018-01-09,0.36,0.37,0.36,0.365,10200.0
MERGE,2018-01-10,0.36,0.37,0.35,0.37,93500.0
MERGE,2018-01-11,0.37,0.37,0.355,0.355,56800.0
MERGE,2018-01-12,0.36,0.36,0.36,0.36,10000.0
MERGE,2018-01-16,0.37,0.37,0.35,0.355,25000.0
MERGE,2018-01-17,0.355,0.355,0.345,0.345,70000.0
MERGE,2018-01-18,0.35,0.35,0.345,0.345,46000.0
MERGE,2018-01-22,0.335,0.36,0.335,0.355,343500.0
MERGE,2018-01-23,0.34,0.355,0.34,0.355,59500.0
MERGE,2018-01-24,0.35,0.355,0.34,0.35,120000.0
MERGE,2018-01-25,0.35,0.35,0.325,0.345,128600.0
MERGE,2018-01-26,0.33,0.33,0.325,0.33,72200.0
MERGE,2018-01-29,0.34,0.34,0.34,0.34,25900.0
MERGE,2018-01-30,0.33,0.33,0.325,0.325,45100.0
MERGE,2018-02-02,0.325,0.34,0.32,0.34,116200.0
MERGE,2018-02-05,0.325,0.325,0.325,0.325,56700.0
MERGE,2018-02-06,0.32,0.32,0.315,0.32,111100.0
MERGE,2018-02-07,0.315,0.315,0.315,0.315,43700.0
MERGE,2018-02-08,0.315,0.32,0.315,0.32,68400.0
MERGE,2018-02-09,0.315,0.315,0.315,0.315,16700.0
MERGE,2018-02-12,0.32,0.32,0.32,0.32,10000.0
MERGE,2018-02-13,0.31,0.335,0.31,0.335,10200.0
MERGE,2018-02-14,0.325,0.335,0.32,0.32,333700.0
MERGE,2018-02-20,0.32,0.32,0.32,0.32,65000.0
MERGE,2018-02-21,0.32,0.32,0.315,0.315,50800.0
MERGE,2018-02-22,0.365,0.385,0.34,0.35,994300.0
MERGE,2018-02-23,0.335,0.35,0.33,0.35,122100.0
MERGE,2018-02-26,0.335,0.345,0.33,0.33,35200.0
MERGE,2018-02-27,0.345,0.345,0.33,0.33,97000.0
MERGE,2018-02-28,0.32,0.33,0.315,0.33,213400.0
MERGE,2018-03-01,0.32,0.32,0.315,0.32,45000.0
MERGE,2018-03-05,0.31,0.31,0.305,0.305,65000.0
MERGE,2018-03-06,0.305,0.305,0.29,0.295,270200.0
MERGE,2018-03-07,0.295,0.3,0.29,0.29,41900.0
MERGE,2018-03-09,0.29,0.31,0.29,0.295,49100.0
MERGE,2018-03-12,0.3,0.3,0.295,0.3,74000.0
MERGE,2018-03-13,0.295,0.3,0.295,0.295,54000.0
MERGE,2018-03-14,0.29,0.3,0.29,0.295,75000.0
MERGE,2018-03-16,0.29,0.29,0.29,0.29,20000.0
MERGE,2018-03-19,0.295,0.295,0.295,0.295,20000.0
MERGE,2018-03-20,0.295,0.295,0.295,0.295,31000.0
MERGE,2018-03-21,0.295,0.295,0.295,0.295,20000.0
MERGE,2018-03-22,0.295,0.295,0.285,0.285,299200.0
MERGE,2018-03-23,0.285,0.285,0.27,0.285,125300.0
MERGE,2018-03-26,0.285,0.285,0.285,0.285,9700.0
MERGE,2018-03-27,0.275,0.29,0.275,0.285,35000.0
