MPHBCAP,2013-06-28,1.4500,1.5300,1.3700,1.3700,24812200
MPHBCAP,2013-07-01,1.3900,1.4200,1.3500,1.3700,7168600
MPHBCAP,2013-07-02,1.3900,1.4400,1.3700,1.4100,12383600
MPHBCAP,2013-07-03,1.4200,1.4400,1.3900,1.4100,5675100
MPHBCAP,2013-07-04,1.4000,1.4300,1.4000,1.4100,6236800
MPHBCAP,2013-07-05,1.4100,1.4600,1.4100,1.4500,9621900
MPHBCAP,2013-07-08,1.4600,1.4600,1.4000,1.4100,4853500
MPHBCAP,2013-07-09,1.4200,1.4200,1.3900,1.3900,4391700
MPHBCAP,2013-07-10,1.3900,1.4100,1.3900,1.4000,1694000
MPHBCAP,2013-07-11,1.4000,1.4100,1.3900,1.4000,1692800
MPHBCAP,2013-07-12,1.4000,1.4200,1.3900,1.4100,2283300
MPHBCAP,2013-07-15,1.4100,1.4100,1.3900,1.3900,1928000
MPHBCAP,2013-07-16,1.3900,1.4000,1.3900,1.3900,614600
MPHBCAP,2013-07-17,1.3900,1.4100,1.3900,1.4000,1468500
MPHBCAP,2013-07-18,1.4200,1.4200,1.4000,1.4000,1846100
MPHBCAP,2013-07-19,1.4000,1.4200,1.4000,1.4200,1836100
MPHBCAP,2013-07-22,1.4200,1.4600,1.4200,1.4400,4576000
MPHBCAP,2013-07-23,1.4400,1.4500,1.4300,1.4400,1607700
MPHBCAP,2013-07-24,1.4300,1.5100,1.4300,1.5000,13159800
MPHBCAP,2013-07-25,1.5200,1.5700,1.5200,1.5400,11880400
MPHBCAP,2013-07-26,1.5500,1.5700,1.5300,1.5400,3702100
MPHBCAP,2013-07-29,1.5400,1.5400,1.5000,1.5100,2404100
MPHBCAP,2013-07-30,1.5000,1.5100,1.4800,1.5000,4112700
MPHBCAP,2013-07-31,1.4900,1.4900,1.4600,1.4800,2456800
MPHBCAP,2013-08-01,1.4900,1.5100,1.4700,1.5000,2586900
MPHBCAP,2013-08-02,1.5000,1.5300,1.5000,1.5200,3841900
MPHBCAP,2013-08-05,1.5200,1.5200,1.4800,1.5000,2635900
MPHBCAP,2013-08-06,1.5000,1.5000,1.4700,1.4800,2999900
MPHBCAP,2013-08-12,1.4900,1.4900,1.4700,1.4800,5915200
MPHBCAP,2013-08-13,1.4800,1.4900,1.4700,1.4900,2870900
MPHBCAP,2013-08-14,1.4900,1.5200,1.4900,1.5200,3053600
MPHBCAP,2013-08-15,1.5100,1.5200,1.5000,1.5100,3283900
MPHBCAP,2013-08-16,1.5000,1.5100,1.4900,1.5000,3987600
MPHBCAP,2013-08-19,1.5000,1.5100,1.4900,1.5000,2151000
MPHBCAP,2013-08-20,1.5000,1.5000,1.4400,1.4600,3002400
MPHBCAP,2013-08-21,1.4600,1.4600,1.4400,1.4600,2578000
MPHBCAP,2013-08-22,1.4500,1.4800,1.4100,1.4500,12305200
MPHBCAP,2013-08-23,1.4500,1.4500,1.4100,1.4400,2996400
MPHBCAP,2013-08-26,1.4300,1.4400,1.4100,1.4300,3054400
MPHBCAP,2013-08-27,1.4300,1.4300,1.3500,1.3700,4260400
MPHBCAP,2013-08-28,1.3400,1.3600,1.3000,1.3500,8049600
MPHBCAP,2013-08-29,1.3400,1.3600,1.3400,1.3500,4026400
MPHBCAP,2013-08-30,1.3500,1.3900,1.3500,1.3800,4719900
MPHBCAP,2013-09-02,1.3700,1.3700,1.3500,1.3500,1640700
MPHBCAP,2013-09-03,1.3600,1.3700,1.3600,1.3600,1262800
MPHBCAP,2013-09-04,1.3600,1.3700,1.3400,1.3700,3212500
MPHBCAP,2013-09-05,1.3700,1.3800,1.3600,1.3700,459800
MPHBCAP,2013-09-06,1.3700,1.3700,1.3600,1.3600,932700
MPHBCAP,2013-09-09,1.3600,1.3700,1.3600,1.3700,916400
MPHBCAP,2013-09-10,1.3800,1.4000,1.3800,1.4000,874500
MPHBCAP,2013-09-11,1.4100,1.4300,1.4000,1.4000,958700
MPHBCAP,2013-09-12,1.4000,1.4000,1.3900,1.4000,391400
MPHBCAP,2013-09-13,1.3900,1.4000,1.3900,1.4000,199700
MPHBCAP,2013-09-17,1.4100,1.4100,1.3900,1.4000,398000
MPHBCAP,2013-09-18,1.4000,1.4400,1.4000,1.4300,794400
MPHBCAP,2013-09-19,1.4500,1.4600,1.4300,1.4500,1302300
MPHBCAP,2013-09-20,1.4400,1.4500,1.4300,1.4300,387200
MPHBCAP,2013-09-23,1.4200,1.4500,1.4200,1.4400,301900
MPHBCAP,2013-09-24,1.4300,1.4600,1.4300,1.4600,365600
MPHBCAP,2013-09-25,1.4500,1.4600,1.4400,1.4600,184700
MPHBCAP,2013-09-26,1.4400,1.4700,1.4400,1.4600,837300
MPHBCAP,2013-09-27,1.4600,1.5000,1.4400,1.4600,4912900
MPHBCAP,2013-09-30,1.4700,1.5200,1.4500,1.5100,3166300
MPHBCAP,2013-10-01,1.5000,1.5200,1.4900,1.5200,1378700
MPHBCAP,2013-10-02,1.5400,1.6200,1.5400,1.6000,9133700
MPHBCAP,2013-10-03,1.6100,1.6100,1.5700,1.5900,2659700
MPHBCAP,2013-10-04,1.5700,1.5800,1.5600,1.5700,1357900
MPHBCAP,2013-10-07,1.5900,1.6200,1.5900,1.6000,3469000
MPHBCAP,2013-10-08,1.6000,1.6600,1.5900,1.6400,3152300
MPHBCAP,2013-10-09,1.6400,1.6500,1.6100,1.6200,1451600
MPHBCAP,2013-10-10,1.6100,1.6300,1.6100,1.6200,613900
MPHBCAP,2013-10-11,1.6200,1.6500,1.6100,1.6400,1481500
MPHBCAP,2013-10-14,1.6200,1.6400,1.6200,1.6300,1253700
MPHBCAP,2013-10-16,1.6300,1.6300,1.6200,1.6200,955300
MPHBCAP,2013-10-17,1.6300,1.6600,1.6200,1.6500,1277600
MPHBCAP,2013-10-18,1.6600,1.7400,1.6500,1.7100,4280000
MPHBCAP,2013-10-21,1.7100,1.7600,1.7100,1.7400,2371500
MPHBCAP,2013-10-22,1.7400,1.7800,1.7400,1.7700,1880700
MPHBCAP,2013-10-23,1.7700,1.7700,1.7200,1.7200,1739500
MPHBCAP,2013-10-24,1.7300,1.7300,1.6800,1.6900,1716500
MPHBCAP,2013-10-25,1.6800,1.7000,1.6800,1.6900,1065400
MPHBCAP,2013-10-28,1.6800,1.7300,1.6700,1.7200,1056500
MPHBCAP,2013-10-29,1.7100,1.7300,1.6800,1.7000,1357500
MPHBCAP,2013-10-30,1.7200,1.7200,1.6900,1.6900,407500
MPHBCAP,2013-10-31,1.6900,1.7100,1.6800,1.7000,687400
MPHBCAP,2013-11-01,1.7000,1.7100,1.6900,1.7000,661100
MPHBCAP,2013-11-04,1.7000,1.7000,1.6900,1.6900,418700
MPHBCAP,2013-11-06,1.7000,1.7000,1.6800,1.6900,503900
MPHBCAP,2013-11-07,1.6900,1.6900,1.6700,1.6700,784000
MPHBCAP,2013-11-08,1.6800,1.6800,1.6600,1.6800,671600
MPHBCAP,2013-11-11,1.6700,1.6800,1.6600,1.6700,488300
MPHBCAP,2013-11-12,1.6900,1.7000,1.6600,1.6900,763700
MPHBCAP,2013-11-13,1.6900,1.7500,1.6800,1.6900,1858400
MPHBCAP,2013-11-14,1.6900,1.7000,1.6900,1.6900,288800
MPHBCAP,2013-11-15,1.6900,1.7000,1.6800,1.6900,587000
MPHBCAP,2013-11-18,1.6900,1.7200,1.6900,1.7100,717900
MPHBCAP,2013-11-19,1.7000,1.7100,1.7000,1.7100,861500
MPHBCAP,2013-11-20,1.7100,1.7200,1.6800,1.6900,888300
MPHBCAP,2013-11-21,1.6900,1.6900,1.6800,1.6800,285100
MPHBCAP,2013-11-22,1.6900,1.7000,1.6800,1.6800,306400
MPHBCAP,2013-11-25,1.6800,1.6900,1.6800,1.6900,560500
MPHBCAP,2013-11-26,1.6800,1.7800,1.6800,1.7800,2347200
MPHBCAP,2013-11-27,1.7800,1.7800,1.7300,1.7500,1658100
MPHBCAP,2013-11-28,1.7300,1.7800,1.7300,1.7800,1972100
MPHBCAP,2013-11-29,1.7800,1.7800,1.7500,1.7700,552700
MPHBCAP,2013-12-02,1.7600,1.7700,1.7400,1.7400,380200
MPHBCAP,2013-12-03,1.7200,1.7400,1.7200,1.7200,300400
MPHBCAP,2013-12-04,1.7000,1.7100,1.7000,1.7100,479000
MPHBCAP,2013-12-05,1.7100,1.7200,1.7000,1.7000,525900
MPHBCAP,2013-12-06,1.7000,1.7300,1.7000,1.7200,579300
MPHBCAP,2013-12-09,1.7100,1.7300,1.7100,1.7300,240100
MPHBCAP,2013-12-10,1.7200,1.7300,1.7100,1.7200,542100
MPHBCAP,2013-12-11,1.7200,1.7400,1.7200,1.7200,360200
MPHBCAP,2013-12-12,1.7200,1.7200,1.7100,1.7100,510000
MPHBCAP,2013-12-13,1.7100,1.7200,1.7000,1.7000,727300
MPHBCAP,2013-12-16,1.7000,1.7100,1.7000,1.7100,398200
MPHBCAP,2013-12-17,1.7000,1.7200,1.7000,1.7100,232900
MPHBCAP,2013-12-18,1.7000,1.7100,1.7000,1.7100,267700
MPHBCAP,2013-12-19,1.7000,1.7100,1.7000,1.7000,250300
MPHBCAP,2013-12-20,1.7000,1.7300,1.7000,1.7100,425900
MPHBCAP,2013-12-23,1.7100,1.7100,1.6900,1.6900,155400
MPHBCAP,2013-12-24,1.6900,1.7000,1.6900,1.6900,110100
MPHBCAP,2013-12-26,1.6900,1.7000,1.6900,1.7000,101600
MPHBCAP,2013-12-27,1.7000,1.7000,1.6900,1.7000,212200
MPHBCAP,2013-12-30,1.7000,1.7000,1.6900,1.6900,224400
MPHBCAP,2013-12-31,1.7000,1.7000,1.6800,1.6800,547900
MPHBCAP,2014-01-02,1.6900,1.7000,1.6800,1.6900,372400
MPHBCAP,2014-01-03,1.7000,1.7000,1.6800,1.6800,66800
MPHBCAP,2014-01-06,1.6900,1.6900,1.6800,1.6800,315000
MPHBCAP,2014-01-07,1.6900,1.7300,1.6800,1.7200,1096600
MPHBCAP,2014-01-08,1.7200,1.7200,1.6900,1.6900,451800
MPHBCAP,2014-01-09,1.7000,1.7100,1.7000,1.7000,414600
MPHBCAP,2014-01-10,1.7000,1.7100,1.6900,1.6900,426600
MPHBCAP,2014-01-13,1.6900,1.7000,1.6800,1.7000,360700
MPHBCAP,2014-01-15,1.6900,1.7000,1.6800,1.6800,345900
MPHBCAP,2014-01-16,1.6900,1.6900,1.6600,1.6700,683700
MPHBCAP,2014-01-20,1.6600,1.6700,1.6400,1.6700,641300
MPHBCAP,2014-01-21,1.6700,1.6700,1.6600,1.6700,86800
MPHBCAP,2014-01-22,1.6800,1.6800,1.6600,1.6600,275500
MPHBCAP,2014-01-23,1.6800,1.7400,1.6800,1.7300,1750100
MPHBCAP,2014-01-24,1.7300,1.7900,1.7200,1.7300,2460600
MPHBCAP,2014-01-27,1.7300,1.7300,1.6900,1.7000,461500
MPHBCAP,2014-01-28,1.6700,1.6800,1.6600,1.6700,992700
MPHBCAP,2014-01-29,1.6800,1.6900,1.6800,1.6800,193200
MPHBCAP,2014-01-30,1.6800,1.6800,1.6700,1.6700,269600
MPHBCAP,2014-02-04,1.6500,1.6700,1.6500,1.6700,610900
MPHBCAP,2014-02-05,1.6700,1.6800,1.6600,1.6700,733200
MPHBCAP,2014-02-06,1.6600,1.7200,1.6500,1.7200,619600
MPHBCAP,2014-02-07,1.7200,1.7200,1.6900,1.7100,648700
MPHBCAP,2014-02-10,1.7200,1.7300,1.7100,1.7200,467600
MPHBCAP,2014-02-11,1.7300,1.7600,1.7200,1.7400,2318900
MPHBCAP,2014-02-12,1.7400,1.7400,1.7200,1.7200,486400
MPHBCAP,2014-02-13,1.7400,1.7400,1.7100,1.7300,683900
MPHBCAP,2014-02-14,1.7200,1.7400,1.7200,1.7400,655200
MPHBCAP,2014-02-17,1.7300,1.7300,1.7200,1.7300,643200
MPHBCAP,2014-02-18,1.7400,1.7800,1.7400,1.7800,2118500
MPHBCAP,2014-02-19,1.7900,1.8800,1.7800,1.8800,4186600
MPHBCAP,2014-02-20,1.8900,1.9400,1.8500,1.8700,2973700
MPHBCAP,2014-02-21,1.8900,1.9200,1.8700,1.9100,2003700
MPHBCAP,2014-02-24,1.9200,1.9300,1.8800,1.9000,1277900
MPHBCAP,2014-02-25,1.9100,1.9100,1.8800,1.8800,545200
MPHBCAP,2014-02-26,1.8700,1.8800,1.8500,1.8500,659400
MPHBCAP,2014-02-27,1.8700,1.8900,1.8500,1.8800,681300
MPHBCAP,2014-02-28,1.8800,1.9000,1.8600,1.8800,547600
MPHBCAP,2014-03-03,1.8600,1.8600,1.8100,1.8300,730400
MPHBCAP,2014-03-04,1.8200,1.8300,1.8100,1.8200,381700
MPHBCAP,2014-03-05,1.8200,1.8600,1.8200,1.8500,328800
MPHBCAP,2014-03-06,1.8400,1.8900,1.8400,1.8900,378100
MPHBCAP,2014-03-07,1.8900,1.8900,1.8700,1.8800,217400
MPHBCAP,2014-03-10,1.8600,1.8700,1.8300,1.8400,503700
MPHBCAP,2014-03-11,1.8400,1.8700,1.8400,1.8600,3575400
MPHBCAP,2014-03-12,1.8500,1.8600,1.8300,1.8400,3356400
MPHBCAP,2014-03-13,1.8400,1.8700,1.8300,1.8600,574500
MPHBCAP,2014-03-14,1.8600,1.8600,1.8300,1.8400,224300
MPHBCAP,2014-03-17,1.8400,1.8400,1.8100,1.8300,343900
MPHBCAP,2014-03-18,1.8300,1.8300,1.8100,1.8200,260500
MPHBCAP,2014-03-19,1.8100,1.8200,1.8000,1.8100,304400
MPHBCAP,2014-03-20,1.8200,1.8400,1.8200,1.8200,298200
MPHBCAP,2014-03-21,1.8100,1.8200,1.8000,1.8200,549000
MPHBCAP,2014-03-24,1.8200,1.8200,1.8000,1.8200,182200
MPHBCAP,2014-03-25,1.8200,1.8300,1.8200,1.8200,218900
MPHBCAP,2014-03-26,1.8200,1.8300,1.8100,1.8200,202500
MPHBCAP,2014-03-27,1.8100,1.8300,1.8100,1.8300,108700
MPHBCAP,2014-03-28,1.8300,1.8300,1.8200,1.8200,187100
MPHBCAP,2014-03-31,1.8200,1.8200,1.8000,1.8200,349300
MPHBCAP,2014-04-01,1.8100,1.8200,1.8100,1.8100,127300
MPHBCAP,2014-04-02,1.8200,1.8700,1.8200,1.8400,1234800
MPHBCAP,2014-04-03,1.8600,1.8900,1.8600,1.8800,576000
MPHBCAP,2014-04-04,1.8700,1.9200,1.8700,1.9100,2051800
MPHBCAP,2014-04-07,1.9300,1.9800,1.9200,1.9700,2163500
MPHBCAP,2014-04-08,1.9800,1.9800,1.9400,1.9500,606500
MPHBCAP,2014-04-09,1.9500,1.9700,1.9300,1.9300,627300
MPHBCAP,2014-04-10,1.9500,1.9700,1.9400,1.9500,344700
MPHBCAP,2014-04-11,1.9500,1.9500,1.9200,1.9200,417900
MPHBCAP,2014-04-14,1.9200,1.9400,1.9100,1.9400,2961700
MPHBCAP,2014-04-15,1.9400,2.0900,1.9000,1.9900,3858700
MPHBCAP,2014-04-16,2.0100,2.0100,1.9700,1.9800,3073500
MPHBCAP,2014-04-17,1.9900,2.0000,1.9800,1.9900,411700
MPHBCAP,2014-04-18,1.9900,1.9900,1.9600,1.9700,2914400
MPHBCAP,2014-04-21,1.9900,2.0100,1.9700,2.0000,501800
MPHBCAP,2014-04-22,2.0000,2.0000,1.9700,1.9800,468700
MPHBCAP,2014-04-23,1.9800,2.0000,1.9600,1.9900,744400
MPHBCAP,2014-04-24,1.9900,2.0000,1.9600,2.0000,600800
MPHBCAP,2014-04-25,2.0000,2.0100,1.9700,1.9700,720400
MPHBCAP,2014-04-28,2.0100,2.0100,1.9700,1.9800,835100
MPHBCAP,2014-04-29,1.9900,1.9900,1.9400,1.9600,923000
MPHBCAP,2014-04-30,1.9800,1.9800,1.9500,1.9500,150500
MPHBCAP,2014-05-02,1.9500,1.9800,1.9400,1.9700,253800
MPHBCAP,2014-05-05,1.9600,1.9900,1.9300,1.9300,430500
MPHBCAP,2014-05-06,1.9400,1.9500,1.9300,1.9400,188500
MPHBCAP,2014-05-07,1.9300,1.9500,1.9300,1.9400,91600
MPHBCAP,2014-05-08,1.9300,1.9400,1.9300,1.9400,110800
MPHBCAP,2014-05-09,1.9200,1.9400,1.8800,1.9200,2242700
MPHBCAP,2014-05-12,1.9300,1.9300,1.9100,1.9200,965200
MPHBCAP,2014-05-14,1.9300,1.9300,1.9200,1.9200,365100
MPHBCAP,2014-05-15,1.9200,1.9500,1.9200,1.9500,320700
MPHBCAP,2014-05-16,1.9800,2.0100,1.9600,1.9900,2813000
MPHBCAP,2014-05-19,1.9900,2.0300,1.9900,1.9900,1306800
MPHBCAP,2014-05-20,2.0000,2.0400,2.0000,2.0200,617700
MPHBCAP,2014-05-21,2.0200,2.0200,1.9700,1.9800,495700
MPHBCAP,2014-05-22,1.9700,1.9800,1.9400,1.9600,607400
MPHBCAP,2014-05-23,1.9800,2.0100,1.9600,1.9700,778700
MPHBCAP,2014-05-26,1.9900,2.0000,1.9400,1.9400,1811700
MPHBCAP,2014-05-27,1.9500,1.9900,1.9500,1.9900,391200
MPHBCAP,2014-05-28,1.9700,1.9900,1.9700,1.9900,431200
MPHBCAP,2014-05-29,1.9900,1.9900,1.9800,1.9900,189000
MPHBCAP,2014-05-30,1.9900,2.0500,1.9800,2.0500,754100
MPHBCAP,2014-06-02,2.0400,2.0500,2.0000,2.0300,379600
MPHBCAP,2014-06-03,2.0200,2.0300,2.0100,2.0200,150000
MPHBCAP,2014-06-04,2.0100,2.0300,2.0000,2.0300,134100
MPHBCAP,2014-06-05,2.0100,2.0200,2.0100,2.0100,46800
MPHBCAP,2014-06-06,2.0200,2.0200,1.9900,2.0000,380800
MPHBCAP,2014-06-09,2.0000,2.0100,1.9800,2.0100,141800
MPHBCAP,2014-06-10,2.0000,2.0000,1.9800,1.9900,193500
MPHBCAP,2014-06-11,1.9900,2.0000,1.9900,2.0000,260900
MPHBCAP,2014-06-12,1.9900,2.0000,1.9800,1.9900,240400
MPHBCAP,2014-06-13,1.9800,1.9900,1.9800,1.9900,43300
MPHBCAP,2014-06-16,1.9800,1.9900,1.9700,1.9900,166900
MPHBCAP,2014-06-17,1.9900,1.9900,1.9700,1.9900,216500
MPHBCAP,2014-06-18,1.9800,2.0000,1.9700,2.0000,638800
MPHBCAP,2014-06-19,2.0000,2.0000,1.9900,2.0000,282700
MPHBCAP,2014-06-20,1.9900,2.0000,1.9900,1.9900,608300
MPHBCAP,2014-06-23,2.0200,2.0600,2.0200,2.0500,1690800
MPHBCAP,2014-06-24,2.0500,2.0900,2.0300,2.0700,1303400
MPHBCAP,2014-06-25,2.0700,2.0800,2.0700,2.0800,957200
MPHBCAP,2014-06-26,2.0800,2.0800,2.0600,2.0600,288900
MPHBCAP,2014-06-27,2.0700,2.1100,2.0500,2.1000,1246200
MPHBCAP,2014-06-30,2.1100,2.1700,2.1100,2.1500,1431100
MPHBCAP,2014-07-01,2.1600,2.1800,2.1500,2.1600,575600
MPHBCAP,2014-07-02,2.1600,2.1800,2.1500,2.1700,463800
MPHBCAP,2014-07-03,2.1700,2.2200,2.1700,2.2100,1004900
MPHBCAP,2014-07-04,2.2000,2.2200,2.1900,2.2000,419500
MPHBCAP,2014-07-07,2.2100,2.2100,2.1700,2.1800,360700
MPHBCAP,2014-07-08,2.1800,2.3200,2.1800,2.3100,1797600
MPHBCAP,2014-07-09,2.2900,2.3400,2.2700,2.3000,1003200
MPHBCAP,2014-07-10,2.3000,2.3000,2.2500,2.2500,446800
MPHBCAP,2014-07-11,2.2400,2.3000,2.2400,2.3000,526500
MPHBCAP,2014-07-14,2.2600,2.2700,2.2200,2.2300,1604100
MPHBCAP,2014-07-16,2.2600,2.2900,2.2500,2.2800,352300
MPHBCAP,2014-07-17,2.2700,2.2800,2.2500,2.2500,274500
MPHBCAP,2014-07-18,2.2300,2.2800,2.2200,2.2500,689900
MPHBCAP,2014-07-21,2.2500,2.2500,2.2300,2.2300,389300
MPHBCAP,2014-07-22,2.2300,2.2400,2.2200,2.2400,316600
MPHBCAP,2014-07-23,2.2300,2.3000,2.2200,2.3000,489800
MPHBCAP,2014-07-24,2.3000,2.3900,2.2800,2.3500,2422700
MPHBCAP,2014-07-25,2.3500,2.6500,2.3300,2.6000,4777700
MPHBCAP,2014-07-30,2.5700,2.5900,2.4800,2.5100,1532800
MPHBCAP,2014-07-31,2.5000,2.5000,2.4400,2.4500,948500
MPHBCAP,2014-08-01,2.4300,2.4500,2.3700,2.4500,1399900
MPHBCAP,2014-08-04,2.4400,2.5200,2.4400,2.5000,843000
MPHBCAP,2014-08-05,2.4900,2.5000,2.4500,2.4600,270600
MPHBCAP,2014-08-06,2.4500,2.5000,2.4500,2.4900,389000
MPHBCAP,2014-08-07,2.4800,2.5200,2.4800,2.5200,332300
MPHBCAP,2014-08-08,2.5000,2.5000,2.4500,2.4900,699700
MPHBCAP,2014-08-11,2.4900,2.6200,2.4900,2.5800,1823500
MPHBCAP,2014-08-12,2.5900,2.6100,2.5500,2.5700,386800
MPHBCAP,2014-08-13,2.5700,2.5800,2.5500,2.5700,1188400
MPHBCAP,2014-08-14,2.5700,2.6100,2.5400,2.6100,898100
MPHBCAP,2014-08-15,2.6100,2.6100,2.5900,2.6000,391200
MPHBCAP,2014-08-18,2.6000,2.6100,2.5700,2.5700,232000
MPHBCAP,2014-08-19,2.5800,2.5800,2.5600,2.5700,150700
MPHBCAP,2014-08-20,2.5600,2.5800,2.5200,2.5500,340700
MPHBCAP,2014-08-21,2.5800,2.6500,2.5800,2.6000,1699900
MPHBCAP,2014-08-22,2.5900,2.6000,2.5600,2.5800,299400
MPHBCAP,2014-08-25,2.5900,2.6000,2.5800,2.5800,526100
MPHBCAP,2014-08-26,2.5800,2.6000,2.5800,2.5800,426200
MPHBCAP,2014-08-27,2.5700,2.6500,2.5700,2.6500,806500
MPHBCAP,2014-08-28,2.6400,2.6500,2.6200,2.6200,262800
MPHBCAP,2014-08-29,2.6300,2.6400,2.6000,2.6300,697500
MPHBCAP,2014-09-02,2.6200,2.6200,2.5500,2.5800,599900
MPHBCAP,2014-09-03,2.5700,2.5900,2.5700,2.5800,156300
MPHBCAP,2014-09-04,2.6000,2.6300,2.5600,2.6100,560500
MPHBCAP,2014-09-05,2.6200,2.6200,2.5900,2.6100,251600
MPHBCAP,2014-09-08,2.5800,2.6200,2.5800,2.6000,334400
MPHBCAP,2014-09-09,2.6200,2.6200,2.5800,2.5800,414600
MPHBCAP,2014-09-10,2.6000,2.6000,2.5800,2.5800,410900
MPHBCAP,2014-09-11,2.5700,2.6100,2.5700,2.6000,316900
MPHBCAP,2014-09-12,2.5900,2.6000,2.5900,2.5900,105600
MPHBCAP,2014-09-15,2.6000,2.6000,2.5800,2.6000,196800
MPHBCAP,2014-09-17,2.5800,2.6000,2.5800,2.6000,478700
MPHBCAP,2014-09-18,2.5900,2.6200,2.5600,2.6200,665800
MPHBCAP,2014-09-19,2.6100,2.7300,2.6000,2.7300,2499200
MPHBCAP,2014-09-22,2.7300,2.7400,2.6500,2.6700,284100
MPHBCAP,2014-09-23,2.6400,2.6600,2.5900,2.6100,665700
MPHBCAP,2014-09-24,2.6200,2.6500,2.5800,2.6500,163300
MPHBCAP,2014-09-25,2.6500,2.6500,2.5900,2.6400,447800
MPHBCAP,2014-09-26,2.6300,2.6300,2.5900,2.6300,536100
MPHBCAP,2014-09-29,2.6400,2.7000,2.5900,2.6800,1279600
MPHBCAP,2014-09-30,2.6800,2.6800,2.6100,2.6200,231800
MPHBCAP,2014-10-01,2.6200,2.6500,2.6100,2.6100,61600
MPHBCAP,2014-10-02,2.6000,2.6400,2.5000,2.5300,899300
MPHBCAP,2014-10-03,2.5200,2.5400,2.4600,2.4600,1392900
MPHBCAP,2014-10-07,2.4400,2.4500,2.3100,2.3300,2043400
MPHBCAP,2014-10-08,2.3000,2.3000,2.1900,2.2400,1866900
MPHBCAP,2014-10-09,2.2800,2.3200,2.2700,2.2900,1768500
MPHBCAP,2014-10-10,2.2700,2.2700,2.2200,2.2500,829500
MPHBCAP,2014-10-13,2.2400,2.2400,2.1800,2.1900,770100
MPHBCAP,2014-10-14,2.1600,2.2400,2.1000,2.2200,1210200
MPHBCAP,2014-10-15,2.2200,2.2500,2.2000,2.2000,909800
MPHBCAP,2014-10-16,2.1700,2.1800,2.1000,2.1300,1223600
MPHBCAP,2014-10-17,2.1600,2.2500,2.1600,2.2500,710900
MPHBCAP,2014-10-20,2.2500,2.2900,2.2300,2.2900,511600
MPHBCAP,2014-10-21,2.2900,2.2900,2.2500,2.2500,247500
MPHBCAP,2014-10-24,2.3300,2.5000,2.3300,2.4700,860800
MPHBCAP,2014-10-27,2.4700,2.4700,2.4000,2.4000,214900
MPHBCAP,2014-10-28,2.4000,2.4300,2.3700,2.4300,353100
MPHBCAP,2014-10-29,2.4500,2.4800,2.4000,2.4200,464000
MPHBCAP,2014-10-30,2.4500,2.4700,2.3600,2.3700,880200
MPHBCAP,2014-10-31,2.4400,2.4400,2.3700,2.4100,350700
MPHBCAP,2014-11-03,2.4200,2.4200,2.3800,2.3800,87600
MPHBCAP,2014-11-04,2.3800,2.4000,2.3600,2.3600,268800
MPHBCAP,2014-11-05,2.3500,2.3500,2.2800,2.3000,705000
MPHBCAP,2014-11-06,2.3900,2.4300,2.3400,2.3800,1095400
MPHBCAP,2014-11-07,2.3900,2.4500,2.3900,2.4200,431300
MPHBCAP,2014-11-10,2.4300,2.4600,2.4200,2.4200,694500
MPHBCAP,2014-11-11,2.4400,2.4400,2.3700,2.3700,202200
MPHBCAP,2014-11-12,2.3900,2.3900,2.3800,2.3800,90400
MPHBCAP,2014-11-13,2.3700,2.3900,2.3600,2.3600,65200
MPHBCAP,2014-11-14,2.3500,2.3900,2.3500,2.3500,74900
MPHBCAP,2014-11-17,2.3500,2.3700,2.3300,2.3400,74900
MPHBCAP,2014-11-18,2.3200,2.3800,2.3100,2.3800,275500
MPHBCAP,2014-11-19,2.3800,2.4000,2.3400,2.3400,179800
MPHBCAP,2014-11-20,2.3700,2.3800,2.3300,2.3300,153300
MPHBCAP,2014-11-21,2.3400,2.3500,2.3100,2.3400,58000
MPHBCAP,2014-11-24,2.3300,2.3300,2.3200,2.3300,55900
MPHBCAP,2014-11-25,2.3300,2.3500,2.3300,2.3500,322500
MPHBCAP,2014-11-26,2.3500,2.3700,2.3300,2.3700,361200
MPHBCAP,2014-11-27,2.3600,2.3700,2.3400,2.3700,308200
MPHBCAP,2014-11-28,2.3400,2.3800,2.2700,2.2700,952600
MPHBCAP,2014-12-01,2.3000,2.3000,2.1100,2.1500,616800
MPHBCAP,2014-12-02,2.1500,2.2100,2.1500,2.2000,437900
MPHBCAP,2014-12-03,2.2000,2.2000,2.1200,2.1400,202400
MPHBCAP,2014-12-04,2.1500,2.1500,2.1200,2.1300,394000
MPHBCAP,2014-12-05,2.1500,2.1700,2.1400,2.1700,196800
MPHBCAP,2014-12-08,2.1600,2.1700,2.1400,2.1400,181200
MPHBCAP,2014-12-09,2.1400,2.2100,2.1100,2.1700,577900
MPHBCAP,2014-12-10,2.1900,2.1900,2.1400,2.1400,175200
MPHBCAP,2014-12-11,2.1100,2.1700,2.1100,2.1500,175500
MPHBCAP,2014-12-12,2.1400,2.1400,2.0700,2.0700,223400
MPHBCAP,2014-12-15,2.0500,2.0500,1.9000,1.9000,1278500
MPHBCAP,2014-12-16,1.8900,1.8900,1.7800,1.8200,1526800
MPHBCAP,2014-12-17,1.8200,1.9400,1.8200,1.9400,1663100
MPHBCAP,2014-12-18,1.9500,2.0400,1.9500,2.0400,1104800
MPHBCAP,2014-12-19,2.1000,2.1300,2.0500,2.1200,1489700
MPHBCAP,2014-12-22,2.1400,2.1500,2.1000,2.1000,685700
MPHBCAP,2014-12-23,2.1100,2.1100,2.0400,2.0400,186800
MPHBCAP,2014-12-24,2.0000,2.0400,2.0000,2.0200,373600
MPHBCAP,2014-12-26,2.0300,2.0400,2.0000,2.0200,614900
MPHBCAP,2014-12-29,2.0200,2.0600,2.0200,2.0500,138000
MPHBCAP,2014-12-30,2.0400,2.0500,2.0100,2.0100,124400
MPHBCAP,2014-12-31,2.0400,2.1000,2.0400,2.0400,326400
MPHBCAP,2015-01-02,2.0900,2.0900,2.0300,2.0900,242900
MPHBCAP,2015-01-05,2.0500,2.0800,2.0200,2.0300,187500
MPHBCAP,2015-01-06,2.0100,2.0300,2.0100,2.0200,177900
MPHBCAP,2015-01-07,2.0000,2.0100,1.9800,2.0000,309800
MPHBCAP,2015-01-08,2.0200,2.0400,1.9800,2.0100,196300
MPHBCAP,2015-01-09,2.0400,2.0400,1.9800,2.0000,540000
MPHBCAP,2015-01-12,1.9900,2.0400,1.9900,2.0100,96500
MPHBCAP,2015-01-13,2.0000,2.0200,1.9700,1.9900,1136600
MPHBCAP,2015-01-14,1.9900,2.0000,1.9700,2.0000,301700
MPHBCAP,2015-01-15,2.0000,2.0200,1.9800,2.0200,3406000
MPHBCAP,2015-01-16,2.0200,2.1000,2.0200,2.1000,1255500
MPHBCAP,2015-01-19,2.1400,2.1700,2.0900,2.1300,623400
MPHBCAP,2015-01-20,2.1200,2.1200,2.0500,2.1000,220800
MPHBCAP,2015-01-21,2.1400,2.1500,2.0700,2.1500,366900
MPHBCAP,2015-01-22,2.1500,2.1500,2.1100,2.1300,164000
MPHBCAP,2015-01-23,2.1300,2.1800,2.1000,2.1500,542300
MPHBCAP,2015-01-26,2.1300,2.1400,2.0800,2.0800,329600
MPHBCAP,2015-01-27,2.0800,2.1200,2.0600,2.1000,270900
MPHBCAP,2015-01-28,2.1100,2.1200,2.0800,2.1100,144500
MPHBCAP,2015-01-29,2.1100,2.1100,2.0800,2.1000,324400
MPHBCAP,2015-01-30,2.1000,2.1400,2.0900,2.1400,331200
MPHBCAP,2015-02-04,2.1000,2.1300,2.1000,2.1100,54200
MPHBCAP,2015-02-05,2.1100,2.1200,2.1100,2.1200,70800
MPHBCAP,2015-02-06,2.1200,2.1300,2.1100,2.1300,179900
MPHBCAP,2015-02-09,2.1200,2.1200,2.1200,2.1200,27000
MPHBCAP,2015-02-10,2.1200,2.1300,2.1100,2.1300,140400
MPHBCAP,2015-02-11,2.1200,2.1200,2.1100,2.1200,176500
MPHBCAP,2015-02-12,2.1100,2.1200,2.0900,2.1000,187700
MPHBCAP,2015-02-13,2.1200,2.1300,2.1000,2.1200,222100
MPHBCAP,2015-02-16,2.1000,2.1100,2.0900,2.1100,247100
MPHBCAP,2015-02-17,2.1100,2.1300,2.1100,2.1300,313500
MPHBCAP,2015-02-18,2.1300,2.1400,2.1000,2.1200,34200
MPHBCAP,2015-02-23,2.1100,2.1400,2.1100,2.1200,137100
MPHBCAP,2015-02-24,2.1300,2.1300,2.1000,2.1000,119900
MPHBCAP,2015-02-25,2.1300,2.1300,2.1000,2.1200,123600
MPHBCAP,2015-02-26,2.1200,2.1200,2.1100,2.1200,36300
MPHBCAP,2015-02-27,2.1100,2.1200,2.0900,2.1100,45200
MPHBCAP,2015-03-02,2.0900,2.1000,2.0700,2.1000,234200
MPHBCAP,2015-03-03,2.1000,2.1100,2.0900,2.1000,65500
MPHBCAP,2015-03-04,2.1000,2.1000,2.0900,2.0900,23300
MPHBCAP,2015-03-05,2.0900,2.0900,2.0800,2.0800,109900
MPHBCAP,2015-03-06,2.0800,2.1000,2.0800,2.0900,46700
MPHBCAP,2015-03-09,2.0800,2.0900,2.0600,2.0700,48300
MPHBCAP,2015-03-10,2.0700,2.0700,2.0400,2.0500,106800
MPHBCAP,2015-03-11,2.0400,2.0700,2.0400,2.0600,84900
MPHBCAP,2015-03-12,2.0600,2.0700,2.0300,2.0500,103300
MPHBCAP,2015-03-13,2.0500,2.0500,2.0300,2.0400,144100
MPHBCAP,2015-03-16,2.0400,2.0400,1.9900,2.0000,306300
MPHBCAP,2015-03-17,2.0200,2.0300,2.0000,2.0100,245400
MPHBCAP,2015-03-18,2.0100,2.0200,1.9900,2.0100,309400
MPHBCAP,2015-03-19,2.0100,2.0200,2.0000,2.0000,73400
MPHBCAP,2015-03-20,2.0100,2.0100,2.0000,2.0100,97600
MPHBCAP,2015-03-23,2.0100,2.0100,1.9900,2.0000,139200
MPHBCAP,2015-03-24,2.0000,2.0000,1.9500,1.9500,807500
MPHBCAP,2015-03-25,1.9800,1.9900,1.9600,1.9800,411500
MPHBCAP,2015-03-26,1.9800,2.0000,1.9700,1.9800,240900
MPHBCAP,2015-03-27,1.9800,1.9800,1.9500,1.9600,254800
MPHBCAP,2015-03-30,1.9600,1.9700,1.9100,1.9200,371300
MPHBCAP,2015-03-31,1.9400,1.9600,1.9200,1.9600,219800
MPHBCAP,2015-04-01,1.9200,1.9500,1.9000,1.9000,274300
MPHBCAP,2015-04-02,1.8900,1.9000,1.8600,1.8700,452700
MPHBCAP,2015-04-03,1.8800,1.9000,1.8800,1.9000,205300
MPHBCAP,2015-04-06,1.8900,1.9500,1.8800,1.9100,217000
MPHBCAP,2015-04-07,1.9000,1.9300,1.8700,1.8800,338000
MPHBCAP,2015-04-08,1.8800,1.8900,1.8800,1.8900,138400
MPHBCAP,2015-04-09,1.8900,1.9000,1.8800,1.9000,204000
MPHBCAP,2015-04-10,1.9000,1.9000,1.8900,1.8900,274400
MPHBCAP,2015-04-13,1.8900,1.8900,1.8800,1.8800,202300
MPHBCAP,2015-04-14,1.9000,1.9000,1.8800,1.8900,188400
MPHBCAP,2015-04-15,1.8900,1.9600,1.8900,1.9200,576100
MPHBCAP,2015-04-16,1.9500,1.9900,1.9300,1.9700,380200
MPHBCAP,2015-04-17,1.9700,1.9800,1.9300,1.9300,212800
MPHBCAP,2015-04-20,1.9300,1.9700,1.9200,1.9600,599500
MPHBCAP,2015-04-21,1.9600,1.9700,1.9400,1.9500,348100
MPHBCAP,2015-04-22,1.9400,1.9700,1.9300,1.9500,230100
MPHBCAP,2015-04-23,1.9500,1.9500,1.9200,1.9400,493700
MPHBCAP,2015-04-24,1.9200,1.9500,1.9200,1.9500,183900
MPHBCAP,2015-04-27,1.9400,1.9500,1.9200,1.9300,151900
MPHBCAP,2015-04-28,1.9400,1.9400,1.8800,1.8900,326400
MPHBCAP,2015-04-29,1.8900,1.9100,1.8800,1.9100,164600
MPHBCAP,2015-04-30,1.9100,1.9200,1.8900,1.9000,62300
MPHBCAP,2015-05-05,1.9400,1.9400,1.9100,1.9100,195300
MPHBCAP,2015-05-06,1.9100,1.9200,1.9100,1.9200,95600
MPHBCAP,2015-05-07,1.9100,1.9200,1.9100,1.9200,42000
MPHBCAP,2015-05-08,1.9300,1.9500,1.9200,1.9300,342900
MPHBCAP,2015-05-11,1.9400,1.9400,1.9200,1.9200,196100
MPHBCAP,2015-05-12,1.9300,1.9300,1.9000,1.9000,125000
MPHBCAP,2015-05-13,1.9100,1.9200,1.9100,1.9100,70900
MPHBCAP,2015-05-14,1.9100,1.9200,1.9100,1.9200,143300
MPHBCAP,2015-05-15,1.9100,1.9200,1.9100,1.9200,55000
MPHBCAP,2015-05-18,1.9100,1.9500,1.9100,1.9200,119900
MPHBCAP,2015-05-19,1.9200,1.9300,1.9100,1.9300,82300
MPHBCAP,2015-05-20,1.9300,1.9300,1.9100,1.9200,113200
MPHBCAP,2015-05-21,1.9300,1.9300,1.9000,1.9000,139400
MPHBCAP,2015-05-25,1.8800,1.8900,1.8400,1.8600,228600
MPHBCAP,2015-05-26,1.8500,1.8800,1.8500,1.8600,174900
MPHBCAP,2015-05-28,1.8500,1.8600,1.8500,1.8500,70900
MPHBCAP,2015-05-29,1.8400,1.8500,1.8000,1.8300,427400
MPHBCAP,2015-06-01,1.8300,1.8300,1.8200,1.8300,143200
MPHBCAP,2015-06-02,1.8300,1.8800,1.8300,1.8800,218500
MPHBCAP,2015-06-03,1.8800,1.8800,1.8500,1.8700,78400
MPHBCAP,2015-06-04,1.8800,1.9500,1.8700,1.9200,688600
MPHBCAP,2015-06-05,1.9400,1.9400,1.9000,1.9100,117500
MPHBCAP,2015-06-08,1.9200,1.9200,1.8600,1.8800,106800
MPHBCAP,2015-06-09,1.8800,1.8800,1.8400,1.8500,75000
MPHBCAP,2015-06-11,1.8500,1.8600,1.8400,1.8400,51500
MPHBCAP,2015-06-12,1.8600,1.8600,1.8300,1.8500,70500
MPHBCAP,2015-06-19,1.7900,1.8000,1.7900,1.7900,98000
MPHBCAP,2015-06-29,1.7200,1.7400,1.6900,1.7100,222000
MPHBCAP,2015-07-02,1.7800,1.8100,1.7300,1.8000,946600
MPHBCAP,2015-07-06,1.7700,1.7700,1.7300,1.7400,275200
MPHBCAP,2015-07-07,1.7200,1.7500,1.7100,1.7300,69900
MPHBCAP,2015-07-08,1.7400,1.7400,1.6600,1.6800,203200
MPHBCAP,2015-07-09,1.7100,1.7100,1.6600,1.7100,102400
MPHBCAP,2015-07-10,1.7200,1.7300,1.7000,1.7300,212100
MPHBCAP,2015-07-13,1.7500,1.7500,1.7100,1.7300,57700
MPHBCAP,2015-07-14,1.7300,1.7400,1.7200,1.7400,108500
MPHBCAP,2015-07-15,1.7400,1.7500,1.7100,1.7300,93400
MPHBCAP,2015-07-16,1.7400,1.7400,1.7400,1.7400,1500
MPHBCAP,2015-07-20,1.7200,1.7400,1.7200,1.7400,51700
MPHBCAP,2015-07-21,1.7400,1.7800,1.7400,1.7800,135500
MPHBCAP,2015-07-22,1.7800,1.8000,1.7800,1.7900,117500
MPHBCAP,2015-07-23,1.7700,1.8000,1.7300,1.8000,144100
MPHBCAP,2015-07-24,1.7900,1.8000,1.7600,1.8000,43600
MPHBCAP,2015-07-27,1.7800,1.7800,1.7500,1.7500,57100
MPHBCAP,2015-07-28,1.7400,1.7800,1.7300,1.7700,197800
MPHBCAP,2015-07-29,1.7500,1.7600,1.7300,1.7400,1253400
MPHBCAP,2015-07-30,1.7400,1.7500,1.7400,1.7400,20500
MPHBCAP,2015-07-31,1.7400,1.7600,1.7300,1.7600,74300
MPHBCAP,2015-08-03,1.7500,1.7700,1.7300,1.7400,167300
MPHBCAP,2015-08-04,1.7500,1.7500,1.7200,1.7400,80100
MPHBCAP,2015-08-05,1.7300,1.7300,1.7200,1.7300,65800
MPHBCAP,2015-08-06,1.7200,1.7400,1.7100,1.7200,117900
MPHBCAP,2015-08-07,1.7100,1.7100,1.7000,1.7000,90700
MPHBCAP,2015-08-12,1.6100,1.6100,1.5300,1.5400,449800
MPHBCAP,2015-08-13,1.5200,1.5900,1.5200,1.5800,226300
MPHBCAP,2015-08-14,1.5400,1.5600,1.5100,1.5300,151600
MPHBCAP,2015-08-17,1.5200,1.5400,1.4900,1.5400,205600
MPHBCAP,2015-08-18,1.5000,1.5400,1.5000,1.5100,143000
MPHBCAP,2015-08-19,1.5000,1.5700,1.5000,1.5700,551700
MPHBCAP,2015-08-20,1.5200,1.5400,1.5000,1.5300,234600
MPHBCAP,2015-08-21,1.5300,1.5300,1.4900,1.5300,159000
MPHBCAP,2015-08-24,1.5000,1.5000,1.3600,1.3600,424200
MPHBCAP,2015-08-25,1.3000,1.3700,1.3000,1.3400,286700
MPHBCAP,2015-08-26,1.3400,1.3900,1.3300,1.3600,373400
MPHBCAP,2015-08-27,1.3600,1.4100,1.3600,1.3800,664100
MPHBCAP,2015-08-28,1.3800,1.4000,1.3700,1.3800,280600
MPHBCAP,2015-09-01,1.3700,1.3900,1.3400,1.3400,374700
MPHBCAP,2015-09-02,1.3300,1.3400,1.2900,1.3400,354000
MPHBCAP,2015-09-03,1.3800,1.3900,1.3800,1.3900,52900
MPHBCAP,2015-09-04,1.3900,1.4100,1.3900,1.4000,300900
MPHBCAP,2015-09-07,1.3600,1.4000,1.3600,1.3700,64300
MPHBCAP,2015-09-08,1.3700,1.4200,1.3600,1.4100,57800
MPHBCAP,2015-09-09,1.4100,1.4500,1.4100,1.4500,106300
MPHBCAP,2015-09-10,1.4500,1.5000,1.4300,1.4900,152600
MPHBCAP,2015-09-11,1.4500,1.4900,1.4500,1.4800,66700
MPHBCAP,2015-09-14,1.4500,1.5000,1.4500,1.5000,136800
MPHBCAP,2015-09-15,1.4600,1.4900,1.4500,1.4600,131400
MPHBCAP,2015-09-17,1.4700,1.5100,1.4700,1.4700,388600
MPHBCAP,2015-09-18,1.4700,1.5100,1.4700,1.5100,189900
MPHBCAP,2015-09-21,1.4900,1.5100,1.4800,1.4800,62700
MPHBCAP,2015-09-22,1.4700,1.4900,1.4500,1.4500,279700
MPHBCAP,2015-09-23,1.4300,1.4700,1.4300,1.4400,132400
MPHBCAP,2015-09-25,1.4300,1.4400,1.4200,1.4400,135500
MPHBCAP,2015-09-28,1.4400,1.4400,1.4100,1.4300,79500
MPHBCAP,2015-09-29,1.4100,1.4100,1.4100,1.4100,38700
MPHBCAP,2015-09-30,1.4100,1.4500,1.4100,1.4300,51400
MPHBCAP,2015-10-01,1.4500,1.4500,1.4500,1.4500,16300
MPHBCAP,2015-10-02,1.4300,1.4500,1.4300,1.4500,22000
MPHBCAP,2015-10-05,1.4500,1.4500,1.4400,1.4400,22500
MPHBCAP,2015-10-06,1.4400,1.4500,1.4300,1.4400,334800
MPHBCAP,2015-10-07,1.4400,1.5100,1.4400,1.5100,590500
MPHBCAP,2015-10-08,1.5300,1.5500,1.4700,1.4700,400500
MPHBCAP,2015-10-09,1.5000,1.5000,1.4900,1.4900,139400
MPHBCAP,2015-10-12,1.5000,1.5300,1.5000,1.5300,274600
MPHBCAP,2015-10-13,1.5300,1.5400,1.5300,1.5400,74600
MPHBCAP,2015-10-15,1.5400,1.5400,1.5100,1.5100,414500
MPHBCAP,2015-10-16,1.5300,1.5400,1.5200,1.5300,148700
MPHBCAP,2015-10-19,1.5300,1.5300,1.5200,1.5300,249000
MPHBCAP,2015-10-20,1.5300,1.5300,1.5200,1.5200,151000
MPHBCAP,2015-10-21,1.5200,1.5500,1.5200,1.5500,71000
MPHBCAP,2015-10-22,1.5500,1.5500,1.5200,1.5200,139200
MPHBCAP,2015-10-23,1.5300,1.5700,1.5300,1.5700,94300
MPHBCAP,2015-10-26,1.5700,1.6500,1.5500,1.6500,579900
MPHBCAP,2015-10-27,1.6500,1.6500,1.5800,1.5900,147100
MPHBCAP,2015-10-28,1.5700,1.6100,1.5700,1.6100,138700
MPHBCAP,2015-10-29,1.6000,1.6000,1.5800,1.6000,283900
MPHBCAP,2015-10-30,1.5900,1.6000,1.5800,1.5800,151000
MPHBCAP,2015-11-02,1.6000,1.6000,1.5700,1.6000,229400
MPHBCAP,2015-11-03,1.6000,1.6000,1.5900,1.6000,117000
MPHBCAP,2015-11-04,1.6000,1.6100,1.5900,1.6000,209600
MPHBCAP,2015-11-05,1.5900,1.6000,1.5800,1.6000,99100
MPHBCAP,2015-11-06,1.6000,1.6500,1.5900,1.6300,325100
MPHBCAP,2015-11-09,1.6300,1.6300,1.6100,1.6300,70000
MPHBCAP,2015-11-11,1.6100,1.6200,1.6000,1.6000,141300
MPHBCAP,2015-11-12,1.6000,1.6400,1.6000,1.6100,178200
MPHBCAP,2015-11-13,1.6000,1.6200,1.5800,1.5800,354800
MPHBCAP,2015-11-16,1.5800,1.5900,1.5500,1.5500,158900
MPHBCAP,2015-11-17,1.5500,1.5500,1.5200,1.5300,441100
MPHBCAP,2015-11-18,1.5300,1.5400,1.5100,1.5300,145700
MPHBCAP,2015-11-19,1.5300,1.5900,1.5300,1.5800,477400
MPHBCAP,2015-11-20,1.5700,1.5800,1.5500,1.5700,103700
MPHBCAP,2015-11-23,1.5800,1.5900,1.5500,1.5600,89800
MPHBCAP,2015-11-24,1.5600,1.5900,1.5400,1.5400,69700
MPHBCAP,2015-11-25,1.5500,1.5600,1.5300,1.5300,106800
MPHBCAP,2015-11-26,1.5300,1.5900,1.5300,1.5400,70100
MPHBCAP,2015-11-27,1.5300,1.5500,1.5300,1.5300,102800
MPHBCAP,2015-11-30,1.5300,1.5300,1.5100,1.5100,120500
MPHBCAP,2015-12-01,1.5100,1.5400,1.5100,1.5400,147900
MPHBCAP,2015-12-02,1.5300,1.5700,1.5300,1.5600,89500
MPHBCAP,2015-12-03,1.5600,1.5800,1.5300,1.5800,36600
MPHBCAP,2015-12-04,1.5500,1.6000,1.5500,1.5800,158200
MPHBCAP,2015-12-07,1.5800,1.6000,1.5600,1.5600,74200
MPHBCAP,2015-12-08,1.5600,1.5700,1.5500,1.5700,109200
MPHBCAP,2015-12-09,1.5400,1.5600,1.5300,1.5600,40700
MPHBCAP,2015-12-10,1.5700,1.5900,1.5400,1.5400,60800
MPHBCAP,2015-12-11,1.5300,1.5700,1.5300,1.5400,90600
MPHBCAP,2015-12-14,1.5300,1.5500,1.5300,1.5400,147900
MPHBCAP,2015-12-15,1.5300,1.5700,1.5300,1.5300,116900
MPHBCAP,2015-12-16,1.5200,1.5600,1.5200,1.5600,4700
MPHBCAP,2015-12-17,1.5600,1.5600,1.5300,1.5400,41400
MPHBCAP,2015-12-18,1.5500,1.5500,1.5100,1.5100,409100
MPHBCAP,2015-12-21,1.5300,1.5600,1.5100,1.5500,43200
MPHBCAP,2015-12-22,1.5500,1.5700,1.5500,1.5600,388700
MPHBCAP,2015-12-23,1.5600,1.5700,1.5500,1.5700,122600
MPHBCAP,2015-12-28,1.5600,1.5800,1.5400,1.5800,144500
MPHBCAP,2015-12-29,1.5700,1.5800,1.5700,1.5700,114700
MPHBCAP,2015-12-30,1.5700,1.5900,1.5700,1.5900,103800
MPHBCAP,2015-12-31,1.5700,1.5900,1.5700,1.5900,97000
MPHBCAP,2016-01-04,1.5700,1.5900,1.5700,1.5900,76800
MPHBCAP,2016-01-05,1.5700,1.5900,1.5400,1.5400,105200
MPHBCAP,2016-01-06,1.5400,1.5800,1.5400,1.5700,102200
MPHBCAP,2016-01-07,1.5500,1.5700,1.5500,1.5700,82000
MPHBCAP,2016-01-08,1.5500,1.5700,1.5400,1.5500,60400
MPHBCAP,2016-01-11,1.5500,1.5500,1.4800,1.4900,316900
MPHBCAP,2016-01-12,1.5000,1.5300,1.5000,1.5300,77000
MPHBCAP,2016-01-13,1.5200,1.5300,1.5100,1.5100,24200
MPHBCAP,2016-01-14,1.5000,1.5100,1.4900,1.5000,106300
MPHBCAP,2016-01-15,1.5000,1.5300,1.5000,1.5000,23000
MPHBCAP,2016-01-18,1.4600,1.4800,1.4600,1.4800,45300
MPHBCAP,2016-01-19,1.4600,1.5000,1.4500,1.5000,78600
MPHBCAP,2016-01-20,1.5300,1.5300,1.4600,1.4700,17100
MPHBCAP,2016-01-21,1.4900,1.4900,1.3700,1.3800,477600
MPHBCAP,2016-01-22,1.3900,1.4200,1.3900,1.4200,183400
MPHBCAP,2016-01-26,1.4100,1.4300,1.3600,1.3700,480200
MPHBCAP,2016-01-27,1.3800,1.4200,1.3800,1.4200,218000
MPHBCAP,2016-01-28,1.4200,1.4300,1.4000,1.4100,229600
MPHBCAP,2016-01-29,1.4400,1.4800,1.4400,1.4500,241400
MPHBCAP,2016-02-02,1.4700,1.5500,1.4700,1.5500,562200
MPHBCAP,2016-02-03,1.5500,1.5600,1.5000,1.5400,316100
MPHBCAP,2016-02-04,1.5400,1.5500,1.5300,1.5500,72600
MPHBCAP,2016-02-05,1.5500,1.5600,1.5300,1.5500,160000
MPHBCAP,2016-02-10,1.5200,1.5500,1.5200,1.5500,19300
MPHBCAP,2016-02-11,1.5300,1.5300,1.5100,1.5200,21100
MPHBCAP,2016-02-12,1.5300,1.5400,1.5000,1.5300,163500
MPHBCAP,2016-02-15,1.5000,1.5600,1.5000,1.5400,140000
MPHBCAP,2016-02-16,1.5400,1.5400,1.4900,1.4900,120400
MPHBCAP,2016-02-17,1.5000,1.5400,1.5000,1.5400,58300
MPHBCAP,2016-02-18,1.5400,1.5400,1.5100,1.5200,131100
MPHBCAP,2016-02-19,1.5300,1.5300,1.5100,1.5100,25700
MPHBCAP,2016-02-22,1.5100,1.5200,1.5000,1.5200,69600
MPHBCAP,2016-02-23,1.5200,1.5600,1.5200,1.5400,375200
MPHBCAP,2016-02-24,1.5200,1.5400,1.5100,1.5200,31800
MPHBCAP,2016-02-25,1.5100,1.5200,1.4900,1.5000,182900
MPHBCAP,2016-02-26,1.5100,1.5400,1.4700,1.4700,503400
MPHBCAP,2016-02-29,1.4700,1.5100,1.4500,1.4700,205300
MPHBCAP,2016-03-01,1.4700,1.5200,1.4500,1.5200,115900
MPHBCAP,2016-03-02,1.5200,1.5200,1.5000,1.5000,63000
MPHBCAP,2016-03-03,1.5000,1.5000,1.4500,1.4500,339200
MPHBCAP,2016-03-04,1.4600,1.4700,1.4400,1.4500,397700
MPHBCAP,2016-03-07,1.4600,1.4700,1.4000,1.4100,759000
MPHBCAP,2016-03-08,1.4100,1.4400,1.3900,1.4000,376700
MPHBCAP,2016-03-09,1.4100,1.4200,1.4000,1.4100,194700
MPHBCAP,2016-03-10,1.4000,1.4400,1.4000,1.4000,1198800
MPHBCAP,2016-03-11,1.4100,1.4400,1.4100,1.4300,947900
MPHBCAP,2016-03-14,1.4500,1.4600,1.4000,1.4000,504600
MPHBCAP,2016-03-15,1.4200,1.4200,1.4000,1.4100,188000
MPHBCAP,2016-03-16,1.4200,1.4300,1.4000,1.4100,332200
MPHBCAP,2016-03-17,1.4100,1.4600,1.4100,1.4500,629100
MPHBCAP,2016-03-18,1.4500,1.4500,1.4200,1.4300,4892900
MPHBCAP,2016-03-21,1.4400,1.4800,1.4400,1.4700,1079800
MPHBCAP,2016-03-22,1.4800,1.5000,1.4700,1.4700,719200
MPHBCAP,2016-03-23,1.4900,1.5200,1.4800,1.5000,603000
MPHBCAP,2016-03-24,1.5000,1.5300,1.4900,1.5000,1388600
MPHBCAP,2016-03-25,1.5000,1.5100,1.4800,1.4900,185800
MPHBCAP,2016-03-28,1.5000,1.5000,1.4800,1.4900,89600
MPHBCAP,2016-03-29,1.4900,1.5300,1.4800,1.4800,419700
MPHBCAP,2016-03-30,1.4800,1.5100,1.4600,1.5100,98800
MPHBCAP,2016-03-31,1.4900,1.5000,1.4800,1.4800,144800
MPHBCAP,2016-04-01,1.4800,1.4900,1.4700,1.4700,412300
MPHBCAP,2016-04-04,1.5100,1.5100,1.4700,1.4900,130800
MPHBCAP,2016-04-05,1.4900,1.5100,1.4700,1.4800,320300
MPHBCAP,2016-04-06,1.4700,1.4700,1.4400,1.4500,381500
MPHBCAP,2016-04-07,1.4500,1.4800,1.4400,1.4600,848700
MPHBCAP,2016-04-08,1.4700,1.4900,1.4600,1.4900,380300
MPHBCAP,2016-04-11,1.4700,1.5100,1.4700,1.4800,517900
MPHBCAP,2016-04-12,1.4800,1.5100,1.4700,1.5100,103200
MPHBCAP,2016-04-13,1.5000,1.5100,1.4900,1.4900,249800
MPHBCAP,2016-04-14,1.4900,1.5000,1.4600,1.4800,636600
MPHBCAP,2016-04-15,1.4900,1.4900,1.4600,1.4800,97800
MPHBCAP,2016-04-18,1.4800,1.4800,1.4600,1.4600,171300
MPHBCAP,2016-04-19,1.4800,1.4800,1.4400,1.4500,360800
MPHBCAP,2016-04-20,1.4800,1.4800,1.4500,1.4500,101000
MPHBCAP,2016-04-21,1.4600,1.4600,1.4400,1.4500,156100
MPHBCAP,2016-04-22,1.4400,1.4600,1.4400,1.4600,52400
MPHBCAP,2016-04-25,1.4500,1.4500,1.4400,1.4400,129000
MPHBCAP,2016-04-26,1.4400,1.4500,1.4200,1.4300,129500
MPHBCAP,2016-04-27,1.4200,1.4300,1.4200,1.4300,84300
MPHBCAP,2016-04-28,1.4300,1.4400,1.4200,1.4200,664800
MPHBCAP,2016-04-29,1.4200,1.4400,1.4200,1.4400,43300
MPHBCAP,2016-05-03,1.4500,1.4700,1.4500,1.4500,247500
MPHBCAP,2016-05-04,1.4600,1.4600,1.4400,1.4600,550700
MPHBCAP,2016-05-05,1.4500,1.4700,1.4300,1.4400,68600
MPHBCAP,2016-05-06,1.4500,1.4500,1.4300,1.4300,33100
MPHBCAP,2016-05-09,1.4300,1.4500,1.4300,1.4300,47200
MPHBCAP,2016-05-10,1.4300,1.4400,1.4300,1.4400,46700
MPHBCAP,2016-05-11,1.4400,1.4600,1.4300,1.4600,62300
MPHBCAP,2016-05-12,1.4500,1.4600,1.4300,1.4400,70800
MPHBCAP,2016-05-13,1.4400,1.4500,1.4200,1.4500,149500
MPHBCAP,2016-05-16,1.4200,1.4300,1.4100,1.4300,85800
MPHBCAP,2016-05-17,1.4200,1.4400,1.4200,1.4300,151800
MPHBCAP,2016-05-18,1.4200,1.4500,1.4100,1.4200,155300
MPHBCAP,2016-05-19,1.4300,1.4400,1.4100,1.4100,16200
MPHBCAP,2016-05-20,1.4200,1.4300,1.4200,1.4200,15200
MPHBCAP,2016-05-23,1.4200,1.4300,1.4100,1.4100,59500
MPHBCAP,2016-05-24,1.4100,1.4400,1.4000,1.4100,29700
MPHBCAP,2016-05-25,1.4100,1.4100,1.3800,1.4000,292100
MPHBCAP,2016-05-26,1.4000,1.4000,1.3900,1.3900,92100
MPHBCAP,2016-05-27,1.3900,1.4000,1.3800,1.3900,135500
MPHBCAP,2016-05-30,1.4500,1.4500,1.3900,1.4000,66100
MPHBCAP,2016-05-31,1.4300,1.4300,1.3800,1.4100,143900
MPHBCAP,2016-06-01,1.4100,1.4200,1.3900,1.4000,108900
MPHBCAP,2016-06-02,1.4200,1.4200,1.3800,1.3800,36000
MPHBCAP,2016-06-03,1.3900,1.4000,1.3800,1.3800,130500
MPHBCAP,2016-06-06,1.3800,1.4000,1.3600,1.3800,178500
MPHBCAP,2016-06-07,1.3800,1.4100,1.3600,1.3800,106000
MPHBCAP,2016-06-08,1.3800,1.4100,1.3800,1.4100,191100
MPHBCAP,2016-06-09,1.4000,1.4000,1.3800,1.3800,105700
MPHBCAP,2016-06-10,1.3700,1.3800,1.3600,1.3700,154700
MPHBCAP,2016-06-13,1.3700,1.3700,1.3600,1.3600,114600
MPHBCAP,2016-06-14,1.3500,1.3600,1.3500,1.3500,57400
MPHBCAP,2016-06-15,1.3600,1.3700,1.3600,1.3600,85000
MPHBCAP,2016-06-16,1.3600,1.3600,1.3500,1.3500,50000
MPHBCAP,2016-06-17,1.3500,1.3500,1.3200,1.3200,104400
MPHBCAP,2016-06-20,1.3400,1.3800,1.3300,1.3800,45500
MPHBCAP,2016-06-21,1.3600,1.3800,1.3600,1.3600,44800
MPHBCAP,2016-06-23,1.3500,1.4000,1.3500,1.3600,39100
MPHBCAP,2016-06-24,1.3600,1.3600,1.3100,1.3500,132100
MPHBCAP,2016-06-27,1.3300,1.3300,1.3300,1.3300,32800
MPHBCAP,2016-06-28,1.3300,1.3400,1.3200,1.3300,59900
MPHBCAP,2016-06-29,1.3500,1.3500,1.3400,1.3400,31900
MPHBCAP,2016-06-30,1.3400,1.3500,1.3200,1.3300,93600
MPHBCAP,2016-07-01,1.3400,1.3500,1.3200,1.3400,52300
MPHBCAP,2016-07-04,1.3300,1.3500,1.3200,1.3400,31000
MPHBCAP,2016-07-05,1.3400,1.3900,1.3200,1.3900,128000
MPHBCAP,2016-07-08,1.3600,1.3800,1.3600,1.3700,35900
MPHBCAP,2016-07-11,1.3600,1.3700,1.3500,1.3700,18000
MPHBCAP,2016-07-12,1.3500,1.3700,1.3400,1.3500,54800
MPHBCAP,2016-07-13,1.3500,1.3700,1.3300,1.3700,249900
MPHBCAP,2016-07-14,1.3500,1.3900,1.3500,1.3900,33200
MPHBCAP,2016-07-15,1.3800,1.3800,1.3700,1.3700,77000
MPHBCAP,2016-07-18,1.3700,1.3800,1.3600,1.3600,197800
MPHBCAP,2016-07-19,1.3600,1.3600,1.3400,1.3400,206300
MPHBCAP,2016-07-20,1.3400,1.3600,1.3400,1.3500,105000
MPHBCAP,2016-07-21,1.3500,1.3500,1.3400,1.3400,62700
MPHBCAP,2016-07-22,1.3600,1.3700,1.3500,1.3500,84400
MPHBCAP,2016-07-25,1.3500,1.3600,1.3400,1.3400,113000
MPHBCAP,2016-07-26,1.3500,1.3600,1.3400,1.3500,78300
MPHBCAP,2016-07-27,1.3500,1.3600,1.3300,1.3600,96400
MPHBCAP,2016-07-28,1.3400,1.3600,1.3300,1.3300,76100
MPHBCAP,2016-07-29,1.3500,1.3800,1.3500,1.3700,40400
MPHBCAP,2016-08-01,1.3500,1.3500,1.3200,1.3400,214200
MPHBCAP,2016-08-02,1.3400,1.3400,1.3200,1.3200,103400
MPHBCAP,2016-08-03,1.3400,1.3500,1.3100,1.3200,113100
MPHBCAP,2016-08-04,1.3200,1.3400,1.3200,1.3300,150400
MPHBCAP,2016-08-05,1.3500,1.3800,1.3300,1.3500,315600
MPHBCAP,2016-08-08,1.3700,1.3700,1.3600,1.3600,59400
MPHBCAP,2016-08-09,1.3700,1.4500,1.3700,1.3900,1589600
MPHBCAP,2016-08-10,1.4300,1.4700,1.4000,1.4600,485600
MPHBCAP,2016-08-11,1.4600,1.4600,1.4100,1.4300,669200
MPHBCAP,2016-08-12,1.4300,1.4300,1.4000,1.4000,721800
MPHBCAP,2016-08-15,1.4200,1.4200,1.4000,1.4000,65600
MPHBCAP,2016-08-16,1.4000,1.4200,1.3900,1.4000,462000
MPHBCAP,2016-08-17,1.3900,1.4300,1.3800,1.4300,36800
MPHBCAP,2016-08-18,1.4000,1.4300,1.3900,1.4000,112000
MPHBCAP,2016-08-19,1.4000,1.4000,1.3800,1.3900,52900
MPHBCAP,2016-08-22,1.3800,1.4100,1.3800,1.4100,116400
MPHBCAP,2016-08-23,1.4000,1.4000,1.3800,1.3800,85400
MPHBCAP,2016-08-24,1.3800,1.3800,1.3700,1.3800,344300
MPHBCAP,2016-08-25,1.3800,1.4600,1.3700,1.3900,274500
MPHBCAP,2016-08-26,1.3800,1.4000,1.3800,1.4000,31600
MPHBCAP,2016-08-29,1.3900,1.3900,1.3900,1.3900,89900
MPHBCAP,2016-08-30,1.3800,1.4000,1.3800,1.3900,105000
MPHBCAP,2016-09-01,1.4000,1.4000,1.3900,1.3900,132500
MPHBCAP,2016-09-02,1.3900,1.4100,1.3800,1.3800,270500
MPHBCAP,2016-09-05,1.3800,1.3900,1.3800,1.3800,116000
MPHBCAP,2016-09-06,1.3800,1.3900,1.3800,1.3800,147300
MPHBCAP,2016-09-07,1.3800,1.3900,1.3700,1.3700,313700
MPHBCAP,2016-09-08,1.3800,1.4000,1.3800,1.4000,42300
MPHBCAP,2016-09-09,1.3900,1.4000,1.3900,1.3900,2400
MPHBCAP,2016-09-13,1.3800,1.3900,1.3800,1.3800,62200
MPHBCAP,2016-09-14,1.3800,1.3800,1.3700,1.3800,181400
MPHBCAP,2016-09-15,1.3800,1.3800,1.3600,1.3600,99900
MPHBCAP,2016-09-19,1.3700,1.3700,1.3500,1.3500,81000
MPHBCAP,2016-09-20,1.3600,1.3700,1.3500,1.3500,173200
MPHBCAP,2016-09-21,1.3500,1.3600,1.3400,1.3600,575900
MPHBCAP,2016-09-22,1.3500,1.3600,1.3500,1.3500,83500
MPHBCAP,2016-09-23,1.3600,1.3800,1.3500,1.3500,146800
MPHBCAP,2016-09-26,1.3500,1.3500,1.3200,1.3200,244700
MPHBCAP,2016-09-27,1.3200,1.3500,1.3100,1.3300,50600
MPHBCAP,2016-09-28,1.3300,1.3400,1.3200,1.3300,68800
MPHBCAP,2016-09-29,1.3400,1.3500,1.3300,1.3500,69100
MPHBCAP,2016-09-30,1.3300,1.3400,1.3200,1.3400,52000
MPHBCAP,2016-10-04,1.3200,1.3300,1.3200,1.3200,86900
MPHBCAP,2016-10-05,1.3200,1.3300,1.3100,1.3300,117800
MPHBCAP,2016-10-06,1.3300,1.3500,1.3100,1.3500,503800
MPHBCAP,2016-10-07,1.3400,1.3700,1.3400,1.3600,108900
MPHBCAP,2016-10-10,1.3500,1.3600,1.3500,1.3500,45400
MPHBCAP,2016-10-11,1.3500,1.3600,1.3500,1.3600,59600
MPHBCAP,2016-10-12,1.3500,1.3500,1.3500,1.3500,93500
MPHBCAP,2016-10-13,1.3600,1.3600,1.3500,1.3500,69200
MPHBCAP,2016-10-14,1.3600,1.3800,1.3500,1.3500,60800
MPHBCAP,2016-10-17,1.3500,1.3600,1.3500,1.3500,62100
MPHBCAP,2016-10-18,1.3500,1.3600,1.3500,1.3600,140000
MPHBCAP,2016-10-19,1.3600,1.3600,1.3500,1.3500,159200
MPHBCAP,2016-10-20,1.3600,1.3600,1.3500,1.3500,124600
MPHBCAP,2016-10-21,1.3500,1.3500,1.3500,1.3500,95200
MPHBCAP,2016-10-24,1.3600,1.3600,1.3500,1.3500,115800
MPHBCAP,2016-10-25,1.3500,1.3600,1.3500,1.3500,263900
MPHBCAP,2016-10-26,1.3500,1.3600,1.3500,1.3500,66400
MPHBCAP,2016-10-27,1.3500,1.3800,1.3500,1.3800,79800
MPHBCAP,2016-10-28,1.3600,1.3600,1.3600,1.3600,45700
MPHBCAP,2016-10-31,1.3700,1.3700,1.3300,1.3300,1698000
MPHBCAP,2016-11-01,1.3500,1.3500,1.3300,1.3300,63600
MPHBCAP,2016-11-02,1.3500,1.3500,1.3400,1.3500,536400
MPHBCAP,2016-11-03,1.3500,1.3500,1.3400,1.3400,1087300
MPHBCAP,2016-11-04,1.3500,1.3600,1.3500,1.3600,136700
MPHBCAP,2016-11-07,1.3500,1.3600,1.3500,1.3600,139500
MPHBCAP,2016-11-08,1.3500,1.3600,1.3500,1.3500,43300
MPHBCAP,2016-11-09,1.3500,1.3500,1.3400,1.3500,1118500
MPHBCAP,2016-11-10,1.3500,1.3500,1.3400,1.3500,92200
MPHBCAP,2016-11-11,1.3600,1.3600,1.3400,1.3400,78300
MPHBCAP,2016-11-14,1.3500,1.3500,1.3300,1.3500,222400
MPHBCAP,2016-11-15,1.3500,1.3500,1.3400,1.3400,118900
MPHBCAP,2016-11-16,1.3500,1.3600,1.3400,1.3600,693500
MPHBCAP,2016-11-17,1.3500,1.3500,1.3400,1.3400,864300
MPHBCAP,2016-11-18,1.3500,1.3500,1.3400,1.3500,1064600
MPHBCAP,2016-11-21,1.3500,1.3500,1.3300,1.3300,169000
MPHBCAP,2016-11-22,1.3300,1.3300,1.3200,1.3200,188100
MPHBCAP,2016-11-23,1.3300,1.3300,1.2500,1.2700,827600
MPHBCAP,2016-11-24,1.2700,1.2700,1.2500,1.2500,1306000
MPHBCAP,2016-11-25,1.2500,1.2500,1.2300,1.2400,617800
MPHBCAP,2016-11-28,1.2300,1.2300,1.2100,1.2200,262800
MPHBCAP,2016-11-29,1.2100,1.2500,1.2100,1.2100,416300
MPHBCAP,2016-11-30,1.2200,1.2400,1.2000,1.2000,2420000
MPHBCAP,2016-12-01,1.2100,1.2300,1.2100,1.2100,210500
MPHBCAP,2016-12-02,1.2200,1.2500,1.2100,1.2400,253000
MPHBCAP,2016-12-05,1.2600,1.2700,1.2200,1.2400,248700
MPHBCAP,2016-12-06,1.2300,1.2600,1.2200,1.2600,96900
MPHBCAP,2016-12-07,1.2300,1.2500,1.2300,1.2300,81600
MPHBCAP,2016-12-08,1.2300,1.2400,1.2300,1.2300,18600
MPHBCAP,2016-12-09,1.2400,1.2400,1.2400,1.2400,16800
MPHBCAP,2016-12-13,1.2300,1.2600,1.2200,1.2600,187200
MPHBCAP,2016-12-14,1.2500,1.2500,1.2200,1.2300,68000
MPHBCAP,2016-12-15,1.2200,1.2400,1.2200,1.2300,13100
MPHBCAP,2016-12-16,1.2300,1.2400,1.2100,1.2100,85000
MPHBCAP,2016-12-19,1.2200,1.2300,1.2100,1.2200,34800
MPHBCAP,2016-12-20,1.2200,1.2300,1.2100,1.2100,127500
MPHBCAP,2016-12-21,1.2200,1.2200,1.1800,1.1900,346100
MPHBCAP,2016-12-22,1.1900,1.1900,1.1600,1.1700,431800
MPHBCAP,2016-12-23,1.1800,1.2000,1.1800,1.2000,149700
MPHBCAP,2016-12-27,1.2000,1.2100,1.1800,1.2000,43300
MPHBCAP,2016-12-28,1.2100,1.2200,1.2100,1.2100,61000
MPHBCAP,2016-12-29,1.2100,1.2300,1.2100,1.2100,36900
MPHBCAP,2016-12-30,1.2300,1.2600,1.2200,1.2500,652000
MPHBCAP,2017-01-03,1.2500,1.2600,1.2400,1.2400,249400
MPHBCAP,2017-01-04,1.2400,1.2600,1.2400,1.2500,231600
MPHBCAP,2017-01-05,1.2600,1.2800,1.2600,1.2800,74100
MPHBCAP,2017-01-06,1.2800,1.2800,1.2500,1.2600,182100
MPHBCAP,2017-01-09,1.2500,1.2600,1.2500,1.2500,112500
MPHBCAP,2017-01-10,1.2500,1.2600,1.2500,1.2600,53900
MPHBCAP,2017-01-11,1.2700,1.2700,1.2500,1.2600,107100
MPHBCAP,2017-01-12,1.2700,1.2700,1.2500,1.2500,121700
MPHBCAP,2017-01-13,1.2600,1.2600,1.2500,1.2500,80200
MPHBCAP,2017-01-16,1.2500,1.2500,1.2500,1.2500,51800
MPHBCAP,2017-01-17,1.2500,1.2600,1.2500,1.2500,54300
MPHBCAP,2017-01-18,1.2600,1.2700,1.2500,1.2600,96100
MPHBCAP,2017-01-19,1.2600,1.2600,1.2500,1.2500,86400
MPHBCAP,2017-01-20,1.2500,1.2600,1.2500,1.2500,85300
MPHBCAP,2017-01-23,1.2500,1.2600,1.2500,1.2500,30600
MPHBCAP,2017-01-24,1.2500,1.2600,1.2500,1.2600,48900
MPHBCAP,2017-01-25,1.2600,1.2700,1.2600,1.2600,18200
MPHBCAP,2017-01-26,1.2700,1.3000,1.2700,1.3000,104800
MPHBCAP,2017-01-27,1.3000,1.3300,1.2800,1.3200,171900
MPHBCAP,2017-01-31,1.3100,1.3200,1.3100,1.3200,7100
MPHBCAP,2017-02-02,1.3100,1.3400,1.3000,1.3400,92700
MPHBCAP,2017-02-03,1.3500,1.3600,1.3400,1.3600,258000
MPHBCAP,2017-02-06,1.3500,1.3700,1.3500,1.3700,85700
MPHBCAP,2017-02-07,1.3600,1.4300,1.3600,1.4200,408100
MPHBCAP,2017-02-08,1.4400,1.4400,1.4300,1.4400,486000
MPHBCAP,2017-02-10,1.4500,1.5300,1.4500,1.4900,1084300
MPHBCAP,2017-02-13,1.5000,1.5100,1.4900,1.4900,126100
MPHBCAP,2017-02-14,1.5000,1.5000,1.4600,1.4800,405300
MPHBCAP,2017-02-15,1.4800,1.4800,1.4200,1.4200,271900
MPHBCAP,2017-02-16,1.4300,1.4500,1.4200,1.4500,83900
MPHBCAP,2017-02-17,1.4500,1.4500,1.4300,1.4300,137300
MPHBCAP,2017-02-20,1.4300,1.4300,1.4200,1.4200,163300
MPHBCAP,2017-02-21,1.4200,1.4200,1.4100,1.4100,141500
MPHBCAP,2017-02-22,1.4000,1.4100,1.3900,1.4000,135600
MPHBCAP,2017-02-23,1.3900,1.4400,1.3900,1.4200,196600
MPHBCAP,2017-02-24,1.4100,1.4200,1.4100,1.4100,31800
MPHBCAP,2017-02-27,1.4200,1.4400,1.4100,1.4100,281400
MPHBCAP,2017-02-28,1.4100,1.4300,1.4100,1.4100,141900
MPHBCAP,2017-03-01,1.4100,1.4300,1.4100,1.4200,134800
MPHBCAP,2017-03-02,1.4400,1.4500,1.4100,1.4100,320500
MPHBCAP,2017-03-03,1.4100,1.4200,1.4000,1.4000,187700
MPHBCAP,2017-03-06,1.4000,1.4000,1.3900,1.4000,96200
MPHBCAP,2017-03-07,1.3900,1.4000,1.3900,1.3900,158700
MPHBCAP,2017-03-08,1.4000,1.4200,1.3800,1.4100,165200
MPHBCAP,2017-03-09,1.4100,1.4100,1.3900,1.3900,179200
MPHBCAP,2017-03-10,1.3900,1.4200,1.3900,1.4100,377000
MPHBCAP,2017-03-13,1.4100,1.4100,1.3800,1.3800,402800
MPHBCAP,2017-03-14,1.4000,1.4100,1.3800,1.4100,109200
MPHBCAP,2017-03-15,1.4100,1.4200,1.3900,1.4100,25000
MPHBCAP,2017-03-16,1.4000,1.4800,1.4000,1.4500,928100
MPHBCAP,2017-03-17,1.4500,1.4700,1.4500,1.4700,768900
MPHBCAP,2017-03-20,1.4700,1.5100,1.4700,1.5000,1072800
MPHBCAP,2017-03-21,1.5000,1.6400,1.5000,1.6300,2406600
MPHBCAP,2017-03-22,1.6200,1.6200,1.5700,1.6000,797000
MPHBCAP,2017-03-23,1.6000,1.6000,1.5700,1.6000,641300
MPHBCAP,2017-03-24,1.6000,1.6100,1.5700,1.6000,278700
MPHBCAP,2017-03-27,1.6000,1.6000,1.5300,1.5500,232800
MPHBCAP,2017-03-28,1.5500,1.5500,1.5300,1.5300,197400
MPHBCAP,2017-03-29,1.5400,1.5400,1.5300,1.5400,70900
MPHBCAP,2017-03-30,1.5400,1.5400,1.5200,1.5300,149800
MPHBCAP,2017-03-31,1.5400,1.6000,1.5400,1.5700,232300
MPHBCAP,2017-04-03,1.57,1.63,1.57,1.63,658100.0
MPHBCAP,2017-04-04,1.63,1.67,1.63,1.67,610000.0
MPHBCAP,2017-04-05,1.68,1.72,1.67,1.69,717600.0
MPHBCAP,2017-04-06,1.7,1.7,1.64,1.67,312500.0
MPHBCAP,2017-04-07,1.67,1.68,1.65,1.67,232000.0
MPHBCAP,2017-04-10,1.68,1.8,1.67,1.72,1980000.0
MPHBCAP,2017-04-11,1.74,1.77,1.72,1.75,834000.0
MPHBCAP,2017-04-12,1.75,1.78,1.73,1.74,839800.0
MPHBCAP,2017-04-13,1.74,1.75,1.71,1.73,339400.0
MPHBCAP,2017-04-14,1.73,1.74,1.69,1.71,395500.0
MPHBCAP,2017-04-17,1.69,1.73,1.68,1.72,139200.0
MPHBCAP,2017-04-18,1.72,1.73,1.7,1.7,328700.0
MPHBCAP,2017-04-19,1.71,1.71,1.69,1.7,108000.0
MPHBCAP,2017-04-20,1.73,1.73,1.7,1.7,271500.0
MPHBCAP,2017-04-21,1.7,1.71,1.7,1.71,61600.0
MPHBCAP,2017-04-25,1.71,1.72,1.7,1.72,95800.0
MPHBCAP,2017-04-26,1.72,1.72,1.69,1.7,109700.0
MPHBCAP,2017-04-27,1.71,1.71,1.69,1.7,126300.0
MPHBCAP,2017-04-28,1.73,1.8,1.73,1.78,1570000.0
MPHBCAP,2017-05-02,1.8,1.82,1.77,1.81,476600.0
MPHBCAP,2017-05-03,1.81,1.83,1.78,1.79,550800.0
MPHBCAP,2017-05-04,1.8,1.8,1.75,1.77,575300.0
MPHBCAP,2017-05-05,1.75,1.81,1.75,1.8,369600.0
MPHBCAP,2017-05-08,1.79,1.81,1.79,1.79,222700.0
MPHBCAP,2017-05-09,1.8,1.8,1.77,1.8,242200.0
MPHBCAP,2017-05-11,1.8,1.82,1.77,1.78,411500.0
MPHBCAP,2017-05-12,1.79,1.8,1.77,1.77,524000.0
MPHBCAP,2017-05-15,1.77,1.77,1.75,1.77,382400.0
MPHBCAP,2017-05-16,1.76,1.78,1.75,1.76,197100.0
MPHBCAP,2017-05-17,1.77,1.77,1.76,1.76,118200.0
MPHBCAP,2017-05-18,1.75,1.75,1.73,1.74,179100.0
MPHBCAP,2017-05-19,1.75,1.76,1.73,1.74,163500.0
MPHBCAP,2017-05-22,1.74,1.74,1.6,1.63,1760000.0
MPHBCAP,2017-05-23,1.63,1.64,1.58,1.59,530000.0
MPHBCAP,2017-05-24,1.58,1.68,1.58,1.68,469200.0
MPHBCAP,2017-05-25,1.67,1.7,1.63,1.63,435000.0
MPHBCAP,2017-05-26,1.65,1.67,1.61,1.61,310800.0
MPHBCAP,2017-05-29,1.61,1.61,1.59,1.6,121100.0
MPHBCAP,2017-05-30,1.6,1.6,1.55,1.58,282800.0
MPHBCAP,2017-05-31,1.58,1.61,1.58,1.6,176000.0
MPHBCAP,2017-06-01,1.59,1.59,1.58,1.59,100200.0
MPHBCAP,2017-06-02,1.59,1.6,1.58,1.59,169100.0
MPHBCAP,2017-06-05,1.59,1.6,1.59,1.6,65200.0
MPHBCAP,2017-06-06,1.6,1.6,1.58,1.6,86900.0
MPHBCAP,2017-06-07,1.61,1.61,1.59,1.59,352200.0
MPHBCAP,2017-06-08,1.59,1.6,1.59,1.59,56200.0
MPHBCAP,2017-06-09,1.65,1.65,1.6,1.63,79200.0
MPHBCAP,2017-06-13,1.63,1.67,1.63,1.64,202300.0
MPHBCAP,2017-06-14,1.66,1.68,1.65,1.66,214500.0
MPHBCAP,2017-06-15,1.66,1.68,1.65,1.66,225900.0
MPHBCAP,2017-06-16,1.66,1.68,1.66,1.66,177100.0
MPHBCAP,2017-06-19,1.64,1.64,1.61,1.62,397400.0
MPHBCAP,2017-06-20,1.62,1.62,1.6,1.6,75400.0
MPHBCAP,2017-06-21,1.6,1.61,1.59,1.59,259300.0
MPHBCAP,2017-06-22,1.59,1.61,1.59,1.6,105100.0
MPHBCAP,2017-06-23,1.6,1.64,1.6,1.62,14000.0
MPHBCAP,2017-06-28,1.62,1.65,1.62,1.63,207100.0
MPHBCAP,2017-06-29,1.61,1.63,1.61,1.63,49100.0
MPHBCAP,2017-06-30,1.62,1.64,1.61,1.63,127900.0
MPHBCAP,2017-07-03,1.63,1.63,1.62,1.62,15000.0
MPHBCAP,2017-07-04,1.62,1.62,1.58,1.61,159200.0
MPHBCAP,2017-07-05,1.58,1.59,1.57,1.58,99900.0
MPHBCAP,2017-07-06,1.59,1.59,1.54,1.58,285000.0
MPHBCAP,2017-07-07,1.58,1.6,1.56,1.57,27800.0
MPHBCAP,2017-07-10,1.56,1.58,1.54,1.58,126600.0
MPHBCAP,2017-07-11,1.59,1.59,1.54,1.57,56800.0
MPHBCAP,2017-07-12,1.55,1.57,1.54,1.55,62100.0
MPHBCAP,2017-07-13,1.56,1.56,1.54,1.54,62900.0
MPHBCAP,2017-07-14,1.55,1.56,1.52,1.55,86700.0
MPHBCAP,2017-07-17,1.56,1.56,1.54,1.54,40300.0
MPHBCAP,2017-07-18,1.54,1.54,1.53,1.54,48200.0
MPHBCAP,2017-07-19,1.55,1.55,1.54,1.54,88500.0
MPHBCAP,2017-07-20,1.56,1.56,1.53,1.53,101000.0
MPHBCAP,2017-07-21,1.55,1.56,1.52,1.54,207300.0
MPHBCAP,2017-07-24,1.53,1.53,1.52,1.53,23200.0
MPHBCAP,2017-07-25,1.52,1.52,1.5,1.52,161100.0
MPHBCAP,2017-07-26,1.52,1.52,1.51,1.51,42700.0
MPHBCAP,2017-07-27,1.51,1.53,1.5,1.53,570500.0
MPHBCAP,2017-07-28,1.52,1.53,1.51,1.52,124800.0
MPHBCAP,2017-07-31,1.51,1.51,1.48,1.5,398100.0
MPHBCAP,2017-08-01,1.49,1.49,1.46,1.46,261200.0
MPHBCAP,2017-08-02,1.47,1.49,1.45,1.48,134700.0
MPHBCAP,2017-08-03,1.49,1.49,1.46,1.49,158100.0
MPHBCAP,2017-08-04,1.47,1.48,1.46,1.48,73300.0
MPHBCAP,2017-08-07,1.47,1.49,1.45,1.48,138700.0
MPHBCAP,2017-08-08,1.45,1.47,1.45,1.47,33300.0
MPHBCAP,2017-08-09,1.48,1.48,1.47,1.47,51600.0
MPHBCAP,2017-08-10,1.47,1.47,1.45,1.47,33000.0
MPHBCAP,2017-08-11,1.45,1.47,1.44,1.47,132000.0
MPHBCAP,2017-08-14,1.47,1.47,1.45,1.46,7200.0
MPHBCAP,2017-08-15,1.48,1.52,1.48,1.49,144400.0
MPHBCAP,2017-08-16,1.48,1.5,1.48,1.48,72200.0
MPHBCAP,2017-08-17,1.5,1.5,1.48,1.48,27400.0
MPHBCAP,2017-08-18,1.49,1.49,1.48,1.48,47100.0
MPHBCAP,2017-08-21,1.51,1.51,1.47,1.48,15700.0
MPHBCAP,2017-08-22,1.46,1.5,1.46,1.5,23700.0
MPHBCAP,2017-08-23,1.49,1.49,1.47,1.49,29700.0
MPHBCAP,2017-08-24,1.45,1.48,1.44,1.48,124300.0
MPHBCAP,2017-08-25,1.49,1.49,1.44,1.47,64000.0
MPHBCAP,2017-08-28,1.43,1.47,1.43,1.47,56300.0
MPHBCAP,2017-08-29,1.46,1.46,1.43,1.46,52300.0
MPHBCAP,2017-08-30,1.46,1.46,1.43,1.45,20100.0
MPHBCAP,2017-09-05,1.45,1.48,1.44,1.46,109500.0
MPHBCAP,2017-09-06,1.45,1.45,1.42,1.44,71100.0
MPHBCAP,2017-09-07,1.42,1.44,1.41,1.44,83400.0
MPHBCAP,2017-09-08,1.44,1.44,1.43,1.43,64000.0
MPHBCAP,2017-09-11,1.43,1.43,1.41,1.41,88300.0
MPHBCAP,2017-09-12,1.41,1.45,1.41,1.42,164700.0
MPHBCAP,2017-09-13,1.42,1.43,1.41,1.43,203000.0
MPHBCAP,2017-09-14,1.44,1.44,1.42,1.43,122800.0
MPHBCAP,2017-09-15,1.42,1.43,1.4,1.41,156100.0
MPHBCAP,2017-09-18,1.42,1.47,1.41,1.44,68300.0
MPHBCAP,2017-09-19,1.44,1.44,1.41,1.43,41600.0
MPHBCAP,2017-09-20,1.42,1.42,1.42,1.42,2000.0
MPHBCAP,2017-09-21,1.41,1.42,1.4,1.4,68000.0
MPHBCAP,2017-09-25,1.4,1.41,1.38,1.41,42800.0
MPHBCAP,2017-09-26,1.41,1.42,1.4,1.42,13100.0
MPHBCAP,2017-09-27,1.41,1.41,1.39,1.4,13800.0
MPHBCAP,2017-09-28,1.41,1.42,1.38,1.38,78900.0
MPHBCAP,2017-09-29,1.38,1.4,1.34,1.36,374900.0
MPHBCAP,2017-10-02,1.38,1.38,1.32,1.34,128900.0
MPHBCAP,2017-10-03,1.32,1.34,1.3,1.33,197500.0
MPHBCAP,2017-10-04,1.29,1.34,1.29,1.34,333200.0
MPHBCAP,2017-10-05,1.34,1.34,1.32,1.33,194000.0
MPHBCAP,2017-10-06,1.33,1.33,1.32,1.33,256899.99999999997
MPHBCAP,2017-10-09,1.33,1.35,1.33,1.35,200100.0
MPHBCAP,2017-10-10,1.34,1.34,1.32,1.33,373000.0
MPHBCAP,2017-10-11,1.33,1.33,1.32,1.33,202500.0
MPHBCAP,2017-10-12,1.32,1.33,1.32,1.32,162600.0
MPHBCAP,2017-10-13,1.32,1.33,1.3,1.32,136400.0
MPHBCAP,2017-10-16,1.32,1.34,1.31,1.32,266800.0
MPHBCAP,2017-10-17,1.31,1.31,1.31,1.31,22000.0
MPHBCAP,2017-10-19,1.3,1.31,1.3,1.31,60200.0
MPHBCAP,2017-10-20,1.3,1.31,1.3,1.31,83100.0
MPHBCAP,2017-10-23,1.32,1.32,1.3,1.32,54300.0
MPHBCAP,2017-10-24,1.3,1.31,1.29,1.29,160300.0
MPHBCAP,2017-10-25,1.29,1.31,1.28,1.28,95700.0
MPHBCAP,2017-10-26,1.28,1.29,1.26,1.28,166700.0
MPHBCAP,2017-10-27,1.26,1.28,1.25,1.28,129699.99999999999
MPHBCAP,2017-10-30,1.28,1.31,1.28,1.31,233600.0
MPHBCAP,2017-10-31,1.31,1.33,1.31,1.32,193900.0
MPHBCAP,2017-11-01,1.31,1.32,1.3,1.32,307000.0
MPHBCAP,2017-11-02,1.31,1.32,1.3,1.32,38600.0
MPHBCAP,2017-11-03,1.31,1.31,1.28,1.3,106400.0
MPHBCAP,2017-11-06,1.28,1.31,1.28,1.31,30600.0
MPHBCAP,2017-11-07,1.3,1.3,1.28,1.3,122800.0
MPHBCAP,2017-11-08,1.29,1.3,1.28,1.3,75300.0
MPHBCAP,2017-11-09,1.28,1.3,1.28,1.29,236000.0
MPHBCAP,2017-11-10,1.29,1.3,1.28,1.3,173300.0
MPHBCAP,2017-11-13,1.3,1.3,1.28,1.28,158700.0
MPHBCAP,2017-11-14,1.28,1.28,1.26,1.27,197100.0
MPHBCAP,2017-11-15,1.26,1.3,1.26,1.29,191200.0
MPHBCAP,2017-11-16,1.29,1.3,1.27,1.29,103400.0
MPHBCAP,2017-11-17,1.27,1.3,1.27,1.3,82100.0
MPHBCAP,2017-11-20,1.28,1.29,1.26,1.27,140900.0
MPHBCAP,2017-11-21,1.28,1.28,1.25,1.27,118800.0
MPHBCAP,2017-11-22,1.26,1.27,1.26,1.26,55000.0
MPHBCAP,2017-11-23,1.26,1.26,1.26,1.26,91600.0
MPHBCAP,2017-11-24,1.25,1.26,1.25,1.26,139400.0
MPHBCAP,2017-11-27,1.27,1.27,1.26,1.26,13900.0
MPHBCAP,2017-11-28,1.26,1.28,1.25,1.28,23700.0
MPHBCAP,2017-11-29,1.26,1.28,1.24,1.28,117600.0
MPHBCAP,2017-11-30,1.26,1.28,1.26,1.28,51700.0
MPHBCAP,2017-12-04,1.25,1.27,1.25,1.26,147900.0
MPHBCAP,2017-12-05,1.25,1.27,1.25,1.27,22500.0
MPHBCAP,2017-12-06,1.25,1.28,1.25,1.28,73800.0
MPHBCAP,2017-12-07,1.29,1.3,1.26,1.27,423900.0
MPHBCAP,2017-12-08,1.26,1.29,1.26,1.29,172500.0
MPHBCAP,2017-12-11,1.3,1.3,1.27,1.28,198500.0
MPHBCAP,2017-12-12,1.28,1.28,1.25,1.25,285900.0
MPHBCAP,2017-12-13,1.26,1.28,1.25,1.28,267200.0
MPHBCAP,2017-12-14,1.27,1.28,1.25,1.25,1830000.0
MPHBCAP,2017-12-15,1.25,1.26,1.23,1.24,722300.0
MPHBCAP,2017-12-18,1.23,1.25,1.22,1.25,127900.0
MPHBCAP,2017-12-19,1.25,1.25,1.22,1.23,176700.0
MPHBCAP,2017-12-20,1.22,1.25,1.22,1.25,357900.0
MPHBCAP,2017-12-21,1.25,1.25,1.21,1.21,820300.0
MPHBCAP,2017-12-22,1.23,1.24,1.22,1.24,89200.0
MPHBCAP,2017-12-26,1.24,1.24,1.21,1.21,790100.0
MPHBCAP,2017-12-27,1.22,1.24,1.22,1.24,183500.0
MPHBCAP,2017-12-28,1.23,1.23,1.22,1.22,484600.0
MPHBCAP,2017-12-29,1.22,1.24,1.22,1.22,764800.0
MPHBCAP,2018-01-02,1.22,1.24,1.21,1.24,775100.0
MPHBCAP,2018-01-03,1.23,1.28,1.23,1.27,716000.0
MPHBCAP,2018-01-04,1.29,1.32,1.29,1.32,337800.0
MPHBCAP,2018-01-05,1.33,1.42,1.33,1.38,1600000.0
MPHBCAP,2018-01-08,1.38,1.42,1.38,1.41,670700.0
MPHBCAP,2018-01-09,1.42,1.42,1.37,1.39,304800.0
MPHBCAP,2018-01-10,1.39,1.43,1.38,1.43,272600.0
MPHBCAP,2018-01-11,1.41,1.41,1.39,1.41,151100.0
MPHBCAP,2018-01-12,1.4,1.63,1.38,1.63,1830000.0
MPHBCAP,2018-01-15,1.75,1.85,1.56,1.6,5630000.0
MPHBCAP,2018-01-16,1.65,1.67,1.55,1.62,1160000.0
MPHBCAP,2018-01-17,1.61,1.64,1.57,1.59,640600.0
MPHBCAP,2018-01-18,1.59,1.62,1.58,1.59,784300.0
MPHBCAP,2018-01-19,1.59,1.62,1.57,1.61,763900.0
MPHBCAP,2018-01-22,1.62,1.63,1.58,1.58,615600.0
MPHBCAP,2018-01-23,1.6,1.64,1.6,1.61,970600.0
MPHBCAP,2018-01-24,1.61,1.61,1.58,1.61,458400.0
MPHBCAP,2018-01-25,1.6,1.6,1.57,1.58,338700.0
MPHBCAP,2018-01-26,1.58,1.59,1.56,1.59,295400.0
MPHBCAP,2018-01-29,1.57,1.58,1.54,1.56,193300.0
MPHBCAP,2018-01-30,1.53,1.55,1.5,1.51,231800.0
MPHBCAP,2018-02-02,1.51,1.53,1.43,1.45,307500.0
MPHBCAP,2018-02-05,1.4,1.43,1.35,1.43,832000.0
MPHBCAP,2018-02-06,1.37,1.4,1.33,1.36,1440000.0
MPHBCAP,2018-02-07,1.36,1.4,1.36,1.39,377100.0
MPHBCAP,2018-02-08,1.38,1.48,1.38,1.48,328800.0
MPHBCAP,2018-02-09,1.41,1.47,1.4,1.46,293100.0
MPHBCAP,2018-02-12,1.47,1.51,1.46,1.47,190200.0
MPHBCAP,2018-02-13,1.48,1.49,1.46,1.49,116100.0
MPHBCAP,2018-02-14,1.48,1.49,1.47,1.49,23300.0
MPHBCAP,2018-02-15,1.49,1.5,1.49,1.5,34300.0
MPHBCAP,2018-02-19,1.49,1.56,1.49,1.56,97100.0
MPHBCAP,2018-02-20,1.57,1.57,1.53,1.56,47100.0
MPHBCAP,2018-02-21,1.56,1.6,1.56,1.6,228700.0
MPHBCAP,2018-02-22,1.59,1.59,1.58,1.58,63800.0
MPHBCAP,2018-02-23,1.59,1.6,1.57,1.6,126800.0
MPHBCAP,2018-02-26,1.6,1.6,1.57,1.6,140500.0
MPHBCAP,2018-02-27,1.6,1.6,1.56,1.57,102600.0
MPHBCAP,2018-02-28,1.56,1.56,1.51,1.55,218600.0
MPHBCAP,2018-03-01,1.54,1.54,1.52,1.52,21600.0
MPHBCAP,2018-03-02,1.52,1.52,1.51,1.51,61400.0
MPHBCAP,2018-03-05,1.52,1.52,1.48,1.49,76500.0
MPHBCAP,2018-03-06,1.48,1.48,1.47,1.47,109900.0
MPHBCAP,2018-03-07,1.47,1.47,1.38,1.43,777000.0
MPHBCAP,2018-03-08,1.4,1.43,1.4,1.41,149500.0
MPHBCAP,2018-03-09,1.41,1.41,1.38,1.41,76500.0
MPHBCAP,2018-03-12,1.38,1.41,1.38,1.38,134200.0
MPHBCAP,2018-03-13,1.39,1.39,1.35,1.37,160600.0
MPHBCAP,2018-03-14,1.35,1.36,1.33,1.34,225300.0
MPHBCAP,2018-03-15,1.32,1.35,1.31,1.35,371600.0
MPHBCAP,2018-03-16,1.35,1.35,1.33,1.33,87000.0
MPHBCAP,2018-03-19,1.34,1.34,1.33,1.34,66300.0
MPHBCAP,2018-03-20,1.33,1.34,1.3,1.34,137800.0
MPHBCAP,2018-03-21,1.34,1.34,1.31,1.32,73500.0
MPHBCAP,2018-03-22,1.33,1.33,1.32,1.32,55600.0
MPHBCAP,2018-03-23,1.31,1.31,1.3,1.3,131100.0
MPHBCAP,2018-03-26,1.3,1.3,1.28,1.3,75800.0
MPHBCAP,2018-03-27,1.3,1.32,1.29,1.31,52200.0
MPHBCAP,2018-03-28,1.31,1.31,1.28,1.28,55600.0
