OVERSEA,2010-04-01,0.2550,0.2650,0.2450,0.2500,43400500
OVERSEA,2010-04-02,0.2500,0.2550,0.2450,0.2550,3289200
OVERSEA,2010-04-05,0.2500,0.2550,0.2450,0.2450,1743000
OVERSEA,2010-04-06,0.2450,0.2450,0.2300,0.2400,3385800
OVERSEA,2010-04-07,0.2300,0.2300,0.2150,0.2150,4718000
OVERSEA,2010-04-08,0.2150,0.2250,0.2150,0.2200,665000
OVERSEA,2010-04-09,0.2250,0.2300,0.2200,0.2300,825900
OVERSEA,2010-04-12,0.2300,0.2300,0.2200,0.2300,903300
OVERSEA,2010-04-13,0.2250,0.2250,0.2150,0.2200,1637000
OVERSEA,2010-04-14,0.2200,0.2200,0.2150,0.2200,505800
OVERSEA,2010-04-15,0.2200,0.2200,0.2150,0.2200,786500
OVERSEA,2010-04-16,0.2150,0.2150,0.2100,0.2150,879500
OVERSEA,2010-04-19,0.2100,0.2100,0.2050,0.2050,756000
OVERSEA,2010-04-20,0.2050,0.2150,0.2050,0.2150,193500
OVERSEA,2010-04-21,0.2150,0.2150,0.2100,0.2100,533200
OVERSEA,2010-04-22,0.2100,0.2150,0.2100,0.2100,444000
OVERSEA,2010-04-23,0.2150,0.2150,0.2150,0.2150,336100
OVERSEA,2010-04-26,0.2150,0.2150,0.2100,0.2100,191000
OVERSEA,2010-04-27,0.2100,0.2150,0.2100,0.2100,126000
OVERSEA,2010-04-28,0.2100,0.2100,0.2050,0.2050,501200
OVERSEA,2010-04-29,0.2150,0.2150,0.2100,0.2100,34000
OVERSEA,2010-04-30,0.2150,0.2150,0.2050,0.2050,362000
OVERSEA,2010-05-03,0.2100,0.2100,0.2050,0.2050,561100
OVERSEA,2010-05-04,0.2100,0.2100,0.2050,0.2050,320500
OVERSEA,2010-05-05,0.2050,0.2050,0.2000,0.2000,93700
OVERSEA,2010-05-06,0.2000,0.2000,0.1950,0.1950,889500
OVERSEA,2010-05-07,0.1950,0.2000,0.1950,0.2000,782000
OVERSEA,2010-05-10,0.2000,0.2000,0.2000,0.2000,262800
OVERSEA,2010-05-11,0.2000,0.2050,0.2000,0.2050,275000
OVERSEA,2010-05-12,0.2100,0.2100,0.2100,0.2100,557800
OVERSEA,2010-05-13,0.2150,0.2150,0.2100,0.2100,203000
OVERSEA,2010-05-14,0.2050,0.2100,0.2050,0.2050,230000
OVERSEA,2010-05-17,0.2000,0.2050,0.2000,0.2000,414000
OVERSEA,2010-05-18,0.2000,0.2000,0.1950,0.2000,304500
OVERSEA,2010-05-19,0.2000,0.2000,0.1950,0.1950,148100
OVERSEA,2010-05-20,0.1950,0.2000,0.1950,0.2000,17600
OVERSEA,2010-05-21,0.1950,0.2000,0.1950,0.1950,183700
OVERSEA,2010-05-24,0.2000,0.2000,0.1950,0.2000,110200
OVERSEA,2010-05-25,0.2000,0.2000,0.1900,0.1900,163200
OVERSEA,2010-05-26,0.1900,0.1950,0.1900,0.1950,50500
OVERSEA,2010-05-27,0.1900,0.2000,0.1900,0.1950,342100
OVERSEA,2010-05-31,0.1950,0.2000,0.1950,0.2000,37300
OVERSEA,2010-06-01,0.1950,0.1950,0.1950,0.1950,70200
OVERSEA,2010-06-02,0.1950,0.1950,0.1900,0.1900,129400
OVERSEA,2010-06-04,0.2000,0.2000,0.2000,0.2000,120000
OVERSEA,2010-06-07,0.1900,0.1950,0.1900,0.1950,68000
OVERSEA,2010-06-08,0.1900,0.1900,0.1900,0.1900,13000
OVERSEA,2010-06-09,0.1950,0.2000,0.1950,0.2000,16500
OVERSEA,2010-06-10,0.1950,0.1950,0.1900,0.1900,50000
OVERSEA,2010-06-11,0.1900,0.1950,0.1900,0.1950,96000
OVERSEA,2010-06-14,0.1950,0.2000,0.1900,0.1900,69000
OVERSEA,2010-06-15,0.1950,0.1950,0.1950,0.1950,10500
OVERSEA,2010-06-16,0.1950,0.1950,0.1900,0.1950,97900
OVERSEA,2010-06-17,0.1900,0.1900,0.1900,0.1900,16500
OVERSEA,2010-06-18,0.1950,0.1950,0.1900,0.1900,104500
OVERSEA,2010-06-22,0.1900,0.2000,0.1900,0.2000,423000
OVERSEA,2010-06-23,0.1900,0.1950,0.1900,0.1950,86000
OVERSEA,2010-06-25,0.1950,0.1950,0.1900,0.1950,70000
OVERSEA,2010-06-28,0.1950,0.1950,0.1850,0.1850,199000
OVERSEA,2010-06-29,0.1950,0.1950,0.1850,0.1900,81100
OVERSEA,2010-06-30,0.1900,0.1900,0.1850,0.1850,25200
OVERSEA,2010-07-01,0.1900,0.1900,0.1850,0.1900,21000
OVERSEA,2010-07-02,0.1850,0.1850,0.1850,0.1850,71000
OVERSEA,2010-07-05,0.1900,0.1900,0.1900,0.1900,70000
OVERSEA,2010-07-06,0.1850,0.1900,0.1850,0.1850,84000
OVERSEA,2010-07-07,0.1900,0.1900,0.1900,0.1900,98000
OVERSEA,2010-07-08,0.1900,0.1900,0.1850,0.1850,140400
OVERSEA,2010-07-09,0.1850,0.1850,0.1850,0.1850,62000
OVERSEA,2010-07-12,0.1850,0.1850,0.1800,0.1850,50000
OVERSEA,2010-07-13,0.1850,0.1850,0.1850,0.1850,100000
OVERSEA,2010-07-15,0.1850,0.1850,0.1800,0.1800,160000
OVERSEA,2010-07-16,0.1800,0.1800,0.1800,0.1800,602000
OVERSEA,2010-07-19,0.1800,0.1800,0.1800,0.1800,68000
OVERSEA,2010-07-20,0.1800,0.1850,0.1800,0.1800,150000
OVERSEA,2010-07-21,0.1800,0.1800,0.1800,0.1800,80000
OVERSEA,2010-07-22,0.1900,0.1900,0.1900,0.1900,40000
OVERSEA,2010-07-23,0.1850,0.1900,0.1850,0.1850,206000
OVERSEA,2010-07-26,0.1900,0.1900,0.1900,0.1900,61600
OVERSEA,2010-07-27,0.1850,0.1850,0.1850,0.1850,110000
OVERSEA,2010-07-28,0.1850,0.1900,0.1850,0.1900,41000
OVERSEA,2010-07-29,0.1900,0.1900,0.1800,0.1850,240000
OVERSEA,2010-07-30,0.1850,0.1850,0.1850,0.1850,15000
OVERSEA,2010-08-02,0.1850,0.1900,0.1800,0.1800,218300
OVERSEA,2010-08-03,0.1850,0.1850,0.1800,0.1800,129000
OVERSEA,2010-08-04,0.1850,0.1850,0.1850,0.1850,50000
OVERSEA,2010-08-05,0.1800,0.1850,0.1800,0.1850,100100
OVERSEA,2010-08-06,0.1800,0.1800,0.1800,0.1800,20000
OVERSEA,2010-08-09,0.1850,0.1850,0.1800,0.1800,10100
OVERSEA,2010-08-10,0.1850,0.1850,0.1850,0.1850,158600
OVERSEA,2010-08-11,0.1850,0.1900,0.1850,0.1900,105000
OVERSEA,2010-08-12,0.1850,0.1850,0.1850,0.1850,20000
OVERSEA,2010-08-13,0.1900,0.1900,0.1900,0.1900,34000
OVERSEA,2010-08-16,0.1850,0.1900,0.1800,0.1900,135000
OVERSEA,2010-08-18,0.1850,0.1850,0.1850,0.1850,80000
OVERSEA,2010-08-19,0.1850,0.1850,0.1850,0.1850,35000
OVERSEA,2010-08-20,0.1850,0.2100,0.1850,0.2000,1054400
OVERSEA,2010-08-23,0.1950,0.1950,0.1900,0.1900,190000
OVERSEA,2010-08-24,0.1900,0.1900,0.1850,0.1850,115000
OVERSEA,2010-08-25,0.1850,0.1850,0.1800,0.1800,177000
OVERSEA,2010-08-26,0.1800,0.1850,0.1800,0.1850,250000
OVERSEA,2010-08-27,0.1850,0.1850,0.1800,0.1800,165000
OVERSEA,2010-08-30,0.1800,0.1850,0.1800,0.1850,84000
OVERSEA,2010-09-01,0.1800,0.1800,0.1800,0.1800,102000
OVERSEA,2010-09-02,0.1850,0.1850,0.1800,0.1800,53700
OVERSEA,2010-09-03,0.1800,0.1800,0.1700,0.1750,441000
OVERSEA,2010-09-07,0.1800,0.1800,0.1800,0.1800,2000
OVERSEA,2010-09-08,0.1800,0.1800,0.1800,0.1800,68000
OVERSEA,2010-09-09,0.1800,0.1800,0.1800,0.1800,194300
OVERSEA,2010-09-13,0.1800,0.1800,0.1750,0.1750,42000
OVERSEA,2010-09-14,0.1750,0.1750,0.1750,0.1750,93000
OVERSEA,2010-09-15,0.1750,0.1800,0.1750,0.1750,111100
OVERSEA,2010-09-17,0.1750,0.1750,0.1750,0.1750,64000
OVERSEA,2010-09-20,0.1750,0.1750,0.1700,0.1700,110000
OVERSEA,2010-09-21,0.1700,0.1750,0.1700,0.1750,130100
OVERSEA,2010-09-22,0.1700,0.1750,0.1700,0.1750,115000
OVERSEA,2010-09-23,0.1700,0.1700,0.1700,0.1700,171000
OVERSEA,2010-09-24,0.1700,0.1750,0.1700,0.1700,28000
OVERSEA,2010-09-27,0.1700,0.1700,0.1650,0.1650,225000
OVERSEA,2010-09-28,0.1650,0.1700,0.1650,0.1700,50000
OVERSEA,2010-09-29,0.1700,0.1700,0.1650,0.1700,104000
OVERSEA,2010-09-30,0.1650,0.1650,0.1600,0.1600,115000
OVERSEA,2010-10-01,0.1650,0.1650,0.1650,0.1650,43000
OVERSEA,2010-10-04,0.1700,0.1700,0.1700,0.1700,2500
OVERSEA,2010-10-05,0.1650,0.1650,0.1650,0.1650,116500
OVERSEA,2010-10-06,0.1650,0.1650,0.1650,0.1650,58000
OVERSEA,2010-10-07,0.1650,0.1700,0.1650,0.1700,131500
OVERSEA,2010-10-08,0.1600,0.1650,0.1600,0.1650,82500
OVERSEA,2010-10-11,0.1650,0.1650,0.1650,0.1650,223000
OVERSEA,2010-10-12,0.1600,0.1650,0.1600,0.1650,15000
OVERSEA,2010-10-13,0.1600,0.1650,0.1600,0.1650,142000
OVERSEA,2010-10-14,0.1600,0.1650,0.1600,0.1650,69800
OVERSEA,2010-10-15,0.1650,0.1700,0.1650,0.1650,71200
OVERSEA,2010-10-18,0.1650,0.1650,0.1600,0.1600,170000
OVERSEA,2010-10-19,0.1650,0.1650,0.1650,0.1650,10000
OVERSEA,2010-10-20,0.1600,0.1600,0.1600,0.1600,71000
OVERSEA,2010-10-21,0.1600,0.1650,0.1600,0.1650,43000
OVERSEA,2010-10-22,0.1650,0.1650,0.1600,0.1650,113100
OVERSEA,2010-10-26,0.1600,0.1600,0.1600,0.1600,157000
OVERSEA,2010-10-27,0.1650,0.1650,0.1650,0.1650,5000
OVERSEA,2010-10-28,0.1650,0.1650,0.1600,0.1600,88000
OVERSEA,2010-10-29,0.1650,0.1650,0.1600,0.1600,106000
OVERSEA,2010-11-01,0.1600,0.1600,0.1550,0.1550,118000
OVERSEA,2010-11-02,0.1600,0.1600,0.1600,0.1600,126000
OVERSEA,2010-11-03,0.1600,0.1600,0.1600,0.1600,50000
OVERSEA,2010-11-04,0.1600,0.1600,0.1600,0.1600,111000
OVERSEA,2010-11-08,0.1550,0.1550,0.1500,0.1500,125800
OVERSEA,2010-11-09,0.1500,0.1550,0.1500,0.1550,429800
OVERSEA,2010-11-10,0.1550,0.1600,0.1550,0.1600,80000
OVERSEA,2010-11-11,0.1600,0.1650,0.1600,0.1600,465000
OVERSEA,2010-11-12,0.1550,0.1550,0.1550,0.1550,143000
OVERSEA,2010-11-15,0.1550,0.1550,0.1500,0.1500,157000
OVERSEA,2010-11-16,0.1500,0.1550,0.1500,0.1500,240000
OVERSEA,2010-11-18,0.1500,0.1550,0.1500,0.1500,372000
OVERSEA,2010-11-19,0.1550,0.1550,0.1500,0.1500,104000
OVERSEA,2010-11-22,0.1500,0.1500,0.1500,0.1500,25000
OVERSEA,2010-11-23,0.1500,0.1500,0.1500,0.1500,306200
OVERSEA,2010-11-24,0.1450,0.1500,0.1450,0.1450,108000
OVERSEA,2010-11-25,0.1450,0.1450,0.1450,0.1450,39000
OVERSEA,2010-11-26,0.1500,0.1500,0.1450,0.1500,153000
OVERSEA,2010-11-29,0.1500,0.1500,0.1500,0.1500,85000
OVERSEA,2010-11-30,0.1450,0.1450,0.1450,0.1450,30000
OVERSEA,2010-12-01,0.1450,0.1550,0.1450,0.1500,187000
OVERSEA,2010-12-02,0.1500,0.1550,0.1500,0.1500,218100
OVERSEA,2010-12-03,0.1500,0.1500,0.1500,0.1500,440000
OVERSEA,2010-12-06,0.1500,0.1500,0.1500,0.1500,18000
OVERSEA,2010-12-08,0.1550,0.1550,0.1500,0.1500,31500
OVERSEA,2010-12-09,0.1500,0.1500,0.1500,0.1500,15000
OVERSEA,2010-12-10,0.1500,0.1500,0.1500,0.1500,30000
OVERSEA,2010-12-13,0.1500,0.1500,0.1500,0.1500,303700
OVERSEA,2010-12-15,0.1550,0.1600,0.1550,0.1550,321000
OVERSEA,2010-12-16,0.1550,0.1600,0.1550,0.1550,173000
OVERSEA,2010-12-17,0.1600,0.1600,0.1500,0.1550,108500
OVERSEA,2010-12-20,0.1500,0.1550,0.1500,0.1550,91000
OVERSEA,2010-12-21,0.1550,0.1600,0.1550,0.1600,134800
OVERSEA,2010-12-22,0.1500,0.1600,0.1500,0.1550,290400
OVERSEA,2010-12-23,0.1600,0.1650,0.1600,0.1650,150000
OVERSEA,2010-12-24,0.1600,0.1600,0.1600,0.1600,188500
OVERSEA,2010-12-27,0.1550,0.1550,0.1550,0.1550,10000
OVERSEA,2010-12-30,0.1500,0.1550,0.1500,0.1500,31000
OVERSEA,2011-01-03,0.1600,0.1600,0.1600,0.1600,54000
OVERSEA,2011-01-04,0.1600,0.1600,0.1550,0.1600,101000
OVERSEA,2011-01-05,0.1600,0.1600,0.1550,0.1550,80000
OVERSEA,2011-01-06,0.1600,0.1600,0.1600,0.1600,15000
OVERSEA,2011-01-07,0.1550,0.1550,0.1550,0.1550,70000
OVERSEA,2011-01-10,0.1600,0.1600,0.1550,0.1600,109000
OVERSEA,2011-01-11,0.1600,0.1650,0.1550,0.1650,146100
OVERSEA,2011-01-12,0.1600,0.1600,0.1600,0.1600,100000
OVERSEA,2011-01-13,0.1650,0.1650,0.1650,0.1650,59000
OVERSEA,2011-01-14,0.1600,0.1600,0.1600,0.1600,10000
OVERSEA,2011-01-17,0.1550,0.1700,0.1550,0.1700,203700
OVERSEA,2011-01-19,0.1650,0.1650,0.1650,0.1650,20000
OVERSEA,2011-01-21,0.1550,0.1600,0.1550,0.1550,48000
OVERSEA,2011-01-24,0.1600,0.1600,0.1600,0.1600,10000
OVERSEA,2011-01-25,0.1600,0.1750,0.1600,0.1650,658100
OVERSEA,2011-01-26,0.1600,0.1600,0.1600,0.1600,46000
OVERSEA,2011-01-27,0.1600,0.1600,0.1600,0.1600,129900
OVERSEA,2011-01-31,0.1600,0.1600,0.1600,0.1600,30000
OVERSEA,2011-02-02,0.1600,0.1600,0.1600,0.1600,100000
OVERSEA,2011-02-07,0.1600,0.1700,0.1600,0.1600,210200
OVERSEA,2011-02-08,0.1650,0.1750,0.1650,0.1700,809800
OVERSEA,2011-02-09,0.1700,0.1750,0.1700,0.1750,293000
OVERSEA,2011-02-10,0.1700,0.1750,0.1700,0.1750,70000
OVERSEA,2011-02-11,0.1650,0.1650,0.1600,0.1650,116000
OVERSEA,2011-02-14,0.1600,0.1650,0.1600,0.1650,580400
OVERSEA,2011-02-18,0.1650,0.1650,0.1550,0.1550,30000
OVERSEA,2011-02-22,0.1500,0.1550,0.1500,0.1500,330000
OVERSEA,2011-02-24,0.1500,0.1500,0.1500,0.1500,40000
OVERSEA,2011-02-28,0.1550,0.1550,0.1500,0.1500,20000
OVERSEA,2011-03-03,0.1400,0.1400,0.1350,0.1400,315500
OVERSEA,2011-03-04,0.1450,0.1500,0.1450,0.1500,110300
OVERSEA,2011-03-08,0.1500,0.1500,0.1500,0.1500,60000
OVERSEA,2011-03-09,0.1400,0.1400,0.1400,0.1400,30000
OVERSEA,2011-03-11,0.1300,0.1400,0.1300,0.1400,11000
OVERSEA,2011-03-14,0.1350,0.1450,0.1300,0.1400,200000
OVERSEA,2011-03-15,0.1350,0.1350,0.1300,0.1300,60000
OVERSEA,2011-03-16,0.1300,0.1300,0.1300,0.1300,15000
OVERSEA,2011-03-17,0.1350,0.1350,0.1300,0.1300,25000
OVERSEA,2011-03-18,0.1300,0.1400,0.1300,0.1300,33000
OVERSEA,2011-03-21,0.1300,0.1500,0.1300,0.1350,84100
OVERSEA,2011-03-23,0.1350,0.1400,0.1350,0.1400,280000
OVERSEA,2011-03-28,0.1450,0.1450,0.1400,0.1400,15000
OVERSEA,2011-03-29,0.1400,0.1400,0.1400,0.1400,41000
OVERSEA,2011-03-30,0.1350,0.1350,0.1350,0.1350,47000
OVERSEA,2011-03-31,0.1450,0.1450,0.1450,0.1450,157000
OVERSEA,2011-04-01,0.1450,0.1450,0.1450,0.1450,22000
OVERSEA,2011-04-04,0.1450,0.1450,0.1400,0.1400,245000
OVERSEA,2011-04-05,0.1450,0.1450,0.1400,0.1400,150000
OVERSEA,2011-04-06,0.1450,0.1450,0.1400,0.1400,41000
OVERSEA,2011-04-07,0.1400,0.1400,0.1400,0.1400,50000
OVERSEA,2011-04-08,0.1400,0.1450,0.1400,0.1450,264000
OVERSEA,2011-04-11,0.1400,0.1450,0.1400,0.1450,96000
OVERSEA,2011-04-12,0.1450,0.1450,0.1450,0.1450,15000
OVERSEA,2011-04-13,0.1450,0.1450,0.1450,0.1450,62000
OVERSEA,2011-04-14,0.1400,0.1400,0.1400,0.1400,3000
OVERSEA,2011-04-15,0.1350,0.1350,0.1350,0.1350,30000
OVERSEA,2011-04-19,0.1300,0.1350,0.1300,0.1350,44000
OVERSEA,2011-04-20,0.1350,0.1350,0.1350,0.1350,21000
OVERSEA,2011-04-21,0.1350,0.1350,0.1350,0.1350,4500
OVERSEA,2011-04-22,0.1300,0.1350,0.1300,0.1350,105000
OVERSEA,2011-04-26,0.1350,0.1450,0.1350,0.1400,132100
OVERSEA,2011-04-28,0.1350,0.1450,0.1350,0.1450,15100
OVERSEA,2011-05-03,0.1300,0.1400,0.1300,0.1400,60700
OVERSEA,2011-05-05,0.1400,0.1400,0.1350,0.1350,40000
OVERSEA,2011-05-06,0.1350,0.1350,0.1300,0.1300,150000
OVERSEA,2011-05-09,0.1300,0.1350,0.1300,0.1350,85000
OVERSEA,2011-05-13,0.1350,0.1350,0.1350,0.1350,80000
OVERSEA,2011-05-18,0.1350,0.1450,0.1300,0.1400,141300
OVERSEA,2011-05-19,0.1400,0.1450,0.1400,0.1450,20100
OVERSEA,2011-05-23,0.1400,0.1400,0.1350,0.1350,252000
OVERSEA,2011-05-24,0.1400,0.1450,0.1400,0.1400,52100
OVERSEA,2011-05-25,0.1400,0.1400,0.1400,0.1400,150000
OVERSEA,2011-05-26,0.1400,0.1400,0.1350,0.1350,87800
OVERSEA,2011-05-27,0.1400,0.1400,0.1350,0.1400,53000
OVERSEA,2011-05-30,0.1350,0.1400,0.1350,0.1400,14000
OVERSEA,2011-05-31,0.1350,0.1350,0.1350,0.1350,5000
OVERSEA,2011-06-02,0.1400,0.1450,0.1400,0.1450,40100
OVERSEA,2011-06-03,0.1350,0.1350,0.1350,0.1350,50000
OVERSEA,2011-06-07,0.1350,0.1400,0.1350,0.1400,40100
OVERSEA,2011-06-09,0.1350,0.1400,0.1350,0.1400,120000
OVERSEA,2011-06-10,0.1400,0.1400,0.1400,0.1400,20000
OVERSEA,2011-06-13,0.1450,0.1450,0.1300,0.1300,173300
OVERSEA,2011-06-15,0.1300,0.1350,0.1300,0.1350,60000
OVERSEA,2011-06-16,0.1300,0.1300,0.1300,0.1300,100000
OVERSEA,2011-06-17,0.1350,0.1350,0.1350,0.1350,15000
OVERSEA,2011-06-21,0.1300,0.1350,0.1300,0.1350,60000
OVERSEA,2011-06-23,0.1350,0.1400,0.1350,0.1350,218300
OVERSEA,2011-06-24,0.1350,0.1350,0.1350,0.1350,480500
OVERSEA,2011-06-27,0.1400,0.1400,0.1400,0.1400,50000
OVERSEA,2011-06-28,0.1400,0.1400,0.1400,0.1400,1000
OVERSEA,2011-06-29,0.1300,0.1300,0.1300,0.1300,30000
OVERSEA,2011-06-30,0.1350,0.1350,0.1350,0.1350,47000
OVERSEA,2011-07-01,0.1400,0.1400,0.1400,0.1400,430000
OVERSEA,2011-07-04,0.1350,0.1350,0.1300,0.1300,10200
OVERSEA,2011-07-05,0.1350,0.1400,0.1350,0.1350,237500
OVERSEA,2011-07-07,0.1350,0.1400,0.1350,0.1350,145000
OVERSEA,2011-07-08,0.1350,0.1400,0.1350,0.1400,35100
OVERSEA,2011-07-13,0.1450,0.1450,0.1400,0.1400,223000
OVERSEA,2011-07-14,0.1350,0.1350,0.1350,0.1350,4000
OVERSEA,2011-07-18,0.1300,0.1300,0.1300,0.1300,100000
OVERSEA,2011-07-20,0.1350,0.1350,0.1350,0.1350,10000
OVERSEA,2011-07-21,0.1300,0.1350,0.1300,0.1350,60000
OVERSEA,2011-07-22,0.1350,0.1350,0.1350,0.1350,74000
OVERSEA,2011-07-25,0.1350,0.1350,0.1350,0.1350,33000
OVERSEA,2011-07-27,0.1300,0.1350,0.1300,0.1350,40700
OVERSEA,2011-07-28,0.1300,0.1300,0.1250,0.1250,79300
OVERSEA,2011-07-29,0.1300,0.1300,0.1250,0.1300,663000
OVERSEA,2011-08-01,0.1300,0.1300,0.1300,0.1300,120000
OVERSEA,2011-08-02,0.1300,0.1300,0.1300,0.1300,56000
OVERSEA,2011-08-05,0.1200,0.1250,0.1200,0.1250,20000
OVERSEA,2011-08-08,0.1250,0.1250,0.1150,0.1150,113000
OVERSEA,2011-08-09,0.1100,0.1100,0.1100,0.1100,30000
OVERSEA,2011-08-12,0.1300,0.1300,0.1300,0.1300,6000
OVERSEA,2011-08-15,0.1100,0.1150,0.1100,0.1100,56000
OVERSEA,2011-08-22,0.1150,0.1150,0.1150,0.1150,20000
OVERSEA,2011-08-23,0.1200,0.1200,0.1050,0.1200,70700
OVERSEA,2011-09-07,0.1150,0.1150,0.1150,0.1150,15000
OVERSEA,2011-09-08,0.1100,0.1200,0.1100,0.1100,74000
OVERSEA,2011-09-13,0.1200,0.1200,0.1200,0.1200,5000
OVERSEA,2011-09-14,0.1150,0.1150,0.1150,0.1150,15000
OVERSEA,2011-09-20,0.1100,0.1100,0.1100,0.1100,90000
OVERSEA,2011-09-21,0.1100,0.1100,0.1100,0.1100,150000
OVERSEA,2011-09-22,0.1100,0.1100,0.1100,0.1100,1700
OVERSEA,2011-09-23,0.1000,0.1150,0.1000,0.1150,10100
OVERSEA,2011-09-28,0.1000,0.1000,0.1000,0.1000,2000
OVERSEA,2011-09-30,0.1000,0.1000,0.1000,0.1000,20000
OVERSEA,2011-10-03,0.0950,0.0950,0.0950,0.0950,30000
OVERSEA,2011-10-04,0.1000,0.1000,0.1000,0.1000,6000
OVERSEA,2011-10-05,0.1000,0.1000,0.1000,0.1000,29900
OVERSEA,2011-10-06,0.0950,0.0950,0.0950,0.0950,70000
OVERSEA,2011-10-10,0.0950,0.0950,0.0950,0.0950,26000
OVERSEA,2011-10-12,0.1050,0.1050,0.1050,0.1050,30000
OVERSEA,2011-10-13,0.1050,0.1050,0.1050,0.1050,22800
OVERSEA,2011-10-19,0.1100,0.1150,0.1000,0.1150,50300
OVERSEA,2011-10-24,0.1000,0.1050,0.1000,0.1050,130000
OVERSEA,2011-10-25,0.1050,0.1050,0.1050,0.1050,30000
OVERSEA,2011-10-27,0.1100,0.1100,0.1100,0.1100,16000
OVERSEA,2011-10-28,0.1050,0.1050,0.1050,0.1050,42800
OVERSEA,2011-10-31,0.1050,0.1050,0.1050,0.1050,10000
OVERSEA,2011-11-03,0.1050,0.1050,0.1050,0.1050,10000
OVERSEA,2011-11-04,0.1050,0.1150,0.1050,0.1150,77200
OVERSEA,2011-11-08,0.1100,0.1100,0.1050,0.1050,180000
OVERSEA,2011-11-09,0.1100,0.1100,0.1050,0.1050,62000
OVERSEA,2011-11-10,0.1100,0.1350,0.1100,0.1150,585900
OVERSEA,2011-11-11,0.1100,0.1100,0.1100,0.1100,5000
OVERSEA,2011-11-16,0.1100,0.1250,0.1100,0.1250,109700
OVERSEA,2011-11-18,0.1150,0.1250,0.1150,0.1250,21000
OVERSEA,2011-11-21,0.1150,0.1150,0.1150,0.1150,10000
OVERSEA,2011-11-24,0.1200,0.1200,0.1150,0.1200,20100
OVERSEA,2011-11-29,0.1100,0.1200,0.1100,0.1200,100000
OVERSEA,2011-11-30,0.1150,0.1150,0.1150,0.1150,50000
OVERSEA,2011-12-01,0.1200,0.1350,0.1200,0.1250,636900
OVERSEA,2011-12-02,0.1250,0.1500,0.1250,0.1500,1524200
OVERSEA,2011-12-05,0.1500,0.1650,0.1450,0.1450,980000
OVERSEA,2011-12-06,0.1400,0.1450,0.1400,0.1450,220000
OVERSEA,2011-12-07,0.1350,0.1350,0.1350,0.1350,38000
OVERSEA,2011-12-08,0.1350,0.1450,0.1300,0.1450,161000
OVERSEA,2011-12-09,0.1300,0.1400,0.1300,0.1300,630000
OVERSEA,2011-12-12,0.1250,0.1250,0.1250,0.1250,10000
OVERSEA,2011-12-14,0.1200,0.1200,0.1200,0.1200,270000
OVERSEA,2011-12-15,0.1200,0.1200,0.1200,0.1200,310000
OVERSEA,2011-12-16,0.1200,0.1200,0.1200,0.1200,4000
OVERSEA,2011-12-21,0.1150,0.1150,0.1150,0.1150,375800
OVERSEA,2011-12-22,0.1150,0.1150,0.1150,0.1150,20000
OVERSEA,2011-12-23,0.1150,0.1150,0.1150,0.1150,30000
OVERSEA,2011-12-27,0.1150,0.1150,0.1150,0.1150,28000
OVERSEA,2011-12-28,0.1300,0.1550,0.1300,0.1400,20300
OVERSEA,2011-12-29,0.1200,0.1200,0.1200,0.1200,70000
OVERSEA,2011-12-30,0.1200,0.1200,0.1200,0.1200,10000
OVERSEA,2012-01-03,0.1200,0.1200,0.1150,0.1150,180000
OVERSEA,2012-01-05,0.1200,0.1300,0.1200,0.1300,170000
OVERSEA,2012-01-06,0.1300,0.1500,0.1200,0.1200,1316000
OVERSEA,2012-01-09,0.1250,0.1250,0.1250,0.1250,90000
OVERSEA,2012-01-11,0.1400,0.1400,0.1200,0.1200,97200
OVERSEA,2012-01-12,0.1200,0.1200,0.1200,0.1200,50000
OVERSEA,2012-01-19,0.1250,0.1300,0.1250,0.1250,46600
OVERSEA,2012-01-20,0.1250,0.1250,0.1200,0.1200,380000
OVERSEA,2012-01-26,0.1250,0.1250,0.1200,0.1200,1004200
OVERSEA,2012-01-27,0.1250,0.1250,0.1200,0.1250,700000
OVERSEA,2012-01-31,0.1250,0.1250,0.1250,0.1250,50000
OVERSEA,2012-02-02,0.1200,0.1400,0.1200,0.1350,617900
OVERSEA,2012-02-03,0.1300,0.1300,0.1300,0.1300,156000
OVERSEA,2012-02-08,0.1300,0.1300,0.1250,0.1300,119000
OVERSEA,2012-02-09,0.1350,0.1350,0.1350,0.1350,40000
OVERSEA,2012-02-10,0.1300,0.1300,0.1300,0.1300,10000
OVERSEA,2012-02-13,0.1300,0.1300,0.1250,0.1250,60000
OVERSEA,2012-02-14,0.1300,0.1300,0.1300,0.1300,125000
OVERSEA,2012-02-16,0.1250,0.1250,0.1250,0.1250,30000
OVERSEA,2012-02-17,0.1300,0.1300,0.1250,0.1250,144900
OVERSEA,2012-02-20,0.1300,0.1300,0.1300,0.1300,69900
OVERSEA,2012-02-21,0.1300,0.1300,0.1300,0.1300,120000
OVERSEA,2012-02-22,0.1300,0.1300,0.1300,0.1300,10000
OVERSEA,2012-02-23,0.1300,0.1300,0.1250,0.1250,60000
OVERSEA,2012-02-24,0.1250,0.1250,0.1250,0.1250,40000
OVERSEA,2012-02-27,0.1300,0.1300,0.1250,0.1250,160000
OVERSEA,2012-02-28,0.1250,0.1250,0.1250,0.1250,130000
OVERSEA,2012-03-02,0.1250,0.1250,0.1250,0.1250,10000
OVERSEA,2012-03-05,0.1200,0.1250,0.1200,0.1250,10000
OVERSEA,2012-03-06,0.1200,0.1250,0.1200,0.1200,105000
OVERSEA,2012-03-07,0.1200,0.1200,0.1200,0.1200,140000
OVERSEA,2012-03-13,0.1150,0.1200,0.1150,0.1200,54000
OVERSEA,2012-03-14,0.1200,0.1200,0.1200,0.1200,30000
OVERSEA,2012-03-16,0.1150,0.1150,0.1150,0.1150,24000
OVERSEA,2012-03-19,0.1200,0.1200,0.1200,0.1200,24000
OVERSEA,2012-03-21,0.1150,0.1150,0.1150,0.1150,500000
OVERSEA,2012-03-22,0.1200,0.1350,0.1200,0.1300,2094500
OVERSEA,2012-03-23,0.1250,0.1250,0.1250,0.1250,129400
OVERSEA,2012-03-26,0.1250,0.1550,0.1250,0.1450,3510700
OVERSEA,2012-03-27,0.1600,0.1700,0.1600,0.1700,32291200
OVERSEA,2012-03-28,0.1650,0.1650,0.1400,0.1550,2090400
OVERSEA,2012-03-29,0.1450,0.1650,0.1450,0.1550,1289600
OVERSEA,2012-03-30,0.1500,0.1500,0.1400,0.1400,1429900
OVERSEA,2012-04-02,0.1400,0.1400,0.1300,0.1350,3533400
OVERSEA,2012-04-03,0.1500,0.1600,0.1350,0.1350,7510700
OVERSEA,2012-04-04,0.1300,0.1400,0.1300,0.1350,531100
OVERSEA,2012-04-05,0.1350,0.1350,0.1300,0.1300,1005800
OVERSEA,2012-04-06,0.1350,0.1400,0.1350,0.1400,1016900
OVERSEA,2012-04-09,0.1350,0.1350,0.1300,0.1300,1152500
OVERSEA,2012-04-10,0.1300,0.1350,0.1300,0.1300,176900
OVERSEA,2012-04-12,0.1300,0.1450,0.1250,0.1400,3416400
OVERSEA,2012-04-13,0.1350,0.1400,0.1350,0.1350,458400
OVERSEA,2012-04-16,0.1350,0.1350,0.1300,0.1300,495000
OVERSEA,2012-04-17,0.1300,0.1350,0.1300,0.1300,318400
OVERSEA,2012-04-18,0.1300,0.1400,0.1300,0.1350,1405100
OVERSEA,2012-04-19,0.1350,0.1350,0.1350,0.1350,201600
OVERSEA,2012-04-20,0.1300,0.1350,0.1300,0.1350,127700
OVERSEA,2012-04-23,0.1300,0.1300,0.1300,0.1300,377000
OVERSEA,2012-04-24,0.1250,0.1250,0.1250,0.1250,173400
OVERSEA,2012-04-25,0.1250,0.1250,0.1250,0.1250,9100
OVERSEA,2012-04-26,0.1300,0.1300,0.1250,0.1250,501000
OVERSEA,2012-04-27,0.1250,0.1250,0.1250,0.1250,217000
OVERSEA,2012-04-30,0.1300,0.1500,0.1300,0.1400,4005100
OVERSEA,2012-05-02,0.1300,0.1350,0.1300,0.1350,409900
OVERSEA,2012-05-03,0.1300,0.1350,0.1300,0.1300,250000
OVERSEA,2012-05-04,0.1350,0.1350,0.1300,0.1300,925800
OVERSEA,2012-05-07,0.1350,0.1350,0.1300,0.1300,570800
OVERSEA,2012-05-08,0.1300,0.1300,0.1300,0.1300,40000
OVERSEA,2012-05-09,0.1300,0.1300,0.1300,0.1300,110000
OVERSEA,2012-05-10,0.1300,0.1300,0.1300,0.1300,95000
OVERSEA,2012-05-11,0.1300,0.1300,0.1250,0.1250,180000
OVERSEA,2012-05-14,0.1250,0.1250,0.1250,0.1250,195000
OVERSEA,2012-05-15,0.1250,0.1250,0.1250,0.1250,238000
OVERSEA,2012-05-16,0.1250,0.1250,0.1200,0.1200,301000
OVERSEA,2012-05-17,0.1250,0.1250,0.1200,0.1200,355000
OVERSEA,2012-05-18,0.1200,0.1200,0.1200,0.1200,321400
OVERSEA,2012-05-22,0.1200,0.1250,0.1200,0.1250,251000
OVERSEA,2012-05-23,0.1200,0.1200,0.1200,0.1200,60000
OVERSEA,2012-05-24,0.1150,0.1150,0.1150,0.1150,85000
OVERSEA,2012-05-25,0.1200,0.1200,0.1150,0.1150,30000
OVERSEA,2012-05-28,0.1200,0.1200,0.1150,0.1200,41300
OVERSEA,2012-05-29,0.1150,0.1200,0.1150,0.1200,212600
OVERSEA,2012-05-30,0.1250,0.1250,0.1250,0.1250,16500
OVERSEA,2012-05-31,0.1250,0.1250,0.1250,0.1250,39900
OVERSEA,2012-06-01,0.1250,0.1250,0.1200,0.1200,134000
OVERSEA,2012-06-04,0.1200,0.1200,0.1200,0.1200,21400
OVERSEA,2012-06-05,0.1150,0.1200,0.1150,0.1200,50000
OVERSEA,2012-06-06,0.1200,0.1200,0.1200,0.1200,18600
OVERSEA,2012-06-07,0.1150,0.1150,0.1150,0.1150,10000
OVERSEA,2012-06-08,0.1200,0.1200,0.1200,0.1200,73500
OVERSEA,2012-06-14,0.1200,0.1200,0.1200,0.1200,62000
OVERSEA,2012-06-15,0.1200,0.1200,0.1200,0.1200,80000
OVERSEA,2012-06-18,0.1200,0.1200,0.1200,0.1200,400000
OVERSEA,2012-06-19,0.1200,0.1200,0.1200,0.1200,20800
OVERSEA,2012-06-20,0.1250,0.1250,0.1250,0.1250,412500
OVERSEA,2012-06-21,0.1350,0.1600,0.1350,0.1350,3903500
OVERSEA,2012-06-22,0.1350,0.1350,0.1300,0.1300,146200
OVERSEA,2012-06-25,0.1350,0.1400,0.1300,0.1400,94000
OVERSEA,2012-06-26,0.1350,0.1400,0.1250,0.1250,205000
OVERSEA,2012-06-27,0.1250,0.1400,0.1250,0.1350,827100
OVERSEA,2012-06-28,0.1250,0.1400,0.1250,0.1400,726000
OVERSEA,2012-06-29,0.1300,0.1300,0.1300,0.1300,90000
OVERSEA,2012-07-02,0.1350,0.1350,0.1300,0.1300,189600
OVERSEA,2012-07-03,0.1350,0.1450,0.1300,0.1350,1987600
OVERSEA,2012-07-04,0.1350,0.1350,0.1350,0.1350,98300
OVERSEA,2012-07-05,0.1350,0.1400,0.1350,0.1350,170700
OVERSEA,2012-07-06,0.1400,0.1450,0.1300,0.1400,527600
OVERSEA,2012-07-09,0.1400,0.1400,0.1350,0.1350,290400
OVERSEA,2012-07-11,0.1300,0.1350,0.1300,0.1350,456000
OVERSEA,2012-07-12,0.1300,0.1350,0.1300,0.1350,45200
OVERSEA,2012-07-13,0.1350,0.1450,0.1300,0.1300,553700
OVERSEA,2012-07-16,0.1350,0.1350,0.1300,0.1300,185000
OVERSEA,2012-07-17,0.1300,0.1300,0.1300,0.1300,99800
OVERSEA,2012-07-18,0.1300,0.1350,0.1300,0.1350,986500
OVERSEA,2012-07-19,0.1350,0.1500,0.1300,0.1450,2636900
OVERSEA,2012-07-20,0.1400,0.1550,0.1300,0.1300,2591400
OVERSEA,2012-07-23,0.1350,0.1400,0.1300,0.1300,1128500
OVERSEA,2012-07-24,0.1300,0.1300,0.1300,0.1300,184600
OVERSEA,2012-07-25,0.1300,0.1300,0.1300,0.1300,301300
OVERSEA,2012-07-26,0.1300,0.1300,0.1300,0.1300,745500
OVERSEA,2012-07-27,0.1300,0.1300,0.1300,0.1300,30000
OVERSEA,2012-07-30,0.1300,0.1300,0.1250,0.1250,34700
OVERSEA,2012-07-31,0.1250,0.1250,0.1250,0.1250,50000
OVERSEA,2012-08-01,0.1250,0.1400,0.1250,0.1350,642000
OVERSEA,2012-08-02,0.1400,0.1400,0.1300,0.1300,452000
OVERSEA,2012-08-06,0.1300,0.1300,0.1250,0.1300,480000
OVERSEA,2012-08-07,0.1250,0.1350,0.1250,0.1350,4000
OVERSEA,2012-08-08,0.1300,0.1400,0.1250,0.1300,694300
OVERSEA,2012-08-09,0.1300,0.1300,0.1250,0.1250,90000
OVERSEA,2012-08-10,0.1300,0.1300,0.1250,0.1250,370000
OVERSEA,2012-08-13,0.1250,0.1250,0.1250,0.1250,99700
OVERSEA,2012-08-14,0.1250,0.1250,0.1250,0.1250,110000
OVERSEA,2012-08-15,0.1250,0.1350,0.1250,0.1300,792300
OVERSEA,2012-08-16,0.1300,0.1300,0.1300,0.1300,35000
OVERSEA,2012-08-17,0.1250,0.1300,0.1250,0.1300,100000
OVERSEA,2012-08-22,0.1300,0.1300,0.1300,0.1300,133600
OVERSEA,2012-08-23,0.1250,0.1300,0.1250,0.1300,37000
OVERSEA,2012-08-24,0.1300,0.1300,0.1300,0.1300,90000
OVERSEA,2012-08-29,0.1300,0.1300,0.1300,0.1300,20000
OVERSEA,2012-08-30,0.1300,0.1350,0.1300,0.1300,330000
OVERSEA,2012-09-03,0.1300,0.1300,0.1300,0.1300,52000
OVERSEA,2012-09-04,0.1350,0.1350,0.1350,0.1350,1000
OVERSEA,2012-09-06,0.1250,0.1250,0.1200,0.1250,141000
OVERSEA,2012-09-07,0.1250,0.1250,0.1250,0.1250,20000
OVERSEA,2012-09-10,0.1200,0.1200,0.1200,0.1200,10000
OVERSEA,2012-09-11,0.1200,0.1200,0.1200,0.1200,46000
OVERSEA,2012-09-13,0.1200,0.1200,0.1200,0.1200,200000
OVERSEA,2012-09-18,0.1200,0.1250,0.1200,0.1200,81000
OVERSEA,2012-09-20,0.1200,0.1200,0.1150,0.1150,230000
OVERSEA,2012-09-21,0.1200,0.1250,0.1200,0.1200,99000
OVERSEA,2012-09-24,0.1200,0.1250,0.1200,0.1200,91100
OVERSEA,2012-09-25,0.1250,0.1250,0.1250,0.1250,49900
OVERSEA,2012-09-26,0.1250,0.1250,0.1200,0.1250,115000
OVERSEA,2012-10-02,0.1200,0.1200,0.1200,0.1200,20000
OVERSEA,2012-10-04,0.1200,0.1200,0.1150,0.1150,60100
OVERSEA,2012-10-05,0.1250,0.1300,0.1150,0.1200,96000
OVERSEA,2012-10-09,0.1250,0.1250,0.1150,0.1200,196000
OVERSEA,2012-10-10,0.1150,0.1150,0.1150,0.1150,40000
OVERSEA,2012-10-12,0.1150,0.1150,0.1150,0.1150,100000
OVERSEA,2012-10-15,0.1150,0.1200,0.1150,0.1200,38200
OVERSEA,2012-10-16,0.1200,0.1250,0.1200,0.1250,120100
OVERSEA,2012-10-17,0.1250,0.1250,0.1200,0.1200,210000
OVERSEA,2012-10-18,0.1250,0.1250,0.1250,0.1250,91000
OVERSEA,2012-10-19,0.1200,0.1200,0.1200,0.1200,165000
OVERSEA,2012-10-22,0.1200,0.1250,0.1200,0.1200,154000
OVERSEA,2012-10-23,0.1250,0.1300,0.1250,0.1250,367300
OVERSEA,2012-10-24,0.1250,0.1300,0.1250,0.1300,55000
OVERSEA,2012-10-25,0.1200,0.1250,0.1200,0.1250,105000
OVERSEA,2012-10-29,0.1300,0.1300,0.1300,0.1300,185000
OVERSEA,2012-10-30,0.1300,0.1350,0.1300,0.1350,643000
OVERSEA,2012-10-31,0.1350,0.1350,0.1300,0.1300,100000
OVERSEA,2012-11-01,0.1350,0.1350,0.1300,0.1300,504000
OVERSEA,2012-11-02,0.1300,0.1300,0.1250,0.1300,170200
OVERSEA,2012-11-05,0.1300,0.1300,0.1250,0.1300,325200
OVERSEA,2012-11-06,0.1300,0.1350,0.1250,0.1350,261900
OVERSEA,2012-11-07,0.1250,0.1350,0.1250,0.1300,277700
OVERSEA,2012-11-08,0.1300,0.1300,0.1300,0.1300,26000
OVERSEA,2012-11-09,0.1300,0.1300,0.1300,0.1300,90000
OVERSEA,2012-11-12,0.1300,0.1300,0.1250,0.1250,44100
OVERSEA,2012-11-14,0.1250,0.1250,0.1200,0.1200,100000
OVERSEA,2012-11-16,0.1200,0.1200,0.1200,0.1200,80000
OVERSEA,2012-11-19,0.1250,0.1250,0.1200,0.1200,24100
OVERSEA,2012-11-20,0.1200,0.1200,0.1200,0.1200,30000
OVERSEA,2012-11-21,0.1150,0.1250,0.1150,0.1250,20200
OVERSEA,2012-11-22,0.1150,0.1200,0.1150,0.1200,100000
OVERSEA,2012-11-26,0.1150,0.1250,0.1150,0.1150,26200
OVERSEA,2012-11-27,0.1150,0.1200,0.1150,0.1200,224100
OVERSEA,2012-11-29,0.1150,0.1150,0.1150,0.1150,8000
OVERSEA,2012-11-30,0.1150,0.1150,0.1150,0.1150,20000
OVERSEA,2012-12-04,0.1200,0.1200,0.1200,0.1200,73000
OVERSEA,2012-12-10,0.1250,0.1250,0.1250,0.1250,11100
OVERSEA,2012-12-11,0.1200,0.1200,0.1200,0.1200,10000
OVERSEA,2012-12-14,0.1200,0.1200,0.1200,0.1200,50000
OVERSEA,2012-12-17,0.1200,0.1200,0.1200,0.1200,37000
OVERSEA,2012-12-18,0.1150,0.1150,0.1150,0.1150,3000
OVERSEA,2012-12-19,0.1200,0.1250,0.1200,0.1250,83000
OVERSEA,2012-12-20,0.1200,0.1250,0.1200,0.1250,360100
OVERSEA,2012-12-21,0.1350,0.1650,0.1350,0.1450,11275700
OVERSEA,2012-12-24,0.1450,0.1450,0.1350,0.1350,799800
OVERSEA,2012-12-26,0.1350,0.1350,0.1300,0.1300,653100
OVERSEA,2012-12-27,0.1300,0.1300,0.1250,0.1250,703200
OVERSEA,2012-12-28,0.1250,0.1300,0.1250,0.1300,1112000
OVERSEA,2012-12-31,0.1300,0.1350,0.1300,0.1300,258000
OVERSEA,2013-01-02,0.1300,0.1300,0.1250,0.1250,165600
OVERSEA,2013-01-03,0.1250,0.1300,0.1250,0.1250,7000
OVERSEA,2013-01-04,0.1300,0.1400,0.1250,0.1300,1121400
OVERSEA,2013-01-07,0.1250,0.1300,0.1250,0.1300,457000
OVERSEA,2013-01-08,0.1300,0.1300,0.1300,0.1300,30000
OVERSEA,2013-01-09,0.1300,0.1300,0.1250,0.1250,114100
OVERSEA,2013-01-10,0.1250,0.1300,0.1250,0.1250,320200
OVERSEA,2013-01-11,0.1250,0.1250,0.1250,0.1250,50000
OVERSEA,2013-01-14,0.1300,0.1300,0.1300,0.1300,285400
OVERSEA,2013-01-15,0.1300,0.1300,0.1300,0.1300,25000
OVERSEA,2013-01-16,0.1300,0.1300,0.1300,0.1300,770000
OVERSEA,2013-01-17,0.1300,0.1350,0.1300,0.1350,605000
OVERSEA,2013-01-18,0.1350,0.1350,0.1350,0.1350,30000
OVERSEA,2013-01-21,0.1300,0.1300,0.1300,0.1300,20000
OVERSEA,2013-01-22,0.1250,0.1250,0.1250,0.1250,147000
OVERSEA,2013-01-23,0.1250,0.1250,0.1250,0.1250,230100
OVERSEA,2013-01-25,0.1250,0.1250,0.1250,0.1250,32000
OVERSEA,2013-01-29,0.1250,0.1250,0.1250,0.1250,191000
OVERSEA,2013-01-30,0.1250,0.1250,0.1200,0.1250,166000
OVERSEA,2013-01-31,0.1200,0.1200,0.1200,0.1200,160000
OVERSEA,2013-02-04,0.1200,0.1200,0.1200,0.1200,200000
OVERSEA,2013-02-05,0.1200,0.1200,0.1200,0.1200,90000
OVERSEA,2013-02-06,0.1200,0.1200,0.1200,0.1200,132000
OVERSEA,2013-02-07,0.1200,0.1200,0.1200,0.1200,122400
OVERSEA,2013-02-08,0.1200,0.1200,0.1200,0.1200,20000
OVERSEA,2013-02-14,0.1200,0.1200,0.1200,0.1200,82300
OVERSEA,2013-02-15,0.1200,0.1200,0.1200,0.1200,4000
OVERSEA,2013-02-18,0.1150,0.1200,0.1150,0.1200,41000
OVERSEA,2013-02-19,0.1150,0.1150,0.1150,0.1150,20000
OVERSEA,2013-02-21,0.1150,0.1150,0.1150,0.1150,50000
OVERSEA,2013-02-22,0.1150,0.1150,0.1150,0.1150,140000
OVERSEA,2013-02-25,0.1150,0.1150,0.1150,0.1150,12800
OVERSEA,2013-02-26,0.1200,0.1200,0.1200,0.1200,25000
OVERSEA,2013-02-28,0.1150,0.1200,0.1150,0.1150,197100
OVERSEA,2013-03-01,0.1150,0.1150,0.1150,0.1150,30000
OVERSEA,2013-03-06,0.1150,0.1250,0.1150,0.1250,5000
OVERSEA,2013-03-07,0.1150,0.1150,0.1150,0.1150,26000
OVERSEA,2013-03-08,0.1150,0.1150,0.1150,0.1150,10000
OVERSEA,2013-03-12,0.1150,0.1150,0.1150,0.1150,26000
OVERSEA,2013-03-13,0.1200,0.1250,0.1150,0.1150,166100
OVERSEA,2013-03-14,0.1200,0.1200,0.1200,0.1200,89100
OVERSEA,2013-03-15,0.1200,0.1200,0.1200,0.1200,40000
OVERSEA,2013-03-20,0.1150,0.1300,0.1150,0.1300,82300
OVERSEA,2013-03-21,0.1200,0.1200,0.1200,0.1200,32300
OVERSEA,2013-03-22,0.1200,0.1200,0.1200,0.1200,70000
OVERSEA,2013-03-25,0.1200,0.1200,0.1200,0.1200,10000
OVERSEA,2013-03-26,0.1200,0.1200,0.1200,0.1200,80000
OVERSEA,2013-03-27,0.1200,0.1200,0.1200,0.1200,60000
OVERSEA,2013-03-28,0.1200,0.1200,0.1200,0.1200,94900
OVERSEA,2013-03-29,0.1200,0.1200,0.1200,0.1200,30000
OVERSEA,2013-04-01,0.1150,0.1250,0.1150,0.1250,30100
OVERSEA,2013-04-02,0.1200,0.1200,0.1150,0.1200,150200
OVERSEA,2013-04-03,0.1200,0.1200,0.1150,0.1150,134900
OVERSEA,2013-04-04,0.1150,0.1150,0.1150,0.1150,100000
OVERSEA,2013-04-08,0.1150,0.1150,0.1150,0.1150,21900
OVERSEA,2013-04-10,0.1150,0.1150,0.1150,0.1150,20000
OVERSEA,2013-04-11,0.1200,0.1200,0.1150,0.1200,70100
OVERSEA,2013-04-17,0.1200,0.1200,0.1150,0.1150,197800
OVERSEA,2013-04-18,0.1150,0.1200,0.1150,0.1200,92000
OVERSEA,2013-04-22,0.1150,0.1150,0.1150,0.1150,344900
OVERSEA,2013-04-24,0.1150,0.1150,0.1150,0.1150,50000
OVERSEA,2013-04-26,0.1150,0.1150,0.1150,0.1150,20000
OVERSEA,2013-04-29,0.1150,0.1150,0.1150,0.1150,20000
OVERSEA,2013-04-30,0.1150,0.1150,0.1150,0.1150,50000
OVERSEA,2013-05-02,0.1150,0.1150,0.1100,0.1100,112700
OVERSEA,2013-05-03,0.1100,0.1100,0.1100,0.1100,50000
OVERSEA,2013-05-06,0.1150,0.1150,0.1150,0.1150,95000
OVERSEA,2013-05-07,0.1150,0.1150,0.1150,0.1150,16000
OVERSEA,2013-05-08,0.1200,0.1200,0.1200,0.1200,154900
OVERSEA,2013-05-09,0.1250,0.1300,0.1200,0.1200,684100
OVERSEA,2013-05-10,0.1250,0.1250,0.1250,0.1250,35200
OVERSEA,2013-05-13,0.1300,0.1300,0.1250,0.1300,459000
OVERSEA,2013-05-14,0.1250,0.1300,0.1250,0.1300,218000
OVERSEA,2013-05-15,0.1350,0.1350,0.1250,0.1300,502100
OVERSEA,2013-05-16,0.1350,0.1400,0.1300,0.1350,460800
OVERSEA,2013-05-17,0.1350,0.1350,0.1300,0.1350,284000
OVERSEA,2013-05-20,0.1350,0.1500,0.1350,0.1350,303000
OVERSEA,2013-05-21,0.1350,0.1400,0.1350,0.1400,912000
OVERSEA,2013-05-22,0.1400,0.1400,0.1350,0.1350,1354100
OVERSEA,2013-05-23,0.1250,0.1300,0.1250,0.1300,555000
OVERSEA,2013-05-29,0.1250,0.1250,0.1250,0.1250,5500
OVERSEA,2013-05-30,0.1250,0.1250,0.1200,0.1250,150000
OVERSEA,2013-06-03,0.1200,0.1300,0.1200,0.1300,5100
OVERSEA,2013-06-05,0.1250,0.1250,0.1250,0.1250,150000
OVERSEA,2013-06-06,0.1250,0.1250,0.1200,0.1200,100100
OVERSEA,2013-06-07,0.1300,0.1300,0.1250,0.1250,137400
OVERSEA,2013-06-10,0.1300,0.1350,0.1300,0.1300,1202100
OVERSEA,2013-06-11,0.1250,0.1250,0.1200,0.1200,463000
OVERSEA,2013-06-12,0.1200,0.1200,0.1200,0.1200,698000
OVERSEA,2013-06-13,0.1200,0.1200,0.1200,0.1200,144000
OVERSEA,2013-06-14,0.1200,0.1200,0.1200,0.1200,50000
OVERSEA,2013-06-17,0.1150,0.1150,0.1150,0.1150,50000
OVERSEA,2013-06-18,0.1200,0.1200,0.1200,0.1200,20000
OVERSEA,2013-06-19,0.1150,0.1200,0.1150,0.1200,30000
OVERSEA,2013-06-20,0.1150,0.1150,0.1150,0.1150,395200
OVERSEA,2013-06-21,0.1100,0.1100,0.1100,0.1100,9000
OVERSEA,2013-06-24,0.1150,0.1150,0.1150,0.1150,190200
OVERSEA,2013-06-25,0.1150,0.1150,0.1150,0.1150,60000
OVERSEA,2013-06-26,0.1150,0.1150,0.1100,0.1100,231400
OVERSEA,2013-06-27,0.1150,0.1150,0.1150,0.1150,80000
OVERSEA,2013-07-02,0.1150,0.1150,0.1150,0.1150,22500
OVERSEA,2013-07-03,0.1150,0.1150,0.1150,0.1150,30000
OVERSEA,2013-07-05,0.1100,0.1150,0.1100,0.1150,974800
OVERSEA,2013-07-08,0.1150,0.1150,0.1150,0.1150,40000
OVERSEA,2013-07-09,0.1200,0.1200,0.1200,0.1200,50000
OVERSEA,2013-07-10,0.1200,0.1200,0.1200,0.1200,2000
OVERSEA,2013-07-11,0.1200,0.1200,0.1150,0.1150,110000
OVERSEA,2013-07-12,0.1150,0.1150,0.1150,0.1150,200000
OVERSEA,2013-07-15,0.1150,0.1150,0.1150,0.1150,93300
OVERSEA,2013-07-16,0.1150,0.1150,0.1100,0.1100,184000
OVERSEA,2013-07-17,0.1100,0.1100,0.1100,0.1100,423700
OVERSEA,2013-07-18,0.1150,0.1150,0.1100,0.1150,54200
OVERSEA,2013-07-19,0.1150,0.1150,0.1150,0.1150,30000
OVERSEA,2013-07-22,0.1150,0.1150,0.1100,0.1100,299100
OVERSEA,2013-07-23,0.1150,0.1150,0.1150,0.1150,160000
OVERSEA,2013-07-24,0.1200,0.1200,0.1150,0.1200,80900
OVERSEA,2013-07-25,0.1150,0.1150,0.1150,0.1150,30000
OVERSEA,2013-07-26,0.1200,0.1200,0.1200,0.1200,3000
OVERSEA,2013-07-30,0.1100,0.1100,0.1100,0.1100,5000
OVERSEA,2013-08-01,0.1200,0.1200,0.1100,0.1100,200
OVERSEA,2013-08-02,0.1150,0.1150,0.1150,0.1150,30000
OVERSEA,2013-08-05,0.1100,0.1150,0.1100,0.1150,55500
OVERSEA,2013-08-06,0.1100,0.1150,0.1100,0.1150,42500
OVERSEA,2013-08-12,0.1200,0.1200,0.1100,0.1100,80000
OVERSEA,2013-08-13,0.1200,0.1200,0.1150,0.1150,11000
OVERSEA,2013-08-14,0.1150,0.1150,0.1150,0.1150,43700
OVERSEA,2013-08-15,0.1150,0.1200,0.1150,0.1200,89500
OVERSEA,2013-08-16,0.1150,0.1300,0.1150,0.1250,519700
OVERSEA,2013-08-19,0.1200,0.1200,0.1150,0.1200,30300
OVERSEA,2013-08-20,0.1150,0.1150,0.1150,0.1150,202000
OVERSEA,2013-08-21,0.1150,0.1150,0.1150,0.1150,295000
OVERSEA,2013-08-22,0.1150,0.1150,0.1100,0.1100,100000
OVERSEA,2013-08-23,0.1150,0.1150,0.1150,0.1150,50000
OVERSEA,2013-08-26,0.1100,0.1150,0.1100,0.1150,30000
OVERSEA,2013-08-28,0.1100,0.1150,0.1100,0.1150,205100
OVERSEA,2013-09-02,0.1100,0.1100,0.1100,0.1100,290100
OVERSEA,2013-09-04,0.1100,0.1100,0.1100,0.1100,20000
OVERSEA,2013-09-05,0.1100,0.1100,0.1050,0.1050,94000
OVERSEA,2013-09-06,0.1150,0.1150,0.1150,0.1150,45000
OVERSEA,2013-09-09,0.1100,0.1100,0.1100,0.1100,109000
OVERSEA,2013-09-10,0.1100,0.1100,0.1100,0.1100,167000
OVERSEA,2013-09-12,0.1100,0.1100,0.1100,0.1100,82400
OVERSEA,2013-09-17,0.1100,0.1100,0.1100,0.1100,110000
OVERSEA,2013-09-18,0.1100,0.1100,0.1100,0.1100,70000
OVERSEA,2013-09-19,0.1150,0.1150,0.1150,0.1150,3000
OVERSEA,2013-09-20,0.1150,0.1150,0.1150,0.1150,47000
OVERSEA,2013-09-26,0.1100,0.1100,0.1100,0.1100,200000
OVERSEA,2013-09-30,0.1100,0.1100,0.1100,0.1100,7000
OVERSEA,2013-10-01,0.1100,0.1100,0.1050,0.1100,502900
OVERSEA,2013-10-02,0.1100,0.1100,0.1100,0.1100,57000
OVERSEA,2013-10-03,0.1200,0.1200,0.1150,0.1200,351100
OVERSEA,2013-10-04,0.1150,0.1150,0.1100,0.1100,479400
OVERSEA,2013-10-07,0.1100,0.1100,0.1100,0.1100,14000
OVERSEA,2013-10-08,0.1100,0.1100,0.1100,0.1100,180000
OVERSEA,2013-10-09,0.1100,0.1100,0.1050,0.1050,199400
OVERSEA,2013-10-10,0.1150,0.1150,0.1150,0.1150,70000
OVERSEA,2013-10-11,0.1150,0.1200,0.1150,0.1150,343500
OVERSEA,2013-10-14,0.1150,0.1150,0.1150,0.1150,52000
OVERSEA,2013-10-16,0.1150,0.1200,0.1150,0.1200,92200
OVERSEA,2013-10-17,0.1100,0.1150,0.1100,0.1150,2000
OVERSEA,2013-10-18,0.1100,0.1150,0.1100,0.1150,85000
OVERSEA,2013-10-23,0.1150,0.1200,0.1150,0.1150,210200
OVERSEA,2013-10-24,0.1150,0.1150,0.1150,0.1150,100000
OVERSEA,2013-10-25,0.1150,0.1150,0.1150,0.1150,63000
OVERSEA,2013-10-28,0.1150,0.1150,0.1150,0.1150,80000
OVERSEA,2013-10-29,0.1200,0.1200,0.1200,0.1200,160000
OVERSEA,2013-10-30,0.1200,0.1200,0.1200,0.1200,10000
OVERSEA,2013-10-31,0.1150,0.1300,0.1150,0.1300,743800
OVERSEA,2013-11-01,0.1250,0.1350,0.1250,0.1350,1968100
OVERSEA,2013-11-04,0.1250,0.1300,0.1250,0.1250,533200
OVERSEA,2013-11-06,0.1250,0.1250,0.1250,0.1250,118800
OVERSEA,2013-11-07,0.1250,0.1250,0.1200,0.1200,163800
OVERSEA,2013-11-08,0.1200,0.1200,0.1200,0.1200,140000
OVERSEA,2013-11-11,0.1200,0.1250,0.1200,0.1250,120600
OVERSEA,2013-11-12,0.1200,0.1200,0.1200,0.1200,50000
OVERSEA,2013-11-14,0.1200,0.1200,0.1200,0.1200,90200
OVERSEA,2013-11-15,0.1250,0.1250,0.1250,0.1250,63300
OVERSEA,2013-11-21,0.1250,0.1300,0.1250,0.1250,580200
OVERSEA,2013-11-22,0.1250,0.1250,0.1250,0.1250,95200
OVERSEA,2013-11-25,0.1250,0.1250,0.1250,0.1250,205000
OVERSEA,2013-11-27,0.1250,0.1250,0.1250,0.1250,167000
OVERSEA,2013-11-28,0.1250,0.1250,0.1250,0.1250,23000
OVERSEA,2013-11-29,0.1250,0.1250,0.1250,0.1250,80000
OVERSEA,2013-12-03,0.1200,0.1200,0.1200,0.1200,5000
OVERSEA,2013-12-06,0.1250,0.1250,0.1250,0.1250,88000
OVERSEA,2013-12-10,0.1200,0.1200,0.1200,0.1200,10000
OVERSEA,2013-12-11,0.1250,0.1250,0.1250,0.1250,30000
OVERSEA,2013-12-12,0.1200,0.1200,0.1200,0.1200,22000
OVERSEA,2013-12-13,0.1250,0.1250,0.1250,0.1250,359600
OVERSEA,2013-12-16,0.1250,0.1250,0.1250,0.1250,144800
OVERSEA,2013-12-17,0.1250,0.1300,0.1250,0.1300,407300
OVERSEA,2013-12-18,0.1250,0.1300,0.1250,0.1250,218000
OVERSEA,2013-12-19,0.1250,0.1250,0.1250,0.1250,358000
OVERSEA,2013-12-20,0.1250,0.1250,0.1250,0.1250,260000
OVERSEA,2013-12-24,0.1250,0.1250,0.1250,0.1250,130000
OVERSEA,2013-12-27,0.1250,0.1250,0.1200,0.1250,240000
OVERSEA,2013-12-30,0.1250,0.1250,0.1250,0.1250,100000
OVERSEA,2014-01-02,0.1250,0.1250,0.1250,0.1250,532700
OVERSEA,2014-01-03,0.1300,0.1300,0.1300,0.1300,1300
OVERSEA,2014-01-06,0.1250,0.1250,0.1250,0.1250,256000
OVERSEA,2014-01-07,0.1250,0.1250,0.1250,0.1250,30000
OVERSEA,2014-01-08,0.1300,0.1300,0.1300,0.1300,1000
OVERSEA,2014-01-10,0.1250,0.1300,0.1250,0.1300,298000
OVERSEA,2014-01-13,0.1250,0.1250,0.1250,0.1250,94000
OVERSEA,2014-01-15,0.1250,0.1250,0.1250,0.1250,220000
OVERSEA,2014-01-16,0.1250,0.1350,0.1200,0.1350,181000
OVERSEA,2014-01-20,0.1250,0.1250,0.1250,0.1250,50000
OVERSEA,2014-01-21,0.1250,0.1250,0.1250,0.1250,8000
OVERSEA,2014-01-23,0.1350,0.1350,0.1350,0.1350,8000
OVERSEA,2014-01-27,0.1250,0.1300,0.1250,0.1300,24000
OVERSEA,2014-01-28,0.1250,0.1300,0.1250,0.1250,74000
OVERSEA,2014-02-05,0.1250,0.1300,0.1250,0.1250,460200
OVERSEA,2014-02-07,0.1200,0.1300,0.1200,0.1300,2100
OVERSEA,2014-02-11,0.1250,0.1250,0.1250,0.1250,100000
OVERSEA,2014-02-12,0.1250,0.1250,0.1250,0.1250,20000
OVERSEA,2014-02-14,0.1250,0.1250,0.1250,0.1250,5000
OVERSEA,2014-02-18,0.1250,0.1300,0.1250,0.1250,220000
OVERSEA,2014-02-19,0.1250,0.1300,0.1250,0.1300,335100
OVERSEA,2014-02-20,0.1300,0.1300,0.1300,0.1300,520000
OVERSEA,2014-02-24,0.1300,0.1300,0.1300,0.1300,60000
OVERSEA,2014-02-25,0.1300,0.1300,0.1300,0.1300,420000
OVERSEA,2014-02-28,0.1300,0.1400,0.1300,0.1350,1656000
OVERSEA,2014-03-03,0.1400,0.1400,0.1350,0.1350,1977000
OVERSEA,2014-03-04,0.1400,0.1500,0.1350,0.1500,2346600
OVERSEA,2014-03-05,0.1500,0.1600,0.1400,0.1400,3237300
OVERSEA,2014-03-06,0.1400,0.1450,0.1400,0.1450,528900
OVERSEA,2014-03-07,0.1450,0.1500,0.1400,0.1450,493000
OVERSEA,2014-03-10,0.1450,0.1450,0.1400,0.1400,378000
OVERSEA,2014-03-11,0.1400,0.1400,0.1350,0.1350,292400
OVERSEA,2014-03-12,0.1350,0.1400,0.1350,0.1400,720300
OVERSEA,2014-03-13,0.1350,0.1400,0.1350,0.1400,343000
OVERSEA,2014-03-14,0.1400,0.1400,0.1350,0.1400,380400
OVERSEA,2014-03-17,0.1400,0.1450,0.1350,0.1450,453000
OVERSEA,2014-03-18,0.1400,0.1450,0.1400,0.1450,25000
OVERSEA,2014-03-19,0.1450,0.1650,0.1450,0.1600,2575800
OVERSEA,2014-03-20,0.1500,0.1500,0.1500,0.1500,70000
OVERSEA,2014-03-21,0.1500,0.1550,0.1500,0.1550,455000
OVERSEA,2014-03-24,0.1550,0.1550,0.1500,0.1500,55900
OVERSEA,2014-03-25,0.1550,0.1550,0.1450,0.1450,1001000
OVERSEA,2014-03-26,0.1500,0.1600,0.1500,0.1600,798900
OVERSEA,2014-03-27,0.1550,0.1550,0.1550,0.1550,110000
OVERSEA,2014-03-28,0.1500,0.1550,0.1500,0.1550,77500
OVERSEA,2014-03-31,0.1550,0.1600,0.1550,0.1550,667600
OVERSEA,2014-04-01,0.1600,0.1650,0.1600,0.1600,772700
OVERSEA,2014-04-02,0.1600,0.1600,0.1600,0.1600,434000
OVERSEA,2014-04-03,0.1600,0.1650,0.1600,0.1600,300600
OVERSEA,2014-04-04,0.1600,0.1600,0.1600,0.1600,370000
OVERSEA,2014-04-07,0.1600,0.1600,0.1550,0.1600,348100
OVERSEA,2014-04-08,0.1600,0.1750,0.1600,0.1750,1142900
OVERSEA,2014-04-09,0.1750,0.2000,0.1750,0.1900,3543000
OVERSEA,2014-04-10,0.1900,0.1950,0.1900,0.1900,1000800
OVERSEA,2014-04-11,0.1850,0.1900,0.1850,0.1850,373000
OVERSEA,2014-04-14,0.1850,0.1850,0.1800,0.1800,303300
OVERSEA,2014-04-15,0.1800,0.1850,0.1800,0.1850,721800
OVERSEA,2014-04-16,0.1850,0.1850,0.1800,0.1850,567900
OVERSEA,2014-04-17,0.1850,0.1850,0.1800,0.1850,1330700
OVERSEA,2014-04-18,0.1800,0.1850,0.1800,0.1800,855000
OVERSEA,2014-04-21,0.1800,0.1800,0.1750,0.1800,533000
OVERSEA,2014-04-22,0.1750,0.1850,0.1750,0.1850,586500
OVERSEA,2014-04-23,0.1800,0.1800,0.1800,0.1800,275500
OVERSEA,2014-04-24,0.1750,0.1750,0.1750,0.1750,95000
OVERSEA,2014-04-25,0.1800,0.1800,0.1750,0.1750,96000
OVERSEA,2014-04-28,0.1800,0.1950,0.1750,0.1750,1354500
OVERSEA,2014-04-29,0.1750,0.1750,0.1700,0.1700,268000
OVERSEA,2014-04-30,0.1700,0.1800,0.1700,0.1800,21000
OVERSEA,2014-05-02,0.1700,0.1700,0.1700,0.1700,101400
OVERSEA,2014-05-05,0.1650,0.1900,0.1650,0.1800,761500
OVERSEA,2014-05-06,0.1650,0.1750,0.1650,0.1700,128500
OVERSEA,2014-05-07,0.1700,0.1700,0.1700,0.1700,36000
OVERSEA,2014-05-08,0.1700,0.1800,0.1700,0.1800,46000
OVERSEA,2014-05-09,0.1800,0.1900,0.1750,0.1750,1445000
OVERSEA,2014-05-12,0.1700,0.1800,0.1700,0.1800,182000
OVERSEA,2014-05-14,0.1750,0.1800,0.1750,0.1800,110000
OVERSEA,2014-05-15,0.1750,0.1750,0.1750,0.1750,72000
OVERSEA,2014-05-16,0.1750,0.1850,0.1750,0.1750,1720100
OVERSEA,2014-05-19,0.1700,0.1700,0.1700,0.1700,5000
OVERSEA,2014-05-20,0.1750,0.1750,0.1750,0.1750,424300
OVERSEA,2014-05-21,0.1750,0.1750,0.1750,0.1750,10000
OVERSEA,2014-05-22,0.1850,0.1850,0.1800,0.1800,989800
OVERSEA,2014-05-23,0.1850,0.2150,0.1850,0.2100,7866400
OVERSEA,2014-05-26,0.2050,0.2050,0.1900,0.1950,1992800
OVERSEA,2014-05-27,0.1900,0.2050,0.1900,0.2050,1394700
OVERSEA,2014-05-28,0.2000,0.2000,0.1800,0.1950,1024000
OVERSEA,2014-05-29,0.2050,0.2250,0.2000,0.2100,8456200
OVERSEA,2014-05-30,0.2100,0.2150,0.2000,0.2050,418700
OVERSEA,2014-06-02,0.1900,0.2050,0.1900,0.2000,727100
OVERSEA,2014-06-03,0.2000,0.2100,0.2000,0.2050,721400
OVERSEA,2014-06-04,0.2100,0.2300,0.2000,0.2300,7723200
OVERSEA,2014-06-05,0.2300,0.2400,0.2250,0.2300,10020700
OVERSEA,2014-06-06,0.2300,0.2400,0.2300,0.2350,2976600
OVERSEA,2014-06-09,0.2350,0.2450,0.2300,0.2350,3756400
OVERSEA,2014-06-10,0.2350,0.2650,0.2350,0.2600,11676300
OVERSEA,2014-06-11,0.2600,0.2650,0.2400,0.2450,3540500
OVERSEA,2014-06-12,0.2450,0.2550,0.2400,0.2450,2543400
OVERSEA,2014-06-13,0.2450,0.2500,0.2400,0.2500,756200
OVERSEA,2014-06-16,0.2450,0.2450,0.2350,0.2450,967700
OVERSEA,2014-06-17,0.2350,0.2550,0.2350,0.2500,1577100
OVERSEA,2014-06-18,0.2500,0.2850,0.2500,0.2750,11144300
OVERSEA,2014-06-19,0.2800,0.3100,0.2800,0.2900,16544200
OVERSEA,2014-06-20,0.2900,0.3000,0.2800,0.2800,3148100
OVERSEA,2014-06-23,0.2750,0.2950,0.2600,0.2800,3702200
OVERSEA,2014-06-24,0.2700,0.2850,0.2700,0.2750,2664700
OVERSEA,2014-06-25,0.2750,0.2850,0.2700,0.2700,2049200
OVERSEA,2014-06-26,0.2700,0.2800,0.2650,0.2800,1156300
OVERSEA,2014-06-27,0.2700,0.2750,0.2600,0.2700,1535100
OVERSEA,2014-06-30,0.2750,0.2750,0.2600,0.2600,1831100
OVERSEA,2014-07-01,0.2550,0.2550,0.2500,0.2500,1067100
OVERSEA,2014-07-02,0.2550,0.2600,0.2500,0.2500,993700
OVERSEA,2014-07-03,0.2500,0.2600,0.2500,0.2550,1448300
OVERSEA,2014-07-04,0.2550,0.2600,0.2500,0.2550,1135100
OVERSEA,2014-07-07,0.2600,0.2750,0.2600,0.2700,2797300
OVERSEA,2014-07-08,0.2700,0.2700,0.2600,0.2650,986100
OVERSEA,2014-07-09,0.2650,0.2650,0.2550,0.2600,841000
OVERSEA,2014-07-10,0.2600,0.2650,0.2600,0.2600,243000
OVERSEA,2014-07-11,0.2600,0.2600,0.2550,0.2550,780300
OVERSEA,2014-07-14,0.2550,0.2550,0.2550,0.2550,1180800
OVERSEA,2014-07-16,0.2600,0.2700,0.2500,0.2550,1341900
OVERSEA,2014-07-17,0.2600,0.2600,0.2550,0.2600,343100
OVERSEA,2014-07-18,0.2550,0.2600,0.2500,0.2500,1517200
OVERSEA,2014-07-21,0.2550,0.2550,0.2400,0.2450,2123800
OVERSEA,2014-07-22,0.2450,0.2450,0.2300,0.2400,1541500
OVERSEA,2014-07-23,0.2400,0.2400,0.2350,0.2400,880100
OVERSEA,2014-07-24,0.2400,0.2700,0.2400,0.2550,5475700
OVERSEA,2014-07-25,0.2600,0.2600,0.2450,0.2450,1124500
OVERSEA,2014-07-30,0.2500,0.2550,0.2400,0.2450,1638700
OVERSEA,2014-07-31,0.2450,0.2600,0.2400,0.2400,2360300
OVERSEA,2014-08-01,0.2400,0.2450,0.2400,0.2450,1077600
OVERSEA,2014-08-04,0.2400,0.2550,0.2400,0.2500,1157200
OVERSEA,2014-08-05,0.2400,0.2500,0.2300,0.2400,5923100
OVERSEA,2014-08-06,0.2300,0.2400,0.2300,0.2350,652300
OVERSEA,2014-08-07,0.2350,0.2500,0.2300,0.2400,5408800
OVERSEA,2014-08-08,0.2350,0.2350,0.2250,0.2300,2475100
OVERSEA,2014-08-11,0.2350,0.2350,0.2300,0.2350,789400
OVERSEA,2014-08-12,0.2300,0.2300,0.2300,0.2300,713300
OVERSEA,2014-08-13,0.2300,0.2300,0.2250,0.2300,2126300
OVERSEA,2014-08-14,0.2300,0.2350,0.2250,0.2250,1465700
OVERSEA,2014-08-15,0.2300,0.2300,0.2250,0.2300,513600
OVERSEA,2014-08-18,0.2300,0.2300,0.2250,0.2300,715300
OVERSEA,2014-08-19,0.2300,0.2300,0.2200,0.2250,1784000
OVERSEA,2014-08-20,0.2250,0.2300,0.2200,0.2200,624400
OVERSEA,2014-08-21,0.2200,0.2200,0.2150,0.2200,740700
OVERSEA,2014-08-22,0.2200,0.2200,0.2100,0.2100,572900
OVERSEA,2014-08-25,0.2100,0.2200,0.2100,0.2200,1198500
OVERSEA,2014-08-26,0.2200,0.2200,0.2150,0.2150,663400
OVERSEA,2014-08-27,0.2150,0.2150,0.2050,0.2100,1398100
OVERSEA,2014-08-28,0.2150,0.2150,0.2050,0.2050,391800
OVERSEA,2014-08-29,0.2100,0.2100,0.2000,0.2050,1573900
OVERSEA,2014-09-02,0.2000,0.2050,0.2000,0.2050,418400
OVERSEA,2014-09-03,0.2050,0.2050,0.2000,0.2050,369700
OVERSEA,2014-09-04,0.2100,0.2300,0.2100,0.2200,1283500
OVERSEA,2014-09-05,0.2250,0.2300,0.2050,0.2200,1587600
OVERSEA,2014-09-08,0.2250,0.2300,0.2200,0.2250,1275400
OVERSEA,2014-09-09,0.2250,0.2400,0.2250,0.2300,2519000
OVERSEA,2014-09-10,0.2300,0.2300,0.2200,0.2200,888100
OVERSEA,2014-09-11,0.2200,0.2200,0.2150,0.2200,585000
OVERSEA,2014-09-12,0.2150,0.2200,0.2150,0.2200,358000
OVERSEA,2014-09-15,0.2200,0.2200,0.2100,0.2100,543000
OVERSEA,2014-09-17,0.2050,0.2100,0.2050,0.2050,815700
OVERSEA,2014-09-18,0.2050,0.2050,0.2000,0.2000,246800
OVERSEA,2014-09-19,0.2050,0.2100,0.2050,0.2050,334800
OVERSEA,2014-09-22,0.2050,0.2050,0.2050,0.2050,280000
OVERSEA,2014-09-23,0.2050,0.2150,0.2050,0.2100,730000
OVERSEA,2014-09-24,0.2100,0.2300,0.2100,0.2250,1391100
OVERSEA,2014-09-25,0.2300,0.2300,0.2100,0.2100,88500
OVERSEA,2014-09-26,0.2100,0.2150,0.2050,0.2100,704500
OVERSEA,2014-09-29,0.2150,0.2150,0.2100,0.2100,175000
OVERSEA,2014-09-30,0.2150,0.2200,0.2150,0.2150,708600
OVERSEA,2014-10-01,0.2150,0.2200,0.2150,0.2150,428500
OVERSEA,2014-10-02,0.2150,0.2200,0.2150,0.2150,1284400
OVERSEA,2014-10-03,0.2200,0.2200,0.2150,0.2200,620000
OVERSEA,2014-10-07,0.2250,0.2300,0.2200,0.2200,2792200
OVERSEA,2014-10-08,0.2150,0.2150,0.2050,0.2100,736200
OVERSEA,2014-10-09,0.2200,0.2250,0.2150,0.2150,638000
OVERSEA,2014-10-10,0.2150,0.2150,0.2050,0.2150,1228800
OVERSEA,2014-10-13,0.2150,0.2150,0.2050,0.2100,592800
OVERSEA,2014-10-14,0.2050,0.2200,0.2000,0.2150,704800
OVERSEA,2014-10-15,0.2100,0.2150,0.2000,0.2100,1016400
OVERSEA,2014-10-16,0.2000,0.2100,0.1950,0.2100,405800
OVERSEA,2014-10-17,0.2050,0.2150,0.2050,0.2100,465000
OVERSEA,2014-10-20,0.2100,0.2100,0.2100,0.2100,50000
OVERSEA,2014-10-21,0.2150,0.2250,0.2150,0.2250,860400
OVERSEA,2014-10-24,0.2350,0.2400,0.2350,0.2350,791000
OVERSEA,2014-10-27,0.2350,0.2350,0.2250,0.2350,426100
OVERSEA,2014-10-28,0.2300,0.2300,0.2250,0.2250,328900
OVERSEA,2014-10-29,0.2250,0.2250,0.2200,0.2250,328500
OVERSEA,2014-10-30,0.2250,0.2250,0.2250,0.2250,229000
OVERSEA,2014-10-31,0.2250,0.2250,0.2250,0.2250,220000
OVERSEA,2014-11-03,0.2250,0.2250,0.2250,0.2250,64600
OVERSEA,2014-11-04,0.2250,0.2250,0.2250,0.2250,33000
OVERSEA,2014-11-06,0.2250,0.2350,0.2250,0.2300,202500
OVERSEA,2014-11-07,0.2300,0.2300,0.2300,0.2300,110800
OVERSEA,2014-11-10,0.2300,0.2300,0.2300,0.2300,206000
OVERSEA,2014-11-11,0.2300,0.2300,0.2250,0.2250,145000
OVERSEA,2014-11-12,0.2300,0.2300,0.2100,0.2100,174000
OVERSEA,2014-11-13,0.2200,0.2250,0.2200,0.2250,153400
OVERSEA,2014-11-14,0.2100,0.2150,0.2100,0.2150,30000
OVERSEA,2014-11-17,0.2250,0.2250,0.2200,0.2200,36000
OVERSEA,2014-11-18,0.2150,0.2150,0.2100,0.2100,51000
OVERSEA,2014-11-19,0.2200,0.2250,0.2200,0.2250,175800
OVERSEA,2014-11-20,0.2250,0.2250,0.2200,0.2200,155300
OVERSEA,2014-11-21,0.2200,0.2250,0.2200,0.2200,255000
OVERSEA,2014-11-24,0.2200,0.2200,0.2100,0.2150,131000
OVERSEA,2014-11-25,0.2150,0.2150,0.2150,0.2150,261800
OVERSEA,2014-11-26,0.2150,0.2150,0.2150,0.2150,163200
OVERSEA,2014-11-27,0.2150,0.2200,0.2100,0.2100,473400
OVERSEA,2014-11-28,0.2100,0.2100,0.2100,0.2100,103000
OVERSEA,2014-12-01,0.1950,0.1950,0.1900,0.1950,175800
OVERSEA,2014-12-02,0.1950,0.2100,0.1950,0.2000,487700
OVERSEA,2014-12-03,0.2100,0.2100,0.2000,0.2000,231700
OVERSEA,2014-12-04,0.2100,0.2100,0.2000,0.2000,401700
OVERSEA,2014-12-05,0.2000,0.2000,0.1900,0.2000,393400
OVERSEA,2014-12-08,0.2000,0.2000,0.2000,0.2000,184800
OVERSEA,2014-12-09,0.2000,0.2000,0.1900,0.1900,43000
OVERSEA,2014-12-11,0.1900,0.1900,0.1800,0.1900,89400
OVERSEA,2014-12-15,0.1750,0.1750,0.1750,0.1750,189000
OVERSEA,2014-12-16,0.1750,0.1800,0.1750,0.1800,139000
OVERSEA,2014-12-17,0.1850,0.1850,0.1850,0.1850,12000
OVERSEA,2014-12-18,0.1900,0.1900,0.1900,0.1900,1400
OVERSEA,2014-12-19,0.1750,0.1950,0.1750,0.1850,91600
OVERSEA,2014-12-29,0.1900,0.1900,0.1900,0.1900,50000
OVERSEA,2014-12-30,0.1900,0.1900,0.1900,0.1900,10000
OVERSEA,2015-01-02,0.1900,0.2000,0.1900,0.2000,43000
OVERSEA,2015-01-05,0.1900,0.1950,0.1900,0.1950,70000
OVERSEA,2015-01-13,0.1950,0.1950,0.1950,0.1950,33000
OVERSEA,2015-01-14,0.2100,0.2100,0.1900,0.1900,800
OVERSEA,2015-01-15,0.2100,0.2100,0.2000,0.2050,3600
OVERSEA,2015-01-16,0.2100,0.2100,0.2100,0.2100,1000
OVERSEA,2015-01-20,0.2050,0.2150,0.2050,0.2150,1300
OVERSEA,2015-01-21,0.2100,0.2100,0.1900,0.1900,8200
OVERSEA,2015-01-22,0.2100,0.2150,0.2000,0.2000,95500
OVERSEA,2015-01-23,0.1950,0.2050,0.1900,0.2050,345000
OVERSEA,2015-01-26,0.2000,0.2050,0.2000,0.2000,37200
OVERSEA,2015-01-27,0.2050,0.2050,0.2050,0.2050,28700
OVERSEA,2015-01-28,0.2100,0.2100,0.1950,0.2050,12300
OVERSEA,2015-01-29,0.2050,0.2050,0.1950,0.2050,209200
OVERSEA,2015-01-30,0.2050,0.2100,0.2050,0.2050,547700
OVERSEA,2015-02-04,0.2000,0.2050,0.2000,0.2050,43000
OVERSEA,2015-02-05,0.2050,0.2150,0.2000,0.2000,532700
OVERSEA,2015-02-10,0.2050,0.2050,0.2050,0.2050,1010000
OVERSEA,2015-02-11,0.2050,0.2050,0.2000,0.2050,76000
OVERSEA,2015-02-17,0.2000,0.2000,0.1900,0.1950,53200
OVERSEA,2015-02-23,0.1950,0.1950,0.1950,0.1950,87000
OVERSEA,2015-02-24,0.1950,0.1950,0.1950,0.1950,6000
OVERSEA,2015-02-25,0.1950,0.2000,0.1950,0.2000,138000
OVERSEA,2015-02-26,0.2000,0.2000,0.2000,0.2000,74000
OVERSEA,2015-02-27,0.1950,0.2000,0.1950,0.1950,135500
OVERSEA,2015-03-02,0.1900,0.1900,0.1900,0.1900,130000
OVERSEA,2015-03-03,0.1900,0.1900,0.1900,0.1900,257600
OVERSEA,2015-03-04,0.1900,0.1950,0.1850,0.1900,649200
OVERSEA,2015-03-06,0.1800,0.1900,0.1800,0.1900,13300
OVERSEA,2015-03-10,0.1850,0.1850,0.1850,0.1850,61800
OVERSEA,2015-03-11,0.1800,0.1800,0.1800,0.1800,110000
OVERSEA,2015-03-12,0.1950,0.1950,0.1850,0.1950,110900
OVERSEA,2015-03-16,0.1800,0.1800,0.1750,0.1750,46800
OVERSEA,2015-03-17,0.1800,0.1800,0.1800,0.1800,55000
OVERSEA,2015-03-18,0.1700,0.1700,0.1700,0.1700,15900
OVERSEA,2015-03-19,0.1700,0.1700,0.1700,0.1700,8000
OVERSEA,2015-03-20,0.1800,0.2050,0.1800,0.1950,2573100
OVERSEA,2015-03-23,0.2000,0.2000,0.1950,0.1950,490000
OVERSEA,2015-03-24,0.1950,0.2050,0.1900,0.2000,1039900
OVERSEA,2015-03-25,0.2050,0.2050,0.2000,0.2000,2453000
OVERSEA,2015-03-26,0.1900,0.2050,0.1900,0.1950,1162500
OVERSEA,2015-03-27,0.2000,0.2000,0.1950,0.2000,329900
OVERSEA,2015-03-30,0.2000,0.2000,0.1950,0.2000,780000
OVERSEA,2015-03-31,0.2000,0.2000,0.1950,0.1950,260000
OVERSEA,2015-04-01,0.1950,0.1950,0.1900,0.1950,135000
OVERSEA,2015-04-02,0.1850,0.1850,0.1850,0.1850,45500
OVERSEA,2015-04-03,0.1950,0.1950,0.1950,0.1950,5000
OVERSEA,2015-04-07,0.1950,0.1950,0.1950,0.1950,94700
OVERSEA,2015-04-08,0.1950,0.1950,0.1950,0.1950,10000
OVERSEA,2015-04-09,0.1900,0.1950,0.1900,0.1950,210000
OVERSEA,2015-04-10,0.1900,0.1900,0.1900,0.1900,37000
OVERSEA,2015-04-13,0.1900,0.1900,0.1900,0.1900,203000
OVERSEA,2015-04-14,0.1900,0.1900,0.1900,0.1900,30000
OVERSEA,2015-04-16,0.1900,0.1900,0.1900,0.1900,10000
OVERSEA,2015-04-17,0.2000,0.2000,0.2000,0.2000,5000
OVERSEA,2015-04-22,0.1900,0.1900,0.1900,0.1900,5000
OVERSEA,2015-04-24,0.1950,0.1950,0.1900,0.1950,74000
OVERSEA,2015-04-27,0.1950,0.1950,0.1900,0.1900,198400
OVERSEA,2015-04-28,0.1900,0.1900,0.1850,0.1850,50800
OVERSEA,2015-05-06,0.1900,0.1950,0.1900,0.1950,16000
OVERSEA,2015-05-07,0.1850,0.1850,0.1850,0.1850,7000
OVERSEA,2015-05-11,0.1850,0.1950,0.1850,0.1950,98800
OVERSEA,2015-05-12,0.1900,0.1900,0.1900,0.1900,2500
OVERSEA,2015-05-15,0.1900,0.1900,0.1850,0.1850,18000
OVERSEA,2015-05-19,0.1900,0.1900,0.1900,0.1900,10000
OVERSEA,2015-05-20,0.1900,0.1900,0.1900,0.1900,6000
OVERSEA,2015-05-22,0.1850,0.1850,0.1850,0.1850,30000
OVERSEA,2015-06-05,0.1800,0.2000,0.1800,0.1950,97600
OVERSEA,2015-06-08,0.1950,0.1950,0.1950,0.1950,166800
OVERSEA,2015-06-15,0.1950,0.1950,0.1950,0.1950,600000
OVERSEA,2015-06-16,0.1900,0.1950,0.1900,0.1950,50000
OVERSEA,2015-06-19,0.1900,0.1900,0.1900,0.1900,50000
OVERSEA,2015-06-23,0.2000,0.2000,0.1950,0.2000,161900
OVERSEA,2015-06-25,0.1900,0.1950,0.1900,0.1950,230000
OVERSEA,2015-06-26,0.1900,0.1950,0.1900,0.1950,335000
OVERSEA,2015-06-30,0.1900,0.1900,0.1900,0.1900,500000
OVERSEA,2015-07-01,0.1900,0.1900,0.1900,0.1900,300000
OVERSEA,2015-07-02,0.1900,0.1900,0.1900,0.1900,400300
OVERSEA,2015-07-06,0.1950,0.1950,0.1950,0.1950,200000
OVERSEA,2015-07-07,0.1950,0.1950,0.1950,0.1950,200000
OVERSEA,2015-07-08,0.1850,0.1850,0.1850,0.1850,312200
OVERSEA,2015-07-09,0.1950,0.1950,0.1950,0.1950,318900
OVERSEA,2015-07-10,0.1900,0.1950,0.1900,0.1950,290000
OVERSEA,2015-07-13,0.1900,0.1950,0.1900,0.1900,475700
OVERSEA,2015-07-15,0.1900,0.1900,0.1900,0.1900,800000
OVERSEA,2015-07-20,0.1950,0.1950,0.1950,0.1950,100000
OVERSEA,2015-07-21,0.2000,0.2000,0.2000,0.2000,2000
OVERSEA,2015-07-24,0.2000,0.2000,0.1950,0.1950,48000
OVERSEA,2015-07-27,0.1950,0.1950,0.1950,0.1950,172100
OVERSEA,2015-07-28,0.2000,0.2150,0.2000,0.2150,41000
OVERSEA,2015-07-30,0.2200,0.2200,0.2000,0.2000,150200
OVERSEA,2015-07-31,0.2100,0.2100,0.2000,0.2050,268200
OVERSEA,2015-08-03,0.2000,0.2000,0.1950,0.2000,78300
OVERSEA,2015-08-05,0.2100,0.2100,0.2050,0.2100,21600
OVERSEA,2015-08-06,0.2100,0.2100,0.1900,0.1900,52600
OVERSEA,2015-08-07,0.2100,0.2100,0.1900,0.1900,70100
OVERSEA,2015-08-11,0.2100,0.2100,0.2100,0.2100,500
OVERSEA,2015-08-12,0.2000,0.2000,0.1900,0.1950,233100
OVERSEA,2015-08-14,0.2000,0.2000,0.1950,0.1950,150300
OVERSEA,2015-08-17,0.1900,0.1900,0.1900,0.1900,63200
OVERSEA,2015-08-18,0.1950,0.1950,0.1900,0.1900,200000
OVERSEA,2015-08-19,0.1900,0.1900,0.1900,0.1900,50000
OVERSEA,2015-08-20,0.1900,0.1900,0.1900,0.1900,50000
OVERSEA,2015-08-21,0.1900,0.1900,0.1900,0.1900,234000
OVERSEA,2015-08-25,0.1750,0.1750,0.1700,0.1700,105000
OVERSEA,2015-08-26,0.1700,0.1700,0.1700,0.1700,50100
OVERSEA,2015-08-27,0.1700,0.1700,0.1700,0.1700,20000
OVERSEA,2015-09-01,0.1650,0.1650,0.1600,0.1600,35600
OVERSEA,2015-09-02,0.1600,0.1600,0.1500,0.1600,82800
OVERSEA,2015-09-03,0.1600,0.1700,0.1600,0.1700,30000
OVERSEA,2015-09-04,0.1650,0.1650,0.1650,0.1650,8000
OVERSEA,2015-09-08,0.1600,0.1600,0.1600,0.1600,20000
OVERSEA,2015-09-11,0.1500,0.1500,0.1500,0.1500,30000
OVERSEA,2015-09-15,0.1600,0.1700,0.1600,0.1600,53300
OVERSEA,2015-09-17,0.1600,0.1600,0.1600,0.1600,16000
OVERSEA,2015-09-22,0.1600,0.1600,0.1550,0.1550,11000
OVERSEA,2015-09-25,0.1550,0.1550,0.1550,0.1550,4000
OVERSEA,2015-09-28,0.1550,0.1600,0.1550,0.1600,39600
OVERSEA,2015-09-29,0.1600,0.1600,0.1550,0.1550,13000
OVERSEA,2015-10-06,0.1500,0.1500,0.1500,0.1500,55000
OVERSEA,2015-10-07,0.1400,0.1400,0.1400,0.1400,5000
OVERSEA,2015-10-09,0.1500,0.1500,0.1500,0.1500,44000
OVERSEA,2015-10-12,0.1600,0.1600,0.1600,0.1600,2000
OVERSEA,2015-10-13,0.1500,0.1500,0.1450,0.1500,1222300
OVERSEA,2015-10-15,0.1500,0.1500,0.1500,0.1500,44900
OVERSEA,2015-10-19,0.1500,0.1500,0.1500,0.1500,10000
OVERSEA,2015-10-20,0.1450,0.1450,0.1450,0.1450,74400
OVERSEA,2015-10-21,0.1500,0.1600,0.1500,0.1600,71000
OVERSEA,2015-10-22,0.1650,0.1650,0.1650,0.1650,27700
OVERSEA,2015-10-23,0.1650,0.1700,0.1600,0.1700,31100
OVERSEA,2015-10-29,0.1700,0.1700,0.1650,0.1700,125500
OVERSEA,2015-11-03,0.2000,0.2000,0.1500,0.1800,700
OVERSEA,2015-11-04,0.1500,0.1800,0.1450,0.1800,277500
OVERSEA,2015-11-09,0.1600,0.1600,0.1550,0.1600,180000
OVERSEA,2015-11-16,0.1600,0.1600,0.1600,0.1600,50000
OVERSEA,2015-11-23,0.1800,0.1800,0.1600,0.1600,32400
OVERSEA,2015-12-01,0.1600,0.1600,0.1600,0.1600,50000
OVERSEA,2015-12-02,0.1800,0.1800,0.1800,0.1800,500
OVERSEA,2015-12-03,0.1600,0.1600,0.1600,0.1600,30000
OVERSEA,2015-12-04,0.1700,0.1700,0.1500,0.1500,40000
OVERSEA,2015-12-07,0.1450,0.1500,0.1400,0.1500,100000
OVERSEA,2015-12-08,0.1500,0.1550,0.1500,0.1500,20000
OVERSEA,2015-12-09,0.1500,0.1500,0.1500,0.1500,5000
OVERSEA,2015-12-10,0.1600,0.1950,0.1600,0.1950,13031900
OVERSEA,2015-12-11,0.1950,0.2400,0.1800,0.2300,17069700
OVERSEA,2015-12-14,0.2150,0.2200,0.2050,0.2150,1843100
OVERSEA,2015-12-15,0.2150,0.2150,0.1700,0.1750,2169200
OVERSEA,2015-12-16,0.1850,0.1850,0.1700,0.1700,5713700
OVERSEA,2015-12-17,0.1750,0.1750,0.1600,0.1650,4650700
OVERSEA,2015-12-18,0.1600,0.1650,0.1550,0.1600,2062900
OVERSEA,2015-12-21,0.1550,0.1650,0.1550,0.1650,1205000
OVERSEA,2015-12-22,0.1650,0.1700,0.1600,0.1650,1425300
OVERSEA,2015-12-23,0.1650,0.1650,0.1600,0.1650,1416000
OVERSEA,2015-12-28,0.1600,0.1600,0.1600,0.1600,195000
OVERSEA,2015-12-29,0.1600,0.1600,0.1550,0.1550,487500
OVERSEA,2015-12-30,0.1600,0.1700,0.1600,0.1700,1550700
OVERSEA,2015-12-31,0.1650,0.1700,0.1650,0.1700,739600
OVERSEA,2016-01-04,0.1650,0.1650,0.1600,0.1600,750000
OVERSEA,2016-01-05,0.1600,0.1600,0.1600,0.1600,626000
OVERSEA,2016-01-06,0.1600,0.1600,0.1600,0.1600,560000
OVERSEA,2016-01-07,0.1600,0.1600,0.1600,0.1600,450000
OVERSEA,2016-01-08,0.1600,0.1600,0.1600,0.1600,55000
OVERSEA,2016-01-11,0.1600,0.1600,0.1600,0.1600,568000
OVERSEA,2016-01-12,0.1600,0.1650,0.1600,0.1600,362700
OVERSEA,2016-01-13,0.1600,0.1600,0.1600,0.1600,206000
OVERSEA,2016-01-14,0.1600,0.1600,0.1600,0.1600,505000
OVERSEA,2016-01-15,0.1600,0.1650,0.1550,0.1550,132600
OVERSEA,2016-01-18,0.1550,0.1700,0.1550,0.1700,154100
OVERSEA,2016-01-19,0.1600,0.1600,0.1600,0.1600,160000
OVERSEA,2016-01-20,0.1600,0.1600,0.1600,0.1600,484800
OVERSEA,2016-01-21,0.1650,0.1650,0.1550,0.1650,251100
OVERSEA,2016-01-22,0.1650,0.1650,0.1600,0.1600,127600
OVERSEA,2016-01-26,0.1600,0.1600,0.1600,0.1600,70000
OVERSEA,2016-01-27,0.1600,0.1600,0.1600,0.1600,55000
OVERSEA,2016-01-28,0.1550,0.1550,0.1550,0.1550,4000
OVERSEA,2016-02-02,0.1550,0.1550,0.1550,0.1550,50000
OVERSEA,2016-02-03,0.1550,0.1600,0.1550,0.1600,131400
OVERSEA,2016-02-04,0.1550,0.1550,0.1550,0.1550,3000
OVERSEA,2016-02-10,0.1600,0.1600,0.1600,0.1600,40000
OVERSEA,2016-02-11,0.1700,0.1700,0.1700,0.1700,568000
OVERSEA,2016-02-12,0.1700,0.1700,0.1700,0.1700,353000
OVERSEA,2016-02-15,0.1550,0.1700,0.1550,0.1700,209000
OVERSEA,2016-02-17,0.1600,0.1650,0.1600,0.1600,55500
OVERSEA,2016-02-18,0.1600,0.1700,0.1600,0.1650,144000
OVERSEA,2016-02-19,0.1650,0.1700,0.1650,0.1650,297700
OVERSEA,2016-02-22,0.1650,0.1650,0.1600,0.1650,82500
OVERSEA,2016-02-25,0.1650,0.1650,0.1650,0.1650,40000
OVERSEA,2016-02-26,0.1650,0.1650,0.1650,0.1650,100000
OVERSEA,2016-03-01,0.1600,0.1600,0.1600,0.1600,50000
OVERSEA,2016-03-03,0.1600,0.1600,0.1600,0.1600,48000
OVERSEA,2016-03-08,0.1600,0.1600,0.1600,0.1600,20000
OVERSEA,2016-03-10,0.1550,0.1550,0.1550,0.1550,120000
OVERSEA,2016-03-11,0.1550,0.1550,0.1550,0.1550,50000
OVERSEA,2016-03-14,0.1550,0.1550,0.1550,0.1550,11000
OVERSEA,2016-03-16,0.1600,0.1600,0.1600,0.1600,30000
OVERSEA,2016-03-18,0.1600,0.1600,0.1600,0.1600,20000
OVERSEA,2016-03-21,0.1600,0.1600,0.1600,0.1600,23000
OVERSEA,2016-03-22,0.1600,0.1650,0.1600,0.1650,35800
OVERSEA,2016-03-23,0.1600,0.1600,0.1600,0.1600,230000
OVERSEA,2016-03-29,0.1600,0.1600,0.1600,0.1600,20000
OVERSEA,2016-03-30,0.1600,0.1600,0.1600,0.1600,20000
OVERSEA,2016-03-31,0.1600,0.1650,0.1600,0.1650,320000
OVERSEA,2016-04-05,0.1600,0.1600,0.1600,0.1600,25000
OVERSEA,2016-04-06,0.1650,0.1700,0.1650,0.1700,86800
OVERSEA,2016-04-08,0.1700,0.1750,0.1700,0.1750,30100
OVERSEA,2016-04-12,0.1750,0.1750,0.1750,0.1750,195100
OVERSEA,2016-04-13,0.1750,0.1750,0.1750,0.1750,351900
OVERSEA,2016-04-14,0.1750,0.1750,0.1750,0.1750,70000
OVERSEA,2016-04-18,0.1750,0.1750,0.1750,0.1750,56000
OVERSEA,2016-04-19,0.1700,0.1750,0.1700,0.1750,169000
OVERSEA,2016-04-20,0.1750,0.1750,0.1750,0.1750,95000
OVERSEA,2016-04-21,0.1750,0.1750,0.1750,0.1750,36000
OVERSEA,2016-04-22,0.1750,0.1750,0.1750,0.1750,40000
OVERSEA,2016-04-25,0.1750,0.1750,0.1750,0.1750,160400
OVERSEA,2016-04-26,0.1750,0.1800,0.1750,0.1800,210000
OVERSEA,2016-04-27,0.1750,0.1800,0.1750,0.1800,25000
OVERSEA,2016-04-28,0.1750,0.1750,0.1750,0.1750,20000
OVERSEA,2016-05-03,0.1750,0.1750,0.1750,0.1750,85000
OVERSEA,2016-05-04,0.1700,0.1700,0.1700,0.1700,100000
OVERSEA,2016-05-06,0.1700,0.1700,0.1700,0.1700,50000
OVERSEA,2016-05-13,0.1700,0.1700,0.1700,0.1700,60000
OVERSEA,2016-05-16,0.1700,0.2300,0.1700,0.2000,1459100
OVERSEA,2016-05-17,0.2100,0.2100,0.1850,0.1950,65700
OVERSEA,2016-05-18,0.1750,0.1800,0.1700,0.1800,181000
OVERSEA,2016-05-19,0.1800,0.2150,0.1800,0.1950,1371700
OVERSEA,2016-05-20,0.1750,0.1900,0.1750,0.1900,47100
OVERSEA,2016-05-23,0.1900,0.1900,0.1750,0.1850,201300
OVERSEA,2016-05-24,0.1750,0.1900,0.1750,0.1900,129000
OVERSEA,2016-05-25,0.1850,0.1900,0.1800,0.1900,250200
OVERSEA,2016-05-26,0.1750,0.1850,0.1750,0.1800,32000
OVERSEA,2016-05-30,0.1750,0.1800,0.1750,0.1800,266000
OVERSEA,2016-05-31,0.1750,0.1800,0.1750,0.1800,74100
OVERSEA,2016-06-01,0.1950,0.1950,0.1950,0.1950,10000
OVERSEA,2016-06-02,0.1750,0.1850,0.1750,0.1850,120100
OVERSEA,2016-06-03,0.1800,0.1800,0.1800,0.1800,10000
OVERSEA,2016-06-06,0.1750,0.1750,0.1750,0.1750,6000
OVERSEA,2016-06-07,0.1750,0.1800,0.1750,0.1800,129400
OVERSEA,2016-06-08,0.1800,0.1800,0.1800,0.1800,10000
OVERSEA,2016-06-09,0.1850,0.1850,0.1850,0.1850,24900
OVERSEA,2016-06-10,0.1850,0.1850,0.1850,0.1850,13000
OVERSEA,2016-06-14,0.1850,0.1850,0.1850,0.1850,50000
OVERSEA,2016-06-16,0.1850,0.1850,0.1750,0.1750,60100
OVERSEA,2016-06-17,0.1850,0.1850,0.1850,0.1850,40000
OVERSEA,2016-06-20,0.1800,0.1850,0.1800,0.1850,93000
OVERSEA,2016-06-21,0.1850,0.1850,0.1850,0.1850,95000
OVERSEA,2016-06-28,0.1850,0.1850,0.1850,0.1850,238200
OVERSEA,2016-06-30,0.1850,0.1850,0.1850,0.1850,50000
OVERSEA,2016-07-01,0.1850,0.1950,0.1850,0.1900,8200
OVERSEA,2016-07-04,0.1800,0.2000,0.1800,0.2000,50100
OVERSEA,2016-07-08,0.1800,0.1800,0.1800,0.1800,50000
OVERSEA,2016-07-12,0.1800,0.1800,0.1800,0.1800,20000
OVERSEA,2016-07-13,0.1800,0.1800,0.1800,0.1800,15900
OVERSEA,2016-07-14,0.1800,0.1800,0.1800,0.1800,6500
OVERSEA,2016-07-18,0.1800,0.1800,0.1750,0.1750,30000
OVERSEA,2016-07-25,0.1800,0.1850,0.1800,0.1850,184400
OVERSEA,2016-08-01,0.1850,0.1850,0.1850,0.1850,12400
OVERSEA,2016-08-02,0.1750,0.1750,0.1750,0.1750,10000
OVERSEA,2016-08-04,0.1750,0.1750,0.1750,0.1750,10000
OVERSEA,2016-08-08,0.1750,0.1750,0.1750,0.1750,20000
OVERSEA,2016-08-11,0.1800,0.1800,0.1800,0.1800,39900
OVERSEA,2016-08-18,0.1750,0.1750,0.1750,0.1750,100000
OVERSEA,2016-08-19,0.1750,0.1750,0.1750,0.1750,40000
OVERSEA,2016-08-23,0.1950,0.1950,0.1800,0.1800,21000
OVERSEA,2016-08-24,0.1850,0.1850,0.1850,0.1850,120000
OVERSEA,2016-08-25,0.1800,0.1800,0.1800,0.1800,20000
OVERSEA,2016-08-29,0.1750,0.1750,0.1750,0.1750,30000
OVERSEA,2016-09-02,0.1850,0.1850,0.1850,0.1850,154900
OVERSEA,2016-09-05,0.1950,0.1950,0.1800,0.1800,461700
OVERSEA,2016-09-07,0.1850,0.1850,0.1800,0.1800,181000
OVERSEA,2016-09-09,0.1750,0.1750,0.1750,0.1750,21700
OVERSEA,2016-09-14,0.1800,0.1800,0.1750,0.1750,335000
OVERSEA,2016-09-19,0.1700,0.1700,0.1700,0.1700,10000
OVERSEA,2016-09-20,0.1800,0.1800,0.1800,0.1800,100000
OVERSEA,2016-09-22,0.1900,0.2150,0.1900,0.2000,100500
OVERSEA,2016-09-23,0.1900,0.2150,0.1800,0.1800,146500
OVERSEA,2016-09-26,0.1750,0.1800,0.1750,0.1800,140000
OVERSEA,2016-09-27,0.1800,0.1800,0.1750,0.1750,157000
OVERSEA,2016-09-28,0.1750,0.1750,0.1750,0.1750,27000
OVERSEA,2016-09-29,0.1750,0.1750,0.1750,0.1750,30000
OVERSEA,2016-09-30,0.1800,0.1800,0.1800,0.1800,50000
OVERSEA,2016-10-04,0.1750,0.1750,0.1750,0.1750,20000
OVERSEA,2016-10-05,0.1800,0.1800,0.1800,0.1800,1000
OVERSEA,2016-10-06,0.1800,0.1800,0.1750,0.1800,255000
OVERSEA,2016-10-07,0.1750,0.1750,0.1750,0.1750,1000
OVERSEA,2016-10-10,0.1750,0.1800,0.1750,0.1800,354000
OVERSEA,2016-10-11,0.1800,0.1800,0.1800,0.1800,150000
OVERSEA,2016-10-12,0.1800,0.1800,0.1750,0.1750,150000
OVERSEA,2016-10-14,0.1800,0.1800,0.1800,0.1800,140600
OVERSEA,2016-10-18,0.1750,0.1750,0.1750,0.1750,7000
OVERSEA,2016-10-24,0.1750,0.1750,0.1750,0.1750,281200
OVERSEA,2016-10-26,0.1750,0.1900,0.1750,0.1900,145000
OVERSEA,2016-10-28,0.1900,0.1900,0.1900,0.1900,100000
OVERSEA,2016-11-01,0.1900,0.1900,0.1900,0.1900,39100
OVERSEA,2016-11-02,0.1800,0.1800,0.1800,0.1800,10000
OVERSEA,2016-11-03,0.1800,0.1800,0.1800,0.1800,20000
OVERSEA,2016-11-04,0.1800,0.1800,0.1800,0.1800,8000
OVERSEA,2016-11-10,0.1750,0.1750,0.1750,0.1750,10000
OVERSEA,2016-11-16,0.1750,0.1750,0.1750,0.1750,38000
OVERSEA,2016-11-21,0.1700,0.1800,0.1700,0.1800,53000
OVERSEA,2016-11-29,0.1750,0.1750,0.1750,0.1750,72800
OVERSEA,2016-11-30,0.1700,0.1700,0.1700,0.1700,40000
OVERSEA,2016-12-05,0.1700,0.1700,0.1700,0.1700,110000
OVERSEA,2016-12-09,0.1700,0.1700,0.1700,0.1700,20000
OVERSEA,2016-12-14,0.1700,0.1700,0.1650,0.1650,10000
OVERSEA,2016-12-15,0.1650,0.1650,0.1650,0.1650,30000
OVERSEA,2016-12-16,0.1650,0.1650,0.1650,0.1650,500
OVERSEA,2016-12-27,0.1700,0.1700,0.1700,0.1700,50000
OVERSEA,2017-01-04,0.1700,0.1900,0.1700,0.1700,90000
OVERSEA,2017-01-05,0.1750,0.1900,0.1750,0.1900,52000
OVERSEA,2017-01-06,0.1700,0.1800,0.1700,0.1800,166200
OVERSEA,2017-01-09,0.1700,0.1700,0.1700,0.1700,145000
OVERSEA,2017-01-11,0.1700,0.1700,0.1700,0.1700,50000
OVERSEA,2017-01-12,0.1750,0.1800,0.1750,0.1800,275900
OVERSEA,2017-01-13,0.1800,0.1800,0.1800,0.1800,15000
OVERSEA,2017-01-23,0.1700,0.1750,0.1700,0.1750,112000
OVERSEA,2017-01-31,0.1750,0.1750,0.1750,0.1750,39900
OVERSEA,2017-02-02,0.1750,0.1750,0.1750,0.1750,105000
OVERSEA,2017-02-08,0.1750,0.1750,0.1750,0.1750,92400
OVERSEA,2017-02-14,0.1750,0.1750,0.1750,0.1750,25000
OVERSEA,2017-02-15,0.1800,0.1900,0.1800,0.1850,305000
OVERSEA,2017-02-16,0.1800,0.1800,0.1800,0.1800,40000
OVERSEA,2017-02-20,0.1800,0.2000,0.1800,0.1900,970600
OVERSEA,2017-02-21,0.1900,0.1900,0.1850,0.1850,82000
OVERSEA,2017-02-22,0.1750,0.1850,0.1750,0.1850,145000
OVERSEA,2017-02-23,0.1800,0.1800,0.1800,0.1800,107000
OVERSEA,2017-02-24,0.1750,0.1750,0.1750,0.1750,153000
OVERSEA,2017-02-27,0.1750,0.1750,0.1750,0.1750,445000
OVERSEA,2017-02-28,0.1700,0.1700,0.1700,0.1700,2500
OVERSEA,2017-03-01,0.1700,0.1900,0.1700,0.1850,472100
OVERSEA,2017-03-03,0.1850,0.2100,0.1850,0.2100,1836000
OVERSEA,2017-03-06,0.2050,0.2100,0.2000,0.2050,701200
OVERSEA,2017-03-07,0.2050,0.2100,0.2000,0.2000,84000
OVERSEA,2017-03-08,0.1950,0.2000,0.1950,0.2000,101000
OVERSEA,2017-03-09,0.1900,0.1900,0.1900,0.1900,30000
OVERSEA,2017-03-10,0.1900,0.1950,0.1900,0.1950,75600
OVERSEA,2017-03-13,0.2000,0.2350,0.1950,0.2300,2189600
OVERSEA,2017-03-14,0.2300,0.2500,0.2250,0.2400,3081600
OVERSEA,2017-03-15,0.2450,0.2450,0.2300,0.2400,1041200
OVERSEA,2017-03-16,0.2350,0.2400,0.2300,0.2400,546100
OVERSEA,2017-03-17,0.2350,0.2550,0.2300,0.2450,5722100
OVERSEA,2017-03-20,0.2500,0.2500,0.2300,0.2400,637700
OVERSEA,2017-03-21,0.2400,0.2400,0.2200,0.2350,336500
OVERSEA,2017-03-22,0.2150,0.2300,0.2150,0.2300,493900
OVERSEA,2017-03-23,0.2200,0.2450,0.2200,0.2300,1711100
OVERSEA,2017-03-24,0.2400,0.2400,0.2250,0.2250,554400
OVERSEA,2017-03-27,0.2250,0.2250,0.2150,0.2250,303000
OVERSEA,2017-03-28,0.2250,0.2300,0.2250,0.2250,481900
OVERSEA,2017-03-29,0.2200,0.2250,0.2150,0.2200,416800
OVERSEA,2017-03-30,0.2200,0.2400,0.2200,0.2300,430000
OVERSEA,2017-03-31,0.23,0.25,0.225,0.245,3220000.0
OVERSEA,2017-04-03,0.25,0.28,0.25,0.27,7670000.0
OVERSEA,2017-04-04,0.275,0.28,0.26,0.27,2990000.0
OVERSEA,2017-04-05,0.27,0.28,0.27,0.275,3810000.0
OVERSEA,2017-04-06,0.275,0.28,0.27,0.275,2690000.0
OVERSEA,2017-04-07,0.27,0.27,0.26,0.27,3390000.0
OVERSEA,2017-04-10,0.265,0.27,0.25,0.255,2180000.0
OVERSEA,2017-04-11,0.255,0.26,0.245,0.255,3050000.0
OVERSEA,2017-04-12,0.25,0.255,0.225,0.235,2060000.0
OVERSEA,2017-04-13,0.24,0.245,0.225,0.235,1260000.0
OVERSEA,2017-04-14,0.225,0.23,0.22,0.22,642100.0
OVERSEA,2017-04-17,0.22,0.23,0.22,0.225,508800.0
OVERSEA,2017-04-18,0.225,0.225,0.22,0.225,413300.0
OVERSEA,2017-04-19,0.22,0.22,0.21,0.21,785700.0
OVERSEA,2017-04-20,0.21,0.215,0.21,0.215,64599.99999999999
OVERSEA,2017-04-21,0.21,0.225,0.21,0.22,1150000.0
OVERSEA,2017-04-25,0.22,0.225,0.21,0.215,310600.0
OVERSEA,2017-04-26,0.225,0.225,0.215,0.215,123100.0
OVERSEA,2017-04-27,0.215,0.23,0.215,0.225,715200.0
OVERSEA,2017-04-28,0.23,0.23,0.22,0.225,295600.0
OVERSEA,2017-05-02,0.225,0.225,0.22,0.225,212600.0
OVERSEA,2017-05-03,0.22,0.225,0.21,0.21,220300.0
OVERSEA,2017-05-04,0.21,0.21,0.2,0.21,442100.0
OVERSEA,2017-05-05,0.2,0.21,0.2,0.21,154200.0
OVERSEA,2017-05-08,0.2,0.21,0.2,0.21,405300.0
OVERSEA,2017-05-09,0.2,0.215,0.2,0.21,362000.0
OVERSEA,2017-05-11,0.2,0.21,0.2,0.2,95000.0
OVERSEA,2017-05-12,0.195,0.205,0.195,0.205,309300.0
OVERSEA,2017-05-15,0.2,0.205,0.2,0.205,334200.0
OVERSEA,2017-05-16,0.2,0.205,0.2,0.205,80200.0
OVERSEA,2017-05-17,0.205,0.21,0.2,0.21,210100.0
OVERSEA,2017-05-18,0.2,0.2,0.2,0.2,415000.0
OVERSEA,2017-05-19,0.205,0.215,0.205,0.205,45900.0
OVERSEA,2017-05-22,0.22,0.22,0.22,0.22,100.0
OVERSEA,2017-05-24,0.2,0.21,0.2,0.21,60200.0
OVERSEA,2017-05-25,0.215,0.215,0.2,0.21,253400.0
OVERSEA,2017-05-26,0.22,0.22,0.2,0.21,190000.0
OVERSEA,2017-05-29,0.22,0.22,0.2,0.22,30100.0
OVERSEA,2017-05-30,0.2,0.215,0.2,0.215,149700.0
OVERSEA,2017-05-31,0.205,0.205,0.205,0.205,12000.0
OVERSEA,2017-06-01,0.205,0.205,0.205,0.205,20000.0
OVERSEA,2017-06-06,0.185,0.2,0.185,0.2,5600.0
OVERSEA,2017-06-07,0.205,0.205,0.205,0.205,100.0
OVERSEA,2017-06-09,0.19,0.2,0.19,0.195,105400.0
OVERSEA,2017-06-13,0.19,0.2,0.185,0.195,67600.0
OVERSEA,2017-06-14,0.195,0.195,0.19,0.195,105900.0
OVERSEA,2017-06-15,0.2,0.2,0.185,0.195,40200.0
OVERSEA,2017-06-16,0.185,0.19,0.185,0.19,224700.0
OVERSEA,2017-06-19,0.185,0.19,0.185,0.19,276200.0
OVERSEA,2017-06-20,0.185,0.195,0.185,0.185,86600.0
OVERSEA,2017-06-21,0.195,0.195,0.185,0.185,72900.0
OVERSEA,2017-06-22,0.205,0.205,0.19,0.195,153400.0
OVERSEA,2017-06-28,0.205,0.205,0.185,0.19,94200.0
OVERSEA,2017-06-29,0.19,0.195,0.19,0.195,30000.0
OVERSEA,2017-06-30,0.19,0.21,0.19,0.195,354000.0
OVERSEA,2017-07-03,0.21,0.21,0.185,0.195,45100.0
OVERSEA,2017-07-05,0.185,0.19,0.185,0.19,71800.0
OVERSEA,2017-07-06,0.18,0.185,0.18,0.185,37000.0
OVERSEA,2017-07-07,0.19,0.19,0.185,0.19,174100.0
OVERSEA,2017-07-10,0.18,0.185,0.18,0.18,297800.0
OVERSEA,2017-07-11,0.18,0.18,0.18,0.18,205000.0
OVERSEA,2017-07-12,0.175,0.18,0.175,0.18,192500.0
OVERSEA,2017-07-13,0.18,0.195,0.18,0.185,483600.0
OVERSEA,2017-07-14,0.185,0.185,0.185,0.185,149700.0
OVERSEA,2017-07-17,0.185,0.185,0.18,0.185,20100.0
OVERSEA,2017-07-18,0.18,0.18,0.18,0.18,40000.0
OVERSEA,2017-07-19,0.18,0.19,0.18,0.19,217800.0
OVERSEA,2017-07-20,0.19,0.19,0.19,0.19,5000.0
OVERSEA,2017-07-21,0.185,0.195,0.185,0.195,610100.0
OVERSEA,2017-07-24,0.19,0.2,0.19,0.2,542200.0
OVERSEA,2017-07-25,0.2,0.2,0.2,0.2,20000.0
OVERSEA,2017-07-26,0.195,0.205,0.195,0.205,211700.0
OVERSEA,2017-07-27,0.205,0.21,0.2,0.205,150400.0
OVERSEA,2017-07-28,0.21,0.21,0.2,0.2,21600.0
OVERSEA,2017-07-31,0.2,0.205,0.2,0.2,232300.0
OVERSEA,2017-08-01,0.2,0.205,0.2,0.205,297600.0
OVERSEA,2017-08-02,0.2,0.205,0.2,0.205,324400.0
OVERSEA,2017-08-03,0.2,0.205,0.2,0.205,20100.0
OVERSEA,2017-08-04,0.2,0.205,0.2,0.205,10100.0
OVERSEA,2017-08-07,0.21,0.21,0.21,0.21,100.0
OVERSEA,2017-08-08,0.19,0.21,0.19,0.21,11200.0
OVERSEA,2017-08-11,0.19,0.21,0.19,0.21,96900.0
OVERSEA,2017-08-14,0.21,0.21,0.21,0.21,100.0
OVERSEA,2017-08-16,0.21,0.21,0.205,0.205,50100.0
OVERSEA,2017-08-17,0.19,0.205,0.19,0.205,50300.0
OVERSEA,2017-08-22,0.2,0.205,0.2,0.205,51500.0
OVERSEA,2017-08-24,0.21,0.21,0.21,0.21,200.0
OVERSEA,2017-09-06,0.175,0.2,0.175,0.2,15200.0
OVERSEA,2017-09-07,0.2,0.205,0.2,0.205,30100.0
OVERSEA,2017-09-08,0.22,0.22,0.22,0.22,20200.0
OVERSEA,2017-09-11,0.18,0.2,0.18,0.2,4800.0
OVERSEA,2017-09-13,0.2,0.21,0.2,0.205,348600.0
OVERSEA,2017-09-14,0.21,0.21,0.205,0.21,457500.0
OVERSEA,2017-09-15,0.22,0.225,0.215,0.22,350200.0
OVERSEA,2017-09-18,0.225,0.225,0.225,0.225,200.0
OVERSEA,2017-09-20,0.19,0.215,0.19,0.195,50000.0
OVERSEA,2017-09-21,0.21,0.21,0.195,0.2,30700.0
OVERSEA,2017-09-26,0.21,0.21,0.195,0.2,600.0
OVERSEA,2017-09-27,0.195,0.205,0.195,0.205,26800.0
OVERSEA,2017-09-28,0.195,0.205,0.195,0.205,129000.0
OVERSEA,2017-09-29,0.2,0.205,0.2,0.205,168600.0
OVERSEA,2017-10-02,0.2,0.205,0.2,0.2,149600.0
OVERSEA,2017-10-03,0.2,0.2,0.195,0.2,300200.0
OVERSEA,2017-10-05,0.195,0.195,0.195,0.195,530000.0
OVERSEA,2017-10-06,0.195,0.2,0.195,0.2,295200.0
OVERSEA,2017-10-09,0.19,0.2,0.19,0.2,50300.0
OVERSEA,2017-10-10,0.19,0.205,0.185,0.205,101100.0
OVERSEA,2017-10-11,0.205,0.205,0.205,0.205,893700.0
OVERSEA,2017-10-13,0.185,0.21,0.185,0.21,10100.0
OVERSEA,2017-10-19,0.185,0.215,0.185,0.215,433700.0
OVERSEA,2017-10-24,0.2,0.21,0.2,0.21,80100.0
OVERSEA,2017-10-25,0.2,0.205,0.2,0.205,100200.0
OVERSEA,2017-10-26,0.195,0.21,0.195,0.21,170200.0
OVERSEA,2017-10-31,0.19,0.2,0.19,0.2,30100.0
OVERSEA,2017-11-01,0.195,0.195,0.195,0.195,30000.0
OVERSEA,2017-11-02,0.2,0.2,0.2,0.2,200.0
OVERSEA,2017-11-03,0.19,0.195,0.19,0.195,45000.0
OVERSEA,2017-11-06,0.195,0.205,0.195,0.205,14800.0
OVERSEA,2017-11-09,0.19,0.19,0.19,0.19,10000.0
OVERSEA,2017-11-10,0.19,0.195,0.19,0.195,60100.0
OVERSEA,2017-11-15,0.19,0.19,0.19,0.19,37000.0
OVERSEA,2017-11-16,0.19,0.2,0.19,0.2,10100.0
OVERSEA,2017-11-20,0.19,0.19,0.19,0.19,2800.0
OVERSEA,2017-11-21,0.21,0.21,0.185,0.205,146100.0
OVERSEA,2017-11-27,0.19,0.205,0.19,0.205,10100.0
OVERSEA,2017-11-30,0.18,0.19,0.18,0.19,58100.0
OVERSEA,2017-12-04,0.185,0.185,0.185,0.185,10000.0
OVERSEA,2017-12-05,0.18,0.185,0.17,0.185,150300.0
OVERSEA,2017-12-06,0.18,0.18,0.18,0.18,1000.0
OVERSEA,2017-12-07,0.185,0.185,0.18,0.185,15100.0
OVERSEA,2017-12-08,0.185,0.185,0.18,0.18,94900.0
OVERSEA,2017-12-11,0.185,0.185,0.185,0.185,100.0
OVERSEA,2017-12-13,0.185,0.185,0.185,0.185,6000.0
OVERSEA,2017-12-14,0.18,0.185,0.18,0.185,20100.0
OVERSEA,2017-12-20,0.175,0.18,0.17,0.18,94100.0
OVERSEA,2017-12-21,0.18,0.18,0.18,0.18,10000.0
OVERSEA,2017-12-22,0.17,0.175,0.17,0.175,146100.0
OVERSEA,2017-12-26,0.175,0.2,0.175,0.2,129699.99999999999
OVERSEA,2017-12-27,0.18,0.19,0.18,0.19,20100.0
OVERSEA,2018-01-02,0.175,0.175,0.175,0.175,3100.0
OVERSEA,2018-01-03,0.175,0.225,0.175,0.195,171000.0
OVERSEA,2018-01-04,0.195,0.195,0.175,0.195,19100.0
OVERSEA,2018-01-08,0.195,0.21,0.195,0.205,358400.0
OVERSEA,2018-01-09,0.2,0.2,0.18,0.195,40200.0
OVERSEA,2018-01-10,0.19,0.19,0.18,0.185,116700.0
OVERSEA,2018-01-11,0.18,0.18,0.18,0.18,50700.0
OVERSEA,2018-01-12,0.18,0.195,0.175,0.195,54500.0
OVERSEA,2018-01-15,0.18,0.185,0.18,0.18,29800.0
OVERSEA,2018-01-16,0.18,0.2,0.175,0.2,75200.0
OVERSEA,2018-01-18,0.18,0.19,0.17,0.19,20200.0
OVERSEA,2018-01-22,0.2,0.2,0.2,0.2,100.0
OVERSEA,2018-01-24,0.185,0.2,0.18,0.18,132100.0
OVERSEA,2018-01-26,0.2,0.2,0.2,0.2,100.0
OVERSEA,2018-01-29,0.18,0.19,0.18,0.19,100100.0
OVERSEA,2018-01-30,0.18,0.2,0.18,0.19,350300.0
OVERSEA,2018-02-02,0.2,0.2,0.2,0.2,100.0
OVERSEA,2018-02-06,0.17,0.19,0.17,0.19,1100.0
OVERSEA,2018-02-09,0.17,0.2,0.17,0.2,27100.0
OVERSEA,2018-02-14,0.17,0.2,0.17,0.2,9800.0
OVERSEA,2018-02-15,0.17,0.2,0.17,0.2,13000.0
OVERSEA,2018-02-28,0.195,0.195,0.195,0.195,100.0
OVERSEA,2018-03-01,0.175,0.175,0.175,0.175,40000.0
OVERSEA,2018-03-02,0.175,0.19,0.175,0.19,70100.0
OVERSEA,2018-03-07,0.17,0.185,0.17,0.185,285100.0
OVERSEA,2018-03-09,0.17,0.19,0.17,0.19,187400.0
OVERSEA,2018-03-12,0.18,0.18,0.18,0.18,100.0
OVERSEA,2018-03-13,0.19,0.19,0.19,0.19,100.0
OVERSEA,2018-03-16,0.16,0.18,0.16,0.18,17000.0
OVERSEA,2018-03-20,0.16,0.18,0.16,0.18,61900.0
OVERSEA,2018-03-21,0.17,0.17,0.17,0.17,2000.0
OVERSEA,2018-03-22,0.18,0.18,0.18,0.18,100.0
OVERSEA,2018-03-26,0.165,0.18,0.16,0.18,26000.0
OVERSEA,2018-03-27,0.16,0.18,0.16,0.18,10100.0
