PANSAR,2007-12-31,0.4100,0.4150,0.4050,0.4050,127500
PANSAR,2008-01-02,0.4050,0.4100,0.4000,0.4100,109500
PANSAR,2008-01-03,0.4000,0.4100,0.4000,0.4100,36500
PANSAR,2008-01-04,0.4100,0.4300,0.4100,0.4250,307600
PANSAR,2008-01-07,0.4300,0.4550,0.4300,0.4500,573100
PANSAR,2008-01-08,0.4500,0.4950,0.4450,0.4450,1161500
PANSAR,2008-01-09,0.4450,0.4550,0.4400,0.4500,488800
PANSAR,2008-01-11,0.4500,0.4500,0.4300,0.4400,162000
PANSAR,2008-01-14,0.4300,0.4550,0.4250,0.4350,107000
PANSAR,2008-01-15,0.4400,0.4500,0.4100,0.4150,411100
PANSAR,2008-01-16,0.4000,0.4100,0.4000,0.4050,255000
PANSAR,2008-01-17,0.4050,0.4150,0.4000,0.4100,112300
PANSAR,2008-01-18,0.4000,0.4300,0.4000,0.4300,160400
PANSAR,2008-01-21,0.4150,0.4150,0.3900,0.3900,181800
PANSAR,2008-01-22,0.3800,0.3950,0.3400,0.3700,222200
PANSAR,2008-01-24,0.3900,0.3900,0.3800,0.3850,45000
PANSAR,2008-01-25,0.3900,0.4050,0.3900,0.4000,162000
PANSAR,2008-01-28,0.3950,0.3950,0.3700,0.3750,26000
PANSAR,2008-01-29,0.3900,0.3900,0.3900,0.3900,10000
PANSAR,2008-01-30,0.3900,0.3900,0.3800,0.3850,27000
PANSAR,2008-01-31,0.3850,0.3850,0.3850,0.3850,5000
PANSAR,2008-02-04,0.3850,0.3900,0.3800,0.3900,33000
PANSAR,2008-02-06,0.3750,0.3750,0.3650,0.3700,31000
PANSAR,2008-02-11,0.3700,0.3700,0.3650,0.3700,67000
PANSAR,2008-02-12,0.3750,0.3950,0.3750,0.3750,35000
PANSAR,2008-02-13,0.3900,0.4000,0.3750,0.3800,158000
PANSAR,2008-02-14,0.3750,0.3900,0.3600,0.3900,152000
PANSAR,2008-02-15,0.3200,0.3200,0.1650,0.1700,4928300
PANSAR,2008-02-18,0.1650,0.1650,0.1250,0.1400,2945800
PANSAR,2008-02-19,0.1400,0.2850,0.1250,0.2600,16188200
PANSAR,2008-02-20,0.2800,0.4850,0.2800,0.4750,23881300
PANSAR,2008-02-21,0.4800,0.4800,0.3750,0.3800,7567400
PANSAR,2008-02-22,0.3550,0.3550,0.2850,0.3350,2568400
PANSAR,2008-02-25,0.3450,0.3450,0.2900,0.2900,374300
PANSAR,2008-02-26,0.3000,0.3000,0.2450,0.2700,1218800
PANSAR,2008-02-27,0.2500,0.3300,0.2450,0.3150,3073800
PANSAR,2008-02-28,0.3050,0.3100,0.2700,0.3000,1106100
PANSAR,2008-02-29,0.2800,0.3100,0.2750,0.2800,2028200
PANSAR,2008-03-03,0.2700,0.2850,0.2500,0.2700,8765
PANSAR,2008-03-04,0.2200,0.2200,0.1600,0.1850,1885600
PANSAR,2008-03-05,0.1600,0.1850,0.1500,0.1850,1224100
PANSAR,2008-03-06,0.1700,0.1800,0.1600,0.1800,619700
PANSAR,2008-03-07,0.1700,0.1900,0.1700,0.1800,567700
PANSAR,2008-03-10,0.1400,0.2200,0.1400,0.1800,740000
PANSAR,2010-11-04,0.6250,0.7600,0.6150,0.6150,48698800
PANSAR,2010-11-08,0.6250,0.6250,0.5550,0.5650,17003000
PANSAR,2010-11-09,0.5750,0.5750,0.5350,0.5350,6139800
PANSAR,2010-11-10,0.5350,0.5850,0.5350,0.5600,14750600
PANSAR,2010-11-11,0.5650,0.5850,0.5500,0.5650,14179400
PANSAR,2010-11-12,0.5650,0.5650,0.5400,0.5450,4725800
PANSAR,2010-11-15,0.5500,0.5550,0.5350,0.5400,1610200
PANSAR,2010-11-16,0.5400,0.5400,0.5150,0.5150,3322300
PANSAR,2010-11-18,0.5100,0.5400,0.5100,0.5200,5767300
PANSAR,2010-11-19,0.5300,0.5350,0.5100,0.5150,3264700
PANSAR,2010-11-22,0.5150,0.5250,0.5100,0.5150,1514600
PANSAR,2010-11-23,0.5150,0.5150,0.4950,0.4950,2972100
PANSAR,2010-11-24,0.4950,0.5050,0.4950,0.5050,2314900
PANSAR,2010-11-25,0.5050,0.5150,0.4950,0.5100,2833600
PANSAR,2010-11-26,0.5000,0.5000,0.4850,0.4850,1292000
PANSAR,2010-11-29,0.4800,0.5000,0.4750,0.5000,1527700
PANSAR,2010-11-30,0.5050,0.5350,0.5000,0.5200,5547700
PANSAR,2010-12-01,0.5100,0.5100,0.5000,0.5000,756500
PANSAR,2010-12-02,0.5050,0.5150,0.5050,0.5150,1291200
PANSAR,2010-12-03,0.5150,0.5150,0.5000,0.5000,797300
PANSAR,2010-12-06,0.5050,0.5100,0.4950,0.5000,2354000
PANSAR,2010-12-08,0.5000,0.5050,0.4950,0.4950,364900
PANSAR,2010-12-09,0.4950,0.5100,0.4950,0.5000,784700
PANSAR,2010-12-10,0.5000,0.5050,0.4950,0.5050,288600
PANSAR,2010-12-13,0.5000,0.5050,0.4950,0.5050,1678700
PANSAR,2010-12-14,0.5050,0.5350,0.5050,0.5200,5654100
PANSAR,2010-12-15,0.5250,0.5300,0.5100,0.5100,2098100
PANSAR,2010-12-16,0.5150,0.5150,0.5050,0.5100,539200
PANSAR,2010-12-17,0.5100,0.5150,0.5050,0.5050,579800
PANSAR,2010-12-20,0.5050,0.5050,0.4950,0.5000,2083200
PANSAR,2010-12-21,0.5000,0.5100,0.5000,0.5000,691500
PANSAR,2010-12-22,0.5050,0.5100,0.5000,0.5050,541600
PANSAR,2010-12-23,0.5050,0.5100,0.5000,0.5050,373200
PANSAR,2010-12-24,0.5050,0.5050,0.5000,0.5000,236500
PANSAR,2010-12-27,0.5000,0.5050,0.5000,0.5000,351500
PANSAR,2010-12-28,0.5050,0.5100,0.5000,0.5000,470600
PANSAR,2010-12-29,0.5050,0.5100,0.5000,0.5050,528600
PANSAR,2010-12-30,0.5050,0.5100,0.5000,0.5000,87600
PANSAR,2011-01-03,0.5050,0.5150,0.5000,0.5100,661100
PANSAR,2011-01-04,0.5100,0.5300,0.5100,0.5250,1424700
PANSAR,2011-01-05,0.5250,0.5250,0.5150,0.5150,637800
PANSAR,2011-01-06,0.5150,0.5200,0.5100,0.5150,560000
PANSAR,2011-01-07,0.5100,0.5300,0.5100,0.5150,398600
PANSAR,2011-01-10,0.5200,0.5300,0.5150,0.5250,1654500
PANSAR,2011-01-11,0.5200,0.5250,0.5150,0.5150,654000
PANSAR,2011-01-12,0.5150,0.5200,0.5150,0.5200,380000
PANSAR,2011-01-13,0.5200,0.5250,0.5150,0.5150,767800
PANSAR,2011-01-14,0.5150,0.5200,0.5100,0.5200,598100
PANSAR,2011-01-17,0.5150,0.5200,0.5100,0.5100,498900
PANSAR,2011-01-18,0.5150,0.5150,0.5050,0.5050,571900
PANSAR,2011-01-19,0.5050,0.5050,0.5000,0.5050,591000
PANSAR,2011-01-21,0.5000,0.5050,0.5000,0.5000,347300
PANSAR,2011-01-24,0.5000,0.5050,0.4950,0.4950,375900
PANSAR,2011-01-25,0.5000,0.5050,0.4950,0.5000,527000
PANSAR,2011-01-26,0.4950,0.5050,0.4950,0.5050,361700
PANSAR,2011-01-27,0.5000,0.5050,0.5000,0.5000,228600
PANSAR,2011-01-28,0.5000,0.5050,0.5000,0.5050,222700
PANSAR,2011-01-31,0.5000,0.5000,0.5000,0.5000,85000
PANSAR,2011-02-02,0.5050,0.5100,0.5000,0.5100,175000
PANSAR,2011-02-07,0.5100,0.5150,0.5050,0.5050,201600
PANSAR,2011-02-08,0.5050,0.5350,0.5000,0.5300,1887700
PANSAR,2011-02-09,0.5250,0.5250,0.5150,0.5150,165000
PANSAR,2011-02-10,0.5150,0.5250,0.5050,0.5050,1238500
PANSAR,2011-02-11,0.5050,0.5200,0.5050,0.5150,711900
PANSAR,2011-02-14,0.5150,0.5150,0.5050,0.5100,473100
PANSAR,2011-02-16,0.5100,0.5100,0.5050,0.5100,159900
PANSAR,2011-02-17,0.5050,0.5100,0.5050,0.5050,303300
PANSAR,2011-02-18,0.5050,0.5150,0.5050,0.5150,101600
PANSAR,2011-02-21,0.5100,0.5100,0.5050,0.5050,530600
PANSAR,2011-02-22,0.5050,0.5050,0.4900,0.4950,1146800
PANSAR,2011-02-23,0.4950,0.5000,0.4950,0.4950,379900
PANSAR,2011-02-24,0.4900,0.4950,0.4850,0.4850,392000
PANSAR,2011-02-25,0.4900,0.4900,0.4850,0.4850,177100
PANSAR,2011-02-28,0.4850,0.4850,0.4750,0.4750,472000
PANSAR,2011-03-01,0.4800,0.4900,0.4700,0.4750,219100
PANSAR,2011-03-02,0.4750,0.4800,0.4650,0.4650,231900
PANSAR,2011-03-03,0.4650,0.4750,0.4600,0.4700,112300
PANSAR,2011-03-04,0.4750,0.4750,0.4650,0.4700,134100
PANSAR,2011-03-07,0.4700,0.4700,0.4650,0.4700,57000
PANSAR,2011-03-08,0.4700,0.4750,0.4700,0.4750,68900
PANSAR,2011-03-09,0.4850,0.4900,0.4700,0.4800,239200
PANSAR,2011-03-10,0.4700,0.4900,0.4600,0.4900,330200
PANSAR,2011-03-11,0.4650,0.4750,0.4600,0.4750,79000
PANSAR,2011-03-14,0.4550,0.4750,0.4550,0.4650,104000
PANSAR,2011-03-15,0.4600,0.4700,0.4550,0.4550,197500
PANSAR,2011-03-16,0.4750,0.4750,0.4550,0.4550,153600
PANSAR,2011-03-17,0.4550,0.5000,0.4550,0.4850,517200
PANSAR,2011-03-18,0.4850,0.4850,0.4650,0.4700,145200
PANSAR,2011-03-21,0.4800,0.4900,0.4800,0.4900,217300
PANSAR,2011-03-22,0.4800,0.4950,0.4800,0.4800,32900
PANSAR,2011-03-23,0.4800,0.4900,0.4800,0.4800,61500
PANSAR,2011-03-24,0.4700,0.4800,0.4700,0.4750,146000
PANSAR,2011-03-25,0.4700,0.4750,0.4700,0.4750,43900
PANSAR,2011-03-28,0.4750,0.4800,0.4750,0.4800,35400
PANSAR,2011-03-29,0.4850,0.5200,0.4800,0.5200,2271100
PANSAR,2011-03-30,0.5300,0.6150,0.5300,0.5800,20852900
PANSAR,2011-03-31,0.5800,0.5800,0.5450,0.5500,2612500
PANSAR,2011-04-01,0.5500,0.5600,0.5450,0.5550,962400
PANSAR,2011-04-04,0.5600,0.5700,0.5350,0.5400,1225700
PANSAR,2011-04-05,0.5300,0.5550,0.5100,0.5200,7216300
PANSAR,2011-04-06,0.5250,0.5400,0.5200,0.5250,700400
PANSAR,2011-04-07,0.5250,0.5250,0.5100,0.5200,653000
PANSAR,2011-04-08,0.5200,0.5450,0.5100,0.5250,4574300
PANSAR,2011-04-11,0.5300,0.5300,0.4900,0.4950,1700600
PANSAR,2011-04-12,0.4950,0.5000,0.4950,0.4950,605000
PANSAR,2011-04-13,0.4900,0.5100,0.4900,0.5000,626000
PANSAR,2011-04-14,0.5000,0.5000,0.4750,0.4850,1492600
PANSAR,2011-04-15,0.4850,0.4950,0.4850,0.4900,607600
PANSAR,2011-04-18,0.4900,0.4950,0.4900,0.4950,147900
PANSAR,2011-04-19,0.4850,0.4900,0.4850,0.4850,152200
PANSAR,2011-04-20,0.4850,0.5050,0.4850,0.4900,195900
PANSAR,2011-04-21,0.4950,0.5100,0.4850,0.4950,1164800
PANSAR,2011-04-22,0.4950,0.5000,0.4950,0.4950,364000
PANSAR,2011-04-25,0.4900,0.5000,0.4900,0.4900,115000
PANSAR,2011-04-26,0.4900,0.4900,0.4800,0.4850,203700
PANSAR,2011-04-27,0.4850,0.4850,0.4800,0.4850,246200
PANSAR,2011-04-28,0.4800,0.4800,0.4750,0.4800,116000
PANSAR,2011-04-29,0.4800,0.4850,0.4700,0.4800,641900
PANSAR,2011-05-03,0.4700,0.4750,0.4650,0.4700,156500
PANSAR,2011-05-04,0.4650,0.4650,0.4550,0.4650,316800
PANSAR,2011-05-05,0.4650,0.4650,0.4650,0.4650,77000
PANSAR,2011-05-06,0.4700,0.4800,0.4650,0.4650,101500
PANSAR,2011-05-09,0.4650,0.4650,0.4600,0.4650,140200
PANSAR,2011-05-10,0.4700,0.4700,0.4650,0.4650,240500
PANSAR,2011-05-11,0.4700,0.4800,0.4650,0.4700,197000
PANSAR,2011-05-12,0.4650,0.4650,0.4600,0.4600,27000
PANSAR,2011-05-13,0.4650,0.4750,0.4650,0.4650,28900
PANSAR,2011-05-16,0.4600,0.4750,0.4600,0.4750,44100
PANSAR,2011-05-18,0.4600,0.4600,0.4600,0.4600,16000
PANSAR,2011-05-19,0.4650,0.4650,0.4650,0.4650,28900
PANSAR,2011-05-20,0.4700,0.4800,0.4600,0.4600,149100
PANSAR,2011-05-23,0.4650,0.4650,0.4600,0.4600,41900
PANSAR,2011-05-24,0.4550,0.4800,0.4550,0.4800,510400
PANSAR,2011-05-25,0.4700,0.4750,0.4650,0.4700,179000
PANSAR,2011-05-26,0.4750,0.4800,0.4750,0.4750,100000
PANSAR,2011-05-27,0.4750,0.4850,0.4750,0.4850,79100
PANSAR,2011-05-30,0.4750,0.4750,0.4750,0.4750,18800
PANSAR,2011-05-31,0.4700,0.4750,0.4700,0.4700,32000
PANSAR,2011-06-01,0.4650,0.5100,0.4650,0.4700,295400
PANSAR,2011-06-02,0.4750,0.4800,0.4650,0.4800,43100
PANSAR,2011-06-03,0.4700,0.4700,0.4700,0.4700,60000
PANSAR,2011-06-06,0.4700,0.4700,0.4700,0.4700,61100
PANSAR,2011-06-07,0.4700,0.4800,0.4700,0.4800,120000
PANSAR,2011-06-08,0.4700,0.4700,0.4700,0.4700,41000
PANSAR,2011-06-09,0.4750,0.4850,0.4750,0.4850,143100
PANSAR,2011-06-10,0.4800,0.4800,0.4750,0.4750,135900
PANSAR,2011-06-13,0.4750,0.4750,0.4700,0.4700,78800
PANSAR,2011-06-14,0.4750,0.4800,0.4750,0.4800,93100
PANSAR,2011-06-15,0.4750,0.4750,0.4700,0.4750,181000
PANSAR,2011-06-16,0.4700,0.4750,0.4700,0.4700,112000
PANSAR,2011-06-17,0.4750,0.4750,0.4750,0.4750,42000
PANSAR,2011-06-20,0.4750,0.4750,0.4700,0.4700,483800
PANSAR,2011-06-21,0.4700,0.4700,0.4550,0.4600,273500
PANSAR,2011-06-22,0.4600,0.4650,0.4600,0.4650,95100
PANSAR,2011-06-23,0.4600,0.4600,0.4550,0.4600,390400
PANSAR,2011-06-24,0.4700,0.4700,0.4600,0.4700,154000
PANSAR,2011-06-27,0.4600,0.4650,0.4600,0.4600,62200
PANSAR,2011-06-28,0.4550,0.4600,0.4550,0.4600,38100
PANSAR,2011-06-29,0.4550,0.4600,0.4550,0.4550,40100
PANSAR,2011-06-30,0.4600,0.4700,0.4600,0.4600,110000
PANSAR,2011-07-01,0.4700,0.4800,0.4650,0.4650,236400
PANSAR,2011-07-04,0.4800,0.4900,0.4800,0.4800,94700
PANSAR,2011-07-05,0.4650,0.4650,0.4600,0.4650,75000
PANSAR,2011-07-06,0.4650,0.4650,0.4600,0.4600,16000
PANSAR,2011-07-07,0.4600,0.4600,0.4550,0.4600,131000
PANSAR,2011-07-08,0.4600,0.4650,0.4600,0.4600,119000
PANSAR,2011-07-11,0.4600,0.4600,0.4600,0.4600,72000
PANSAR,2011-07-12,0.4600,0.4600,0.4550,0.4550,40300
PANSAR,2011-07-13,0.4600,0.4600,0.4600,0.4600,79800
PANSAR,2011-07-14,0.4600,0.4600,0.4600,0.4600,87000
PANSAR,2011-07-15,0.4700,0.4700,0.4600,0.4700,216400
PANSAR,2011-07-18,0.4650,0.4650,0.4600,0.4600,28000
PANSAR,2011-07-19,0.4600,0.4600,0.4550,0.4550,155000
PANSAR,2011-07-20,0.4550,0.4550,0.4550,0.4550,82000
PANSAR,2011-07-21,0.4550,0.4600,0.4550,0.4550,84000
PANSAR,2011-07-22,0.4600,0.4750,0.4550,0.4600,91000
PANSAR,2011-07-25,0.4550,0.4600,0.4550,0.4600,39000
PANSAR,2011-07-26,0.4550,0.4600,0.4550,0.4600,39000
PANSAR,2011-07-27,0.4550,0.4950,0.4550,0.4750,506600
PANSAR,2011-07-28,0.4700,0.4800,0.4700,0.4700,102000
PANSAR,2011-07-29,0.4650,0.4650,0.4600,0.4600,15000
PANSAR,2011-08-01,0.4650,0.4650,0.4600,0.4600,65000
PANSAR,2011-08-02,0.4600,0.4600,0.4550,0.4550,189000
PANSAR,2011-08-03,0.4550,0.4600,0.4500,0.4550,93000
PANSAR,2011-08-04,0.4600,0.4600,0.4550,0.4550,20500
PANSAR,2011-08-05,0.4550,0.4550,0.4500,0.4500,338400
PANSAR,2011-08-08,0.4450,0.4500,0.4250,0.4500,245600
PANSAR,2011-08-09,0.4200,0.4300,0.4150,0.4250,333800
PANSAR,2011-08-10,0.4300,0.4300,0.4250,0.4300,21000
PANSAR,2011-08-11,0.4300,0.4300,0.4300,0.4300,61500
PANSAR,2011-08-12,0.4300,0.4350,0.4300,0.4300,72500
PANSAR,2011-08-15,0.4300,0.4300,0.4250,0.4300,42000
PANSAR,2011-08-16,0.4300,0.4300,0.4250,0.4250,31100
PANSAR,2011-08-17,0.4250,0.4500,0.4200,0.4500,55800
PANSAR,2011-08-18,0.4500,0.4500,0.4450,0.4500,29100
PANSAR,2011-08-19,0.4250,0.4400,0.4200,0.4400,14100
PANSAR,2011-08-22,0.4400,0.4400,0.4250,0.4250,29100
PANSAR,2011-08-23,0.4400,0.4400,0.4300,0.4300,50000
PANSAR,2011-08-24,0.4400,0.4400,0.4200,0.4300,25500
PANSAR,2011-08-25,0.4300,0.4300,0.4250,0.4250,11500
PANSAR,2011-08-26,0.4300,0.4300,0.4150,0.4150,46900
PANSAR,2011-08-29,0.4150,0.4150,0.4100,0.4150,119700
PANSAR,2011-09-02,0.4200,0.4450,0.4200,0.4450,10100
PANSAR,2011-09-05,0.4300,0.4350,0.4300,0.4350,28700
PANSAR,2011-09-06,0.4200,0.4200,0.4200,0.4200,2000
PANSAR,2011-09-07,0.4250,0.4350,0.4250,0.4300,52500
PANSAR,2011-09-08,0.4250,0.4400,0.4250,0.4300,62000
PANSAR,2011-09-09,0.4400,0.4400,0.4300,0.4400,30500
PANSAR,2011-09-12,0.4300,0.4350,0.4300,0.4300,34500
PANSAR,2011-09-13,0.4300,0.4400,0.4300,0.4400,17100
PANSAR,2011-09-14,0.4450,0.4450,0.4350,0.4400,133000
PANSAR,2011-09-15,0.4300,0.4300,0.4200,0.4200,10000
PANSAR,2011-09-20,0.4250,0.4250,0.4150,0.4200,162500
PANSAR,2011-09-21,0.4300,0.4300,0.4250,0.4250,62600
PANSAR,2011-09-22,0.4200,0.4200,0.4150,0.4150,124100
PANSAR,2011-09-23,0.4150,0.4400,0.4050,0.4150,264600
PANSAR,2011-09-26,0.4150,0.4150,0.4000,0.4100,181000
PANSAR,2011-09-27,0.4000,0.4100,0.3900,0.4100,38000
PANSAR,2011-09-28,0.4150,0.4300,0.4100,0.4100,403500
PANSAR,2011-09-29,0.4300,0.4300,0.4200,0.4200,1000
PANSAR,2011-09-30,0.4150,0.4200,0.4150,0.4150,158500
PANSAR,2011-10-03,0.4300,0.4300,0.4150,0.4200,78800
PANSAR,2011-10-04,0.4100,0.4200,0.4050,0.4050,53000
PANSAR,2011-10-05,0.4050,0.4100,0.4050,0.4100,61500
PANSAR,2011-10-06,0.4100,0.4200,0.4100,0.4100,21000
PANSAR,2011-10-07,0.4100,0.4200,0.4100,0.4100,911000
PANSAR,2011-10-10,0.4200,0.4200,0.4150,0.4150,92500
PANSAR,2011-10-11,0.4150,0.4200,0.4150,0.4150,81500
PANSAR,2011-10-12,0.4150,0.4200,0.4150,0.4200,70000
PANSAR,2011-10-13,0.4200,0.4400,0.4200,0.4400,64200
PANSAR,2011-10-14,0.4350,0.4450,0.4300,0.4400,166600
PANSAR,2011-10-17,0.4400,0.4500,0.4350,0.4500,145900
PANSAR,2011-10-19,0.4200,0.4250,0.4200,0.4250,50700
PANSAR,2011-10-20,0.4300,0.4300,0.4150,0.4150,57200
PANSAR,2011-10-21,0.4100,0.4100,0.4100,0.4100,10000
PANSAR,2011-10-24,0.4100,0.4200,0.4050,0.4150,58000
PANSAR,2011-10-25,0.4100,0.4100,0.4100,0.4100,2000
PANSAR,2011-10-27,0.4050,0.4050,0.4050,0.4050,1000
PANSAR,2011-10-28,0.4100,0.4200,0.4100,0.4200,72000
PANSAR,2011-10-31,0.4150,0.4250,0.4150,0.4250,25600
PANSAR,2011-11-01,0.4150,0.4250,0.4100,0.4100,47600
PANSAR,2011-11-02,0.4100,0.4150,0.4050,0.4150,23000
PANSAR,2011-11-03,0.4150,0.4150,0.4100,0.4100,47000
PANSAR,2011-11-04,0.4100,0.4150,0.4100,0.4150,47000
PANSAR,2011-11-08,0.4150,0.4200,0.4150,0.4200,34000
PANSAR,2011-11-09,0.4000,0.4450,0.3800,0.4300,314500
PANSAR,2011-11-10,0.4150,0.4150,0.4150,0.4150,36000
PANSAR,2011-11-11,0.4200,0.4200,0.4100,0.4200,99200
PANSAR,2011-11-14,0.4200,0.4250,0.4200,0.4250,12800
PANSAR,2011-11-15,0.4150,0.4200,0.4100,0.4100,50000
PANSAR,2011-11-16,0.4100,0.4150,0.4100,0.4100,88700
PANSAR,2011-11-17,0.4100,0.4100,0.4100,0.4100,5000
PANSAR,2011-11-18,0.4100,0.4100,0.4050,0.4100,63000
PANSAR,2011-11-21,0.4100,0.4150,0.4050,0.4150,27800
PANSAR,2011-11-22,0.4100,0.4100,0.4000,0.4050,13000
PANSAR,2011-11-23,0.4100,0.4100,0.4100,0.4100,3100
PANSAR,2011-11-25,0.4100,0.4200,0.4100,0.4100,18100
PANSAR,2011-11-29,0.3950,0.3950,0.3950,0.3950,20000
PANSAR,2011-11-30,0.4050,0.4050,0.4000,0.4050,36500
PANSAR,2011-12-01,0.4000,0.4200,0.4000,0.4200,24100
PANSAR,2011-12-02,0.4250,0.4250,0.4000,0.4250,203100
PANSAR,2011-12-05,0.4050,0.4050,0.4000,0.4000,22300
PANSAR,2011-12-06,0.4050,0.4100,0.3750,0.3800,530100
PANSAR,2011-12-07,0.3850,0.4000,0.3850,0.3950,89600
PANSAR,2011-12-08,0.3900,0.4000,0.3900,0.4000,65000
PANSAR,2011-12-09,0.3900,0.3950,0.3900,0.3950,50700
PANSAR,2011-12-12,0.3950,0.3950,0.3850,0.3900,32800
PANSAR,2011-12-13,0.3900,0.4000,0.3900,0.4000,40000
PANSAR,2011-12-14,0.3900,0.4000,0.3900,0.4000,10000
PANSAR,2011-12-15,0.3850,0.3850,0.3850,0.3850,5000
PANSAR,2011-12-16,0.3850,0.3950,0.3850,0.3950,23000
PANSAR,2011-12-19,0.3850,0.4050,0.3850,0.4050,78200
PANSAR,2011-12-20,0.4050,0.4050,0.3900,0.3900,44000
PANSAR,2011-12-21,0.3900,0.3900,0.3900,0.3900,10000
PANSAR,2011-12-22,0.3900,0.4000,0.3900,0.3950,25000
PANSAR,2011-12-23,0.3950,0.3950,0.3950,0.3950,5000
PANSAR,2011-12-27,0.3950,0.3950,0.3900,0.3900,16000
PANSAR,2011-12-28,0.3900,0.3900,0.3900,0.3900,5000
PANSAR,2011-12-29,0.4000,0.4000,0.3950,0.4000,100000
PANSAR,2011-12-30,0.3900,0.4000,0.3900,0.3900,12000
PANSAR,2012-01-03,0.4000,0.4050,0.3900,0.4050,4200
PANSAR,2012-01-05,0.4050,0.4050,0.3900,0.4000,54300
PANSAR,2012-01-06,0.4000,0.4000,0.3950,0.3950,45000
PANSAR,2012-01-09,0.4050,0.4050,0.4000,0.4000,20000
PANSAR,2012-01-10,0.3950,0.3950,0.3900,0.3900,52000
PANSAR,2012-01-11,0.4050,0.4150,0.4050,0.4100,133000
PANSAR,2012-01-12,0.4150,0.4150,0.4150,0.4150,45900
PANSAR,2012-01-17,0.4050,0.4050,0.3950,0.4000,74100
PANSAR,2012-01-18,0.3950,0.3950,0.3900,0.3900,83800
PANSAR,2012-01-19,0.3900,0.3950,0.3900,0.3900,112000
PANSAR,2012-01-20,0.3950,0.4050,0.3950,0.4050,115900
PANSAR,2012-01-26,0.4000,0.4150,0.4000,0.4150,107000
PANSAR,2012-01-27,0.4150,0.4150,0.4100,0.4100,180900
PANSAR,2012-01-30,0.4100,0.4250,0.4100,0.4150,87900
PANSAR,2012-01-31,0.4100,0.4100,0.4100,0.4100,3000
PANSAR,2012-02-02,0.4150,0.4200,0.4150,0.4200,15000
PANSAR,2012-02-03,0.4150,0.4200,0.4100,0.4200,113000
PANSAR,2012-02-08,0.4200,0.4200,0.4200,0.4200,66000
PANSAR,2012-02-09,0.4150,0.4300,0.4150,0.4200,74000
PANSAR,2012-02-10,0.4200,0.4400,0.4200,0.4400,88000
PANSAR,2012-02-13,0.4400,0.4400,0.4350,0.4350,14000
PANSAR,2012-02-14,0.4300,0.4300,0.4200,0.4250,124700
PANSAR,2012-02-15,0.4400,0.4450,0.4400,0.4450,21500
PANSAR,2012-02-16,0.4300,0.4350,0.4250,0.4350,217100
PANSAR,2012-02-17,0.4350,0.4350,0.4350,0.4350,10000
PANSAR,2012-02-20,0.4300,0.4650,0.4300,0.4450,123400
PANSAR,2012-02-21,0.4500,0.4550,0.4300,0.4350,68900
PANSAR,2012-02-22,0.4300,0.4500,0.4300,0.4350,61900
PANSAR,2012-02-23,0.4500,0.4500,0.4300,0.4300,90700
PANSAR,2012-02-24,0.4400,0.4500,0.4300,0.4500,85000
PANSAR,2012-02-27,0.4500,0.4600,0.4500,0.4600,41100
PANSAR,2012-02-28,0.4300,0.4550,0.4300,0.4550,57000
PANSAR,2012-02-29,0.4450,0.4450,0.4400,0.4400,1000
PANSAR,2012-03-01,0.4400,0.4750,0.4400,0.4600,194400
PANSAR,2012-03-02,0.4550,0.4750,0.4500,0.4750,62100
PANSAR,2012-03-05,0.4450,0.4650,0.4450,0.4650,5100
PANSAR,2012-03-06,0.4550,0.4550,0.4450,0.4550,33900
PANSAR,2012-03-07,0.4400,0.4500,0.4400,0.4500,17000
PANSAR,2012-03-08,0.4550,0.4550,0.4500,0.4500,4200
PANSAR,2012-03-09,0.4450,0.4600,0.4350,0.4600,101800
PANSAR,2012-03-12,0.4350,0.4350,0.4350,0.4350,71000
PANSAR,2012-03-13,0.4500,0.4500,0.4250,0.4250,103200
PANSAR,2012-03-14,0.4500,0.4500,0.4350,0.4350,10000
PANSAR,2012-03-15,0.4350,0.4550,0.4350,0.4550,191900
PANSAR,2012-03-16,0.4550,0.4550,0.4550,0.4550,5000
PANSAR,2012-03-19,0.4450,0.4450,0.4350,0.4350,30000
PANSAR,2012-03-20,0.4400,0.4400,0.4350,0.4350,17700
PANSAR,2012-03-21,0.4350,0.4350,0.4350,0.4350,7000
PANSAR,2012-03-22,0.4350,0.4350,0.4300,0.4300,40900
PANSAR,2012-03-23,0.4300,0.4500,0.4300,0.4400,74200
PANSAR,2012-03-26,0.4400,0.4400,0.4300,0.4300,109600
PANSAR,2012-03-27,0.4350,0.4350,0.4300,0.4300,5000
PANSAR,2012-03-28,0.4300,0.4350,0.4300,0.4350,28900
PANSAR,2012-03-29,0.4300,0.4300,0.4300,0.4300,32000
PANSAR,2012-03-30,0.4300,0.4300,0.4300,0.4300,13000
PANSAR,2012-04-04,0.4300,0.4300,0.4250,0.4300,49000
PANSAR,2012-04-05,0.3000,0.4300,0.3000,0.4300,46500
PANSAR,2012-04-09,0.4300,0.4400,0.4300,0.4400,22300
PANSAR,2012-04-12,0.4300,0.4300,0.4250,0.4250,42000
PANSAR,2012-04-13,0.4400,0.4500,0.4400,0.4500,51500
PANSAR,2012-04-16,0.4400,0.4450,0.4400,0.4400,34700
PANSAR,2012-04-17,0.4400,0.4400,0.4400,0.4400,49000
PANSAR,2012-04-18,0.4200,0.4300,0.4200,0.4300,16000
PANSAR,2012-04-19,0.4250,0.4250,0.4250,0.4250,26000
PANSAR,2012-04-20,0.4250,0.4250,0.4250,0.4250,2000
PANSAR,2012-04-24,0.4400,0.4400,0.4250,0.4250,50000
PANSAR,2012-04-25,0.4200,0.4350,0.4200,0.4200,29000
PANSAR,2012-04-26,0.4250,0.4250,0.4250,0.4250,18000
PANSAR,2012-04-27,0.4250,0.4250,0.4200,0.4200,20000
PANSAR,2012-04-30,0.4200,0.4300,0.4200,0.4300,14000
PANSAR,2012-05-04,0.4250,0.4300,0.4250,0.4300,30000
PANSAR,2012-05-08,0.4350,0.4350,0.4350,0.4350,31700
PANSAR,2012-05-09,0.4350,0.4350,0.4200,0.4200,69300
PANSAR,2012-05-10,0.4200,0.4300,0.4200,0.4300,20000
PANSAR,2012-05-11,0.4350,0.4350,0.4350,0.4350,65000
PANSAR,2012-05-14,0.4350,0.4350,0.4350,0.4350,47000
PANSAR,2012-05-15,0.4050,0.4350,0.4050,0.4350,26700
PANSAR,2012-05-16,0.4300,0.4300,0.4000,0.4100,89000
PANSAR,2012-05-18,0.4200,0.4200,0.4100,0.4100,120000
PANSAR,2012-05-21,0.4150,0.4250,0.4100,0.4250,130200
PANSAR,2012-05-23,0.4200,0.4200,0.4150,0.4200,43000
PANSAR,2012-05-24,0.4200,0.4200,0.4100,0.4150,44800
PANSAR,2012-05-25,0.4100,0.4200,0.4100,0.4200,29400
PANSAR,2012-05-28,0.4200,0.4200,0.4200,0.4200,4900
PANSAR,2012-05-29,0.4150,0.4150,0.4100,0.4100,18100
PANSAR,2012-05-30,0.4150,0.4150,0.4100,0.4100,43000
PANSAR,2012-06-04,0.4100,0.4100,0.4050,0.4050,72700
PANSAR,2012-06-05,0.4000,0.4050,0.3950,0.3950,242500
PANSAR,2012-06-06,0.3850,0.4000,0.3850,0.4000,13000
PANSAR,2012-06-07,0.4050,0.4100,0.4050,0.4100,12500
PANSAR,2012-06-08,0.4100,0.4100,0.4100,0.4100,26600
PANSAR,2012-06-11,0.4050,0.4050,0.3950,0.3950,13000
PANSAR,2012-06-13,0.4000,0.4000,0.3950,0.4000,120000
PANSAR,2012-06-14,0.4000,0.4000,0.4000,0.4000,40000
PANSAR,2012-06-15,0.4000,0.4050,0.4000,0.4050,63600
PANSAR,2012-06-18,0.4100,0.4100,0.4000,0.4000,119000
PANSAR,2012-06-19,0.4000,0.4100,0.4000,0.4100,10200
PANSAR,2012-06-20,0.4000,0.4100,0.4000,0.4100,129700
PANSAR,2012-06-21,0.4000,0.4000,0.4000,0.4000,18300
PANSAR,2012-06-22,0.4050,0.4050,0.4000,0.4000,14000
PANSAR,2012-06-25,0.4100,0.4100,0.4000,0.4050,48100
PANSAR,2012-06-26,0.4050,0.4050,0.4000,0.4000,1000
PANSAR,2012-06-27,0.4000,0.4050,0.4000,0.4050,64700
PANSAR,2012-06-28,0.4000,0.4050,0.4000,0.4050,80000
PANSAR,2012-06-29,0.4050,0.4050,0.4000,0.4000,35800
PANSAR,2012-07-02,0.4100,0.4100,0.4050,0.4100,16000
PANSAR,2012-07-03,0.4000,0.4050,0.4000,0.4050,19000
PANSAR,2012-07-04,0.4100,0.4100,0.4050,0.4050,35400
PANSAR,2012-07-05,0.4050,0.4150,0.4050,0.4150,116100
PANSAR,2012-07-06,0.4200,0.4250,0.4150,0.4150,30000
PANSAR,2012-07-11,0.4200,0.4300,0.4200,0.4200,45700
PANSAR,2012-07-13,0.4050,0.4050,0.4000,0.4000,45000
PANSAR,2012-07-16,0.4100,0.4150,0.4000,0.4150,77000
PANSAR,2012-07-17,0.4150,0.4200,0.4100,0.4200,85900
PANSAR,2012-07-18,0.4200,0.4200,0.4200,0.4200,18000
PANSAR,2012-07-20,0.4100,0.4250,0.4100,0.4200,37600
PANSAR,2012-07-23,0.4100,0.4250,0.4100,0.4250,17500
PANSAR,2012-07-24,0.4250,0.4250,0.4150,0.4250,20000
PANSAR,2012-07-27,0.4050,0.4300,0.4050,0.4300,4300
PANSAR,2012-07-30,0.4100,0.4300,0.4100,0.4100,36900
PANSAR,2012-07-31,0.4100,0.4100,0.4100,0.4100,1000
PANSAR,2012-08-01,0.4100,0.4100,0.4100,0.4100,10000
PANSAR,2012-08-02,0.4200,0.4300,0.4150,0.4300,23900
PANSAR,2012-08-03,0.4300,0.4450,0.4300,0.4450,38000
PANSAR,2012-08-07,0.4150,0.4250,0.4150,0.4250,70000
PANSAR,2012-08-08,0.4200,0.4300,0.4150,0.4150,40000
PANSAR,2012-08-10,0.4150,0.4150,0.4100,0.4100,20800
PANSAR,2012-08-13,0.4150,0.4400,0.4150,0.4400,11500
PANSAR,2012-08-14,0.4300,0.4300,0.4200,0.4200,16000
PANSAR,2012-08-15,0.4250,0.4250,0.4150,0.4150,5600
PANSAR,2012-08-22,0.4150,0.4200,0.4100,0.4150,94000
PANSAR,2012-08-24,0.4150,0.4200,0.4150,0.4200,3000
PANSAR,2012-08-28,0.4200,0.4200,0.4100,0.4100,10000
PANSAR,2012-08-29,0.4100,0.4100,0.4100,0.4100,3000
PANSAR,2012-09-03,0.4100,0.4100,0.4100,0.4100,26000
PANSAR,2012-09-04,0.4200,0.4200,0.4150,0.4200,33700
PANSAR,2012-09-05,0.4200,0.4200,0.4150,0.4200,16900
PANSAR,2012-09-06,0.4200,0.4200,0.4050,0.4050,17200
PANSAR,2012-09-07,0.4200,0.4250,0.4100,0.4250,33400
PANSAR,2012-09-10,0.4050,0.4050,0.4050,0.4050,11000
PANSAR,2012-09-11,0.4100,0.4150,0.4100,0.4100,77000
PANSAR,2012-09-14,0.4150,0.4150,0.4100,0.4100,30000
PANSAR,2012-09-19,0.4100,0.4100,0.4100,0.4100,5000
PANSAR,2012-09-20,0.4150,0.4150,0.4100,0.4100,56000
PANSAR,2012-09-21,0.4100,0.4100,0.4100,0.4100,2000
PANSAR,2012-09-24,0.4100,0.4150,0.4100,0.4150,49000
PANSAR,2012-09-26,0.4150,0.4300,0.4150,0.4300,24700
PANSAR,2012-10-01,0.4150,0.4150,0.4150,0.4150,26000
PANSAR,2012-10-02,0.4150,0.4250,0.4100,0.4250,12600
PANSAR,2012-10-03,0.4150,0.4250,0.4150,0.4250,2100
PANSAR,2012-10-04,0.4100,0.4100,0.4000,0.4100,160600
PANSAR,2012-10-05,0.4000,0.4050,0.4000,0.4050,22900
PANSAR,2012-10-09,0.4050,0.4150,0.4000,0.4000,85000
PANSAR,2012-10-10,0.4000,0.4050,0.3950,0.4000,88100
PANSAR,2012-10-11,0.4000,0.4000,0.4000,0.4000,65800
PANSAR,2012-10-12,0.3950,0.4000,0.3950,0.4000,24400
PANSAR,2012-10-15,0.3950,0.4000,0.3950,0.4000,5900
PANSAR,2012-10-16,0.3950,0.4000,0.3950,0.3950,42100
PANSAR,2012-10-17,0.3950,0.4000,0.3950,0.3950,45500
PANSAR,2012-10-18,0.3950,0.3950,0.3950,0.3950,15000
PANSAR,2012-10-19,0.3900,0.4000,0.3900,0.3950,26000
PANSAR,2012-10-22,0.3900,0.3900,0.3900,0.3900,15000
PANSAR,2012-10-23,0.3900,0.3900,0.3900,0.3900,3000
PANSAR,2012-10-25,0.3900,0.3900,0.3850,0.3900,31000
PANSAR,2012-10-29,0.3900,0.3900,0.3900,0.3900,2000
PANSAR,2012-11-01,0.3900,0.3900,0.3800,0.3800,10000
PANSAR,2012-11-02,0.3850,0.4200,0.3850,0.3900,7200
PANSAR,2012-11-06,0.3800,0.4000,0.3800,0.3850,100400
PANSAR,2012-11-07,0.3800,0.3850,0.3800,0.3800,153500
PANSAR,2012-11-08,0.3850,0.3850,0.3800,0.3800,226900
PANSAR,2012-11-09,0.3950,0.3950,0.3800,0.3800,144200
PANSAR,2012-11-12,0.3900,0.3900,0.3850,0.3850,51000
PANSAR,2012-11-16,0.3850,0.3900,0.3850,0.3850,160000
PANSAR,2012-11-19,0.3850,0.3850,0.3800,0.3800,61800
PANSAR,2012-11-21,0.3800,0.3800,0.3800,0.3800,3000
PANSAR,2012-11-22,0.3800,0.3800,0.3800,0.3800,3800
PANSAR,2012-11-23,0.3850,0.3850,0.3800,0.3800,27000
PANSAR,2012-11-26,0.3800,0.3800,0.3800,0.3800,1055000
PANSAR,2012-11-28,0.3900,0.3950,0.3850,0.3950,169400
PANSAR,2012-11-29,0.3850,0.3850,0.3850,0.3850,3000
PANSAR,2012-11-30,0.3850,0.4200,0.3850,0.3900,63000
PANSAR,2012-12-03,0.3850,0.3900,0.3850,0.3900,34000
PANSAR,2012-12-04,0.3950,0.3950,0.3900,0.3900,36900
PANSAR,2012-12-05,0.3900,0.3900,0.3900,0.3900,32000
PANSAR,2012-12-06,0.3900,0.4000,0.3850,0.4000,21000
PANSAR,2012-12-07,0.3900,0.3900,0.3900,0.3900,50000
PANSAR,2012-12-10,0.3850,0.3850,0.3850,0.3850,1000
PANSAR,2012-12-11,0.3800,0.3800,0.3800,0.3800,5400
PANSAR,2012-12-12,0.3900,0.3900,0.3850,0.3850,21900
PANSAR,2012-12-18,0.3800,0.3800,0.3800,0.3800,4100
PANSAR,2012-12-19,0.3850,0.3850,0.3850,0.3850,1000
PANSAR,2012-12-20,0.3900,0.3900,0.3900,0.3900,45000
PANSAR,2012-12-24,0.3850,0.3900,0.3850,0.3900,16000
PANSAR,2012-12-26,0.3900,0.3900,0.3900,0.3900,10000
PANSAR,2012-12-27,0.3800,0.3800,0.3750,0.3800,257000
PANSAR,2012-12-28,0.3850,0.3850,0.3850,0.3850,13300
PANSAR,2013-01-07,0.3850,0.3850,0.3850,0.3850,8000
PANSAR,2013-01-08,0.3850,0.4000,0.3800,0.3850,86000
PANSAR,2013-01-09,0.3800,0.3800,0.3800,0.3800,4000
PANSAR,2013-01-10,0.3800,0.3950,0.3800,0.3950,37800
PANSAR,2013-01-14,0.3800,0.3800,0.3800,0.3800,17500
PANSAR,2013-01-15,0.3800,0.4000,0.3800,0.4000,3100
PANSAR,2013-01-16,0.3800,0.3850,0.3800,0.3800,9000
PANSAR,2013-01-18,0.3850,0.3850,0.3800,0.3800,13000
PANSAR,2013-01-21,0.3850,0.3850,0.3850,0.3850,70500
PANSAR,2013-01-23,0.3800,0.3800,0.3800,0.3800,20000
PANSAR,2013-01-29,0.3800,0.3850,0.3800,0.3850,99600
PANSAR,2013-01-30,0.3800,0.3850,0.3800,0.3850,27000
PANSAR,2013-01-31,0.3800,0.3800,0.3800,0.3800,41300
PANSAR,2013-02-04,0.3850,0.3850,0.3850,0.3850,15000
PANSAR,2013-02-06,0.3500,0.3800,0.3500,0.3800,112000
PANSAR,2013-02-07,0.3800,0.3850,0.3800,0.3800,64900
PANSAR,2013-02-08,0.3800,0.3850,0.3800,0.3800,38000
PANSAR,2013-02-14,0.3800,0.3900,0.3800,0.3900,105000
PANSAR,2013-02-15,0.3800,0.3800,0.3800,0.3800,11000
PANSAR,2013-02-19,0.3800,0.3800,0.3800,0.3800,24000
PANSAR,2013-02-20,0.3750,0.3800,0.3750,0.3800,17000
PANSAR,2013-02-21,0.3800,0.3850,0.3800,0.3800,418300
PANSAR,2013-02-22,0.3800,0.3800,0.3800,0.3800,15000
PANSAR,2013-02-25,0.3800,0.3800,0.3800,0.3800,110000
PANSAR,2013-02-26,0.3900,0.4200,0.3800,0.4200,158800
PANSAR,2013-02-27,0.4000,0.4000,0.3800,0.3800,21000
PANSAR,2013-02-28,0.4000,0.4000,0.4000,0.4000,100000
PANSAR,2013-03-01,0.3800,0.4000,0.3800,0.4000,4000
PANSAR,2013-03-04,0.3950,0.3950,0.3950,0.3950,10000
PANSAR,2013-03-05,0.3850,0.3850,0.3850,0.3850,22000
PANSAR,2013-03-06,0.3800,0.3800,0.3800,0.3800,14000
PANSAR,2013-03-12,0.3800,0.3800,0.3800,0.3800,800
PANSAR,2013-03-14,0.3800,0.4050,0.3800,0.4050,5000
PANSAR,2013-03-15,0.3600,0.3650,0.3600,0.3650,21000
PANSAR,2013-03-18,0.3900,0.4000,0.3800,0.3900,41000
PANSAR,2013-03-19,0.3800,0.3800,0.3750,0.3750,10000
PANSAR,2013-03-21,0.3700,0.3950,0.3700,0.3950,104100
PANSAR,2013-03-22,0.3750,0.4000,0.3750,0.3750,10900
PANSAR,2013-03-26,0.3750,0.3750,0.3750,0.3750,6000
PANSAR,2013-03-28,0.3750,0.3750,0.3550,0.3550,5000
PANSAR,2013-04-01,0.4000,0.4000,0.4000,0.4000,32300
PANSAR,2013-04-03,0.3700,0.3750,0.3700,0.3750,10300
PANSAR,2013-04-04,0.3700,0.3700,0.3700,0.3700,20000
PANSAR,2013-04-05,0.3700,0.3700,0.3700,0.3700,7000
PANSAR,2013-04-08,0.3850,0.3850,0.3800,0.3800,38100
PANSAR,2013-04-09,0.3900,0.3900,0.3850,0.3900,21000
PANSAR,2013-04-10,0.3750,0.3750,0.3750,0.3750,10000
PANSAR,2013-04-11,0.3800,0.3800,0.3750,0.3800,23900
PANSAR,2013-04-15,0.3800,0.3900,0.3800,0.3900,22000
PANSAR,2013-04-16,0.3800,0.3800,0.3750,0.3750,10000
PANSAR,2013-04-17,0.3750,0.3950,0.3750,0.3900,17900
PANSAR,2013-04-18,0.3750,0.3950,0.3750,0.3950,1900
PANSAR,2013-04-22,0.3750,0.3750,0.3750,0.3750,2000
PANSAR,2013-04-24,0.3800,0.3800,0.3750,0.3750,29400
PANSAR,2013-04-25,0.3800,0.3800,0.3750,0.3750,5000
PANSAR,2013-04-26,0.3800,0.3900,0.3750,0.3900,27900
PANSAR,2013-04-29,0.3800,0.3850,0.3750,0.3850,15500
PANSAR,2013-04-30,0.3650,0.3650,0.3650,0.3650,10000
PANSAR,2013-05-02,0.3650,0.3650,0.3600,0.3600,75000
PANSAR,2013-05-03,0.3650,0.3650,0.3600,0.3600,21000
PANSAR,2013-05-06,0.3800,0.3800,0.3700,0.3700,18000
PANSAR,2013-05-08,0.3800,0.3800,0.3650,0.3750,92000
PANSAR,2013-05-09,0.3800,0.3850,0.3800,0.3850,48300
PANSAR,2013-05-10,0.3850,0.3900,0.3850,0.3900,57000
PANSAR,2013-05-13,0.3850,0.3850,0.3800,0.3850,75300
PANSAR,2013-05-14,0.3850,0.3850,0.3800,0.3850,44500
PANSAR,2013-05-15,0.3800,0.3950,0.3800,0.3950,38500
PANSAR,2013-05-16,0.3950,0.3950,0.3900,0.3900,108000
PANSAR,2013-05-17,0.3850,0.3850,0.3850,0.3850,12000
PANSAR,2013-05-20,0.3950,0.4050,0.3950,0.4000,114700
PANSAR,2013-05-21,0.4050,0.4200,0.4050,0.4100,125800
PANSAR,2013-05-22,0.4150,0.4150,0.4100,0.4150,145000
PANSAR,2013-05-27,0.4100,0.4100,0.4000,0.4000,48300
PANSAR,2013-05-28,0.3900,0.4100,0.3900,0.4000,120100
PANSAR,2013-05-29,0.4050,0.4050,0.4000,0.4050,104800
PANSAR,2013-05-30,0.4000,0.4000,0.3950,0.3950,85000
PANSAR,2013-05-31,0.4050,0.4650,0.4050,0.4600,976200
PANSAR,2013-06-03,0.4650,0.4850,0.4400,0.4650,1002000
PANSAR,2013-06-04,0.4750,0.4750,0.4450,0.4600,295800
PANSAR,2013-06-05,0.4550,0.4600,0.4550,0.4600,339300
PANSAR,2013-06-06,0.4500,0.4600,0.4350,0.4450,532100
PANSAR,2013-06-07,0.4400,0.4500,0.4400,0.4500,202000
PANSAR,2013-06-10,0.4500,0.5250,0.4500,0.5250,2430100
PANSAR,2013-06-11,0.5250,0.5300,0.4900,0.4950,909400
PANSAR,2013-06-12,0.5050,0.5350,0.4900,0.5250,1743100
PANSAR,2013-06-13,0.5250,0.5450,0.5100,0.5100,1631100
PANSAR,2013-06-14,0.5250,0.5500,0.5250,0.5400,3073000
PANSAR,2013-06-17,0.5450,0.5500,0.5350,0.5400,836500
PANSAR,2013-06-18,0.5350,0.5350,0.5050,0.5100,1165600
PANSAR,2013-06-19,0.5100,0.5150,0.4950,0.5000,1757800
PANSAR,2013-06-20,0.5000,0.5000,0.4600,0.4650,1948000
PANSAR,2013-06-21,0.4500,0.4850,0.4500,0.4850,809900
PANSAR,2013-06-24,0.4650,0.4650,0.4450,0.4450,394600
PANSAR,2013-06-25,0.4550,0.4550,0.4350,0.4500,392300
PANSAR,2013-06-26,0.4400,0.4500,0.4400,0.4400,136100
PANSAR,2013-06-27,0.4450,0.4550,0.4400,0.4400,214000
PANSAR,2013-06-28,0.4500,0.4500,0.4400,0.4400,23000
PANSAR,2013-07-01,0.4350,0.4400,0.4300,0.4400,63500
PANSAR,2013-07-02,0.4400,0.4450,0.4350,0.4350,72100
PANSAR,2013-07-03,0.4350,0.4400,0.4350,0.4400,5000
PANSAR,2013-07-04,0.4300,0.4600,0.4300,0.4600,20000
PANSAR,2013-07-05,0.4750,0.4850,0.4550,0.4800,479700
PANSAR,2013-07-08,0.4800,0.5000,0.4750,0.4800,780000
PANSAR,2013-07-09,0.4850,0.4950,0.4800,0.4900,772900
PANSAR,2013-07-10,0.4950,0.4950,0.4900,0.4900,328800
PANSAR,2013-07-11,0.4900,0.4950,0.4850,0.4850,220700
PANSAR,2013-07-12,0.4900,0.5000,0.4900,0.5000,255000
PANSAR,2013-07-15,0.4900,0.5300,0.4900,0.5250,2381000
PANSAR,2013-07-16,0.5200,0.5200,0.5100,0.5150,457800
PANSAR,2013-07-17,0.5100,0.5100,0.5000,0.5000,602900
PANSAR,2013-07-18,0.5000,0.5100,0.5000,0.5100,264700
PANSAR,2013-07-19,0.5100,0.5200,0.5100,0.5200,1093000
PANSAR,2013-07-22,0.5100,0.5200,0.5050,0.5200,403000
PANSAR,2013-07-23,0.5050,0.5100,0.4950,0.5000,576100
PANSAR,2013-07-24,0.5000,0.5050,0.5000,0.5000,135900
PANSAR,2013-07-25,0.4950,0.5050,0.4950,0.5000,210000
PANSAR,2013-07-26,0.4900,0.4900,0.4800,0.4850,393600
PANSAR,2013-07-29,0.4800,0.4800,0.4700,0.4700,336000
PANSAR,2013-07-30,0.4700,0.4800,0.4650,0.4750,153300
PANSAR,2013-07-31,0.4900,0.4900,0.4700,0.4750,67000
PANSAR,2013-08-01,0.4700,0.4850,0.4700,0.4850,71600
PANSAR,2013-08-02,0.4900,0.5100,0.4900,0.4950,580800
PANSAR,2013-08-05,0.4900,0.5000,0.4900,0.4950,26800
PANSAR,2013-08-06,0.4950,0.5000,0.4850,0.5000,55100
PANSAR,2013-08-12,0.5000,0.5100,0.5000,0.5000,118100
PANSAR,2013-08-13,0.5000,0.5000,0.4950,0.4950,29800
PANSAR,2013-08-14,0.4950,0.5100,0.4950,0.5000,81700
PANSAR,2013-08-15,0.5000,0.5000,0.4950,0.4950,35000
PANSAR,2013-08-16,0.4950,0.5000,0.4900,0.4950,116500
PANSAR,2013-08-19,0.5000,0.5000,0.4850,0.4900,166200
PANSAR,2013-08-20,0.4850,0.4900,0.4800,0.4850,192700
PANSAR,2013-08-21,0.4850,0.4850,0.4750,0.4800,149000
PANSAR,2013-08-22,0.4750,0.4750,0.4600,0.4600,137600
PANSAR,2013-08-23,0.4700,0.4750,0.4650,0.4650,158900
PANSAR,2013-08-26,0.4550,0.4700,0.4500,0.4650,103700
PANSAR,2013-08-27,0.4600,0.4600,0.4450,0.4500,368600
PANSAR,2013-08-28,0.4300,0.4400,0.4300,0.4400,54000
PANSAR,2013-08-29,0.4500,0.4550,0.4400,0.4550,65900
PANSAR,2013-08-30,0.4500,0.4500,0.4400,0.4500,35000
PANSAR,2013-09-02,0.4400,0.4600,0.4400,0.4400,63100
PANSAR,2013-09-03,0.4500,0.4500,0.4450,0.4450,19100
PANSAR,2013-09-04,0.4450,0.4700,0.4450,0.4600,41000
PANSAR,2013-09-05,0.4550,0.4650,0.4550,0.4650,88000
PANSAR,2013-09-06,0.4650,0.4650,0.4500,0.4500,23000
PANSAR,2013-09-09,0.4700,0.4700,0.4700,0.4700,20000
PANSAR,2013-09-10,0.4600,0.4700,0.4600,0.4700,40000
PANSAR,2013-09-11,0.4650,0.4700,0.4650,0.4700,44000
PANSAR,2013-09-12,0.4700,0.4700,0.4700,0.4700,90000
PANSAR,2013-09-13,0.4800,0.4800,0.4650,0.4700,136000
PANSAR,2013-09-17,0.4600,0.4800,0.4600,0.4800,15100
PANSAR,2013-09-18,0.4750,0.4750,0.4700,0.4700,48300
PANSAR,2013-09-19,0.4650,0.4800,0.4650,0.4800,30100
PANSAR,2013-09-20,0.4800,0.4800,0.4750,0.4750,80800
PANSAR,2013-09-23,0.4750,0.4850,0.4750,0.4750,204000
PANSAR,2013-09-24,0.4750,0.4900,0.4750,0.4900,146700
PANSAR,2013-09-25,0.4750,0.4750,0.4650,0.4750,24900
PANSAR,2013-09-26,0.4750,0.4750,0.4650,0.4650,96100
PANSAR,2013-09-27,0.4700,0.4700,0.4650,0.4700,195000
PANSAR,2013-09-30,0.4650,0.4650,0.4600,0.4600,88800
PANSAR,2013-10-01,0.4850,0.4850,0.4650,0.4650,69900
PANSAR,2013-10-02,0.4650,0.4700,0.4650,0.4700,51000
PANSAR,2013-10-03,0.4750,0.4950,0.4700,0.4950,583100
PANSAR,2013-10-04,0.5000,0.5000,0.4850,0.4900,308900
PANSAR,2013-10-07,0.4850,0.4850,0.4800,0.4850,190100
PANSAR,2013-10-08,0.4800,0.4850,0.4800,0.4850,260400
PANSAR,2013-10-09,0.4850,0.4850,0.4850,0.4850,125000
PANSAR,2013-10-10,0.4900,0.4900,0.4850,0.4900,263100
PANSAR,2013-10-11,0.4900,0.4950,0.4900,0.4900,495200
PANSAR,2013-10-14,0.4900,0.5000,0.4900,0.4900,145300
PANSAR,2013-10-16,0.4900,0.4950,0.4900,0.4900,166300
PANSAR,2013-10-17,0.4900,0.5000,0.4900,0.4900,283000
PANSAR,2013-10-18,0.4950,0.4950,0.4950,0.4950,161900
PANSAR,2013-10-21,0.4950,0.4950,0.4950,0.4950,47000
PANSAR,2013-10-22,0.4950,0.5150,0.4950,0.5100,361800
PANSAR,2013-10-23,0.5150,0.5400,0.5050,0.5250,3336700
PANSAR,2013-10-24,0.5300,0.5550,0.5300,0.5350,6671300
PANSAR,2013-10-25,0.5400,0.5400,0.5200,0.5350,914400
PANSAR,2013-10-28,0.5250,0.5250,0.5150,0.5250,420300
PANSAR,2013-10-29,0.5150,0.5250,0.5100,0.5100,1045500
PANSAR,2013-10-30,0.5150,0.5350,0.5100,0.5250,1982800
PANSAR,2013-10-31,0.5250,0.5250,0.5100,0.5200,269200
PANSAR,2013-11-01,0.5200,0.5200,0.5100,0.5150,169700
PANSAR,2013-11-04,0.5100,0.5300,0.5100,0.5150,704700
PANSAR,2013-11-06,0.5100,0.5150,0.5050,0.5050,1132900
PANSAR,2013-11-07,0.5050,0.5150,0.5050,0.5100,664000
PANSAR,2013-11-08,0.5150,0.5150,0.5100,0.5150,47000
PANSAR,2013-11-11,0.5200,0.5200,0.5100,0.5100,328300
PANSAR,2013-11-12,0.5100,0.5150,0.5050,0.5100,480100
PANSAR,2013-11-13,0.5050,0.5100,0.5000,0.5100,87800
PANSAR,2013-11-14,0.5100,0.5100,0.5000,0.5000,362000
PANSAR,2013-11-15,0.5050,0.5100,0.5000,0.5100,61300
PANSAR,2013-11-18,0.5000,0.5150,0.5000,0.5000,234900
PANSAR,2013-11-19,0.5000,0.5000,0.5000,0.5000,72000
PANSAR,2013-11-20,0.5000,0.5000,0.4900,0.5000,169200
PANSAR,2013-11-21,0.4950,0.5100,0.4700,0.5100,371900
PANSAR,2013-11-22,0.4950,0.5000,0.4850,0.5000,89400
PANSAR,2013-11-25,0.5000,0.5000,0.4900,0.4900,111300
PANSAR,2013-11-26,0.4950,0.5000,0.4950,0.4950,6100
PANSAR,2013-11-27,0.4950,0.4950,0.4900,0.4950,102300
PANSAR,2013-11-28,0.4900,0.4950,0.4900,0.4950,118000
PANSAR,2013-11-29,0.4900,0.4950,0.4900,0.4950,36100
PANSAR,2013-12-02,0.4850,0.4950,0.4850,0.4950,80200
PANSAR,2013-12-03,0.4800,0.4900,0.4800,0.4800,36600
PANSAR,2013-12-04,0.4800,0.4900,0.4700,0.4750,50700
PANSAR,2013-12-05,0.4800,0.4900,0.4800,0.4900,123300
PANSAR,2013-12-06,0.4900,0.4900,0.4800,0.4800,14000
PANSAR,2013-12-09,0.4850,0.4850,0.4800,0.4800,58300
PANSAR,2013-12-10,0.4750,0.4900,0.4750,0.4750,11100
PANSAR,2013-12-11,0.4750,0.4850,0.4750,0.4750,43000
PANSAR,2013-12-13,0.4750,0.4800,0.4750,0.4750,67000
PANSAR,2013-12-16,0.4750,0.4750,0.4650,0.4700,218900
PANSAR,2013-12-18,0.4700,0.4750,0.4700,0.4700,148200
PANSAR,2013-12-19,0.4650,0.4850,0.4650,0.4850,112500
PANSAR,2013-12-23,0.4650,0.4900,0.4600,0.4650,74100
PANSAR,2013-12-24,0.4650,0.4700,0.4650,0.4700,20200
PANSAR,2013-12-26,0.4700,0.4700,0.4700,0.4700,14500
PANSAR,2013-12-27,0.4850,0.4850,0.4850,0.4850,2000
PANSAR,2013-12-30,0.4750,0.4850,0.4700,0.4850,2100
PANSAR,2013-12-31,0.4700,0.4700,0.4700,0.4700,9900
PANSAR,2014-01-02,0.4700,0.4700,0.4700,0.4700,7000
PANSAR,2014-01-03,0.4700,0.4700,0.4700,0.4700,13000
PANSAR,2014-01-06,0.4700,0.4700,0.4650,0.4650,110000
PANSAR,2014-01-07,0.4650,0.4650,0.4650,0.4650,100
PANSAR,2014-01-08,0.4700,0.4700,0.4700,0.4700,5000
PANSAR,2014-01-10,0.4700,0.4750,0.4700,0.4750,105500
PANSAR,2014-01-13,0.4750,0.4750,0.4700,0.4700,55000
PANSAR,2014-01-15,0.4700,0.4700,0.4700,0.4700,45000
PANSAR,2014-01-16,0.4650,0.4750,0.4400,0.4700,106100
PANSAR,2014-01-20,0.4750,0.4750,0.4600,0.4600,141800
PANSAR,2014-01-21,0.4650,0.4700,0.4650,0.4700,55000
PANSAR,2014-01-22,0.4650,0.4700,0.4650,0.4700,11000
PANSAR,2014-01-23,0.4650,0.4700,0.4600,0.4700,64800
PANSAR,2014-01-24,0.4650,0.4700,0.4550,0.4550,37100
PANSAR,2014-01-27,0.4600,0.4650,0.4550,0.4650,93000
PANSAR,2014-01-28,0.4500,0.4650,0.4500,0.4650,125200
PANSAR,2014-01-29,0.4650,0.4750,0.4650,0.4700,110000
PANSAR,2014-01-30,0.4650,0.4700,0.4550,0.4550,41300
PANSAR,2014-02-04,0.4550,0.4550,0.4550,0.4550,15000
PANSAR,2014-02-05,0.4550,0.4600,0.4550,0.4600,66700
PANSAR,2014-02-06,0.4650,0.4650,0.4650,0.4650,24900
PANSAR,2014-02-07,0.4650,0.4700,0.4650,0.4650,55700
PANSAR,2014-02-10,0.4900,0.5000,0.4700,0.4850,198200
PANSAR,2014-02-11,0.4700,0.4700,0.4700,0.4700,15000
PANSAR,2014-02-12,0.4700,0.4750,0.4700,0.4750,25000
PANSAR,2014-02-13,0.4750,0.4850,0.4750,0.4750,129900
PANSAR,2014-02-14,0.4800,0.5050,0.4800,0.5050,744600
PANSAR,2014-02-17,0.5000,0.5000,0.4900,0.5000,104800
PANSAR,2014-02-18,0.4850,0.4900,0.4850,0.4850,50000
PANSAR,2014-02-19,0.4800,0.5000,0.4800,0.5000,373600
PANSAR,2014-02-20,0.5000,0.5000,0.4900,0.4900,159000
PANSAR,2014-02-21,0.4900,0.4950,0.4900,0.4950,128000
PANSAR,2014-02-24,0.4850,0.4850,0.4850,0.4850,68500
PANSAR,2014-02-25,0.4900,0.4900,0.4800,0.4850,220500
PANSAR,2014-02-26,0.4800,0.4800,0.4800,0.4800,5000
PANSAR,2014-02-27,0.4800,0.4900,0.4750,0.4900,33000
PANSAR,2014-02-28,0.4800,0.4900,0.4800,0.4850,37100
PANSAR,2014-03-03,0.4800,0.4800,0.4800,0.4800,60000
PANSAR,2014-03-04,0.4750,0.4850,0.4750,0.4850,16600
PANSAR,2014-03-05,0.4750,0.4750,0.4750,0.4750,3000
PANSAR,2014-03-06,0.4800,0.4950,0.4800,0.4950,206600
PANSAR,2014-03-07,0.4900,0.4900,0.4850,0.4850,136400
PANSAR,2014-03-10,0.4850,0.4850,0.4800,0.4850,31300
PANSAR,2014-03-11,0.4800,0.4850,0.4750,0.4850,140900
PANSAR,2014-03-12,0.4800,0.4850,0.4750,0.4850,72300
PANSAR,2014-03-13,0.4750,0.4800,0.4750,0.4800,27600
PANSAR,2014-03-17,0.4750,0.4850,0.4750,0.4850,10400
PANSAR,2014-03-18,0.4700,0.4700,0.4700,0.4700,20000
PANSAR,2014-03-19,0.4800,0.4800,0.4750,0.4750,30000
PANSAR,2014-03-20,0.4700,0.4700,0.4700,0.4700,119000
PANSAR,2014-03-24,0.4700,0.4850,0.4700,0.4700,55800
PANSAR,2014-03-25,0.4750,0.4750,0.4700,0.4700,59000
PANSAR,2014-03-26,0.4750,0.4750,0.4700,0.4750,108000
PANSAR,2014-03-27,0.4700,0.4800,0.4700,0.4800,15000
PANSAR,2014-03-28,0.4800,0.5200,0.4800,0.4950,3223500
PANSAR,2014-03-31,0.5150,0.5150,0.4900,0.4950,677100
PANSAR,2014-04-01,0.4900,0.4900,0.4850,0.4850,360800
PANSAR,2014-04-02,0.4850,0.4950,0.4850,0.4900,200400
PANSAR,2014-04-03,0.4850,0.4950,0.4850,0.4950,554400
PANSAR,2014-04-04,0.5050,0.5250,0.5000,0.5150,2185800
PANSAR,2014-04-07,0.5200,0.5300,0.5150,0.5150,3363300
PANSAR,2014-04-08,0.5100,0.5150,0.5050,0.5100,393200
PANSAR,2014-04-09,0.5100,0.5100,0.5050,0.5050,360000
PANSAR,2014-04-10,0.5000,0.5050,0.4950,0.5000,718000
PANSAR,2014-04-11,0.4900,0.5050,0.4900,0.5000,1112300
PANSAR,2014-04-14,0.5000,0.5000,0.4900,0.4900,184500
PANSAR,2014-04-15,0.4950,0.4950,0.4850,0.4950,151100
PANSAR,2014-04-16,0.4950,0.4950,0.4900,0.4950,249600
PANSAR,2014-04-17,0.4950,0.4950,0.4850,0.4900,174600
PANSAR,2014-04-18,0.4950,0.5050,0.4900,0.4950,428700
PANSAR,2014-04-21,0.4950,0.5000,0.4900,0.5000,206100
PANSAR,2014-04-22,0.5050,0.5150,0.5000,0.5150,957900
PANSAR,2014-04-23,0.5150,0.5150,0.5050,0.5050,365900
PANSAR,2014-04-24,0.5000,0.5000,0.4950,0.5000,204600
PANSAR,2014-04-25,0.5000,0.5050,0.4900,0.5000,365900
PANSAR,2014-04-28,0.4950,0.5000,0.4900,0.4900,280000
PANSAR,2014-04-29,0.4900,0.4900,0.4800,0.4800,480600
PANSAR,2014-04-30,0.4800,0.5050,0.4800,0.4950,648900
PANSAR,2014-05-02,0.4950,0.4950,0.4900,0.4900,161600
PANSAR,2014-05-05,0.4850,0.4900,0.4850,0.4900,190800
PANSAR,2014-05-06,0.5000,0.5000,0.4900,0.4900,149700
PANSAR,2014-05-07,0.4850,0.4950,0.4850,0.4900,252100
PANSAR,2014-05-08,0.4850,0.4900,0.4800,0.4850,265200
PANSAR,2014-05-09,0.4850,0.5000,0.4850,0.5000,190600
PANSAR,2014-05-12,0.4900,0.4900,0.4900,0.4900,31000
PANSAR,2014-05-14,0.4850,0.4950,0.4850,0.4900,271100
PANSAR,2014-05-15,0.4900,0.4950,0.4900,0.4900,21100
PANSAR,2014-05-16,0.4950,0.4950,0.4900,0.4950,134600
PANSAR,2014-05-19,0.4850,0.5000,0.4850,0.5000,104000
PANSAR,2014-05-20,0.4950,0.5000,0.4950,0.4950,305000
PANSAR,2014-05-21,0.4950,0.4950,0.4900,0.4900,55000
PANSAR,2014-05-22,0.4900,0.4900,0.4850,0.4900,146000
PANSAR,2014-05-23,0.4850,0.4850,0.4800,0.4800,124100
PANSAR,2014-05-26,0.4800,0.4900,0.4800,0.4900,276600
PANSAR,2014-05-27,0.4800,0.4800,0.4800,0.4800,82000
PANSAR,2014-05-28,0.4800,0.4900,0.4800,0.4800,106200
PANSAR,2014-05-29,0.4800,0.4800,0.4750,0.4750,76900
PANSAR,2014-05-30,0.4850,0.5000,0.4800,0.4800,373500
PANSAR,2014-06-02,0.4750,0.4750,0.4600,0.4750,172400
PANSAR,2014-06-03,0.4650,0.4650,0.4650,0.4650,3000
PANSAR,2014-06-04,0.4750,0.4800,0.4750,0.4800,2400
PANSAR,2014-06-05,0.4850,0.4900,0.4750,0.4750,292700
PANSAR,2014-06-06,0.4750,0.4800,0.4750,0.4800,18100
PANSAR,2014-06-09,0.4800,0.4850,0.4700,0.4850,105100
PANSAR,2014-06-10,0.4800,0.4800,0.4800,0.4800,21800
PANSAR,2014-06-12,0.4850,0.4900,0.4800,0.4850,158600
PANSAR,2014-06-16,0.4800,0.4900,0.4800,0.4850,85700
PANSAR,2014-06-17,0.4850,0.4900,0.4850,0.4900,50900
PANSAR,2014-06-18,0.4850,0.4950,0.4850,0.4950,142200
PANSAR,2014-06-19,0.4950,0.4950,0.4850,0.4950,119900
PANSAR,2014-06-20,0.4850,0.4850,0.4850,0.4850,1000
PANSAR,2014-06-23,0.4900,0.4900,0.4900,0.4900,150300
PANSAR,2014-06-24,0.4900,0.4900,0.4850,0.4850,242100
PANSAR,2014-06-25,0.4850,0.4950,0.4850,0.4850,87000
PANSAR,2014-06-26,0.4900,0.4950,0.4900,0.4900,135000
PANSAR,2014-06-27,0.4900,0.4950,0.4900,0.4900,173800
PANSAR,2014-06-30,0.4900,0.5000,0.4900,0.5000,60500
PANSAR,2014-07-01,0.5000,0.5050,0.4950,0.4950,113500
PANSAR,2014-07-02,0.5050,0.5200,0.5000,0.5200,1993100
PANSAR,2014-07-03,0.5250,0.5300,0.5200,0.5200,892300
PANSAR,2014-07-04,0.5250,0.5500,0.5250,0.5450,5749600
PANSAR,2014-07-07,0.5450,0.5450,0.5300,0.5400,812200
PANSAR,2014-07-08,0.5400,0.5400,0.5250,0.5300,916300
PANSAR,2014-07-09,0.5300,0.5300,0.5200,0.5200,686800
PANSAR,2014-07-10,0.5200,0.5300,0.5150,0.5250,1140500
PANSAR,2014-07-11,0.5250,0.5250,0.5150,0.5200,325800
PANSAR,2014-07-14,0.5150,0.5250,0.5150,0.5150,394400
PANSAR,2014-07-16,0.5150,0.5350,0.5150,0.5250,1079100
PANSAR,2014-07-17,0.5250,0.5250,0.5150,0.5150,497900
PANSAR,2014-07-18,0.5150,0.5200,0.5100,0.5150,353600
PANSAR,2014-07-21,0.5150,0.5200,0.5150,0.5150,143100
PANSAR,2014-07-22,0.5150,0.5300,0.5100,0.5250,775600
PANSAR,2014-07-23,0.5200,0.5200,0.5150,0.5200,225000
PANSAR,2014-07-24,0.5200,0.5300,0.5200,0.5300,229800
PANSAR,2014-07-25,0.5300,0.5300,0.5200,0.5250,228700
PANSAR,2014-07-30,0.5250,0.5300,0.5200,0.5250,233100
PANSAR,2014-07-31,0.5300,0.5300,0.5250,0.5250,298100
PANSAR,2014-08-01,0.5200,0.5250,0.5200,0.5200,847400
PANSAR,2014-08-04,0.5200,0.5250,0.5200,0.5250,246300
PANSAR,2014-08-05,0.5300,0.5350,0.5250,0.5350,334800
PANSAR,2014-08-06,0.5350,0.5650,0.5350,0.5500,4013400
PANSAR,2014-08-07,0.5550,0.5550,0.5400,0.5450,1242600
PANSAR,2014-08-08,0.5450,0.5500,0.5250,0.5400,1274600
PANSAR,2014-08-11,0.5400,0.5400,0.5300,0.5350,88100
PANSAR,2014-08-12,0.5300,0.5350,0.5250,0.5300,832600
PANSAR,2014-08-13,0.5300,0.5450,0.5250,0.5350,669100
PANSAR,2014-08-14,0.5350,0.5400,0.5300,0.5400,239400
PANSAR,2014-08-15,0.5350,0.5400,0.5350,0.5400,389700
PANSAR,2014-08-18,0.5400,0.5400,0.5300,0.5400,266100
PANSAR,2014-08-19,0.5400,0.5400,0.5300,0.5300,276000
PANSAR,2014-08-20,0.5350,0.5350,0.5250,0.5250,519800
PANSAR,2014-08-21,0.5300,0.5300,0.5250,0.5250,367800
PANSAR,2014-08-22,0.5300,0.5350,0.5200,0.5350,430400
PANSAR,2014-08-25,0.5350,0.5350,0.5300,0.5350,385300
PANSAR,2014-08-26,0.5350,0.5350,0.5300,0.5350,45000
PANSAR,2014-08-27,0.5300,0.5350,0.5300,0.5300,296800
PANSAR,2014-08-28,0.5300,0.5300,0.5200,0.5300,301000
PANSAR,2014-08-29,0.5300,0.5300,0.5200,0.5250,283000
PANSAR,2014-09-02,0.5250,0.5350,0.5200,0.5350,459000
PANSAR,2014-09-03,0.5450,0.5500,0.5400,0.5450,1750500
PANSAR,2014-09-04,0.5450,0.5450,0.5350,0.5400,466600
PANSAR,2014-09-05,0.5250,0.5250,0.5150,0.5150,388200
PANSAR,2014-09-08,0.5150,0.5150,0.5100,0.5100,139000
PANSAR,2014-09-09,0.5100,0.5100,0.5000,0.5100,289800
PANSAR,2014-09-10,0.5150,0.5150,0.5100,0.5150,117500
PANSAR,2014-09-11,0.5150,0.5150,0.5050,0.5050,137600
PANSAR,2014-09-12,0.5050,0.5100,0.5000,0.5050,688000
PANSAR,2014-09-15,0.5000,0.5100,0.5000,0.5000,134000
PANSAR,2014-09-17,0.5000,0.5000,0.4900,0.4950,243400
PANSAR,2014-09-18,0.4900,0.4950,0.4900,0.4900,149000
PANSAR,2014-09-19,0.4950,0.4950,0.4900,0.4900,333000
PANSAR,2014-09-22,0.4900,0.5050,0.4900,0.5000,463500
PANSAR,2014-09-23,0.4950,0.4950,0.4900,0.4950,35000
PANSAR,2014-09-24,0.4950,0.4950,0.4900,0.4900,292000
PANSAR,2014-09-25,0.4950,0.4950,0.4850,0.4850,86300
PANSAR,2014-09-26,0.4900,0.4900,0.4850,0.4900,41000
PANSAR,2014-09-29,0.4900,0.5000,0.4900,0.4950,130000
PANSAR,2014-09-30,0.4950,0.4950,0.4900,0.4950,126800
PANSAR,2014-10-01,0.4900,0.4950,0.4850,0.4950,191300
PANSAR,2014-10-02,0.4900,0.4900,0.4800,0.4800,179900
PANSAR,2014-10-03,0.4900,0.4900,0.4850,0.4850,141100
PANSAR,2014-10-07,0.4900,0.5050,0.4850,0.4850,1330600
PANSAR,2014-10-08,0.4800,0.4850,0.4800,0.4800,462200
PANSAR,2014-10-09,0.4900,0.4950,0.4850,0.4850,125800
PANSAR,2014-10-10,0.4800,0.4900,0.4800,0.4850,411000
PANSAR,2014-10-13,0.4850,0.4850,0.4800,0.4800,295900
PANSAR,2014-10-14,0.4800,0.4800,0.4750,0.4750,223900
PANSAR,2014-10-15,0.4700,0.4900,0.4700,0.4750,204400
PANSAR,2014-10-16,0.4800,0.4800,0.4550,0.4550,536700
PANSAR,2014-10-17,0.4600,0.4700,0.4600,0.4700,48000
PANSAR,2014-10-20,0.4700,0.4750,0.4700,0.4750,38500
PANSAR,2014-10-24,0.4800,0.4800,0.4700,0.4750,124500
PANSAR,2014-10-27,0.4900,0.4900,0.4650,0.4800,57200
PANSAR,2014-10-28,0.4750,0.4750,0.4750,0.4750,12000
PANSAR,2014-10-29,0.4750,0.4800,0.4700,0.4800,155000
PANSAR,2014-10-30,0.4800,0.5000,0.4800,0.4950,716400
PANSAR,2014-10-31,0.4950,0.5000,0.4850,0.5000,479400
PANSAR,2014-11-03,0.5000,0.5000,0.4850,0.4850,212300
PANSAR,2014-11-04,0.4950,0.4950,0.4950,0.4950,10000
PANSAR,2014-11-05,0.4900,0.4900,0.4850,0.4850,79900
PANSAR,2014-11-06,0.4850,0.4850,0.4800,0.4800,129400
PANSAR,2014-11-07,0.4850,0.4900,0.4850,0.4850,194800
PANSAR,2014-11-10,0.4900,0.4950,0.4900,0.4900,181000
PANSAR,2014-11-11,0.4950,0.4950,0.4850,0.4900,45000
PANSAR,2014-11-12,0.4900,0.4900,0.4800,0.4800,48900
PANSAR,2014-11-13,0.4850,0.4850,0.4800,0.4800,123900
PANSAR,2014-11-14,0.4850,0.4850,0.4800,0.4800,99000
PANSAR,2014-11-17,0.4900,0.4900,0.4800,0.4800,45900
PANSAR,2014-11-18,0.4900,0.4900,0.4750,0.4750,137900
PANSAR,2014-11-19,0.4800,0.4800,0.4750,0.4800,178000
PANSAR,2014-11-20,0.4800,0.4800,0.4800,0.4800,3900
PANSAR,2014-11-21,0.4700,0.4750,0.4700,0.4750,15900
PANSAR,2014-11-24,0.4800,0.4800,0.4700,0.4700,57000
PANSAR,2014-11-25,0.4700,0.4800,0.4650,0.4800,30500
PANSAR,2014-11-26,0.4700,0.4700,0.4700,0.4700,10000
PANSAR,2014-11-27,0.4750,0.4750,0.4700,0.4700,38100
PANSAR,2014-11-28,0.4650,0.4700,0.4650,0.4650,43100
PANSAR,2014-12-01,0.4600,0.4700,0.4500,0.4500,336400
PANSAR,2014-12-02,0.4500,0.4500,0.4450,0.4500,23700
PANSAR,2014-12-03,0.4500,0.4500,0.4500,0.4500,20000
PANSAR,2014-12-04,0.4600,0.4600,0.4500,0.4550,92900
PANSAR,2014-12-05,0.4600,0.4600,0.4500,0.4500,181900
PANSAR,2014-12-08,0.4500,0.4550,0.4500,0.4550,97000
PANSAR,2014-12-09,0.4550,0.4550,0.4500,0.4500,89100
PANSAR,2014-12-10,0.4450,0.4450,0.4450,0.4450,35000
PANSAR,2014-12-11,0.4500,0.4500,0.4450,0.4450,49800
PANSAR,2014-12-12,0.4450,0.4500,0.4350,0.4500,275700
PANSAR,2014-12-15,0.4250,0.4300,0.4200,0.4250,210200
PANSAR,2014-12-16,0.4200,0.4500,0.4200,0.4500,105200
PANSAR,2014-12-17,0.4450,0.4450,0.4250,0.4300,20100
PANSAR,2014-12-18,0.4250,0.4300,0.4250,0.4300,32000
PANSAR,2014-12-19,0.4400,0.4400,0.4300,0.4400,128700
PANSAR,2014-12-22,0.4300,0.4300,0.4300,0.4300,9700
PANSAR,2014-12-24,0.4300,0.4300,0.4300,0.4300,21000
PANSAR,2014-12-29,0.4300,0.4300,0.4300,0.4300,7000
PANSAR,2014-12-30,0.4300,0.4300,0.4300,0.4300,61700
PANSAR,2014-12-31,0.4300,0.4300,0.4300,0.4300,1000
PANSAR,2015-01-02,0.4500,0.4500,0.4500,0.4500,15000
PANSAR,2015-01-08,0.4250,0.4400,0.4250,0.4400,88900
PANSAR,2015-01-12,0.4350,0.4350,0.4350,0.4350,2000
PANSAR,2015-01-13,0.4350,0.4600,0.4350,0.4350,62400
PANSAR,2015-01-14,0.4350,0.4350,0.4350,0.4350,13000
PANSAR,2015-01-15,0.4350,0.4350,0.4350,0.4350,53700
PANSAR,2015-01-16,0.4350,0.4400,0.4350,0.4350,115900
PANSAR,2015-01-19,0.4400,0.4650,0.4400,0.4650,20600
PANSAR,2015-01-20,0.4700,0.4700,0.4450,0.4500,159600
PANSAR,2015-01-21,0.4500,0.4550,0.4450,0.4550,9000
PANSAR,2015-01-22,0.4550,0.4550,0.4450,0.4450,200
PANSAR,2015-01-23,0.4550,0.4700,0.4500,0.4700,144000
PANSAR,2015-01-26,0.4550,0.4700,0.4500,0.4700,21200
PANSAR,2015-01-27,0.4500,0.4700,0.4500,0.4700,50200
PANSAR,2015-01-28,0.4500,0.4700,0.4500,0.4550,97800
PANSAR,2015-01-29,0.4500,0.4650,0.4500,0.4550,13300
PANSAR,2015-01-30,0.4550,0.4550,0.4550,0.4550,2000
PANSAR,2015-02-04,0.4500,0.4600,0.4500,0.4500,53000
PANSAR,2015-02-05,0.4400,0.4550,0.4400,0.4550,147400
PANSAR,2015-02-06,0.4500,0.4500,0.4500,0.4500,25000
PANSAR,2015-02-09,0.4500,0.4500,0.4500,0.4500,1000
PANSAR,2015-02-10,0.4600,0.4600,0.4500,0.4500,40000
PANSAR,2015-02-12,0.4500,0.4500,0.4450,0.4450,64000
PANSAR,2015-02-13,0.4450,0.4550,0.4450,0.4500,32200
PANSAR,2015-02-16,0.4400,0.4400,0.4300,0.4400,334000
PANSAR,2015-02-17,0.4400,0.4400,0.4400,0.4400,35000
PANSAR,2015-02-18,0.4450,0.4550,0.4450,0.4550,50000
PANSAR,2015-02-24,0.4550,0.4550,0.4500,0.4550,88000
PANSAR,2015-02-25,0.4500,0.4500,0.4500,0.4500,12000
PANSAR,2015-02-26,0.4450,0.4450,0.4400,0.4450,20900
PANSAR,2015-02-27,0.4500,0.4650,0.4500,0.4500,65300
PANSAR,2015-03-02,0.4400,0.4400,0.4400,0.4400,15000
PANSAR,2015-03-03,0.4450,0.4500,0.4400,0.4400,107000
PANSAR,2015-03-05,0.4400,0.4400,0.4400,0.4400,20000
PANSAR,2015-03-06,0.4400,0.4400,0.4400,0.4400,50000
PANSAR,2015-03-09,0.4400,0.4700,0.4400,0.4700,2000
PANSAR,2015-03-10,0.4600,0.4600,0.4600,0.4600,10600
PANSAR,2015-03-12,0.4400,0.4400,0.4400,0.4400,25000
PANSAR,2015-03-13,0.4400,0.4500,0.4400,0.4500,155000
PANSAR,2015-03-16,0.4350,0.4350,0.4350,0.4350,10500
PANSAR,2015-03-17,0.4400,0.4500,0.4400,0.4400,18000
PANSAR,2015-03-18,0.4500,0.4500,0.4350,0.4350,21000
PANSAR,2015-03-19,0.4400,0.4450,0.4350,0.4400,126000
PANSAR,2015-03-20,0.4350,0.4350,0.4350,0.4350,20000
PANSAR,2015-03-23,0.4350,0.4350,0.4350,0.4350,5000
PANSAR,2015-03-24,0.4300,0.4300,0.4200,0.4250,87000
PANSAR,2015-03-25,0.4250,0.4350,0.4250,0.4300,107500
PANSAR,2015-03-26,0.4300,0.4300,0.4300,0.4300,53100
PANSAR,2015-03-27,0.4300,0.4400,0.4300,0.4400,42000
PANSAR,2015-03-30,0.4500,0.4500,0.4350,0.4350,32900
PANSAR,2015-03-31,0.4350,0.4350,0.4350,0.4350,10000
PANSAR,2015-04-01,0.4300,0.4300,0.4300,0.4300,10000
PANSAR,2015-04-02,0.4350,0.4350,0.4250,0.4250,79000
PANSAR,2015-04-06,0.4350,0.4500,0.4350,0.4500,170300
PANSAR,2015-04-07,0.4450,0.4500,0.4400,0.4500,42200
PANSAR,2015-04-08,0.4500,0.4500,0.4400,0.4500,71000
PANSAR,2015-04-09,0.4500,0.4500,0.4400,0.4400,124900
PANSAR,2015-04-10,0.4400,0.4900,0.4400,0.4900,775900
PANSAR,2015-04-13,0.4950,0.5100,0.4900,0.4950,964100
PANSAR,2015-04-14,0.4950,0.4950,0.4700,0.4750,320800
PANSAR,2015-04-15,0.4800,0.4850,0.4750,0.4850,143700
PANSAR,2015-04-16,0.4900,0.4900,0.4850,0.4850,159500
PANSAR,2015-04-17,0.4800,0.5200,0.4800,0.5050,946200
PANSAR,2015-04-20,0.5100,0.5100,0.4900,0.4950,189600
PANSAR,2015-04-21,0.5000,0.5300,0.5000,0.5150,2249900
PANSAR,2015-04-22,0.5150,0.5150,0.5050,0.5100,217000
PANSAR,2015-04-23,0.5100,0.5100,0.5000,0.5050,309400
PANSAR,2015-04-24,0.5150,0.5250,0.5000,0.5050,271600
PANSAR,2015-04-27,0.5000,0.5050,0.4900,0.4950,612400
PANSAR,2015-04-28,0.4950,0.4950,0.4800,0.4800,321000
PANSAR,2015-04-29,0.4800,0.4800,0.4800,0.4800,165700
PANSAR,2015-04-30,0.5000,0.5000,0.4800,0.4800,56100
PANSAR,2015-05-05,0.4800,0.4950,0.4800,0.4850,173000
PANSAR,2015-05-06,0.4800,0.4900,0.4800,0.4900,57500
PANSAR,2015-05-07,0.4900,0.4900,0.4850,0.4900,25400
PANSAR,2015-05-08,0.4850,0.4900,0.4850,0.4900,39300
PANSAR,2015-05-11,0.4850,0.4850,0.4850,0.4850,49300
PANSAR,2015-05-12,0.4850,0.4900,0.4800,0.4900,25900
PANSAR,2015-05-13,0.4850,0.4850,0.4800,0.4800,5000
PANSAR,2015-05-14,0.4750,0.4900,0.4700,0.4900,69700
PANSAR,2015-05-15,0.4800,0.4800,0.4750,0.4750,53900
PANSAR,2015-05-18,0.4700,0.4750,0.4700,0.4750,50900
PANSAR,2015-05-19,0.4700,0.4800,0.4700,0.4700,34100
PANSAR,2015-05-20,0.4700,0.4800,0.4700,0.4750,42000
PANSAR,2015-05-21,0.4800,0.4800,0.4700,0.4700,47700
PANSAR,2015-05-25,0.4700,0.4700,0.4550,0.4600,340400
PANSAR,2015-05-27,0.4600,0.4600,0.4500,0.4500,318000
PANSAR,2015-05-28,0.4500,0.4600,0.4500,0.4500,155100
PANSAR,2015-05-29,0.4550,0.4850,0.4550,0.4700,426000
PANSAR,2015-06-01,0.4750,0.4750,0.4650,0.4700,84500
PANSAR,2015-06-04,0.4800,0.5150,0.4800,0.5000,1099100
PANSAR,2015-06-05,0.5000,0.5000,0.4800,0.4850,196500
PANSAR,2015-06-08,0.4800,0.4900,0.4750,0.4800,502400
PANSAR,2015-06-09,0.4800,0.4850,0.4800,0.4850,340400
PANSAR,2015-06-10,0.4800,0.4900,0.4800,0.4850,524900
PANSAR,2015-06-15,0.5100,0.5100,0.4700,0.4750,1029500
PANSAR,2015-06-17,0.4750,0.4850,0.4700,0.4700,136100
PANSAR,2015-06-18,0.4850,0.4900,0.4850,0.4850,321800
PANSAR,2015-06-23,0.5050,0.5250,0.5000,0.5150,1702600
PANSAR,2015-06-24,0.5200,0.5250,0.5150,0.5200,1441300
PANSAR,2015-06-25,0.5150,0.5200,0.5100,0.5200,824300
PANSAR,2015-06-26,0.5150,0.5150,0.5050,0.5100,348000
PANSAR,2015-06-30,0.4900,0.4950,0.4900,0.4950,297300
PANSAR,2015-07-02,0.5000,0.5100,0.5000,0.5100,433200
PANSAR,2015-07-06,0.5000,0.5000,0.4950,0.5000,118500
PANSAR,2015-07-07,0.5000,0.5000,0.4900,0.5000,63000
PANSAR,2015-07-08,0.4950,0.4950,0.4800,0.4850,424500
PANSAR,2015-07-09,0.4750,0.4900,0.4750,0.4900,273500
PANSAR,2015-07-10,0.4900,0.5000,0.4900,0.5000,136300
PANSAR,2015-07-13,0.4950,0.4950,0.4900,0.4900,525000
PANSAR,2015-07-14,0.4950,0.5100,0.4950,0.5050,262400
PANSAR,2015-07-15,0.5100,0.5100,0.5000,0.5000,92000
PANSAR,2015-07-16,0.5050,0.5200,0.5050,0.5100,390000
PANSAR,2015-07-20,0.5100,0.5100,0.5050,0.5100,209400
PANSAR,2015-07-21,0.5150,0.5200,0.5100,0.5200,518400
PANSAR,2015-07-22,0.5150,0.5200,0.5050,0.5100,832200
PANSAR,2015-07-23,0.5100,0.5150,0.5050,0.5150,35000
PANSAR,2015-07-24,0.5100,0.5100,0.5050,0.5050,80000
PANSAR,2015-07-27,0.5050,0.5050,0.4950,0.4950,285200
PANSAR,2015-07-28,0.4900,0.5000,0.4900,0.4900,143500
PANSAR,2015-07-29,0.5050,0.5050,0.4900,0.4950,206000
PANSAR,2015-07-30,0.5000,0.5150,0.5000,0.5000,407300
PANSAR,2015-07-31,0.5000,0.5050,0.5000,0.5000,160200
PANSAR,2015-08-03,0.4950,0.5050,0.4950,0.5000,116500
PANSAR,2015-08-04,0.5000,0.5050,0.4950,0.4950,162800
PANSAR,2015-08-05,0.5000,0.5000,0.5000,0.5000,34800
PANSAR,2015-08-06,0.5000,0.5000,0.4900,0.4900,289500
PANSAR,2015-08-07,0.4900,0.4900,0.4850,0.4850,274300
PANSAR,2015-08-11,0.4700,0.4750,0.4650,0.4650,120600
PANSAR,2015-08-12,0.4650,0.4700,0.4550,0.4600,417700
PANSAR,2015-08-13,0.4600,0.4700,0.4600,0.4600,59000
PANSAR,2015-08-14,0.4650,0.4700,0.4550,0.4700,167400
PANSAR,2015-08-17,0.4500,0.4550,0.4450,0.4500,41300
PANSAR,2015-08-18,0.4450,0.4450,0.4450,0.4450,20000
PANSAR,2015-08-19,0.4500,0.4800,0.4500,0.4500,148500
PANSAR,2015-08-20,0.4600,0.4600,0.4500,0.4550,114900
PANSAR,2015-08-21,0.4500,0.4550,0.4500,0.4550,142600
PANSAR,2015-08-24,0.4450,0.4450,0.4400,0.4400,248300
PANSAR,2015-08-25,0.4300,0.4450,0.4300,0.4400,211900
PANSAR,2015-08-26,0.4000,0.4350,0.4000,0.4350,317800
PANSAR,2015-08-27,0.4400,0.4450,0.4400,0.4400,142000
PANSAR,2015-08-28,0.4350,0.4400,0.4350,0.4400,49000
PANSAR,2015-09-01,0.4450,0.4450,0.4400,0.4450,51000
PANSAR,2015-09-03,0.4500,0.4550,0.4500,0.4550,56900
PANSAR,2015-09-04,0.4550,0.4550,0.4500,0.4500,165600
PANSAR,2015-09-07,0.4200,0.4250,0.4200,0.4250,41900
PANSAR,2015-09-08,0.4100,0.4250,0.4100,0.4250,41500
PANSAR,2015-09-09,0.4250,0.4300,0.4250,0.4300,58500
PANSAR,2015-09-10,0.4200,0.4250,0.4200,0.4200,209200
PANSAR,2015-09-11,0.4200,0.4250,0.4200,0.4200,37000
PANSAR,2015-09-14,0.4150,0.4150,0.4100,0.4150,417700
PANSAR,2015-09-15,0.4150,0.4300,0.4100,0.4150,344200
PANSAR,2015-09-17,0.4200,0.4300,0.4150,0.4250,128100
PANSAR,2015-09-18,0.4200,0.4350,0.4200,0.4250,314300
PANSAR,2015-09-21,0.4200,0.4200,0.4200,0.4200,30000
PANSAR,2015-09-22,0.4250,0.4350,0.4250,0.4250,176300
PANSAR,2015-09-23,0.4200,0.4250,0.4200,0.4250,59600
PANSAR,2015-09-25,0.4350,0.4350,0.4350,0.4350,194000
PANSAR,2015-09-28,0.4300,0.4300,0.4300,0.4300,49400
PANSAR,2015-09-29,0.4350,0.4400,0.4300,0.4300,177700
PANSAR,2015-09-30,0.4250,0.4300,0.4250,0.4250,79700
PANSAR,2015-10-01,0.4400,0.4400,0.4350,0.4350,212600
PANSAR,2015-10-02,0.4300,0.4300,0.4300,0.4300,2000
PANSAR,2015-10-06,0.4250,0.4250,0.4250,0.4250,25000
PANSAR,2015-10-07,0.4300,0.4300,0.4250,0.4250,14000
PANSAR,2015-10-08,0.4250,0.4250,0.4250,0.4250,180000
PANSAR,2015-10-09,0.4350,0.4350,0.4350,0.4350,86400
PANSAR,2015-10-12,0.4200,0.4300,0.4200,0.4300,150000
PANSAR,2015-10-13,0.4300,0.4350,0.4300,0.4350,40000
PANSAR,2015-10-15,0.4350,0.4350,0.4300,0.4300,36000
PANSAR,2015-10-16,0.4350,0.4350,0.4300,0.4300,17800
PANSAR,2015-10-19,0.4450,0.4450,0.4400,0.4400,91000
PANSAR,2015-10-20,0.4350,0.4400,0.4350,0.4350,27300
PANSAR,2015-10-21,0.4300,0.4300,0.4300,0.4300,6000
PANSAR,2015-10-22,0.4350,0.4350,0.4350,0.4350,33500
PANSAR,2015-10-23,0.4300,0.4400,0.4300,0.4400,82000
PANSAR,2015-10-27,0.4400,0.4400,0.4400,0.4400,14000
PANSAR,2015-10-28,0.4500,0.4650,0.4500,0.4600,174800
PANSAR,2015-10-29,0.4700,0.4700,0.4600,0.4600,145600
PANSAR,2015-10-30,0.4600,0.4650,0.4600,0.4600,96700
PANSAR,2015-11-02,0.4600,0.4600,0.4550,0.4600,102000
PANSAR,2015-11-03,0.4650,0.4650,0.4600,0.4650,45000
PANSAR,2015-11-04,0.4650,0.4850,0.4650,0.4700,578300
PANSAR,2015-11-05,0.4750,0.4800,0.4700,0.4750,196200
PANSAR,2015-11-06,0.4700,0.4800,0.4700,0.4800,11000
PANSAR,2015-11-09,0.4800,0.4850,0.4700,0.4700,122300
PANSAR,2015-11-12,0.4600,0.4700,0.4600,0.4700,3600
PANSAR,2015-11-13,0.4500,0.4700,0.4400,0.4700,66000
PANSAR,2015-11-16,0.4400,0.4650,0.4400,0.4450,55200
PANSAR,2015-11-17,0.4500,0.4750,0.4500,0.4750,26200
PANSAR,2015-11-18,0.4600,0.4650,0.4550,0.4550,67000
PANSAR,2015-11-19,0.4600,0.4650,0.4400,0.4400,153000
PANSAR,2015-11-20,0.4500,0.4500,0.4500,0.4500,15000
PANSAR,2015-11-23,0.4450,0.4550,0.4450,0.4500,97000
PANSAR,2015-11-24,0.4500,0.4500,0.4450,0.4500,139900
PANSAR,2015-11-25,0.4450,0.4450,0.4400,0.4400,75200
PANSAR,2015-11-26,0.4350,0.4400,0.4350,0.4400,39500
PANSAR,2015-11-27,0.4400,0.4400,0.4400,0.4400,4000
PANSAR,2015-11-30,0.4400,0.4400,0.4300,0.4400,16000
PANSAR,2015-12-01,0.4400,0.4400,0.4300,0.4300,6000
PANSAR,2015-12-03,0.4400,0.4400,0.4250,0.4300,140100
PANSAR,2015-12-04,0.4300,0.4350,0.4300,0.4350,64800
PANSAR,2015-12-07,0.4200,0.4400,0.4200,0.4400,26000
PANSAR,2015-12-08,0.4350,0.4350,0.4350,0.4350,20000
PANSAR,2015-12-09,0.4300,0.4300,0.4300,0.4300,20000
PANSAR,2015-12-10,0.4300,0.4350,0.4300,0.4350,35000
PANSAR,2015-12-11,0.4350,0.4350,0.4350,0.4350,15000
PANSAR,2015-12-14,0.4300,0.4300,0.4250,0.4250,74800
PANSAR,2015-12-16,0.4200,0.4350,0.4200,0.4350,50000
PANSAR,2015-12-17,0.4350,0.4350,0.4300,0.4300,19100
PANSAR,2015-12-18,0.4250,0.4350,0.4250,0.4250,11100
PANSAR,2015-12-22,0.4250,0.4250,0.4250,0.4250,5000
PANSAR,2015-12-23,0.4350,0.4350,0.4300,0.4300,29900
PANSAR,2015-12-28,0.4300,0.4300,0.4300,0.4300,61000
PANSAR,2015-12-29,0.4350,0.4600,0.4350,0.4500,136600
PANSAR,2015-12-30,0.4500,0.4500,0.4350,0.4350,42000
PANSAR,2015-12-31,0.4350,0.4350,0.4350,0.4350,59700
PANSAR,2016-01-04,0.4500,0.4550,0.4400,0.4400,369300
PANSAR,2016-01-05,0.4400,0.4600,0.4400,0.4600,214400
PANSAR,2016-01-06,0.4500,0.4850,0.4500,0.4850,604500
PANSAR,2016-01-07,0.4800,0.4800,0.4650,0.4750,106000
PANSAR,2016-01-08,0.4600,0.4700,0.4600,0.4700,42000
PANSAR,2016-01-11,0.4600,0.4600,0.4550,0.4600,201200
PANSAR,2016-01-12,0.4550,0.4750,0.4500,0.4600,63200
PANSAR,2016-01-13,0.4600,0.4600,0.4550,0.4550,17000
PANSAR,2016-01-15,0.4500,0.4500,0.4450,0.4500,50900
PANSAR,2016-01-18,0.4400,0.4450,0.4300,0.4300,343000
PANSAR,2016-01-19,0.4300,0.4400,0.4300,0.4400,94100
PANSAR,2016-01-20,0.4300,0.4300,0.4250,0.4250,168900
PANSAR,2016-01-21,0.4250,0.4300,0.4200,0.4200,140700
PANSAR,2016-01-22,0.4250,0.4300,0.4250,0.4250,27100
PANSAR,2016-01-26,0.4200,0.4250,0.4200,0.4200,64000
PANSAR,2016-01-27,0.4300,0.4300,0.4200,0.4200,130300
PANSAR,2016-01-28,0.4250,0.4250,0.4200,0.4250,26900
PANSAR,2016-01-29,0.4200,0.4350,0.4200,0.4350,38300
PANSAR,2016-02-02,0.4250,0.4250,0.4250,0.4250,900
PANSAR,2016-02-03,0.4250,0.4350,0.4250,0.4350,55000
PANSAR,2016-02-04,0.4250,0.4250,0.4250,0.4250,34000
PANSAR,2016-02-10,0.4100,0.4200,0.4100,0.4200,185300
PANSAR,2016-02-11,0.4100,0.4200,0.4100,0.4200,50000
PANSAR,2016-02-15,0.4150,0.4200,0.4150,0.4200,40000
PANSAR,2016-02-16,0.4300,0.4300,0.4300,0.4300,2000
PANSAR,2016-02-17,0.4150,0.4350,0.4150,0.4350,40000
PANSAR,2016-02-18,0.4400,0.4400,0.4400,0.4400,49000
PANSAR,2016-02-23,0.4150,0.4350,0.4150,0.4150,122000
PANSAR,2016-02-24,0.4150,0.4200,0.4150,0.4200,49100
PANSAR,2016-02-25,0.4200,0.4300,0.4200,0.4250,95300
PANSAR,2016-02-26,0.4250,0.4250,0.4200,0.4200,45400
PANSAR,2016-02-29,0.4250,0.4250,0.4200,0.4200,15000
PANSAR,2016-03-01,0.4150,0.4150,0.4150,0.4150,45000
PANSAR,2016-03-02,0.4250,0.4250,0.4250,0.4250,2000
PANSAR,2016-03-03,0.4250,0.4300,0.4200,0.4200,25000
PANSAR,2016-03-04,0.4200,0.4300,0.4200,0.4200,179900
PANSAR,2016-03-07,0.4200,0.4200,0.4200,0.4200,39900
PANSAR,2016-03-08,0.4150,0.4150,0.4150,0.4150,15000
PANSAR,2016-03-10,0.4200,0.4200,0.4150,0.4150,128000
PANSAR,2016-03-14,0.4200,0.4200,0.4200,0.4200,44600
PANSAR,2016-03-15,0.4200,0.4200,0.4200,0.4200,20000
PANSAR,2016-03-16,0.4250,0.4350,0.4200,0.4300,80100
PANSAR,2016-03-17,0.4350,0.4350,0.4250,0.4350,30600
PANSAR,2016-03-18,0.4350,0.4550,0.4200,0.4550,66400
PANSAR,2016-03-21,0.4450,0.4450,0.4200,0.4350,46400
PANSAR,2016-03-22,0.4450,0.4450,0.4350,0.4350,92000
PANSAR,2016-03-23,0.4350,0.4350,0.4300,0.4300,15800
PANSAR,2016-03-24,0.4350,0.4350,0.4350,0.4350,2000
PANSAR,2016-03-25,0.4200,0.4200,0.4200,0.4200,1000
PANSAR,2016-03-31,0.4300,0.4700,0.4300,0.4300,110100
PANSAR,2016-04-01,0.4250,0.4250,0.4250,0.4250,1000
PANSAR,2016-04-04,0.4350,0.4350,0.4300,0.4300,46400
PANSAR,2016-04-05,0.4200,0.4200,0.4150,0.4200,131000
PANSAR,2016-04-06,0.4200,0.4200,0.4200,0.4200,63100
PANSAR,2016-04-08,0.4300,0.4300,0.4300,0.4300,100000
PANSAR,2016-04-11,0.4200,0.4200,0.4200,0.4200,1200
PANSAR,2016-04-12,0.4200,0.4200,0.4200,0.4200,12000
PANSAR,2016-04-13,0.4250,0.4250,0.4250,0.4250,7000
PANSAR,2016-04-14,0.4300,0.4300,0.4250,0.4250,193500
PANSAR,2016-04-15,0.4200,0.4300,0.4200,0.4200,88000
PANSAR,2016-04-18,0.4200,0.4200,0.4200,0.4200,25000
PANSAR,2016-04-19,0.4250,0.4350,0.4250,0.4250,195000
PANSAR,2016-04-20,0.4250,0.4250,0.4250,0.4250,19400
PANSAR,2016-04-22,0.4200,0.4250,0.4200,0.4200,110100
PANSAR,2016-04-25,0.4200,0.4200,0.4200,0.4200,50000
PANSAR,2016-04-26,0.4200,0.4300,0.4200,0.4300,159900
PANSAR,2016-04-27,0.4200,0.4200,0.4200,0.4200,9400
PANSAR,2016-04-28,0.4300,0.4450,0.4200,0.4200,44600
PANSAR,2016-04-29,0.4200,0.4200,0.4200,0.4200,10800
PANSAR,2016-05-03,0.4150,0.4150,0.4100,0.4150,54600
PANSAR,2016-05-05,0.4100,0.4150,0.4100,0.4150,13600
PANSAR,2016-05-06,0.4200,0.4200,0.4200,0.4200,7800
PANSAR,2016-05-10,0.4100,0.4350,0.4100,0.4300,328100
PANSAR,2016-05-11,0.4300,0.4400,0.4300,0.4350,668800
PANSAR,2016-05-12,0.4400,0.4800,0.4400,0.4750,5555500
PANSAR,2016-05-13,0.4650,0.4650,0.4500,0.4500,212500
PANSAR,2016-05-16,0.4300,0.4500,0.4300,0.4500,81000
PANSAR,2016-05-17,0.4550,0.4700,0.4550,0.4600,576000
PANSAR,2016-05-18,0.4550,0.4800,0.4450,0.4650,949400
PANSAR,2016-05-19,0.4650,0.4700,0.4500,0.4500,301700
PANSAR,2016-05-20,0.4450,0.4600,0.4450,0.4500,221000
PANSAR,2016-05-23,0.4600,0.4650,0.4400,0.4450,300600
PANSAR,2016-05-24,0.4350,0.4400,0.4350,0.4350,142600
PANSAR,2016-05-25,0.4500,0.4500,0.4250,0.4300,233000
PANSAR,2016-05-26,0.4300,0.4400,0.4250,0.4250,39600
PANSAR,2016-05-27,0.4250,0.4400,0.4250,0.4400,169000
PANSAR,2016-05-30,0.4300,0.4300,0.4250,0.4250,12000
PANSAR,2016-05-31,0.4400,0.4500,0.4300,0.4300,70600
PANSAR,2016-06-01,0.4300,0.4300,0.4300,0.4300,22000
PANSAR,2016-06-02,0.4350,0.4400,0.4350,0.4350,50300
PANSAR,2016-06-03,0.4300,0.4500,0.4300,0.4500,10000
PANSAR,2016-06-06,0.4400,0.4400,0.4400,0.4400,7100
PANSAR,2016-06-07,0.4300,0.4350,0.4300,0.4350,41200
PANSAR,2016-06-08,0.4350,0.4350,0.4350,0.4350,6000
PANSAR,2016-06-09,0.4350,0.4450,0.4350,0.4400,32700
PANSAR,2016-06-10,0.4350,0.4350,0.4300,0.4350,20000
PANSAR,2016-06-13,0.4350,0.4350,0.4300,0.4300,33000
PANSAR,2016-06-14,0.4400,0.4400,0.4350,0.4350,32400
PANSAR,2016-06-15,0.4400,0.4400,0.4400,0.4400,5000
PANSAR,2016-06-16,0.4300,0.4300,0.4250,0.4300,288200
PANSAR,2016-06-17,0.4350,0.4350,0.4350,0.4350,43200
PANSAR,2016-06-20,0.4400,0.4400,0.4400,0.4400,24000
PANSAR,2016-06-21,0.4400,0.4400,0.4350,0.4350,60000
PANSAR,2016-06-23,0.4400,0.4550,0.4350,0.4350,258900
PANSAR,2016-06-24,0.4350,0.4350,0.4300,0.4300,105400
PANSAR,2016-06-27,0.4300,0.4300,0.4300,0.4300,6000
PANSAR,2016-06-28,0.4300,0.4300,0.4250,0.4250,78100
PANSAR,2016-06-29,0.4350,0.4350,0.4350,0.4350,194100
PANSAR,2016-06-30,0.4350,0.4350,0.4300,0.4350,82500
PANSAR,2016-07-01,0.4300,0.4300,0.4300,0.4300,10000
PANSAR,2016-07-04,0.4300,0.4300,0.4300,0.4300,20000
PANSAR,2016-07-05,0.4300,0.4300,0.4250,0.4300,83600
PANSAR,2016-07-08,0.4300,0.4300,0.4300,0.4300,10000
PANSAR,2016-07-11,0.4350,0.4350,0.4350,0.4350,20000
PANSAR,2016-07-12,0.4350,0.4350,0.4300,0.4300,33900
PANSAR,2016-07-13,0.4300,0.4300,0.4300,0.4300,91400
PANSAR,2016-07-15,0.4350,0.4350,0.4350,0.4350,10000
PANSAR,2016-07-18,0.4350,0.4350,0.4350,0.4350,30800
PANSAR,2016-07-19,0.4350,0.4350,0.4350,0.4350,1000
PANSAR,2016-07-20,0.4350,0.4500,0.4350,0.4450,105000
PANSAR,2016-07-21,0.4450,0.4650,0.4450,0.4550,337000
PANSAR,2016-07-22,0.4400,0.4400,0.4400,0.4400,45000
PANSAR,2016-07-25,0.4450,0.4550,0.4400,0.4500,47000
PANSAR,2016-07-26,0.4400,0.4400,0.4350,0.4350,61200
PANSAR,2016-07-27,0.4400,0.4450,0.4350,0.4350,64000
PANSAR,2016-07-29,0.4500,0.4500,0.4400,0.4500,54600
PANSAR,2016-08-01,0.4500,0.4550,0.4500,0.4550,47500
PANSAR,2016-08-02,0.4500,0.4550,0.4450,0.4450,49000
PANSAR,2016-08-03,0.4500,0.4500,0.4450,0.4450,32000
PANSAR,2016-08-04,0.4450,0.4450,0.4450,0.4450,7000
PANSAR,2016-08-05,0.4500,0.4500,0.4450,0.4450,3000
PANSAR,2016-08-08,0.4400,0.4550,0.4400,0.4500,635800
PANSAR,2016-08-09,0.4550,0.4600,0.4550,0.4550,31000
PANSAR,2016-08-10,0.4500,0.4600,0.4500,0.4600,92200
PANSAR,2016-08-11,0.4550,0.4550,0.4550,0.4550,38400
PANSAR,2016-08-12,0.4550,0.4550,0.4500,0.4500,31600
PANSAR,2016-08-15,0.4500,0.4550,0.4500,0.4550,22000
PANSAR,2016-08-16,0.4550,0.4550,0.4550,0.4550,149900
PANSAR,2016-08-17,0.4600,0.4600,0.4550,0.4600,18700
PANSAR,2016-08-18,0.4550,0.4550,0.4550,0.4550,14800
PANSAR,2016-08-19,0.4650,0.4700,0.4650,0.4650,255000
PANSAR,2016-08-22,0.4700,0.4700,0.4600,0.4600,102000
PANSAR,2016-08-23,0.4600,0.4650,0.4550,0.4650,97600
PANSAR,2016-08-24,0.4450,0.4450,0.4400,0.4400,40000
PANSAR,2016-08-25,0.4350,0.4350,0.4300,0.4300,60900
PANSAR,2016-08-26,0.4250,0.4300,0.4250,0.4300,10100
PANSAR,2016-08-29,0.4250,0.4250,0.4250,0.4250,10000
PANSAR,2016-08-30,0.4300,0.4300,0.4250,0.4250,40500
PANSAR,2016-09-01,0.4250,0.4300,0.4250,0.4250,42600
PANSAR,2016-09-02,0.4250,0.4300,0.4250,0.4300,10000
PANSAR,2016-09-05,0.4250,0.4250,0.4250,0.4250,209700
PANSAR,2016-09-06,0.4300,0.4300,0.4250,0.4250,45000
PANSAR,2016-09-07,0.4300,0.4300,0.4300,0.4300,10000
PANSAR,2016-09-08,0.4300,0.4300,0.4300,0.4300,94700
PANSAR,2016-09-09,0.4300,0.4300,0.4300,0.4300,150000
PANSAR,2016-09-13,0.4250,0.4300,0.4250,0.4250,97600
PANSAR,2016-09-14,0.4300,0.4300,0.4250,0.4250,91200
PANSAR,2016-09-15,0.4250,0.4250,0.4200,0.4200,73600
PANSAR,2016-09-19,0.4200,0.4200,0.4200,0.4200,3800
PANSAR,2016-09-21,0.4200,0.4250,0.4200,0.4250,227100
PANSAR,2016-09-22,0.4200,0.4200,0.4200,0.4200,74000
PANSAR,2016-09-23,0.4200,0.4250,0.4200,0.4200,130900
PANSAR,2016-09-26,0.4200,0.4200,0.4200,0.4200,3400
PANSAR,2016-09-27,0.4200,0.4200,0.4200,0.4200,10000
PANSAR,2016-09-28,0.4200,0.4200,0.4150,0.4150,56000
PANSAR,2016-09-29,0.4200,0.4200,0.4200,0.4200,47000
PANSAR,2016-09-30,0.4200,0.4200,0.4200,0.4200,7000
PANSAR,2016-10-04,0.4200,0.4200,0.4200,0.4200,8000
PANSAR,2016-10-05,0.4200,0.4200,0.4200,0.4200,36200
PANSAR,2016-10-06,0.4200,0.4200,0.4150,0.4150,113000
PANSAR,2016-10-07,0.4150,0.4150,0.4100,0.4150,92400
PANSAR,2016-10-10,0.4200,0.4200,0.4200,0.4200,19000
PANSAR,2016-10-11,0.4150,0.4150,0.4150,0.4150,24000
PANSAR,2016-10-13,0.4100,0.4150,0.4050,0.4050,138000
PANSAR,2016-10-14,0.4100,0.4150,0.4100,0.4100,28000
PANSAR,2016-10-17,0.4050,0.4050,0.4050,0.4050,54200
PANSAR,2016-10-18,0.4100,0.4100,0.4100,0.4100,7000
PANSAR,2016-10-19,0.4100,0.4100,0.4100,0.4100,31000
PANSAR,2016-10-20,0.4100,0.4100,0.4100,0.4100,35400
PANSAR,2016-10-21,0.4100,0.4100,0.4100,0.4100,21000
PANSAR,2016-10-24,0.4100,0.4150,0.4050,0.4050,118800
PANSAR,2016-10-25,0.4100,0.4150,0.4050,0.4050,60100
PANSAR,2016-10-26,0.4050,0.4150,0.4050,0.4150,7000
PANSAR,2016-10-27,0.4050,0.4050,0.4000,0.4000,29200
PANSAR,2016-10-28,0.4100,0.4150,0.4100,0.4150,50000
PANSAR,2016-11-02,0.4150,0.4200,0.4150,0.4200,42000
PANSAR,2016-11-03,0.4100,0.4100,0.4100,0.4100,16000
PANSAR,2016-11-04,0.4050,0.4050,0.4050,0.4050,70000
PANSAR,2016-11-07,0.4050,0.4100,0.4050,0.4050,65700
PANSAR,2016-11-08,0.4050,0.4050,0.4050,0.4050,14000
PANSAR,2016-11-09,0.4050,0.4050,0.3950,0.3950,61300
PANSAR,2016-11-10,0.4000,0.4000,0.4000,0.4000,7000
PANSAR,2016-11-11,0.4000,0.4000,0.4000,0.4000,5000
PANSAR,2016-11-14,0.4000,0.4000,0.4000,0.4000,2000
PANSAR,2016-11-15,0.4000,0.4000,0.4000,0.4000,2300
PANSAR,2016-11-18,0.4000,0.4000,0.4000,0.4000,30000
PANSAR,2016-11-21,0.4000,0.4000,0.4000,0.4000,10000
PANSAR,2016-11-22,0.3950,0.3950,0.3950,0.3950,5000
PANSAR,2016-11-23,0.4150,0.4200,0.4050,0.4100,25700
PANSAR,2016-11-24,0.4000,0.4000,0.4000,0.4000,88000
PANSAR,2016-11-28,0.4150,0.4150,0.4000,0.4000,23200
PANSAR,2016-11-29,0.4000,0.4000,0.3950,0.3950,44600
PANSAR,2016-11-30,0.3900,0.4000,0.3900,0.3900,85900
PANSAR,2016-12-01,0.3900,0.3900,0.3900,0.3900,10000
PANSAR,2016-12-02,0.3950,0.3950,0.3950,0.3950,5900
PANSAR,2016-12-05,0.3900,0.3950,0.3900,0.3950,12000
PANSAR,2016-12-07,0.3950,0.3950,0.3950,0.3950,5000
PANSAR,2016-12-08,0.3950,0.3950,0.3950,0.3950,600
PANSAR,2016-12-09,0.4000,0.4100,0.4000,0.4100,6900
PANSAR,2016-12-14,0.4050,0.4100,0.4050,0.4100,26300
PANSAR,2016-12-15,0.4000,0.4050,0.4000,0.4000,30000
PANSAR,2016-12-19,0.3950,0.3950,0.3950,0.3950,32000
PANSAR,2016-12-20,0.3900,0.4150,0.3900,0.4150,15300
PANSAR,2016-12-21,0.4000,0.4000,0.4000,0.4000,2000
PANSAR,2016-12-23,0.4100,0.4100,0.4000,0.4100,39000
PANSAR,2016-12-27,0.4000,0.4000,0.4000,0.4000,5000
PANSAR,2016-12-28,0.4000,0.4150,0.4000,0.4150,5000
PANSAR,2016-12-29,0.4000,0.4000,0.4000,0.4000,7000
PANSAR,2016-12-30,0.4000,0.4000,0.4000,0.4000,68000
PANSAR,2017-01-05,0.4050,0.4200,0.4000,0.4200,51500
PANSAR,2017-01-06,0.4100,0.4100,0.4100,0.4100,31200
PANSAR,2017-01-09,0.4100,0.4100,0.4050,0.4050,30000
PANSAR,2017-01-10,0.4050,0.4200,0.4050,0.4200,114600
PANSAR,2017-01-12,0.4150,0.4150,0.4150,0.4150,50700
PANSAR,2017-01-13,0.4100,0.4450,0.4050,0.4400,527300
PANSAR,2017-01-16,0.4400,0.4400,0.4250,0.4250,146900
PANSAR,2017-01-18,0.4300,0.4300,0.4150,0.4150,95800
PANSAR,2017-01-19,0.4150,0.4150,0.4100,0.4100,33000
PANSAR,2017-01-23,0.4150,0.4150,0.4150,0.4150,1500
PANSAR,2017-01-24,0.4100,0.4100,0.4100,0.4100,13000
PANSAR,2017-02-02,0.4150,0.4250,0.4150,0.4250,15000
PANSAR,2017-02-03,0.4100,0.4100,0.4100,0.4100,6000
PANSAR,2017-02-06,0.4200,0.4200,0.4150,0.4150,92300
PANSAR,2017-02-07,0.4250,0.4250,0.4200,0.4200,24600
PANSAR,2017-02-10,0.4250,0.4400,0.4250,0.4300,437000
PANSAR,2017-02-13,0.4200,0.4250,0.4200,0.4250,60000
PANSAR,2017-02-14,0.4350,0.4450,0.4250,0.4450,203600
PANSAR,2017-02-15,0.4300,0.4300,0.4300,0.4300,62000
PANSAR,2017-02-16,0.4300,0.4350,0.4250,0.4350,74100
PANSAR,2017-02-17,0.4350,0.4400,0.4350,0.4350,8900
PANSAR,2017-02-20,0.4250,0.4250,0.4200,0.4250,107300
PANSAR,2017-02-21,0.4400,0.4400,0.4250,0.4250,82100
PANSAR,2017-02-22,0.4250,0.4400,0.4250,0.4400,362000
PANSAR,2017-02-23,0.4250,0.4250,0.4200,0.4200,61000
PANSAR,2017-02-24,0.4150,0.4250,0.4100,0.4250,98000
PANSAR,2017-02-27,0.4100,0.4150,0.4050,0.4050,212000
PANSAR,2017-02-28,0.4050,0.4050,0.4000,0.4000,257000
PANSAR,2017-03-01,0.4000,0.4200,0.4000,0.4200,132600
PANSAR,2017-03-02,0.4100,0.4150,0.4100,0.4150,40400
PANSAR,2017-03-06,0.4200,0.4200,0.4050,0.4050,220000
PANSAR,2017-03-08,0.4150,0.4150,0.4150,0.4150,16700
PANSAR,2017-03-09,0.4150,0.4350,0.4100,0.4300,620400
PANSAR,2017-03-10,0.4250,0.4300,0.4250,0.4300,45600
PANSAR,2017-03-13,0.4300,0.4300,0.4300,0.4300,71100
PANSAR,2017-03-14,0.4100,0.4200,0.4100,0.4200,151000
PANSAR,2017-03-15,0.4150,0.4150,0.4150,0.4150,90000
PANSAR,2017-03-16,0.4150,0.4150,0.4150,0.4150,10000
PANSAR,2017-03-17,0.4150,0.4200,0.4150,0.4150,82000
PANSAR,2017-03-20,0.4200,0.4250,0.4200,0.4250,109000
PANSAR,2017-03-21,0.4250,0.4250,0.4200,0.4250,167000
PANSAR,2017-03-22,0.4200,0.4250,0.4200,0.4250,30000
PANSAR,2017-03-23,0.4250,0.4250,0.4250,0.4250,3900
PANSAR,2017-03-24,0.4200,0.4200,0.4150,0.4150,59000
PANSAR,2017-03-27,0.4150,0.4200,0.4100,0.4150,322600
PANSAR,2017-03-29,0.4200,0.4200,0.4150,0.4200,68000
PANSAR,2017-03-30,0.415,0.42,0.41,0.42,170000.0
PANSAR,2017-03-31,0.415,0.42,0.415,0.415,61800.0
PANSAR,2017-04-03,0.41,0.41,0.4,0.405,235000.0
PANSAR,2017-04-04,0.42,0.42,0.415,0.42,18700.0
PANSAR,2017-04-05,0.41,0.415,0.41,0.415,139000.0
PANSAR,2017-04-06,0.415,0.42,0.405,0.415,163000.0
PANSAR,2017-04-07,0.41,0.415,0.41,0.415,55200.0
PANSAR,2017-04-10,0.41,0.415,0.405,0.415,499300.0
PANSAR,2017-04-11,0.405,0.46,0.405,0.46,2040000.0
PANSAR,2017-04-12,0.48,0.51,0.475,0.475,9610000.0
PANSAR,2017-04-13,0.48,0.48,0.45,0.455,1100000.0
PANSAR,2017-04-14,0.455,0.46,0.44,0.45,451000.0
PANSAR,2017-04-17,0.45,0.45,0.44,0.44,309600.0
PANSAR,2017-04-18,0.445,0.445,0.425,0.435,1520000.0
PANSAR,2017-04-19,0.435,0.435,0.425,0.43,549400.0
PANSAR,2017-04-20,0.425,0.43,0.42,0.43,345300.0
PANSAR,2017-04-21,0.43,0.445,0.43,0.435,921100.0
PANSAR,2017-04-25,0.435,0.435,0.425,0.435,276000.0
PANSAR,2017-04-26,0.43,0.43,0.43,0.43,231800.0
PANSAR,2017-04-27,0.435,0.45,0.43,0.445,686200.0
PANSAR,2017-04-28,0.445,0.445,0.435,0.44,185000.0
PANSAR,2017-05-02,0.43,0.435,0.43,0.435,145800.0
PANSAR,2017-05-03,0.435,0.44,0.435,0.44,215600.0
PANSAR,2017-05-04,0.435,0.435,0.425,0.425,224900.0
PANSAR,2017-05-05,0.425,0.43,0.425,0.425,59300.0
PANSAR,2017-05-08,0.43,0.435,0.43,0.43,156600.0
PANSAR,2017-05-09,0.43,0.43,0.425,0.425,105000.0
PANSAR,2017-05-11,0.435,0.44,0.435,0.44,85000.0
PANSAR,2017-05-12,0.435,0.445,0.43,0.445,397500.0
PANSAR,2017-05-15,0.445,0.47,0.445,0.46,627700.0
PANSAR,2017-05-16,0.46,0.46,0.44,0.45,128199.99999999999
PANSAR,2017-05-17,0.445,0.445,0.44,0.445,172900.0
PANSAR,2017-05-18,0.44,0.44,0.435,0.44,125000.0
PANSAR,2017-05-19,0.435,0.435,0.435,0.435,100000.0
PANSAR,2017-05-22,0.43,0.435,0.43,0.435,58500.0
PANSAR,2017-05-23,0.435,0.435,0.43,0.435,51600.0
PANSAR,2017-05-24,0.44,0.44,0.42,0.425,310900.0
PANSAR,2017-05-25,0.425,0.425,0.415,0.42,338000.0
PANSAR,2017-05-26,0.42,0.42,0.415,0.42,142700.0
PANSAR,2017-05-29,0.42,0.42,0.415,0.42,70400.0
PANSAR,2017-05-30,0.42,0.42,0.41,0.41,176600.0
PANSAR,2017-05-31,0.41,0.415,0.41,0.415,66700.0
PANSAR,2017-06-01,0.415,0.415,0.41,0.41,161300.0
PANSAR,2017-06-02,0.41,0.415,0.41,0.415,45500.0
PANSAR,2017-06-05,0.43,0.43,0.415,0.415,48000.0
PANSAR,2017-06-06,0.415,0.43,0.415,0.43,27100.0
PANSAR,2017-06-07,0.425,0.43,0.425,0.425,52800.0
PANSAR,2017-06-08,0.425,0.425,0.425,0.425,31600.0
PANSAR,2017-06-09,0.425,0.425,0.42,0.425,68000.0
PANSAR,2017-06-13,0.425,0.425,0.425,0.425,10000.0
PANSAR,2017-06-14,0.42,0.42,0.415,0.415,94500.0
PANSAR,2017-06-15,0.415,0.42,0.415,0.42,21500.0
PANSAR,2017-06-16,0.415,0.415,0.415,0.415,79800.0
PANSAR,2017-06-19,0.415,0.415,0.41,0.41,115200.0
PANSAR,2017-06-20,0.41,0.41,0.41,0.41,54500.0
PANSAR,2017-06-21,0.41,0.41,0.405,0.41,128000.0
PANSAR,2017-06-22,0.41,0.41,0.41,0.41,17600.0
PANSAR,2017-06-23,0.41,0.42,0.41,0.415,249100.0
PANSAR,2017-06-28,0.415,0.415,0.415,0.415,66700.0
PANSAR,2017-06-29,0.41,0.415,0.41,0.415,37800.0
PANSAR,2017-06-30,0.41,0.41,0.41,0.41,71000.0
PANSAR,2017-07-03,0.41,0.41,0.41,0.41,114000.0
PANSAR,2017-07-04,0.405,0.41,0.405,0.41,154800.0
PANSAR,2017-07-05,0.405,0.41,0.405,0.41,223000.0
PANSAR,2017-07-06,0.41,0.42,0.41,0.42,58000.0
PANSAR,2017-07-07,0.41,0.41,0.41,0.41,6000.0
PANSAR,2017-07-10,0.41,0.41,0.405,0.405,27500.0
PANSAR,2017-07-11,0.405,0.415,0.405,0.41,58100.0
PANSAR,2017-07-12,0.41,0.41,0.41,0.41,19000.0
PANSAR,2017-07-13,0.415,0.415,0.41,0.415,20300.0
PANSAR,2017-07-14,0.41,0.41,0.41,0.41,39500.0
PANSAR,2017-07-17,0.405,0.405,0.405,0.405,100000.0
PANSAR,2017-07-18,0.415,0.415,0.405,0.405,64599.99999999999
PANSAR,2017-07-20,0.405,0.41,0.405,0.41,36000.0
PANSAR,2017-07-21,0.415,0.415,0.415,0.415,100.0
PANSAR,2017-07-24,0.415,0.415,0.415,0.415,100.0
PANSAR,2017-07-25,0.405,0.415,0.405,0.415,43700.0
PANSAR,2017-07-26,0.405,0.405,0.405,0.405,5000.0
PANSAR,2017-07-27,0.41,0.42,0.41,0.42,21100.0
PANSAR,2017-07-31,0.415,0.435,0.415,0.43,164900.0
PANSAR,2017-08-01,0.425,0.43,0.405,0.405,311300.0
PANSAR,2017-08-03,0.41,0.415,0.41,0.415,20300.0
PANSAR,2017-08-04,0.41,0.41,0.41,0.41,11000.0
PANSAR,2017-08-07,0.41,0.415,0.41,0.415,28000.0
PANSAR,2017-08-08,0.41,0.41,0.41,0.41,51000.0
PANSAR,2017-08-09,0.41,0.41,0.41,0.41,14500.0
PANSAR,2017-08-10,0.41,0.415,0.41,0.41,17000.0
PANSAR,2017-08-11,0.405,0.405,0.405,0.405,63700.0
PANSAR,2017-08-14,0.4,0.405,0.4,0.405,82100.0
PANSAR,2017-08-15,0.4,0.405,0.4,0.405,30000.0
PANSAR,2017-08-17,0.405,0.405,0.4,0.4,88100.0
PANSAR,2017-08-18,0.4,0.405,0.4,0.4,12000.0
PANSAR,2017-08-21,0.4,0.41,0.4,0.4,79000.0
PANSAR,2017-08-22,0.405,0.41,0.4,0.41,132300.0
PANSAR,2017-08-23,0.4,0.4,0.4,0.4,1000.0
PANSAR,2017-08-24,0.4,0.4,0.395,0.4,99300.0
PANSAR,2017-08-25,0.395,0.395,0.39,0.39,114400.0
PANSAR,2017-08-28,0.395,0.395,0.39,0.39,81800.0
PANSAR,2017-08-29,0.39,0.39,0.39,0.39,67000.0
PANSAR,2017-09-05,0.395,0.395,0.38,0.38,20000.0
PANSAR,2017-09-06,0.39,0.39,0.385,0.385,1900.0
PANSAR,2017-09-07,0.385,0.385,0.385,0.385,13600.0
PANSAR,2017-09-08,0.385,0.385,0.385,0.385,28900.0
PANSAR,2017-09-11,0.38,0.385,0.38,0.385,43500.0
PANSAR,2017-09-12,0.39,0.39,0.385,0.39,21100.0
PANSAR,2017-09-13,0.39,0.39,0.385,0.385,50000.0
PANSAR,2017-09-14,0.39,0.39,0.38,0.38,36700.0
PANSAR,2017-09-15,0.385,0.39,0.385,0.385,18000.0
PANSAR,2017-09-18,0.385,0.385,0.385,0.385,10000.0
PANSAR,2017-09-19,0.39,0.39,0.385,0.385,53900.0
PANSAR,2017-09-21,0.39,0.39,0.38,0.385,46800.0
PANSAR,2017-09-25,0.38,0.38,0.38,0.38,31000.0
PANSAR,2017-09-26,0.38,0.385,0.38,0.385,46000.0
PANSAR,2017-09-27,0.385,0.385,0.385,0.385,8300.0
PANSAR,2017-09-28,0.385,0.39,0.385,0.385,8000.0
PANSAR,2017-09-29,0.385,0.4,0.385,0.4,104000.0
PANSAR,2017-10-02,0.385,0.4,0.385,0.4,75000.0
PANSAR,2017-10-03,0.4,0.4,0.4,0.4,26000.0
PANSAR,2017-10-05,0.38,0.4,0.38,0.4,55200.0
PANSAR,2017-10-09,0.4,0.4,0.39,0.4,86800.0
PANSAR,2017-10-10,0.395,0.395,0.395,0.395,125000.0
PANSAR,2017-10-11,0.38,0.395,0.38,0.395,116000.0
PANSAR,2017-10-12,0.395,0.395,0.39,0.39,120000.0
PANSAR,2017-10-13,0.385,0.385,0.385,0.385,9000.0
PANSAR,2017-10-16,0.395,0.395,0.39,0.39,35500.0
PANSAR,2017-10-20,0.385,0.4,0.385,0.4,35000.0
PANSAR,2017-10-23,0.39,0.39,0.385,0.385,76000.0
PANSAR,2017-10-24,0.395,0.395,0.39,0.39,59500.0
PANSAR,2017-10-25,0.385,0.385,0.385,0.385,10000.0
PANSAR,2017-10-26,0.385,0.425,0.385,0.4,356600.0
PANSAR,2017-10-27,0.405,0.41,0.405,0.41,40000.0
PANSAR,2017-10-30,0.405,0.415,0.405,0.415,45400.0
PANSAR,2017-10-31,0.42,0.435,0.42,0.425,353600.0
PANSAR,2017-11-01,0.42,0.425,0.42,0.425,108200.0
PANSAR,2017-11-02,0.41,0.425,0.4,0.425,130100.0
PANSAR,2017-11-03,0.425,0.425,0.41,0.42,151000.0
PANSAR,2017-11-06,0.405,0.405,0.405,0.405,5000.0
PANSAR,2017-11-07,0.42,0.42,0.41,0.415,226600.0
PANSAR,2017-11-08,0.425,0.425,0.42,0.42,271300.0
PANSAR,2017-11-09,0.42,0.425,0.42,0.425,25000.0
PANSAR,2017-11-10,0.43,0.43,0.43,0.43,154900.0
PANSAR,2017-11-13,0.42,0.435,0.42,0.435,49400.0
PANSAR,2017-11-14,0.43,0.43,0.425,0.425,65000.0
PANSAR,2017-11-15,0.425,0.425,0.42,0.42,16900.0
PANSAR,2017-11-16,0.42,0.425,0.41,0.42,355500.0
PANSAR,2017-11-17,0.41,0.41,0.41,0.41,30000.0
PANSAR,2017-11-20,0.41,0.415,0.41,0.415,58600.0
PANSAR,2017-11-21,0.41,0.41,0.405,0.405,80000.0
PANSAR,2017-11-22,0.4,0.4,0.4,0.4,1000.0
PANSAR,2017-11-23,0.415,0.415,0.405,0.415,57100.0
PANSAR,2017-11-24,0.41,0.415,0.41,0.415,45100.0
PANSAR,2017-11-27,0.405,0.42,0.405,0.42,25000.0
PANSAR,2017-11-28,0.405,0.405,0.405,0.405,1000.0
PANSAR,2017-11-29,0.405,0.405,0.405,0.405,5000.0
PANSAR,2017-11-30,0.405,0.405,0.405,0.405,66200.0
PANSAR,2017-12-04,0.4,0.4,0.4,0.4,42700.0
PANSAR,2017-12-06,0.4,0.4,0.4,0.4,54000.0
PANSAR,2017-12-07,0.395,0.4,0.395,0.4,39500.0
PANSAR,2017-12-08,0.395,0.395,0.395,0.395,30000.0
PANSAR,2017-12-11,0.395,0.4,0.395,0.4,192500.0
PANSAR,2017-12-12,0.395,0.395,0.395,0.395,1000.0
PANSAR,2017-12-13,0.39,0.415,0.39,0.415,90000.0
PANSAR,2017-12-14,0.39,0.415,0.39,0.415,22400.0
PANSAR,2017-12-18,0.385,0.41,0.385,0.41,80000.0
PANSAR,2017-12-20,0.405,0.405,0.4,0.4,245000.0
PANSAR,2017-12-21,0.42,0.42,0.4,0.41,83200.0
PANSAR,2017-12-22,0.4,0.4,0.4,0.4,4000.0
PANSAR,2017-12-26,0.395,0.395,0.39,0.395,126100.0
PANSAR,2017-12-27,0.39,0.4,0.39,0.4,24000.0
PANSAR,2017-12-28,0.4,0.4,0.385,0.395,131000.0
PANSAR,2017-12-29,0.395,0.405,0.395,0.4,112700.0
PANSAR,2018-01-02,0.395,0.395,0.395,0.395,10300.0
PANSAR,2018-01-03,0.4,0.4,0.4,0.4,17000.0
PANSAR,2018-01-04,0.4,0.405,0.395,0.395,120000.0
PANSAR,2018-01-05,0.395,0.41,0.395,0.41,50000.0
PANSAR,2018-01-08,0.415,0.415,0.41,0.415,139900.0
PANSAR,2018-01-09,0.41,0.42,0.41,0.42,323100.0
PANSAR,2018-01-10,0.425,0.465,0.425,0.45,2650000.0
PANSAR,2018-01-11,0.455,0.47,0.44,0.44,1100000.0
PANSAR,2018-01-12,0.44,0.45,0.435,0.445,234200.0
PANSAR,2018-01-15,0.44,0.44,0.42,0.42,235000.0
PANSAR,2018-01-16,0.425,0.435,0.425,0.435,632000.0
PANSAR,2018-01-17,0.435,0.435,0.43,0.43,140000.0
PANSAR,2018-01-18,0.43,0.43,0.43,0.43,215000.0
PANSAR,2018-01-19,0.425,0.43,0.425,0.43,25400.0
PANSAR,2018-01-22,0.435,0.465,0.435,0.455,539900.0
PANSAR,2018-01-23,0.46,0.47,0.455,0.47,753400.0
PANSAR,2018-01-24,0.47,0.47,0.465,0.47,576700.0
PANSAR,2018-01-25,0.47,0.475,0.465,0.475,661500.0
PANSAR,2018-01-26,0.47,0.51,0.47,0.5,2230000.0
PANSAR,2018-01-29,0.505,0.515,0.48,0.495,2100000.0
PANSAR,2018-01-30,0.5,0.5,0.485,0.49,532700.0
PANSAR,2018-02-02,0.48,0.49,0.47,0.48,1120000.0
PANSAR,2018-02-05,0.465,0.485,0.465,0.48,473200.0
PANSAR,2018-02-06,0.46,0.475,0.445,0.455,1040000.0
PANSAR,2018-02-07,0.455,0.47,0.455,0.46,642100.0
PANSAR,2018-02-08,0.465,0.56,0.465,0.56,2910000.0
PANSAR,2018-02-09,0.56,0.645,0.54,0.625,11220000.0
PANSAR,2018-02-12,0.645,0.7,0.64,0.695,9440000.0
PANSAR,2018-02-13,0.705,0.755,0.705,0.74,9150000.0
PANSAR,2018-02-14,0.745,0.78,0.745,0.76,4500000.0
PANSAR,2018-02-15,0.765,0.8,0.765,0.79,5120000.0
PANSAR,2018-02-19,0.785,0.845,0.775,0.8,7150000.0
PANSAR,2018-02-20,0.795,0.82,0.795,0.805,5660000.0
PANSAR,2018-02-21,0.8,0.815,0.8,0.8,2580000.0
PANSAR,2018-02-22,0.8,0.81,0.795,0.805,2360000.0
PANSAR,2018-02-23,0.805,0.83,0.8,0.82,8580000.0
PANSAR,2018-02-26,0.82,0.845,0.82,0.835,4820000.0
PANSAR,2018-02-27,0.84,0.845,0.815,0.825,1960000.0
PANSAR,2018-02-28,0.815,0.83,0.815,0.83,1620000.0
PANSAR,2018-03-01,0.83,0.845,0.815,0.84,3340000.0
PANSAR,2018-03-02,0.84,0.915,0.84,0.885,15080000.0
PANSAR,2018-03-05,0.885,0.9,0.875,0.89,3670000.0
PANSAR,2018-03-06,0.895,0.92,0.88,0.89,5530000.0
PANSAR,2018-03-07,0.895,0.895,0.88,0.895,1550000.0
PANSAR,2018-03-08,0.895,0.92,0.895,0.905,6340000.0
PANSAR,2018-03-09,0.905,0.905,0.895,0.905,1630000.0
PANSAR,2018-03-12,0.905,0.915,0.895,0.91,4610000.0
PANSAR,2018-03-13,0.905,0.96,0.9,0.955,9360000.0
PANSAR,2018-03-14,0.95,0.965,0.94,0.945,4030000.0000000005
PANSAR,2018-03-15,0.94,0.94,0.92,0.935,2700000.0
PANSAR,2018-03-16,0.925,1.0,0.925,0.99,7020000.0
PANSAR,2018-03-19,0.99,0.995,0.975,0.975,4240000.0
PANSAR,2018-03-20,0.975,1.0,0.975,0.99,2720000.0
PANSAR,2018-03-21,0.99,1.02,0.99,1.01,4040000.0
PANSAR,2018-03-22,1.02,1.03,1.01,1.03,1880000.0
PANSAR,2018-03-23,1.02,1.03,1.01,1.03,2140000.0
PANSAR,2018-03-26,1.02,1.03,1.02,1.02,1200000.0
PANSAR,2018-03-27,1.02,1.07,1.02,1.06,5330000.0
PANSAR,2018-03-28,1.06,1.15,1.06,1.14,5440000.0
