PJBUMI,2007-01-03,0.2750,0.2750,0.2750,0.2750,15000
PJBUMI,2007-01-04,0.2750,0.2750,0.2750,0.2750,35000
PJBUMI,2007-01-05,0.2650,0.3200,0.2650,0.2700,4300
PJBUMI,2007-01-08,0.2550,0.3000,0.2550,0.3000,33700
PJBUMI,2007-01-10,0.2800,0.2800,0.2700,0.2700,34200
PJBUMI,2007-01-12,0.2900,0.3100,0.2900,0.3000,244200
PJBUMI,2007-01-15,0.2800,0.3200,0.2800,0.3000,39400
PJBUMI,2007-01-16,0.3000,0.3000,0.3000,0.3000,22900
PJBUMI,2007-01-17,0.2950,0.2950,0.2800,0.2800,135000
PJBUMI,2007-01-18,0.2800,0.3000,0.2800,0.2900,87900
PJBUMI,2007-01-19,0.2850,0.3000,0.2850,0.2950,59000
PJBUMI,2007-01-22,0.3000,0.3050,0.2900,0.2900,53000
PJBUMI,2007-01-23,0.2950,0.3300,0.2950,0.3250,381900
PJBUMI,2007-01-24,0.3100,0.3700,0.3100,0.3700,677700
PJBUMI,2007-01-25,0.3850,0.4150,0.3650,0.4000,959600
PJBUMI,2007-01-26,0.4000,0.4000,0.3700,0.3700,225000
PJBUMI,2007-01-29,0.3700,0.3700,0.3550,0.3650,155000
PJBUMI,2007-01-30,0.3800,0.3800,0.3500,0.3500,140000
PJBUMI,2007-01-31,0.3400,0.3600,0.3150,0.3600,159000
PJBUMI,2007-02-02,0.3600,0.4050,0.3500,0.3800,570000
PJBUMI,2007-02-05,0.3700,0.3700,0.3700,0.3700,30000
PJBUMI,2007-02-06,0.3750,0.3750,0.3650,0.3700,111000
PJBUMI,2007-02-07,0.3600,0.3700,0.3600,0.3600,49000
PJBUMI,2007-02-08,0.3650,0.3800,0.3650,0.3750,220600
PJBUMI,2007-02-09,0.3600,0.4400,0.3600,0.4200,847500
PJBUMI,2007-02-12,0.4200,0.4500,0.4150,0.4500,813600
PJBUMI,2007-02-13,0.4400,0.4400,0.4200,0.4250,161500
PJBUMI,2007-02-14,0.4250,0.4850,0.4250,0.4850,632300
PJBUMI,2007-02-15,0.4750,0.4800,0.4200,0.4200,223000
PJBUMI,2007-02-16,0.4250,0.4600,0.4200,0.4600,271000
PJBUMI,2007-02-21,0.4650,0.5000,0.4650,0.4700,684900
PJBUMI,2007-02-22,0.4700,0.4850,0.4650,0.4650,393000
PJBUMI,2007-02-23,0.4700,0.4850,0.4300,0.4750,208300
PJBUMI,2007-02-26,0.4800,0.4800,0.4700,0.4800,403000
PJBUMI,2007-02-27,0.4300,0.4600,0.3750,0.4000,284300
PJBUMI,2007-02-28,0.3500,0.3800,0.3200,0.3700,286700
PJBUMI,2007-03-01,0.3950,0.3950,0.3000,0.3350,143000
PJBUMI,2007-03-02,0.3400,0.3550,0.3200,0.3550,48600
PJBUMI,2007-03-05,0.2900,0.3150,0.2800,0.3150,192200
PJBUMI,2007-03-06,0.3000,0.3400,0.2900,0.3400,106000
PJBUMI,2007-03-07,0.3200,0.3450,0.3200,0.3200,48700
PJBUMI,2007-03-08,0.3200,0.3400,0.3200,0.3400,48000
PJBUMI,2007-03-09,0.3200,0.3200,0.3100,0.3100,70000
PJBUMI,2007-03-12,0.3100,0.3100,0.3100,0.3100,38000
PJBUMI,2007-03-13,0.3100,0.3200,0.3100,0.3100,133400
PJBUMI,2007-03-14,0.2900,0.2900,0.2850,0.2900,33000
PJBUMI,2007-03-16,0.3000,0.3050,0.2950,0.2950,32700
PJBUMI,2007-03-19,0.2950,0.2950,0.2950,0.2950,2000
PJBUMI,2007-03-20,0.2950,0.3000,0.2950,0.3000,39000
PJBUMI,2007-03-21,0.3000,0.3000,0.3000,0.3000,5000
PJBUMI,2007-03-22,0.3100,0.3350,0.3100,0.3300,65000
PJBUMI,2007-03-23,0.3300,0.3300,0.3200,0.3200,33000
PJBUMI,2007-03-26,0.3250,0.3250,0.3250,0.3250,38000
PJBUMI,2007-03-27,0.3200,0.3500,0.3200,0.3500,30000
PJBUMI,2007-03-28,0.3300,0.3300,0.3300,0.3300,25000
PJBUMI,2007-03-30,0.3150,0.3200,0.3150,0.3200,3000
PJBUMI,2007-04-02,0.3150,0.3150,0.3150,0.3150,20000
PJBUMI,2007-04-03,0.3100,0.4000,0.3100,0.4000,164000
PJBUMI,2007-04-04,0.4000,0.4000,0.3600,0.3700,136000
PJBUMI,2007-04-05,0.3650,0.4300,0.3650,0.4200,345400
PJBUMI,2007-04-06,0.4050,0.4400,0.3750,0.4150,591500
PJBUMI,2007-04-09,0.4150,0.4350,0.4150,0.4250,259300
PJBUMI,2007-04-10,0.4200,0.4200,0.3950,0.3950,250400
PJBUMI,2007-04-11,0.4000,0.4000,0.3850,0.3900,218800
PJBUMI,2007-04-12,0.3600,0.3800,0.3550,0.3700,301000
PJBUMI,2007-04-13,0.3850,0.4500,0.3850,0.4200,664800
PJBUMI,2007-04-16,0.4400,0.4800,0.4300,0.4800,578100
PJBUMI,2007-04-17,0.5000,0.5700,0.4600,0.5350,2457800
PJBUMI,2007-04-18,0.5350,0.5600,0.5050,0.5300,774900
PJBUMI,2007-04-19,0.5150,0.5150,0.4700,0.4800,679800
PJBUMI,2007-04-20,0.4900,0.5300,0.4800,0.5300,661200
PJBUMI,2007-04-23,0.5400,0.5450,0.4750,0.5050,783100
PJBUMI,2007-04-24,0.4900,0.4900,0.4750,0.4900,140600
PJBUMI,2007-04-25,0.4750,0.4750,0.4550,0.4700,85000
PJBUMI,2007-04-27,0.4600,0.4700,0.4300,0.4450,228600
PJBUMI,2007-04-30,0.4350,0.4450,0.4300,0.4450,154100
PJBUMI,2007-05-03,0.4500,0.4500,0.4350,0.4450,145000
PJBUMI,2007-05-04,0.4450,0.4450,0.4200,0.4400,84000
PJBUMI,2007-05-07,0.4300,0.4500,0.4150,0.4400,98300
PJBUMI,2007-05-08,0.4200,0.4400,0.4100,0.4400,141000
PJBUMI,2007-05-09,0.4100,0.4200,0.4000,0.4200,61100
PJBUMI,2007-05-10,0.4000,0.4150,0.3950,0.4150,64500
PJBUMI,2007-05-11,0.4150,0.4150,0.3800,0.4100,37000
PJBUMI,2007-05-14,0.3900,0.3900,0.3750,0.3900,80200
PJBUMI,2007-05-15,0.3700,0.3800,0.3500,0.3800,129100
PJBUMI,2007-05-16,0.3600,0.3700,0.3500,0.3700,60900
PJBUMI,2007-05-17,0.3500,0.3500,0.3500,0.3500,7800
PJBUMI,2007-05-18,0.3500,0.3600,0.3300,0.3600,76000
PJBUMI,2007-05-21,0.3300,0.3350,0.3150,0.3350,11000
PJBUMI,2007-05-22,0.3350,0.3450,0.3200,0.3450,25800
PJBUMI,2007-05-23,0.3500,0.3600,0.3300,0.3600,51500
PJBUMI,2007-05-24,0.3300,0.3300,0.3300,0.3300,15000
PJBUMI,2007-05-25,0.3500,0.3500,0.3500,0.3500,200
PJBUMI,2007-05-29,0.3300,0.3350,0.3300,0.3350,25000
PJBUMI,2007-05-30,0.3000,0.3300,0.3000,0.3300,5300
PJBUMI,2007-05-31,0.3200,0.3600,0.3200,0.3600,1300
PJBUMI,2007-06-01,0.3300,0.3500,0.3300,0.3500,10200
PJBUMI,2007-06-04,0.3300,0.3400,0.3150,0.3400,15300
PJBUMI,2007-06-05,0.3400,0.4000,0.3400,0.4000,7000
PJBUMI,2007-06-06,0.3500,0.3750,0.3500,0.3750,45300
PJBUMI,2007-06-11,0.3200,0.3800,0.2500,0.3750,398600
PJBUMI,2007-06-12,0.3800,0.4000,0.3800,0.3800,120900
PJBUMI,2007-06-15,0.3250,0.3600,0.3250,0.3250,109600
PJBUMI,2007-06-18,0.3500,0.4000,0.3500,0.3850,43500
PJBUMI,2007-06-19,0.3800,0.3950,0.3800,0.3900,21000
PJBUMI,2007-06-20,0.3500,0.3500,0.3500,0.3500,10000
PJBUMI,2007-06-21,0.3450,0.3450,0.3400,0.3400,57000
PJBUMI,2007-06-22,0.3550,0.3600,0.3400,0.3400,28000
PJBUMI,2007-06-25,0.3900,0.3900,0.3500,0.3600,40000
PJBUMI,2007-06-26,0.3600,0.3600,0.3600,0.3600,21700
PJBUMI,2007-06-27,0.3500,0.3500,0.3500,0.3500,5000
PJBUMI,2007-06-28,0.3200,0.3300,0.3200,0.3300,62000
PJBUMI,2007-06-29,0.3250,0.3300,0.3250,0.3300,15000
PJBUMI,2007-07-02,0.3350,0.3600,0.3350,0.3600,11000
PJBUMI,2007-07-03,0.3300,0.3400,0.3300,0.3350,24000
PJBUMI,2007-07-04,0.3400,0.3600,0.3400,0.3600,30000
PJBUMI,2007-07-05,0.3400,0.3600,0.3400,0.3600,18000
PJBUMI,2007-07-06,0.3400,0.3450,0.3300,0.3400,39000
PJBUMI,2007-07-09,0.3600,0.3650,0.3450,0.3450,73000
PJBUMI,2007-07-10,0.3500,0.3500,0.3350,0.3400,68700
PJBUMI,2007-07-11,0.3400,0.3500,0.3400,0.3450,35700
PJBUMI,2007-07-12,0.3450,0.3600,0.3450,0.3600,110200
PJBUMI,2007-07-13,0.3350,0.3400,0.3300,0.3350,169400
PJBUMI,2007-07-16,0.3500,0.3600,0.3400,0.3450,226000
PJBUMI,2007-07-17,0.3500,0.3500,0.3450,0.3450,25000
PJBUMI,2007-07-18,0.3350,0.3400,0.3300,0.3300,97000
PJBUMI,2007-07-19,0.3500,0.3800,0.3400,0.3800,288600
PJBUMI,2007-07-20,0.3850,0.3900,0.3600,0.3600,263100
PJBUMI,2007-07-23,0.3600,0.3800,0.3600,0.3650,46000
PJBUMI,2007-07-24,0.3600,0.3700,0.3500,0.3500,130000
PJBUMI,2007-07-25,0.3500,0.3700,0.3500,0.3550,192300
PJBUMI,2007-07-26,0.3650,0.3650,0.3500,0.3600,69000
PJBUMI,2007-07-27,0.3400,0.3400,0.3400,0.3400,32400
PJBUMI,2007-07-30,0.3200,0.3550,0.3200,0.3550,77000
PJBUMI,2007-07-31,0.3500,0.3750,0.3500,0.3600,100000
PJBUMI,2007-08-01,0.3650,0.3650,0.3250,0.3250,75000
PJBUMI,2007-08-02,0.3450,0.3450,0.3350,0.3450,31000
PJBUMI,2007-08-03,0.3700,0.3700,0.3500,0.3550,38000
PJBUMI,2007-08-06,0.3350,0.3350,0.3100,0.3300,58100
PJBUMI,2007-08-07,0.3450,0.3450,0.3150,0.3150,55000
PJBUMI,2007-08-09,0.3300,0.3300,0.3250,0.3250,69500
PJBUMI,2007-08-10,0.3100,0.3100,0.3050,0.3050,11000
PJBUMI,2007-08-14,0.3000,0.3000,0.3000,0.3000,52000
PJBUMI,2007-08-15,0.3000,0.3000,0.2800,0.2850,51000
PJBUMI,2007-08-16,0.3000,0.3000,0.2600,0.2900,7000
PJBUMI,2007-08-17,0.3000,0.3000,0.2600,0.2850,30000
PJBUMI,2007-08-20,0.2950,0.2950,0.2900,0.2900,18000
PJBUMI,2007-08-21,0.2900,0.2900,0.2850,0.2900,12000
PJBUMI,2007-08-22,0.3000,0.3000,0.3000,0.3000,30000
PJBUMI,2007-08-23,0.2950,0.3150,0.2950,0.3150,30000
PJBUMI,2007-08-24,0.2900,0.2900,0.2900,0.2900,7500
PJBUMI,2007-08-27,0.3050,0.3050,0.2900,0.2900,80000
PJBUMI,2007-08-28,0.2900,0.3200,0.2900,0.3200,10000
PJBUMI,2007-08-29,0.3050,0.3100,0.3000,0.3000,26000
PJBUMI,2007-08-30,0.3050,0.3050,0.3050,0.3050,17500
PJBUMI,2007-09-04,0.2900,0.2950,0.2800,0.2950,95000
PJBUMI,2007-09-05,0.2950,0.2950,0.2950,0.2950,20000
PJBUMI,2007-09-06,0.2900,0.2950,0.2800,0.2800,29000
PJBUMI,2007-09-07,0.2800,0.2800,0.2800,0.2800,3000
PJBUMI,2007-09-10,0.3150,0.3150,0.3150,0.3150,7000
PJBUMI,2007-09-11,0.3050,0.3050,0.3050,0.3050,10000
PJBUMI,2007-09-12,0.2800,0.2950,0.2800,0.2950,28000
PJBUMI,2007-09-13,0.2800,0.2800,0.2800,0.2800,20000
PJBUMI,2007-09-14,0.2950,0.2950,0.2950,0.2950,17000
PJBUMI,2007-09-17,0.2800,0.2800,0.2800,0.2800,13000
PJBUMI,2007-09-18,0.2950,0.3050,0.2650,0.3050,27100
PJBUMI,2007-09-19,0.2800,0.2800,0.2650,0.2650,76000
PJBUMI,2007-09-20,0.2700,0.3200,0.2650,0.3050,150000
PJBUMI,2007-09-21,0.3000,0.3050,0.2950,0.2950,107900
PJBUMI,2007-09-24,0.2950,0.3000,0.2950,0.2950,48000
PJBUMI,2007-09-25,0.2650,0.3000,0.2650,0.3000,10000
PJBUMI,2007-09-26,0.2950,0.2950,0.2700,0.2800,110500
PJBUMI,2007-09-27,0.2800,0.2800,0.2750,0.2800,78100
PJBUMI,2007-09-28,0.2800,0.2800,0.2750,0.2800,75000
PJBUMI,2007-10-02,0.2850,0.2850,0.2850,0.2850,17000
PJBUMI,2007-10-03,0.3000,0.3000,0.2850,0.2850,10100
PJBUMI,2007-10-05,0.3050,0.3050,0.2850,0.2850,110000
PJBUMI,2007-10-08,0.3100,0.5000,0.3100,0.4500,1798000
PJBUMI,2007-10-09,0.4500,0.4500,0.3900,0.4250,824400
PJBUMI,2007-10-10,0.4200,0.4650,0.4150,0.4600,597400
PJBUMI,2007-10-11,0.4300,0.4850,0.4300,0.4600,854800
PJBUMI,2007-10-12,0.4600,0.4650,0.4500,0.4650,296300
PJBUMI,2007-10-16,0.4650,0.5150,0.4650,0.4900,525500
PJBUMI,2007-10-17,0.5000,0.5200,0.4800,0.5100,1005900
PJBUMI,2007-10-18,0.5150,0.5300,0.5050,0.5100,546100
PJBUMI,2007-10-19,0.5000,0.5000,0.4400,0.4850,196300
PJBUMI,2007-10-22,0.4500,0.4600,0.4200,0.4450,127400
PJBUMI,2007-10-23,0.4550,0.4550,0.4100,0.4500,224900
PJBUMI,2007-10-24,0.4600,0.4800,0.4500,0.4500,136300
PJBUMI,2007-10-25,0.4700,0.4700,0.4500,0.4500,71200
PJBUMI,2007-10-26,0.4600,0.5000,0.4550,0.4800,261500
PJBUMI,2007-10-29,0.4850,0.4900,0.4700,0.4700,157000
PJBUMI,2007-10-30,0.4700,0.4800,0.4600,0.4700,136800
PJBUMI,2007-10-31,0.4800,0.4800,0.4500,0.4500,211000
PJBUMI,2007-11-01,0.4600,0.4800,0.4600,0.4800,196100
PJBUMI,2007-11-02,0.4700,0.6200,0.4650,0.6100,7277200
PJBUMI,2007-11-05,0.6500,0.7300,0.6200,0.6650,4873000
PJBUMI,2007-11-06,0.6750,0.6750,0.6150,0.6400,1360000
PJBUMI,2007-11-07,0.6600,0.7150,0.6500,0.6700,2019400
PJBUMI,2007-11-09,0.6500,0.6650,0.6350,0.6400,791600
PJBUMI,2007-11-12,0.6300,0.6400,0.5900,0.6050,710600
PJBUMI,2007-11-13,0.6050,0.6250,0.6000,0.6050,210000
PJBUMI,2007-11-14,0.6200,0.6750,0.6150,0.6450,1418400
PJBUMI,2007-11-15,0.6400,0.6400,0.6100,0.6100,340000
PJBUMI,2007-11-16,0.6200,0.6550,0.6200,0.6250,732500
PJBUMI,2007-11-19,0.6200,0.6600,0.6200,0.6400,846500
PJBUMI,2007-11-20,0.6300,0.6500,0.6050,0.6350,577300
PJBUMI,2007-11-21,0.6300,0.6350,0.6150,0.6150,270000
PJBUMI,2007-11-22,0.6050,0.6300,0.5900,0.6100,592900
PJBUMI,2007-11-23,0.6150,0.6150,0.5900,0.5900,149500
PJBUMI,2007-11-26,0.6000,0.6000,0.5350,0.5350,254100
PJBUMI,2007-11-27,0.5100,0.5350,0.5100,0.5100,328000
PJBUMI,2007-11-28,0.5650,0.5650,0.4950,0.5000,404000
PJBUMI,2007-11-29,0.5100,0.5100,0.4800,0.5100,285500
PJBUMI,2007-11-30,0.4800,0.5000,0.4800,0.4900,66000
PJBUMI,2007-12-03,0.4950,0.4950,0.4500,0.4650,82500
PJBUMI,2007-12-04,0.4350,0.5000,0.4350,0.4900,142000
PJBUMI,2007-12-05,0.5000,0.5500,0.4900,0.5100,550400
PJBUMI,2007-12-06,0.5200,0.5800,0.5200,0.5300,628500
PJBUMI,2007-12-07,0.5200,0.5200,0.5000,0.5000,143000
PJBUMI,2007-12-10,0.5000,0.5000,0.4700,0.4850,291000
PJBUMI,2007-12-11,0.4700,0.4850,0.4650,0.4850,139000
PJBUMI,2007-12-12,0.4900,0.5000,0.4700,0.5000,185400
PJBUMI,2007-12-13,0.4950,0.5050,0.4850,0.5050,62000
PJBUMI,2007-12-14,0.4900,0.5250,0.4850,0.5250,132700
PJBUMI,2007-12-17,0.5000,0.5000,0.4800,0.4800,121000
PJBUMI,2007-12-18,0.4800,0.5500,0.4750,0.5500,632100
PJBUMI,2007-12-19,0.5500,0.5500,0.5300,0.5300,31100
PJBUMI,2007-12-21,0.5300,0.5300,0.5100,0.5100,60000
PJBUMI,2007-12-24,0.4950,0.5400,0.4950,0.5200,57100
PJBUMI,2007-12-26,0.5150,0.5150,0.4700,0.4850,337900
PJBUMI,2007-12-27,0.4950,0.4950,0.4950,0.4950,11800
PJBUMI,2007-12-28,0.4950,0.4950,0.4850,0.4900,49000
PJBUMI,2007-12-31,0.4850,0.4900,0.4800,0.4800,84500
PJBUMI,2008-01-02,0.4750,0.4750,0.4700,0.4750,64200
PJBUMI,2008-01-03,0.4700,0.4700,0.4700,0.4700,19000
PJBUMI,2008-01-04,0.4700,0.4900,0.4700,0.4700,16000
PJBUMI,2008-01-07,0.4750,0.4750,0.4700,0.4700,10000
PJBUMI,2008-01-08,0.4650,0.5050,0.4650,0.4800,96600
PJBUMI,2008-01-09,0.4800,0.4950,0.4700,0.4900,50800
PJBUMI,2008-01-11,0.4950,0.5050,0.4900,0.5050,70500
PJBUMI,2008-01-14,0.5000,0.5200,0.5000,0.5000,173000
PJBUMI,2008-01-15,0.5000,0.5000,0.4850,0.4850,41300
PJBUMI,2008-01-16,0.4850,0.4850,0.4850,0.4850,17000
PJBUMI,2008-01-17,0.4850,0.4850,0.4600,0.4650,98200
PJBUMI,2008-01-18,0.4600,0.5000,0.4600,0.4600,75600
PJBUMI,2008-01-21,0.4650,0.4650,0.4600,0.4600,34400
PJBUMI,2008-01-22,0.4300,0.4300,0.4300,0.4300,19000
PJBUMI,2008-01-24,0.4350,0.4400,0.4350,0.4400,17900
PJBUMI,2008-01-25,0.4400,0.4400,0.4400,0.4400,3000
PJBUMI,2008-01-29,0.4400,0.4400,0.4400,0.4400,5000
PJBUMI,2008-01-30,0.3000,0.4400,0.3000,0.4150,35400
PJBUMI,2008-01-31,0.4100,0.4500,0.4100,0.4100,35100
PJBUMI,2008-02-04,0.4500,0.4700,0.4400,0.4400,163500
PJBUMI,2008-02-05,0.4600,0.4600,0.4500,0.4600,40000
PJBUMI,2008-02-06,0.4400,0.4700,0.4300,0.4600,151000
PJBUMI,2008-02-11,0.4450,0.4450,0.4300,0.4400,190000
PJBUMI,2008-02-12,0.4400,0.5000,0.4400,0.5000,185000
PJBUMI,2008-02-13,0.4950,0.4950,0.4600,0.4850,99000
PJBUMI,2008-02-14,0.4800,0.5000,0.4800,0.4800,232000
PJBUMI,2008-02-15,0.4850,0.4850,0.4700,0.4700,30000
PJBUMI,2008-02-19,0.4800,0.5000,0.4800,0.4950,330000
PJBUMI,2008-02-20,0.4900,0.5650,0.4900,0.5300,1783600
PJBUMI,2008-02-21,0.5350,0.5500,0.5350,0.5400,519500
PJBUMI,2008-02-22,0.5350,0.5750,0.5100,0.5450,885000
PJBUMI,2008-02-25,0.5500,0.5750,0.5300,0.5400,1519500
PJBUMI,2008-02-26,0.5300,0.5400,0.4900,0.5350,849000
PJBUMI,2008-02-27,0.5000,0.5250,0.4900,0.4900,252000
PJBUMI,2008-02-28,0.4700,0.5000,0.4500,0.4550,192100
PJBUMI,2008-02-29,0.4800,0.4950,0.4700,0.4950,457000
PJBUMI,2008-03-03,0.4800,0.5300,0.4700,0.5300,4604
PJBUMI,2008-03-04,0.5300,0.5300,0.4750,0.5300,705000
PJBUMI,2008-03-05,0.4750,0.5300,0.4200,0.5200,761700
PJBUMI,2008-03-06,0.5300,0.5450,0.5200,0.5450,294000
PJBUMI,2008-03-07,0.5300,0.5300,0.5200,0.5200,310000
PJBUMI,2008-03-10,0.4400,0.4400,0.4400,0.4400,6000
PJBUMI,2008-03-11,0.4500,0.4600,0.4500,0.4600,45000
PJBUMI,2008-03-13,0.4700,0.4850,0.4650,0.4800,133000
PJBUMI,2008-03-14,0.4800,0.4800,0.4500,0.4500,40300
PJBUMI,2008-03-17,0.4700,0.4700,0.4700,0.4700,15000
PJBUMI,2008-03-18,0.4650,0.4650,0.4650,0.4650,10000
PJBUMI,2008-03-19,0.4500,0.4700,0.4500,0.4700,40000
PJBUMI,2008-03-21,0.4650,0.4650,0.4650,0.4650,10000
PJBUMI,2008-03-25,0.4450,0.4450,0.4200,0.4250,35000
PJBUMI,2008-03-27,0.4200,0.4400,0.4200,0.4250,71000
PJBUMI,2008-03-28,0.4200,0.4200,0.3400,0.3900,170000
PJBUMI,2008-03-31,0.3900,0.3900,0.3600,0.3800,65000
PJBUMI,2008-04-01,0.3350,0.4100,0.3250,0.3450,205000
PJBUMI,2008-04-02,0.3400,0.3450,0.3400,0.3400,46000
PJBUMI,2008-04-03,0.3600,0.3650,0.3350,0.3350,72000
PJBUMI,2008-04-04,0.3700,0.4050,0.3500,0.4050,101000
PJBUMI,2008-04-07,0.3600,0.3600,0.3550,0.3550,40000
PJBUMI,2008-04-08,0.3400,0.3400,0.3000,0.3300,155300
PJBUMI,2008-04-09,0.3300,0.3300,0.3000,0.3300,97100
PJBUMI,2008-04-10,0.3250,0.3250,0.3250,0.3250,42000
PJBUMI,2008-04-11,0.3450,0.3450,0.3450,0.3450,12000
PJBUMI,2008-04-14,0.3300,0.3300,0.3000,0.3000,42500
PJBUMI,2008-04-15,0.3200,0.3200,0.3000,0.3000,23100
PJBUMI,2008-04-16,0.3100,0.3450,0.3100,0.3450,58200
PJBUMI,2008-04-17,0.3400,0.3400,0.3250,0.3250,32000
PJBUMI,2008-04-18,0.3050,0.3050,0.3050,0.3050,9000
PJBUMI,2008-04-21,0.3050,0.3600,0.3050,0.3400,78300
PJBUMI,2008-04-22,0.3450,0.3450,0.3450,0.3450,39000
PJBUMI,2008-04-23,0.3450,0.3500,0.3450,0.3500,32000
PJBUMI,2008-04-24,0.3650,0.3700,0.3650,0.3700,8000
PJBUMI,2008-04-28,0.3700,0.3700,0.3700,0.3700,10000
PJBUMI,2008-04-29,0.3150,0.3200,0.3100,0.3100,87000
PJBUMI,2008-04-30,0.3100,0.3100,0.3100,0.3100,20000
PJBUMI,2008-05-02,0.3400,0.3950,0.3300,0.3950,173000
PJBUMI,2008-05-05,0.4000,0.4100,0.4000,0.4000,143200
PJBUMI,2008-05-06,0.4000,0.4000,0.3300,0.3900,40000
PJBUMI,2008-05-07,0.3950,0.3950,0.3400,0.3950,22000
PJBUMI,2008-05-08,0.3900,0.3900,0.3850,0.3900,31000
PJBUMI,2008-05-09,0.3950,0.4000,0.3950,0.4000,128000
PJBUMI,2008-05-12,0.4100,0.5200,0.4100,0.5150,569000
PJBUMI,2008-05-13,0.5200,0.5450,0.5050,0.5100,404700
PJBUMI,2008-05-14,0.5300,0.5300,0.5050,0.5050,215500
PJBUMI,2008-05-15,0.5000,0.5050,0.4850,0.5050,91500
PJBUMI,2008-05-16,0.4850,0.5000,0.4800,0.4800,125900
PJBUMI,2008-05-20,0.4850,0.4850,0.4150,0.4500,253000
PJBUMI,2008-05-21,0.4600,0.4600,0.4500,0.4500,23000
PJBUMI,2008-05-22,0.4800,0.4950,0.4600,0.4650,76000
PJBUMI,2008-05-23,0.4800,0.5150,0.4800,0.5150,204300
PJBUMI,2008-05-26,0.4800,0.5200,0.4800,0.5200,100000
PJBUMI,2008-05-27,0.5000,0.5400,0.5000,0.5250,198400
PJBUMI,2008-05-28,0.5250,0.5400,0.5100,0.5100,267000
PJBUMI,2008-05-29,0.5000,0.5050,0.5000,0.5000,41100
PJBUMI,2008-05-30,0.5200,0.5400,0.5200,0.5300,362100
PJBUMI,2008-06-02,0.5150,0.5300,0.5100,0.5100,68500
PJBUMI,2008-06-03,0.5150,0.5200,0.5000,0.5000,111000
PJBUMI,2008-06-04,0.5100,0.5100,0.5050,0.5050,23000
PJBUMI,2008-06-05,0.5000,0.5000,0.5000,0.5000,26000
PJBUMI,2008-06-06,0.5000,0.5000,0.4800,0.4800,12000
PJBUMI,2008-06-09,0.4700,0.4950,0.4650,0.4950,65000
PJBUMI,2008-06-11,0.4800,0.4800,0.4800,0.4800,18000
PJBUMI,2008-06-12,0.5000,0.5000,0.4850,0.4850,37000
PJBUMI,2008-06-13,0.4800,0.5000,0.4700,0.5000,107000
PJBUMI,2008-06-17,0.4600,0.4600,0.4600,0.4600,37000
PJBUMI,2008-06-18,0.4600,0.4600,0.4600,0.4600,15000
PJBUMI,2008-06-19,0.4200,0.4400,0.4200,0.4400,79700
PJBUMI,2008-06-20,0.4400,0.4400,0.4300,0.4300,13200
PJBUMI,2008-06-24,0.4850,0.4850,0.4850,0.4850,18000
PJBUMI,2008-06-25,0.4250,0.4250,0.4000,0.4000,22700
PJBUMI,2008-06-26,0.4150,0.4550,0.4100,0.4550,14200
PJBUMI,2008-06-27,0.4450,0.4450,0.4100,0.4400,24000
PJBUMI,2008-06-30,0.4500,0.4500,0.4500,0.4500,21700
PJBUMI,2008-07-02,0.4450,0.4450,0.4300,0.4450,24000
PJBUMI,2008-07-07,0.4350,0.4350,0.4350,0.4350,24000
PJBUMI,2008-07-10,0.4450,0.4450,0.4350,0.4350,24000
PJBUMI,2008-07-11,0.4400,0.4400,0.4350,0.4350,5000
PJBUMI,2008-07-14,0.4300,0.4300,0.4300,0.4300,12000
PJBUMI,2008-07-15,0.4150,0.4150,0.4150,0.4150,12000
PJBUMI,2008-07-16,0.3300,0.4900,0.3300,0.4900,21500
PJBUMI,2008-07-17,0.4450,0.4600,0.3650,0.4600,29000
PJBUMI,2008-07-18,0.4350,0.4350,0.4350,0.4350,12000
PJBUMI,2008-07-21,0.4300,0.4350,0.4300,0.4350,18300
PJBUMI,2008-07-22,0.4000,0.4300,0.3800,0.4150,44600
PJBUMI,2008-07-23,0.4050,0.4050,0.4000,0.4000,15000
PJBUMI,2008-07-24,0.4000,0.4000,0.4000,0.4000,8000
PJBUMI,2008-07-25,0.3550,0.4000,0.3550,0.4000,437900
PJBUMI,2008-07-28,0.3950,0.3950,0.3950,0.3950,12000
PJBUMI,2008-07-30,0.3800,0.3800,0.3800,0.3800,5
PJBUMI,2008-07-31,0.4050,0.4050,0.3950,0.3950,48200
PJBUMI,2008-08-05,0.3950,0.3950,0.3950,0.3950,7
PJBUMI,2008-08-06,0.4000,0.4000,0.4000,0.4000,41
PJBUMI,2008-08-08,0.5000,0.5000,0.5000,0.5000,7
PJBUMI,2008-08-12,0.4650,0.4650,0.4650,0.4650,41
PJBUMI,2008-08-13,0.4400,0.4400,0.4400,0.4400,7
PJBUMI,2008-08-14,0.3600,0.4000,0.3600,0.4000,13000
PJBUMI,2008-08-15,0.3650,0.3650,0.3300,0.3300,30000
PJBUMI,2008-08-18,0.3750,0.3750,0.3600,0.3600,69200
PJBUMI,2008-08-19,0.3150,0.3150,0.3100,0.3100,41300
PJBUMI,2008-08-20,0.3300,0.3900,0.3300,0.3900,371100
PJBUMI,2008-08-21,0.4350,0.4350,0.4350,0.4350,7000
PJBUMI,2008-08-22,0.4150,0.4150,0.4150,0.4150,62200
PJBUMI,2008-08-25,0.4200,0.4200,0.4200,0.4200,10000
PJBUMI,2008-08-26,0.4100,0.4200,0.3600,0.3600,381000
PJBUMI,2008-08-27,0.3600,0.4000,0.3600,0.4000,55000
PJBUMI,2008-08-28,0.3600,0.3850,0.3550,0.3850,63800
PJBUMI,2008-08-29,0.3900,0.3900,0.3300,0.3700,95000
PJBUMI,2008-09-02,0.3600,0.4000,0.3600,0.4000,469500
PJBUMI,2008-09-03,0.3600,0.3750,0.3400,0.3750,61100
PJBUMI,2008-09-04,0.3750,0.3750,0.3650,0.3700,108300
PJBUMI,2008-09-05,0.3400,0.3700,0.3400,0.3700,361300
PJBUMI,2008-09-08,0.3800,0.4000,0.3500,0.4000,844700
PJBUMI,2008-09-09,0.3950,0.3950,0.3950,0.3950,5000
PJBUMI,2008-09-10,0.3600,0.3800,0.3600,0.3800,405300
PJBUMI,2008-09-11,0.3600,0.3700,0.3600,0.3700,311600
PJBUMI,2008-09-12,0.3400,0.3800,0.3400,0.3700,1131600
PJBUMI,2008-09-15,0.3400,0.3600,0.3350,0.3600,175200
PJBUMI,2008-09-16,0.3350,0.3700,0.3300,0.3700,752700
PJBUMI,2008-09-17,0.3700,0.3700,0.3400,0.3550,763600
PJBUMI,2008-09-18,0.3350,0.3500,0.3100,0.3350,1394600
PJBUMI,2008-09-19,0.3250,0.3400,0.3150,0.3400,689800
PJBUMI,2008-09-22,0.3150,0.3600,0.3100,0.3550,416800
PJBUMI,2008-09-23,0.3250,0.3800,0.3200,0.3750,1167300
PJBUMI,2008-09-24,0.3750,0.3750,0.3700,0.3700,1957600
PJBUMI,2008-09-25,0.3650,0.3700,0.3400,0.3600,170600
PJBUMI,2008-09-26,0.3650,0.3650,0.3400,0.3450,1045700
PJBUMI,2008-09-29,0.3300,0.3900,0.3300,0.3850,1506100
PJBUMI,2008-09-30,0.3750,0.4200,0.3750,0.4200,1698600
PJBUMI,2008-10-03,0.3900,0.4200,0.3900,0.4200,729800
PJBUMI,2008-10-06,0.4000,0.4000,0.3950,0.3950,670000
PJBUMI,2008-10-07,0.3950,0.3950,0.3850,0.3900,1439700
PJBUMI,2008-10-08,0.3900,0.3950,0.3550,0.3850,1143800
PJBUMI,2008-10-09,0.3450,0.3850,0.3450,0.3800,912200
PJBUMI,2008-10-10,0.3700,0.4000,0.3400,0.3700,923900
PJBUMI,2008-10-13,0.3500,0.3850,0.3500,0.3850,1462600
PJBUMI,2008-10-14,0.3550,0.3800,0.3550,0.3650,1252300
PJBUMI,2008-10-15,0.3650,0.3650,0.3500,0.3650,764700
PJBUMI,2008-10-16,0.3650,0.3650,0.3300,0.3500,937500
PJBUMI,2008-10-17,0.3450,0.3850,0.3450,0.3850,1474500
PJBUMI,2008-10-20,0.3800,0.4450,0.3650,0.3650,2086900
PJBUMI,2008-10-21,0.3700,0.3900,0.3700,0.3900,45000
PJBUMI,2008-10-22,0.3550,0.3750,0.3000,0.3750,941600
PJBUMI,2008-10-23,0.3750,0.3950,0.3750,0.3950,2716800
PJBUMI,2008-10-24,0.3950,0.4000,0.3850,0.3900,2121700
PJBUMI,2008-10-28,0.3250,0.3300,0.3250,0.3300,68800
PJBUMI,2008-10-29,0.3300,0.3750,0.3300,0.3750,828300
PJBUMI,2008-10-30,0.3750,0.4100,0.3750,0.4100,3424300
PJBUMI,2008-10-31,0.3550,0.4050,0.3500,0.4050,2223100
PJBUMI,2008-11-03,0.4000,0.4050,0.3650,0.4000,399900
PJBUMI,2008-11-04,0.4000,0.4050,0.3450,0.4050,2150900
PJBUMI,2008-11-05,0.4000,0.4000,0.3650,0.3650,1542200
PJBUMI,2008-11-06,0.3750,0.3900,0.3600,0.3800,1574700
PJBUMI,2008-11-07,0.3800,0.3900,0.3650,0.3650,1614400
PJBUMI,2008-11-10,0.3850,0.4050,0.3750,0.3850,1350300
PJBUMI,2008-11-11,0.3850,0.3850,0.3600,0.3850,1934400
PJBUMI,2008-11-12,0.3850,0.3850,0.3850,0.3850,1201800
PJBUMI,2008-11-13,0.3850,0.3950,0.3650,0.3650,1182800
PJBUMI,2008-11-14,0.3650,0.3700,0.3650,0.3700,1263600
PJBUMI,2008-11-17,0.3700,0.3700,0.3400,0.3600,1889900
PJBUMI,2008-11-18,0.3600,0.3600,0.3600,0.3600,389600
PJBUMI,2008-11-19,0.3500,0.3550,0.3050,0.3050,1227800
PJBUMI,2008-11-20,0.3500,0.3500,0.3200,0.3200,1661
PJBUMI,2008-11-21,0.3150,0.3700,0.3000,0.3600,3814500
PJBUMI,2008-11-24,0.3200,0.3850,0.3200,0.3850,946600
PJBUMI,2008-11-25,0.3300,0.3550,0.3250,0.3300,1281300
PJBUMI,2008-11-26,0.3550,0.3800,0.3550,0.3800,2757900
PJBUMI,2008-11-27,0.3650,0.3750,0.3450,0.3650,970100
PJBUMI,2008-11-28,0.3650,0.3650,0.3350,0.3500,828100
PJBUMI,2008-12-01,0.3500,0.3650,0.3500,0.3600,809700
PJBUMI,2008-12-02,0.3400,0.3700,0.3400,0.3650,1542600
PJBUMI,2008-12-03,0.3750,0.3750,0.3450,0.3700,964100
PJBUMI,2008-12-04,0.3700,0.3750,0.3700,0.3700,2067500
PJBUMI,2008-12-05,0.3500,0.3750,0.3500,0.3750,582700
PJBUMI,2008-12-09,0.3800,0.3850,0.3700,0.3850,2069800
PJBUMI,2008-12-10,0.3850,0.4000,0.3800,0.4000,924200
PJBUMI,2008-12-11,0.3950,0.4000,0.3750,0.4000,1687100
PJBUMI,2008-12-12,0.3950,0.3950,0.3600,0.3600,1676600
PJBUMI,2008-12-15,0.3750,0.3950,0.3750,0.3800,1190700
PJBUMI,2008-12-16,0.3850,0.4000,0.3500,0.3500,1161600
PJBUMI,2008-12-17,0.3650,0.3850,0.3450,0.3650,1618300
PJBUMI,2008-12-18,0.3650,0.3800,0.3600,0.3700,1781400
PJBUMI,2008-12-19,0.3750,0.3950,0.3500,0.3600,2249100
PJBUMI,2008-12-22,0.3700,0.3900,0.3600,0.3600,1487600
PJBUMI,2008-12-23,0.3600,0.3800,0.3550,0.3700,2189000
PJBUMI,2008-12-24,0.3700,0.3750,0.3550,0.3550,1150300
PJBUMI,2008-12-26,0.3700,0.3850,0.3700,0.3800,1416500
PJBUMI,2008-12-30,0.4000,0.4000,0.3800,0.3800,1876800
PJBUMI,2008-12-31,0.3750,0.4000,0.3550,0.4000,2330400
PJBUMI,2009-01-02,0.4200,0.4200,0.3900,0.3900,1516700
PJBUMI,2009-01-05,0.3850,0.3950,0.3850,0.3950,2038400
PJBUMI,2009-01-06,0.3950,0.3950,0.3850,0.3850,1438600
PJBUMI,2009-01-07,0.3950,0.3950,0.3650,0.3950,2192400
PJBUMI,2009-01-08,0.3800,0.3950,0.3800,0.3950,2032400
PJBUMI,2009-01-09,0.4150,0.4150,0.3800,0.4000,1224600
PJBUMI,2009-01-12,0.4000,0.4000,0.4000,0.4000,785700
PJBUMI,2009-01-13,0.3950,0.3950,0.3750,0.3950,2302700
PJBUMI,2009-01-14,0.3950,0.4000,0.3750,0.3750,1981600
PJBUMI,2009-01-15,0.3850,0.3900,0.3700,0.3750,1254600
PJBUMI,2009-01-16,0.3750,0.3800,0.3750,0.3800,1033400
PJBUMI,2009-01-19,0.3700,0.3850,0.3700,0.3800,2496000
PJBUMI,2009-01-20,0.3600,0.3750,0.3400,0.3700,2046900
PJBUMI,2009-01-21,0.3650,0.3700,0.3650,0.3700,1093800
PJBUMI,2009-01-22,0.3700,0.3700,0.3500,0.3700,1210300
PJBUMI,2009-01-23,0.3650,0.4100,0.3650,0.3850,3853800
PJBUMI,2009-01-28,0.3700,0.3750,0.3650,0.3700,1050800
PJBUMI,2009-01-29,0.3650,0.3700,0.3650,0.3700,934800
PJBUMI,2009-01-30,0.3750,0.3800,0.3700,0.3750,2007100
PJBUMI,2009-02-03,0.3650,0.3700,0.3600,0.3700,3141100
PJBUMI,2009-02-04,0.3750,0.3750,0.3700,0.3750,1361800
PJBUMI,2009-02-05,0.3700,0.3700,0.3700,0.3700,924800
PJBUMI,2009-02-06,0.3750,0.3750,0.3600,0.3700,2079600
PJBUMI,2009-02-11,0.3700,0.3700,0.3650,0.3700,1714400
PJBUMI,2009-02-12,0.3700,0.3700,0.3650,0.3650,1287300
PJBUMI,2009-02-13,0.3700,0.3700,0.3550,0.3700,1863000
PJBUMI,2009-02-16,0.3700,0.3700,0.3650,0.3700,2124800
PJBUMI,2009-02-17,0.3700,0.3700,0.3550,0.3550,1389600
PJBUMI,2009-02-18,0.3650,0.3700,0.3600,0.3650,1178500
PJBUMI,2009-02-19,0.3650,0.3700,0.3500,0.3650,1753600
PJBUMI,2009-02-20,0.3700,0.3700,0.3350,0.3650,3123200
PJBUMI,2009-02-23,0.3500,0.3650,0.3450,0.3600,1459400
PJBUMI,2009-02-24,0.3600,0.3650,0.3600,0.3650,1010600
PJBUMI,2009-02-25,0.3650,0.3700,0.3650,0.3700,1697800
PJBUMI,2009-02-26,0.3650,0.3700,0.3650,0.3700,3215600
PJBUMI,2009-02-27,0.3650,0.3700,0.3600,0.3700,1492000
PJBUMI,2009-03-02,0.3600,0.3700,0.3600,0.3700,1012900
PJBUMI,2009-03-03,0.3650,0.3650,0.3650,0.3650,2058500
PJBUMI,2009-03-04,0.3400,0.3700,0.3400,0.3700,2793600
PJBUMI,2009-03-05,0.3650,0.3700,0.3650,0.3700,1464800
PJBUMI,2009-03-06,0.3650,0.3900,0.3600,0.3800,2148200
PJBUMI,2009-03-10,0.3750,0.3800,0.3700,0.3700,1751200
PJBUMI,2009-03-11,0.3700,0.3700,0.3600,0.3650,2182300
PJBUMI,2009-03-12,0.3700,0.3700,0.3350,0.3500,1740900
PJBUMI,2009-03-13,0.3650,0.3650,0.3650,0.3650,1715200
PJBUMI,2009-03-16,0.3650,0.3700,0.3650,0.3650,1580400
PJBUMI,2009-03-17,0.3650,0.3700,0.3600,0.3650,2575900
PJBUMI,2009-03-18,0.3650,0.3700,0.3600,0.3650,1740000
PJBUMI,2009-03-19,0.3650,0.3750,0.3500,0.3700,1440100
PJBUMI,2009-03-20,0.3650,0.3700,0.3650,0.3650,1580700
PJBUMI,2009-03-23,0.3650,0.3650,0.3400,0.3500,2638000
PJBUMI,2009-03-24,0.3600,0.3650,0.3550,0.3600,2054700
PJBUMI,2009-03-25,0.3700,0.3700,0.3650,0.3700,2301000
PJBUMI,2009-03-26,0.3700,0.3700,0.3600,0.3700,1321700
PJBUMI,2009-03-27,0.3650,0.3700,0.3600,0.3650,2517800
PJBUMI,2009-03-30,0.3650,0.3650,0.3600,0.3600,2007600
PJBUMI,2009-03-31,0.3650,0.3700,0.3500,0.3650,1817500
PJBUMI,2009-04-01,0.3700,0.3700,0.3550,0.3650,1314000
PJBUMI,2009-04-02,0.3650,0.3650,0.3550,0.3550,2721800
PJBUMI,2009-04-03,0.3600,0.3650,0.3550,0.3550,2149700
PJBUMI,2009-04-06,0.3600,0.3600,0.3550,0.3600,1401300
PJBUMI,2009-04-07,0.3500,0.3650,0.3500,0.3600,1055600
PJBUMI,2009-04-08,0.3600,0.3700,0.3550,0.3600,2339200
PJBUMI,2009-04-09,0.3600,0.3650,0.3500,0.3650,2274800
PJBUMI,2009-04-10,0.3600,0.3650,0.3500,0.3650,1640400
PJBUMI,2009-04-13,0.3650,0.3650,0.3500,0.3500,1860700
PJBUMI,2009-04-14,0.3500,0.3550,0.3500,0.3500,2219700
PJBUMI,2009-04-15,0.3550,0.3550,0.3550,0.3550,2143700
PJBUMI,2009-04-16,0.3500,0.3550,0.3500,0.3500,1683200
PJBUMI,2009-04-17,0.3550,0.3550,0.3500,0.3550,1328400
PJBUMI,2009-04-20,0.3550,0.3600,0.3550,0.3600,2205600
PJBUMI,2009-04-21,0.3500,0.3600,0.3500,0.3550,2509200
PJBUMI,2009-04-22,0.3550,0.3600,0.3500,0.3550,1934200
PJBUMI,2009-04-23,0.3550,0.3550,0.3500,0.3500,1278600
PJBUMI,2009-04-24,0.3550,0.3600,0.3550,0.3600,2839300
PJBUMI,2009-04-27,0.3650,0.3800,0.3650,0.3700,7137500
PJBUMI,2009-04-28,0.3600,0.3750,0.3500,0.3500,1643200
PJBUMI,2009-04-29,0.3500,0.3600,0.3500,0.3500,467000
PJBUMI,2009-04-30,0.3550,0.3650,0.3550,0.3600,3653100
PJBUMI,2009-05-04,0.3700,0.3750,0.3600,0.3600,3570000
PJBUMI,2009-05-05,0.3700,0.3700,0.3300,0.3500,944300
PJBUMI,2009-05-06,0.3550,0.3700,0.3500,0.3550,797000
PJBUMI,2009-05-07,0.3600,0.3650,0.3500,0.3650,2733500
PJBUMI,2009-05-08,0.3500,0.3650,0.3400,0.3550,4061000
PJBUMI,2009-05-11,0.3500,0.3600,0.3400,0.3500,1057300
PJBUMI,2009-05-12,0.3500,0.3600,0.3450,0.3450,931500
PJBUMI,2009-05-13,0.3450,0.3600,0.3300,0.3500,2653100
PJBUMI,2009-05-14,0.3500,0.3800,0.3450,0.3650,8717300
PJBUMI,2009-05-15,0.3650,0.4150,0.3650,0.3750,13840200
PJBUMI,2009-05-18,0.3600,0.3600,0.3300,0.3450,464700
PJBUMI,2009-05-19,0.3600,0.3600,0.3200,0.3350,872000
PJBUMI,2009-05-20,0.3400,0.3550,0.3200,0.3350,687000
PJBUMI,2009-05-21,0.3300,0.3350,0.3000,0.3100,1778600
PJBUMI,2009-05-22,0.3000,0.3100,0.3000,0.3100,295400
PJBUMI,2009-05-25,0.3100,0.3250,0.3050,0.3100,718400
PJBUMI,2009-05-26,0.3000,0.3000,0.2900,0.2950,303000
PJBUMI,2009-05-27,0.2900,0.2900,0.2600,0.2850,801700
PJBUMI,2009-05-28,0.2650,0.2650,0.2400,0.2500,211000
PJBUMI,2009-05-29,0.2500,0.2950,0.2500,0.2550,730500
PJBUMI,2009-06-01,0.2550,0.2550,0.2500,0.2550,245000
PJBUMI,2009-06-02,0.2600,0.2750,0.2500,0.2650,373900
PJBUMI,2009-06-03,0.2600,0.2600,0.2600,0.2600,356400
PJBUMI,2009-06-04,0.2650,0.3050,0.2650,0.3050,1109400
PJBUMI,2009-06-05,0.3050,0.3250,0.3000,0.3150,538100
PJBUMI,2009-06-08,0.3200,0.3300,0.3000,0.3100,373000
PJBUMI,2009-06-09,0.3100,0.3100,0.3100,0.3100,18000
PJBUMI,2009-06-10,0.3000,0.3050,0.3000,0.3050,106400
PJBUMI,2009-06-11,0.3050,0.3050,0.2900,0.2900,155000
PJBUMI,2009-06-12,0.3050,0.3050,0.2900,0.2900,183000
PJBUMI,2009-06-15,0.2900,0.2900,0.2750,0.2750,200000
PJBUMI,2009-06-16,0.2650,0.2800,0.2600,0.2800,38300
PJBUMI,2009-06-17,0.2800,0.3200,0.2750,0.3100,733000
PJBUMI,2009-06-18,0.2950,0.3300,0.2800,0.2800,775000
PJBUMI,2009-06-19,0.2900,0.2900,0.2850,0.2850,48000
PJBUMI,2009-06-22,0.2800,0.2800,0.2600,0.2600,69000
PJBUMI,2009-06-23,0.2550,0.2600,0.2550,0.2600,128000
PJBUMI,2009-06-24,0.2850,0.2900,0.2800,0.2850,351300
PJBUMI,2009-06-25,0.2950,0.3150,0.2950,0.3050,217000
PJBUMI,2009-06-26,0.3000,0.3100,0.2900,0.2900,239200
PJBUMI,2009-06-29,0.2950,0.3100,0.2900,0.3100,73000
PJBUMI,2009-06-30,0.3000,0.3000,0.2950,0.2950,246000
PJBUMI,2009-07-01,0.2950,0.3000,0.2900,0.2900,286100
PJBUMI,2009-07-02,0.2950,0.3100,0.2950,0.3100,395000
PJBUMI,2009-07-03,0.3000,0.3300,0.3000,0.3300,725100
PJBUMI,2009-07-06,0.3100,0.3250,0.3100,0.3200,236000
PJBUMI,2009-07-07,0.3200,0.3200,0.3150,0.3200,51000
PJBUMI,2009-07-09,0.3150,0.3350,0.3100,0.3350,177000
PJBUMI,2009-07-10,0.3350,0.3350,0.3250,0.3250,190000
PJBUMI,2009-07-13,0.3250,0.3250,0.3150,0.3250,71000
PJBUMI,2009-07-14,0.3250,0.3250,0.3200,0.3200,30000
PJBUMI,2009-07-15,0.3200,0.3400,0.3150,0.3400,179100
PJBUMI,2009-07-16,0.3400,0.3500,0.3250,0.3250,202000
PJBUMI,2009-07-20,0.3350,0.3450,0.3350,0.3450,97800
PJBUMI,2009-07-21,0.3450,0.3600,0.3450,0.3450,215300
PJBUMI,2009-07-23,0.3400,0.3400,0.3350,0.3350,15000
PJBUMI,2009-07-24,0.3400,0.3400,0.3350,0.3350,35000
PJBUMI,2009-07-27,0.3450,0.3450,0.3450,0.3450,37000
PJBUMI,2009-07-28,0.3400,0.3500,0.3400,0.3500,118000
PJBUMI,2009-07-29,0.3500,0.3500,0.3350,0.3500,186000
PJBUMI,2009-07-30,0.3500,0.3500,0.3400,0.3400,60000
PJBUMI,2009-08-03,0.3400,0.3400,0.3400,0.3400,2000
PJBUMI,2009-08-05,0.3400,0.3400,0.3300,0.3300,60000
PJBUMI,2009-08-06,0.3450,0.3450,0.3400,0.3450,59000
PJBUMI,2009-08-07,0.3550,0.3550,0.3550,0.3550,1000
PJBUMI,2009-08-10,0.3400,0.3400,0.3400,0.3400,56000
PJBUMI,2009-08-12,0.3300,0.3300,0.3300,0.3300,10000
PJBUMI,2009-08-13,0.3300,0.3500,0.3300,0.3500,9000
PJBUMI,2009-08-18,0.3000,0.3000,0.3000,0.3000,5000
PJBUMI,2009-08-20,0.3100,0.3400,0.3100,0.3400,12000
PJBUMI,2009-08-24,0.3200,0.3350,0.2950,0.3350,8000
PJBUMI,2009-08-27,0.3000,0.3300,0.3000,0.3300,8300
PJBUMI,2009-08-28,0.3000,0.3750,0.3000,0.3750,4000
PJBUMI,2009-09-03,0.3050,0.3050,0.3050,0.3050,5000
PJBUMI,2009-09-04,0.3250,0.3300,0.3250,0.3300,15000
PJBUMI,2009-09-07,0.3300,0.3550,0.3200,0.3550,151300
PJBUMI,2009-09-08,0.3550,0.3600,0.3400,0.3550,327700
PJBUMI,2009-09-09,0.3950,0.3950,0.3600,0.3650,500100
PJBUMI,2009-09-10,0.3700,0.3700,0.3500,0.3500,83000
PJBUMI,2009-09-11,0.3400,0.3400,0.3400,0.3400,6000
PJBUMI,2009-09-15,0.3400,0.3400,0.3400,0.3400,19000
PJBUMI,2009-09-16,0.3400,0.3400,0.3400,0.3400,71000
PJBUMI,2009-09-17,0.3400,0.3500,0.3400,0.3500,11000
PJBUMI,2009-09-18,0.3500,0.3600,0.3500,0.3600,8000
PJBUMI,2009-09-24,0.3700,0.3750,0.3700,0.3700,55000
PJBUMI,2009-09-25,0.3700,0.3700,0.3400,0.3700,77700
PJBUMI,2009-09-28,0.3650,0.3700,0.3650,0.3700,5000
PJBUMI,2009-09-30,0.3650,0.3650,0.3650,0.3650,10000
PJBUMI,2009-10-01,0.3300,0.3550,0.3300,0.3550,10000
PJBUMI,2009-10-02,0.3600,0.3600,0.3600,0.3600,1000
PJBUMI,2009-10-06,0.3650,0.3650,0.3650,0.3650,800
PJBUMI,2009-10-08,0.3250,0.3600,0.3250,0.3500,15900
PJBUMI,2009-10-09,0.3650,0.3650,0.3650,0.3650,30000
PJBUMI,2009-10-12,0.3400,0.3400,0.3400,0.3400,66000
PJBUMI,2009-10-13,0.3600,0.3600,0.3600,0.3600,70000
PJBUMI,2009-10-14,0.3600,0.3800,0.3600,0.3600,198700
PJBUMI,2009-10-15,0.3450,0.3600,0.3400,0.3600,86700
PJBUMI,2009-10-16,0.3500,0.3500,0.3450,0.3500,80000
PJBUMI,2009-10-21,0.3400,0.3500,0.3400,0.3500,99800
PJBUMI,2009-10-22,0.3500,0.4050,0.3500,0.3750,1474700
PJBUMI,2009-10-23,0.3700,0.3700,0.3400,0.3400,209700
PJBUMI,2009-10-26,0.3250,0.3350,0.3250,0.3350,31000
PJBUMI,2009-10-27,0.3250,0.3300,0.3200,0.3300,113200
PJBUMI,2009-10-28,0.3300,0.3350,0.3000,0.3000,164300
PJBUMI,2009-10-29,0.3000,0.3500,0.3000,0.3300,142100
PJBUMI,2009-10-30,0.3400,0.3450,0.3400,0.3450,7000
PJBUMI,2009-11-02,0.3200,0.3200,0.3050,0.3200,53500
PJBUMI,2009-11-03,0.3300,0.3350,0.3300,0.3350,28700
PJBUMI,2009-11-05,0.3550,0.3550,0.3550,0.3550,5000
PJBUMI,2009-11-06,0.3500,0.3500,0.3400,0.3500,35000
PJBUMI,2009-11-10,0.3300,0.3500,0.3300,0.3500,21000
PJBUMI,2009-11-11,0.3600,0.3600,0.3300,0.3450,54000
PJBUMI,2009-11-17,0.3450,0.3450,0.3450,0.3450,11000
PJBUMI,2009-11-18,0.3300,0.3300,0.3300,0.3300,5000
PJBUMI,2009-11-19,0.3400,0.3850,0.3400,0.3650,472200
PJBUMI,2009-11-25,0.3250,0.3600,0.3250,0.3300,38000
PJBUMI,2009-11-26,0.3500,0.3750,0.3350,0.3500,91100
PJBUMI,2009-11-30,0.3300,0.3300,0.3300,0.3300,50000
PJBUMI,2009-12-01,0.3500,0.3500,0.3500,0.3500,1000
PJBUMI,2009-12-02,0.3600,0.3600,0.3300,0.3600,90600
PJBUMI,2009-12-03,0.3500,0.3500,0.3500,0.3500,20000
PJBUMI,2009-12-04,0.3350,0.3350,0.3250,0.3350,60700
PJBUMI,2009-12-07,0.3250,0.3400,0.3250,0.3400,21400
PJBUMI,2009-12-08,0.3300,0.3350,0.3250,0.3250,46000
PJBUMI,2009-12-09,0.3200,0.3300,0.3200,0.3300,22500
PJBUMI,2009-12-10,0.3250,0.3350,0.3250,0.3300,92800
PJBUMI,2009-12-11,0.3200,0.3300,0.3150,0.3300,50000
PJBUMI,2009-12-15,0.3300,0.3300,0.3150,0.3300,17100
PJBUMI,2009-12-16,0.3400,0.3400,0.3150,0.3150,21600
PJBUMI,2009-12-17,0.3050,0.3300,0.3050,0.3300,21800
PJBUMI,2009-12-22,0.3100,0.3300,0.3100,0.3250,22200
PJBUMI,2009-12-23,0.3300,0.3700,0.3050,0.3650,21200
PJBUMI,2009-12-29,0.3200,0.3650,0.3200,0.3650,4000
PJBUMI,2010-01-07,0.3250,0.3250,0.3250,0.3250,10000
PJBUMI,2010-01-08,0.3450,0.3450,0.3100,0.3100,1100
PJBUMI,2010-01-11,0.3150,0.3450,0.3150,0.3450,185000
PJBUMI,2010-01-12,0.3250,0.3450,0.3250,0.3250,30100
PJBUMI,2010-01-13,0.3250,0.3500,0.3250,0.3450,51200
PJBUMI,2010-01-14,0.3500,0.3500,0.3250,0.3250,83000
PJBUMI,2010-01-15,0.3250,0.3250,0.3250,0.3250,20000
PJBUMI,2010-01-18,0.3100,0.3100,0.3100,0.3100,10000
PJBUMI,2010-01-19,0.3050,0.3250,0.2750,0.3250,22000
PJBUMI,2010-01-20,0.3100,0.3100,0.3100,0.3100,50000
PJBUMI,2010-01-21,0.3200,0.3200,0.3200,0.3200,20000
PJBUMI,2010-01-26,0.3000,0.3100,0.2800,0.3000,53300
PJBUMI,2010-01-27,0.3100,0.3100,0.3100,0.3100,20000
PJBUMI,2010-01-29,0.3150,0.3300,0.3150,0.3300,32000
PJBUMI,2010-02-02,0.3250,0.3300,0.3250,0.3300,30000
PJBUMI,2010-02-03,0.3300,0.3300,0.3300,0.3300,10000
PJBUMI,2010-02-04,0.3250,0.3300,0.3000,0.3000,18000
PJBUMI,2010-02-08,0.3300,0.3300,0.3300,0.3300,100
PJBUMI,2010-02-10,0.3300,0.3500,0.3300,0.3500,3000
PJBUMI,2010-02-22,0.3800,0.3800,0.3450,0.3600,13400
PJBUMI,2010-02-25,0.3050,0.3500,0.3050,0.3500,35600
PJBUMI,2010-03-01,0.3100,0.3250,0.3100,0.3250,26000
PJBUMI,2010-03-02,0.3200,0.3200,0.3000,0.3100,16300
PJBUMI,2010-03-04,0.3100,0.3200,0.3100,0.3200,25900
PJBUMI,2010-03-05,0.3200,0.3500,0.3200,0.3500,55400
PJBUMI,2010-03-08,0.3100,0.3100,0.3050,0.3050,30000
PJBUMI,2010-03-10,0.3200,0.3200,0.3200,0.3200,25900
PJBUMI,2010-03-11,0.3000,0.3200,0.3000,0.3200,27600
PJBUMI,2010-03-15,0.3000,0.3500,0.2950,0.3500,47100
PJBUMI,2010-03-16,0.3100,0.3300,0.3050,0.3200,43200
PJBUMI,2010-03-17,0.3250,0.3350,0.3050,0.3350,107500
PJBUMI,2010-03-18,0.3500,0.3500,0.3500,0.3500,100
PJBUMI,2010-03-22,0.3050,0.3300,0.3050,0.3100,38800
PJBUMI,2010-03-23,0.3250,0.3500,0.3150,0.3150,136400
PJBUMI,2010-03-24,0.3150,0.3150,0.3150,0.3150,9800
PJBUMI,2010-03-25,0.3450,0.3450,0.3450,0.3450,100
PJBUMI,2010-03-26,0.3400,0.3450,0.3400,0.3450,109500
PJBUMI,2010-03-29,0.3150,0.3350,0.3100,0.3350,27000
PJBUMI,2010-03-31,0.3050,0.3050,0.3050,0.3050,10000
PJBUMI,2010-04-02,0.2900,0.3200,0.2900,0.2900,37200
PJBUMI,2010-04-05,0.2900,0.3150,0.2900,0.2900,18400
PJBUMI,2010-04-06,0.3000,0.3500,0.3000,0.3350,92000
PJBUMI,2010-04-07,0.3500,0.3500,0.3050,0.3100,10900
PJBUMI,2010-04-08,0.2900,0.3100,0.2900,0.3100,5100
PJBUMI,2010-04-09,0.3050,0.3450,0.2950,0.3450,94300
PJBUMI,2010-04-12,0.3350,0.3400,0.3100,0.3400,127600
PJBUMI,2010-04-13,0.3050,0.3050,0.2950,0.3000,93000
PJBUMI,2010-04-15,0.3000,0.3000,0.2950,0.3000,36000
PJBUMI,2010-04-16,0.3100,0.3350,0.3000,0.3300,261400
PJBUMI,2010-04-19,0.3100,0.3200,0.3100,0.3200,20100
PJBUMI,2010-04-20,0.3050,0.3350,0.3000,0.3350,25100
PJBUMI,2010-04-21,0.3100,0.3100,0.3100,0.3100,7000
PJBUMI,2010-04-22,0.3300,0.3350,0.3100,0.3100,280100
PJBUMI,2010-04-23,0.3350,0.3350,0.3350,0.3350,2000
PJBUMI,2010-04-26,0.3100,0.3200,0.3050,0.3150,56700
PJBUMI,2010-04-27,0.3150,0.3300,0.3150,0.3300,75000
PJBUMI,2010-04-28,0.3300,0.3400,0.3300,0.3300,307700
PJBUMI,2010-04-29,0.3100,0.3200,0.3100,0.3200,6000
PJBUMI,2010-04-30,0.3200,0.3450,0.3050,0.3100,26700
PJBUMI,2010-05-03,0.3350,0.3350,0.3350,0.3350,1000
PJBUMI,2010-05-04,0.3350,0.3450,0.3350,0.3450,317900
PJBUMI,2010-05-05,0.3050,0.3450,0.3050,0.3450,38100
PJBUMI,2010-05-06,0.3150,0.3150,0.3000,0.3000,47000
PJBUMI,2010-05-07,0.3000,0.3500,0.3000,0.3500,872300
PJBUMI,2010-05-11,0.3200,0.3350,0.3200,0.3300,14100
PJBUMI,2010-05-12,0.3200,0.3350,0.3200,0.3300,8000
PJBUMI,2010-05-13,0.3350,0.3400,0.3150,0.3350,66800
PJBUMI,2010-05-14,0.3150,0.3400,0.3150,0.3400,3500
PJBUMI,2010-05-18,0.3200,0.3200,0.3150,0.3150,10000
PJBUMI,2010-05-19,0.3150,0.3400,0.3050,0.3300,324000
PJBUMI,2010-05-21,0.3200,0.3400,0.3200,0.3400,693000
PJBUMI,2010-05-24,0.3200,0.3400,0.3150,0.3400,16000
PJBUMI,2010-05-25,0.3150,0.3200,0.3100,0.3200,40000
PJBUMI,2010-05-26,0.3150,0.3200,0.3100,0.3200,31800
PJBUMI,2010-05-27,0.3100,0.3100,0.3050,0.3050,35000
PJBUMI,2010-05-31,0.3150,0.3150,0.3150,0.3150,10000
PJBUMI,2010-06-01,0.3150,0.3150,0.3150,0.3150,45800
PJBUMI,2010-06-02,0.3150,0.3200,0.3100,0.3200,108000
PJBUMI,2010-06-03,0.2950,0.3250,0.2950,0.3250,65000
PJBUMI,2010-06-04,0.3250,0.3450,0.3000,0.3450,89900
PJBUMI,2010-06-07,0.3000,0.3050,0.3000,0.3050,14500
PJBUMI,2010-06-08,0.3200,0.3300,0.3200,0.3300,153800
PJBUMI,2010-06-09,0.3200,0.3200,0.3200,0.3200,90000
PJBUMI,2010-06-11,0.3200,0.3200,0.3200,0.3200,4500
PJBUMI,2010-06-16,0.3000,0.3200,0.3000,0.3200,2000
PJBUMI,2010-06-21,0.2900,0.3200,0.2900,0.3200,4700
PJBUMI,2010-07-06,0.2750,0.3050,0.2750,0.3050,7000
PJBUMI,2010-07-07,0.3000,0.3000,0.2900,0.2900,3000000
PJBUMI,2010-07-12,0.3350,0.3400,0.3100,0.3400,118400
PJBUMI,2010-07-13,0.3450,0.3450,0.3450,0.3450,31400
PJBUMI,2010-07-14,0.3400,0.3500,0.3400,0.3500,50200
PJBUMI,2010-07-15,0.3450,0.3750,0.3450,0.3750,887400
PJBUMI,2010-07-16,0.3450,0.3750,0.3450,0.3750,135000
PJBUMI,2010-07-19,0.3250,0.3400,0.3200,0.3400,69900
PJBUMI,2010-07-20,0.3400,0.3400,0.3200,0.3400,41000
PJBUMI,2010-07-21,0.3250,0.3250,0.3200,0.3200,30000
PJBUMI,2010-07-22,0.3000,0.3250,0.3000,0.3200,13100
PJBUMI,2010-07-23,0.3100,0.3250,0.3100,0.3250,11000
PJBUMI,2010-07-27,0.3150,0.3200,0.2950,0.3050,22600
PJBUMI,2010-07-30,0.3200,0.3200,0.3200,0.3200,1000
PJBUMI,2010-08-02,0.2850,0.3100,0.2800,0.2850,240300
PJBUMI,2010-08-03,0.3000,0.3000,0.3000,0.3000,5000
PJBUMI,2010-08-04,0.3000,0.3100,0.3000,0.3000,35100
PJBUMI,2010-08-05,0.2850,0.3000,0.2850,0.3000,87000
PJBUMI,2010-08-06,0.3000,0.3200,0.2950,0.3200,16400
PJBUMI,2010-08-09,0.2650,0.3150,0.2650,0.3150,40100
PJBUMI,2010-08-10,0.3000,0.3250,0.3000,0.3250,9100
PJBUMI,2010-08-11,0.3050,0.3050,0.2900,0.3000,34900
PJBUMI,2010-08-17,0.2100,0.2950,0.2100,0.2950,41700
PJBUMI,2010-08-19,0.2650,0.2850,0.2600,0.2850,26000
PJBUMI,2010-08-20,0.2700,0.2850,0.2700,0.2850,15100
PJBUMI,2010-08-23,0.2750,0.2750,0.2700,0.2700,20000
PJBUMI,2010-08-24,0.2750,0.2750,0.2500,0.2700,35000
PJBUMI,2010-08-25,0.2750,0.2800,0.2750,0.2800,30000
PJBUMI,2010-08-26,0.2600,0.2600,0.2600,0.2600,10000
PJBUMI,2010-08-27,0.2500,0.2500,0.2500,0.2500,20000
PJBUMI,2010-08-30,0.2400,0.2500,0.2250,0.2500,50400
PJBUMI,2010-09-02,0.2050,0.2600,0.2050,0.2550,1034200
PJBUMI,2010-09-03,0.2650,0.3950,0.2650,0.3250,4074200
PJBUMI,2010-09-06,0.3250,0.3250,0.2750,0.2950,286900
PJBUMI,2010-09-07,0.2800,0.2800,0.2550,0.2800,97500
PJBUMI,2010-09-08,0.2550,0.2750,0.2350,0.2500,461800
PJBUMI,2010-09-09,0.2400,0.2450,0.2300,0.2400,325300
PJBUMI,2010-09-13,0.2400,0.2550,0.2350,0.2550,217000
PJBUMI,2010-09-14,0.2450,0.2500,0.2400,0.2450,121800
PJBUMI,2010-09-15,0.2350,0.2400,0.2300,0.2350,153500
PJBUMI,2010-09-17,0.2350,0.2400,0.2300,0.2300,73300
PJBUMI,2010-09-20,0.2300,0.2350,0.2300,0.2350,28400
PJBUMI,2010-09-21,0.2300,0.2350,0.2300,0.2350,57000
PJBUMI,2010-09-22,0.2400,0.2400,0.2350,0.2350,20100
PJBUMI,2010-09-23,0.2300,0.2400,0.2250,0.2400,31200
PJBUMI,2010-09-27,0.2300,0.2350,0.2300,0.2350,19800
PJBUMI,2010-09-28,0.2400,0.2400,0.2200,0.2300,35100
PJBUMI,2010-09-29,0.2300,0.2300,0.2300,0.2300,5500
PJBUMI,2010-09-30,0.2300,0.2300,0.2250,0.2300,43600
PJBUMI,2010-10-01,0.2250,0.2300,0.2250,0.2300,18900
PJBUMI,2010-10-04,0.2300,0.2300,0.2300,0.2300,10000
PJBUMI,2010-10-05,0.2100,0.2100,0.2100,0.2100,3500
PJBUMI,2010-10-06,0.2100,0.2250,0.1950,0.2250,112000
PJBUMI,2010-10-07,0.2200,0.2300,0.2100,0.2300,63400
PJBUMI,2010-10-08,0.2100,0.2100,0.2100,0.2100,35000
PJBUMI,2010-10-11,0.2050,0.2100,0.2050,0.2100,103500
PJBUMI,2010-10-12,0.2200,0.2200,0.2200,0.2200,5000
PJBUMI,2010-10-13,0.2200,0.2250,0.2150,0.2150,15500
PJBUMI,2010-10-14,0.2100,0.2150,0.2100,0.2150,40000
PJBUMI,2010-10-18,0.2100,0.2250,0.2100,0.2250,100100
PJBUMI,2010-10-19,0.2200,0.2200,0.2150,0.2150,31600
PJBUMI,2010-10-20,0.2150,0.2150,0.2150,0.2150,37500
PJBUMI,2010-10-21,0.2200,0.2250,0.2100,0.2100,45000
PJBUMI,2010-10-25,0.2150,0.2200,0.2150,0.2200,10000
PJBUMI,2010-10-26,0.2200,0.2200,0.2200,0.2200,20000
PJBUMI,2010-10-27,0.2200,0.2200,0.2200,0.2200,30000
PJBUMI,2010-10-28,0.2250,0.2500,0.2250,0.2450,132300
PJBUMI,2010-10-29,0.2500,0.2550,0.2400,0.2550,171400
PJBUMI,2010-11-01,0.2500,0.2500,0.2250,0.2500,56500
PJBUMI,2010-11-02,0.2200,0.2200,0.2200,0.2200,5500
PJBUMI,2010-11-03,0.2300,0.2400,0.2300,0.2400,34000
PJBUMI,2010-11-04,0.2450,0.2900,0.2450,0.2550,115000
PJBUMI,2010-11-08,0.2300,0.2300,0.2300,0.2300,1100
PJBUMI,2010-11-09,0.2400,0.2400,0.2400,0.2400,9100
PJBUMI,2010-11-10,0.2300,0.2300,0.2300,0.2300,10000
PJBUMI,2010-11-11,0.2300,0.2450,0.2300,0.2400,59900
PJBUMI,2010-11-18,0.2500,0.2500,0.2500,0.2500,17000
PJBUMI,2010-11-19,0.2250,0.2250,0.2250,0.2250,10000
PJBUMI,2010-11-22,0.2950,0.2950,0.2500,0.2500,19100
PJBUMI,2010-11-23,0.2200,0.2200,0.2200,0.2200,5000
PJBUMI,2010-11-24,0.2000,0.2400,0.2000,0.2400,17100
PJBUMI,2010-11-29,0.2100,0.2100,0.2100,0.2100,2000
PJBUMI,2010-11-30,0.2100,0.2150,0.2100,0.2150,48000
PJBUMI,2010-12-03,0.2100,0.2100,0.2100,0.2100,26000
PJBUMI,2010-12-06,0.1800,0.2000,0.1800,0.2000,98000
PJBUMI,2010-12-08,0.2000,0.2000,0.2000,0.2000,25000
PJBUMI,2010-12-10,0.2250,0.2250,0.2000,0.2000,24000
PJBUMI,2010-12-13,0.2000,0.2000,0.2000,0.2000,5000
PJBUMI,2010-12-15,0.1950,0.2250,0.1950,0.2000,103900
PJBUMI,2010-12-22,0.1900,0.1900,0.1900,0.1900,5000
PJBUMI,2010-12-23,0.2000,0.2050,0.2000,0.2050,54000
PJBUMI,2010-12-28,0.2100,0.2100,0.2100,0.2100,1000
PJBUMI,2010-12-29,0.2100,0.2100,0.2100,0.2100,69000
PJBUMI,2010-12-30,0.2100,0.2100,0.2100,0.2100,10000
PJBUMI,2011-01-04,0.2100,0.2100,0.2100,0.2100,93400
PJBUMI,2011-01-05,0.2200,0.2500,0.2200,0.2500,50500
PJBUMI,2011-01-06,0.2200,0.2200,0.2200,0.2200,10000
PJBUMI,2011-01-10,0.2100,0.2400,0.2100,0.2350,17000
PJBUMI,2011-01-11,0.2200,0.3000,0.2200,0.2800,356300
PJBUMI,2011-01-17,0.2450,0.2700,0.2450,0.2700,23100
PJBUMI,2011-01-18,0.2300,0.2300,0.2300,0.2300,70000
PJBUMI,2011-01-24,0.2150,0.2300,0.2150,0.2300,20000
PJBUMI,2011-01-25,0.2300,0.2300,0.2300,0.2300,8500
PJBUMI,2011-01-27,0.2300,0.2500,0.2300,0.2500,11400
PJBUMI,2011-02-02,0.2500,0.2500,0.2500,0.2500,30000
PJBUMI,2011-02-07,0.2200,0.2500,0.2200,0.2500,50100
PJBUMI,2011-02-09,0.2500,0.2650,0.2500,0.2500,95500
PJBUMI,2011-02-10,0.2400,0.2400,0.2400,0.2400,10000
PJBUMI,2011-02-11,0.2200,0.2350,0.2200,0.2350,60000
PJBUMI,2011-02-14,0.2300,0.2350,0.2300,0.2300,57600
PJBUMI,2011-02-16,0.2300,0.2300,0.2200,0.2200,11000
PJBUMI,2011-02-17,0.2250,0.2250,0.2250,0.2250,43200
PJBUMI,2011-02-18,0.2150,0.2400,0.2150,0.2200,300
PJBUMI,2011-02-21,0.2350,0.2350,0.2100,0.2100,51000
PJBUMI,2011-02-22,0.2100,0.2100,0.2100,0.2100,5000
PJBUMI,2011-02-25,0.2150,0.2150,0.2150,0.2150,25000
PJBUMI,2011-02-28,0.2100,0.2100,0.2100,0.2100,30000
PJBUMI,2011-03-04,0.2050,0.2250,0.2050,0.2250,9100
PJBUMI,2011-03-15,0.2000,0.2000,0.2000,0.2000,11400
PJBUMI,2011-03-18,0.1950,0.1950,0.1950,0.1950,70000
PJBUMI,2011-03-21,0.2150,0.2150,0.1950,0.1950,45000
PJBUMI,2011-03-22,0.2000,0.2100,0.2000,0.2000,44700
PJBUMI,2011-03-23,0.2000,0.2000,0.2000,0.2000,10000
PJBUMI,2011-03-24,0.2050,0.2050,0.2050,0.2050,28500
PJBUMI,2011-03-25,0.2050,0.2050,0.2050,0.2050,10000
PJBUMI,2011-03-29,0.2050,0.2100,0.2050,0.2050,35000
PJBUMI,2011-03-30,0.2300,0.2300,0.2300,0.2300,10000
PJBUMI,2011-04-01,0.2300,0.2300,0.2200,0.2300,36600
PJBUMI,2011-04-04,0.2300,0.2300,0.2200,0.2200,38400
PJBUMI,2011-04-05,0.2200,0.2200,0.2200,0.2200,10000
PJBUMI,2011-04-06,0.2400,0.2400,0.2400,0.2400,500
PJBUMI,2011-04-07,0.2350,0.2400,0.2300,0.2350,79500
PJBUMI,2011-04-08,0.2400,0.2600,0.2400,0.2600,115000
PJBUMI,2011-04-11,0.2600,0.2700,0.2450,0.2450,64000
PJBUMI,2011-04-12,0.2400,0.2400,0.2400,0.2400,60000
PJBUMI,2011-04-13,0.2400,0.2400,0.2400,0.2400,5000
PJBUMI,2011-04-14,0.2400,0.2400,0.2400,0.2400,10000
PJBUMI,2011-04-15,0.2550,0.2550,0.2550,0.2550,10000
PJBUMI,2011-04-19,0.2250,0.2300,0.2200,0.2200,182100
PJBUMI,2011-04-20,0.2200,0.2300,0.2200,0.2300,28000
PJBUMI,2011-04-21,0.2300,0.2300,0.2250,0.2300,34000
PJBUMI,2011-04-25,0.2200,0.2200,0.2100,0.2100,454000
PJBUMI,2011-04-26,0.2100,0.2200,0.2050,0.2050,320100
PJBUMI,2011-04-27,0.2100,0.2100,0.2000,0.2000,394000
PJBUMI,2011-04-28,0.2000,0.2000,0.2000,0.2000,45000
PJBUMI,2011-04-29,0.2000,0.2050,0.1950,0.2000,55200
PJBUMI,2011-05-04,0.1900,0.1900,0.1900,0.1900,123600
PJBUMI,2011-05-05,0.1950,0.1950,0.1950,0.1950,30000
PJBUMI,2011-05-06,0.2000,0.2000,0.2000,0.2000,20000
PJBUMI,2011-05-10,0.1900,0.1900,0.1850,0.1850,30000
PJBUMI,2011-05-11,0.1850,0.1900,0.1850,0.1900,29000
PJBUMI,2011-05-12,0.1850,0.2000,0.1800,0.2000,10100
PJBUMI,2011-05-13,0.1900,0.1900,0.1800,0.1800,100000
PJBUMI,2011-05-18,0.1850,0.1850,0.1800,0.1800,65000
PJBUMI,2011-05-19,0.1950,0.2100,0.1800,0.1800,293100
PJBUMI,2011-05-20,0.1800,0.1800,0.1800,0.1800,81000
PJBUMI,2011-05-23,0.1900,0.1950,0.1800,0.1900,205400
PJBUMI,2011-05-24,0.2000,0.2000,0.1800,0.1950,521300
PJBUMI,2011-05-25,0.1900,0.2000,0.1850,0.2000,275300
PJBUMI,2011-05-26,0.2050,0.2100,0.2000,0.2000,82000
PJBUMI,2011-05-27,0.2050,0.2050,0.2000,0.2050,60000
PJBUMI,2011-05-30,0.2000,0.2050,0.2000,0.2000,140000
PJBUMI,2011-05-31,0.1950,0.1950,0.1950,0.1950,117200
PJBUMI,2011-06-01,0.1900,0.2000,0.1900,0.2000,45000
PJBUMI,2011-06-02,0.2000,0.2050,0.1950,0.1950,40000
PJBUMI,2011-06-06,0.1950,0.1950,0.1950,0.1950,35000
PJBUMI,2011-06-07,0.2000,0.2000,0.1950,0.1950,45000
PJBUMI,2011-06-08,0.1950,0.1950,0.1950,0.1950,65200
PJBUMI,2011-06-09,0.1950,0.1950,0.1950,0.1950,65000
PJBUMI,2011-06-10,0.1950,0.1950,0.1900,0.1900,150000
PJBUMI,2011-06-13,0.1850,0.1900,0.1850,0.1850,55000
PJBUMI,2011-06-15,0.1800,0.1800,0.1800,0.1800,10000
PJBUMI,2011-06-16,0.1800,0.1800,0.1800,0.1800,14000
PJBUMI,2011-06-21,0.1800,0.1800,0.1800,0.1800,20000
PJBUMI,2011-06-28,0.1850,0.1850,0.1800,0.1800,73000
PJBUMI,2011-06-29,0.1850,0.1900,0.1850,0.1900,83000
PJBUMI,2011-06-30,0.1850,0.1850,0.1800,0.1800,61000
PJBUMI,2011-07-01,0.1850,0.1900,0.1850,0.1900,156400
PJBUMI,2011-07-04,0.1900,0.1900,0.1850,0.1850,30000
PJBUMI,2011-07-06,0.2000,0.2000,0.2000,0.2000,25000
PJBUMI,2011-07-07,0.2000,0.2200,0.1950,0.2000,113000
PJBUMI,2011-07-08,0.2000,0.2050,0.2000,0.2050,63000
PJBUMI,2011-07-11,0.2300,0.2300,0.2300,0.2300,10000
PJBUMI,2011-07-13,0.2000,0.2000,0.2000,0.2000,10000
PJBUMI,2011-07-14,0.1950,0.1950,0.1950,0.1950,41000
PJBUMI,2011-07-19,0.2200,0.2200,0.2200,0.2200,3000
PJBUMI,2011-07-27,0.2000,0.2450,0.2000,0.2450,130600
PJBUMI,2011-07-28,0.2450,0.3800,0.2450,0.3000,4083000
PJBUMI,2011-07-29,0.2900,0.3000,0.2800,0.2800,305000
PJBUMI,2011-08-01,0.2950,0.2950,0.2550,0.2800,129800
PJBUMI,2011-08-02,0.2800,0.2800,0.2350,0.2400,352900
PJBUMI,2011-08-03,0.2300,0.2800,0.2300,0.2750,1012300
PJBUMI,2011-08-04,0.2500,0.2650,0.2500,0.2500,204200
PJBUMI,2011-08-05,0.2300,0.2400,0.2300,0.2400,190100
PJBUMI,2011-08-08,0.2200,0.2600,0.2100,0.2600,41000
PJBUMI,2011-08-09,0.2500,0.2550,0.2050,0.2100,524100
PJBUMI,2011-08-10,0.2450,0.2450,0.2150,0.2150,218300
PJBUMI,2011-08-11,0.2150,0.2350,0.2100,0.2350,27100
PJBUMI,2011-08-12,0.2100,0.2150,0.2100,0.2100,80000
PJBUMI,2011-08-15,0.2100,0.2100,0.2000,0.2000,40500
PJBUMI,2011-08-16,0.2100,0.2300,0.2000,0.2000,146700
PJBUMI,2011-08-17,0.1950,0.2050,0.1950,0.2050,80000
PJBUMI,2011-08-18,0.1950,0.1950,0.1950,0.1950,10000
PJBUMI,2011-08-19,0.2000,0.2050,0.1950,0.2050,95700
PJBUMI,2011-08-22,0.2000,0.2000,0.2000,0.2000,30000
PJBUMI,2011-08-23,0.2000,0.2050,0.2000,0.2050,115000
PJBUMI,2011-08-24,0.2000,0.2000,0.2000,0.2000,51000
PJBUMI,2011-08-25,0.1950,0.1950,0.1950,0.1950,125000
PJBUMI,2011-08-26,0.1900,0.2150,0.1900,0.2150,43100
PJBUMI,2011-09-05,0.1900,0.1900,0.1900,0.1900,10000
PJBUMI,2011-09-06,0.1850,0.1900,0.1850,0.1900,11000
PJBUMI,2011-09-07,0.1900,0.1950,0.1850,0.1950,64000
PJBUMI,2011-09-08,0.1950,0.1950,0.1950,0.1950,19000
PJBUMI,2011-09-09,0.1950,0.1950,0.1950,0.1950,10000
PJBUMI,2011-09-15,0.1900,0.1900,0.1900,0.1900,7000
PJBUMI,2011-09-20,0.2150,0.2150,0.2150,0.2150,1000
PJBUMI,2011-09-23,0.1850,0.1850,0.1850,0.1850,53000
PJBUMI,2011-09-26,0.1850,0.1900,0.1700,0.1900,171100
PJBUMI,2011-09-27,0.1950,0.1950,0.1700,0.1950,47000
PJBUMI,2011-09-29,0.1900,0.1900,0.1700,0.1900,78000
PJBUMI,2011-10-04,0.1800,0.1800,0.1800,0.1800,20000
PJBUMI,2011-10-05,0.1800,0.2000,0.1800,0.2000,5100
PJBUMI,2011-10-06,0.1750,0.1750,0.1750,0.1750,12000
PJBUMI,2011-10-07,0.1800,0.1850,0.1700,0.1850,158800
PJBUMI,2011-10-11,0.1950,0.2200,0.1900,0.2100,71000
PJBUMI,2011-10-12,0.2200,0.2200,0.1900,0.1900,19600
PJBUMI,2011-10-13,0.2300,0.2300,0.2300,0.2300,100
PJBUMI,2011-10-17,0.2150,0.2200,0.2050,0.2100,55800
PJBUMI,2011-10-19,0.2000,0.2100,0.2000,0.2100,75000
PJBUMI,2011-10-20,0.2100,0.2400,0.2100,0.2400,325700
PJBUMI,2011-10-24,0.2100,0.2200,0.2100,0.2200,20000
PJBUMI,2011-10-25,0.2050,0.2050,0.2050,0.2050,15000
PJBUMI,2011-10-27,0.2150,0.2150,0.2150,0.2150,38700
PJBUMI,2011-10-28,0.2150,0.2150,0.2150,0.2150,12000
PJBUMI,2011-10-31,0.2100,0.2350,0.2100,0.2350,141600
PJBUMI,2011-11-01,0.2250,0.2350,0.2150,0.2150,74500
PJBUMI,2011-11-02,0.2200,0.2400,0.2200,0.2400,45000
PJBUMI,2011-11-03,0.2400,0.2400,0.2400,0.2400,20000
PJBUMI,2011-11-04,0.2100,0.2100,0.2100,0.2100,1000
PJBUMI,2011-11-08,0.2200,0.2200,0.2000,0.2000,168100
PJBUMI,2011-11-09,0.2150,0.2450,0.2100,0.2450,323900
PJBUMI,2011-11-10,0.2400,0.2450,0.2250,0.2250,116100
PJBUMI,2011-11-11,0.2200,0.2200,0.2200,0.2200,6900
PJBUMI,2011-11-14,0.2450,0.2500,0.2350,0.2350,102000
PJBUMI,2011-11-15,0.2250,0.2400,0.2250,0.2300,109200
PJBUMI,2011-11-16,0.2300,0.2450,0.2300,0.2300,93900
PJBUMI,2011-11-17,0.2250,0.2300,0.2250,0.2250,13000
PJBUMI,2011-11-18,0.2200,0.2200,0.2200,0.2200,50500
PJBUMI,2011-11-21,0.2100,0.2100,0.2100,0.2100,99000
PJBUMI,2011-11-22,0.2050,0.2050,0.2050,0.2050,68000
PJBUMI,2011-11-23,0.2000,0.2000,0.2000,0.2000,3200
PJBUMI,2011-11-25,0.2100,0.2400,0.2100,0.2400,5000
PJBUMI,2011-12-02,0.2100,0.2100,0.2100,0.2100,45000
PJBUMI,2011-12-05,0.2100,0.2100,0.2100,0.2100,20000
PJBUMI,2011-12-06,0.2100,0.2300,0.2100,0.2300,129500
PJBUMI,2011-12-07,0.2300,0.2350,0.2300,0.2300,60000
PJBUMI,2011-12-08,0.2200,0.2200,0.2200,0.2200,30000
PJBUMI,2011-12-09,0.2150,0.2250,0.2150,0.2250,70000
PJBUMI,2011-12-12,0.2200,0.2200,0.2200,0.2200,8300
PJBUMI,2011-12-14,0.2150,0.2150,0.2100,0.2100,90000
PJBUMI,2011-12-15,0.2150,0.2300,0.2150,0.2250,124800
PJBUMI,2011-12-16,0.2200,0.2200,0.2150,0.2150,70000
PJBUMI,2011-12-19,0.2300,0.2300,0.2300,0.2300,1000
PJBUMI,2011-12-20,0.2300,0.2300,0.2100,0.2200,123500
PJBUMI,2011-12-22,0.2050,0.2050,0.2050,0.2050,100000
PJBUMI,2011-12-23,0.2200,0.2200,0.2100,0.2100,35000
PJBUMI,2011-12-27,0.2050,0.2200,0.2050,0.2200,75000
PJBUMI,2011-12-28,0.2050,0.2100,0.2050,0.2050,53500
PJBUMI,2011-12-29,0.2100,0.2200,0.2100,0.2200,70000
PJBUMI,2011-12-30,0.2100,0.2100,0.2100,0.2100,28000
PJBUMI,2012-01-04,0.2200,0.2200,0.2100,0.2100,50000
PJBUMI,2012-01-05,0.2250,0.2250,0.2150,0.2150,40000
PJBUMI,2012-01-06,0.2100,0.2100,0.2100,0.2100,40000
PJBUMI,2012-01-09,0.2300,0.2350,0.2250,0.2350,158700
PJBUMI,2012-01-10,0.2200,0.2350,0.2200,0.2300,181000
PJBUMI,2012-01-11,0.2200,0.2400,0.2200,0.2400,120000
PJBUMI,2012-01-12,0.2200,0.2200,0.2200,0.2200,20000
PJBUMI,2012-01-13,0.2500,0.2500,0.2250,0.2250,110000
PJBUMI,2012-01-16,0.2250,0.2250,0.2250,0.2250,13000
PJBUMI,2012-01-17,0.2300,0.2300,0.2200,0.2200,60000
PJBUMI,2012-01-18,0.2200,0.2200,0.2100,0.2100,25200
PJBUMI,2012-01-20,0.2150,0.2150,0.2100,0.2100,22000
PJBUMI,2012-01-25,0.2100,0.2300,0.2100,0.2100,115000
PJBUMI,2012-01-26,0.2100,0.2100,0.2100,0.2100,13000
PJBUMI,2012-01-27,0.2150,0.2150,0.2100,0.2100,159000
PJBUMI,2012-01-30,0.2150,0.2500,0.2150,0.2300,206000
PJBUMI,2012-01-31,0.2300,0.2300,0.2300,0.2300,45000
PJBUMI,2012-02-02,0.2150,0.2250,0.2150,0.2250,62000
PJBUMI,2012-02-03,0.2250,0.2250,0.2200,0.2200,34800
PJBUMI,2012-02-08,0.2200,0.2300,0.2200,0.2300,90000
PJBUMI,2012-02-09,0.2300,0.2600,0.2300,0.2450,280000
PJBUMI,2012-02-10,0.2400,0.2400,0.2250,0.2250,75700
PJBUMI,2012-02-13,0.2400,0.2550,0.2400,0.2400,105600
PJBUMI,2012-02-14,0.2300,0.2300,0.2300,0.2300,70000
PJBUMI,2012-02-15,0.2250,0.2250,0.2250,0.2250,55000
PJBUMI,2012-02-16,0.2250,0.2250,0.2200,0.2200,45000
PJBUMI,2012-02-17,0.2200,0.2200,0.2200,0.2200,9000
PJBUMI,2012-02-20,0.2300,0.2500,0.2300,0.2350,204000
PJBUMI,2012-02-21,0.2300,0.2400,0.2300,0.2350,110000
PJBUMI,2012-02-23,0.2250,0.2250,0.2250,0.2250,5000
PJBUMI,2012-02-24,0.2250,0.2250,0.2250,0.2250,5000
PJBUMI,2012-02-27,0.2200,0.2200,0.2200,0.2200,20000
PJBUMI,2012-03-01,0.2150,0.2150,0.2150,0.2150,70000
PJBUMI,2012-03-02,0.2300,0.2300,0.2300,0.2300,5000
PJBUMI,2012-03-09,0.2100,0.2100,0.2100,0.2100,18000
PJBUMI,2012-03-12,0.2100,0.2100,0.2100,0.2100,11000
PJBUMI,2012-03-13,0.2050,0.2100,0.2050,0.2100,11000
PJBUMI,2012-03-14,0.2250,0.2400,0.2250,0.2300,100000
PJBUMI,2012-03-16,0.2150,0.2150,0.2150,0.2150,15000
PJBUMI,2012-03-19,0.2200,0.2200,0.2150,0.2150,30000
PJBUMI,2012-03-20,0.2150,0.2150,0.2150,0.2150,5000
PJBUMI,2012-03-21,0.2100,0.2100,0.2100,0.2100,153400
PJBUMI,2012-03-23,0.2250,0.2300,0.2250,0.2250,103400
PJBUMI,2012-03-26,0.2300,0.2600,0.2300,0.2600,422000
PJBUMI,2012-03-27,0.2750,0.2750,0.2400,0.2450,2619800
PJBUMI,2012-03-28,0.2250,0.2350,0.2200,0.2200,77000
PJBUMI,2012-03-29,0.2300,0.2400,0.2300,0.2400,140000
PJBUMI,2012-03-30,0.2350,0.2350,0.2200,0.2300,28000
PJBUMI,2012-04-02,0.2200,0.2300,0.2150,0.2300,258800
PJBUMI,2012-04-03,0.2200,0.2200,0.2150,0.2150,36000
PJBUMI,2012-04-05,0.2100,0.2100,0.2100,0.2100,76000
PJBUMI,2012-04-06,0.2200,0.2250,0.2150,0.2150,267800
PJBUMI,2012-04-09,0.2200,0.2200,0.2150,0.2150,20000
PJBUMI,2012-04-10,0.2200,0.2350,0.2150,0.2300,110000
PJBUMI,2012-04-13,0.2200,0.2300,0.2200,0.2200,77000
PJBUMI,2012-04-16,0.2200,0.2200,0.2150,0.2150,35000
PJBUMI,2012-04-17,0.2200,0.2200,0.2200,0.2200,25000
PJBUMI,2012-04-18,0.2200,0.2250,0.2200,0.2250,40000
PJBUMI,2012-04-19,0.2200,0.2200,0.2150,0.2150,37500
PJBUMI,2012-04-20,0.2100,0.2100,0.2100,0.2100,140000
PJBUMI,2012-04-23,0.2100,0.2100,0.2100,0.2100,17000
PJBUMI,2012-04-24,0.2050,0.2100,0.2050,0.2100,6000
PJBUMI,2012-04-25,0.2000,0.2000,0.2000,0.2000,10000
PJBUMI,2012-04-26,0.2000,0.2000,0.2000,0.2000,10000
PJBUMI,2012-04-30,0.2050,0.2050,0.2050,0.2050,18000
PJBUMI,2012-05-04,0.2000,0.2000,0.2000,0.2000,5000
PJBUMI,2012-05-07,0.2000,0.2050,0.2000,0.2050,141000
PJBUMI,2012-05-08,0.2050,0.2050,0.2050,0.2050,57000
PJBUMI,2012-05-09,0.1950,0.2500,0.1950,0.2150,143100
PJBUMI,2012-05-10,0.2100,0.2150,0.2100,0.2100,90000
PJBUMI,2012-05-11,0.2050,0.2050,0.2050,0.2050,10000
PJBUMI,2012-05-14,0.2050,0.2100,0.2050,0.2100,139000
PJBUMI,2012-05-15,0.1950,0.2000,0.1950,0.1950,122000
PJBUMI,2012-05-16,0.1900,0.1900,0.1900,0.1900,21000
PJBUMI,2012-05-17,0.2000,0.2100,0.2000,0.2100,83000
PJBUMI,2012-05-22,0.2250,0.2300,0.1900,0.1950,420000
PJBUMI,2012-05-23,0.2050,0.2050,0.2050,0.2050,20000
PJBUMI,2012-05-24,0.1950,0.2000,0.1950,0.2000,100000
PJBUMI,2012-05-25,0.1950,0.2100,0.1950,0.2000,28500
PJBUMI,2012-05-28,0.2000,0.2150,0.2000,0.2150,129700
PJBUMI,2012-05-29,0.2150,0.2300,0.2150,0.2300,136500
PJBUMI,2012-05-30,0.2000,0.2500,0.2000,0.2500,777900
PJBUMI,2012-05-31,0.2300,0.2400,0.2250,0.2350,327600
PJBUMI,2012-06-01,0.2100,0.2200,0.2000,0.2150,205900
PJBUMI,2012-06-04,0.2150,0.2300,0.2150,0.2300,106000
PJBUMI,2012-06-05,0.2050,0.2050,0.2050,0.2050,27800
PJBUMI,2012-06-06,0.2100,0.2100,0.2050,0.2050,50000
PJBUMI,2012-06-07,0.2150,0.2150,0.2000,0.2000,55400
PJBUMI,2012-06-08,0.1950,0.2100,0.1950,0.2100,20500
PJBUMI,2012-06-11,0.2200,0.2250,0.2000,0.2000,154500
PJBUMI,2012-06-13,0.2050,0.2100,0.2050,0.2100,42900
PJBUMI,2012-06-14,0.2000,0.2050,0.1950,0.2050,198100
PJBUMI,2012-06-18,0.2050,0.2050,0.2000,0.2050,85000
PJBUMI,2012-06-20,0.2100,0.2150,0.2100,0.2150,188100
PJBUMI,2012-06-21,0.2050,0.2050,0.2000,0.2000,100000
PJBUMI,2012-06-22,0.1950,0.2000,0.1950,0.2000,29000
PJBUMI,2012-06-25,0.2000,0.2000,0.1950,0.1950,55000
PJBUMI,2012-06-26,0.1950,0.2000,0.1900,0.1950,213100
PJBUMI,2012-06-27,0.2050,0.2100,0.2000,0.2050,189000
PJBUMI,2012-06-28,0.2150,0.2200,0.2000,0.2000,240000
PJBUMI,2012-07-04,0.1950,0.1950,0.1900,0.1900,170000
PJBUMI,2012-07-05,0.1950,0.2100,0.1900,0.2100,100100
PJBUMI,2012-07-06,0.1900,0.1900,0.1850,0.1850,51000
PJBUMI,2012-07-09,0.1850,0.1850,0.1850,0.1850,49000
PJBUMI,2012-07-10,0.2000,0.2000,0.1850,0.1850,187000
PJBUMI,2012-07-11,0.1950,0.1950,0.1850,0.1900,130000
PJBUMI,2012-07-12,0.1850,0.1850,0.1850,0.1850,47100
PJBUMI,2012-07-13,0.1550,0.1800,0.1550,0.1750,74500
PJBUMI,2012-07-16,0.1850,0.1850,0.1850,0.1850,40000
PJBUMI,2012-07-17,0.1750,0.1750,0.1750,0.1750,21800
PJBUMI,2012-07-18,0.1700,0.1750,0.1700,0.1750,46900
PJBUMI,2012-07-19,0.1550,0.1750,0.1550,0.1600,50400
PJBUMI,2012-07-20,0.1550,0.1550,0.1500,0.1550,90000
PJBUMI,2012-07-23,0.1550,0.1550,0.1550,0.1550,30000
PJBUMI,2012-07-24,0.1600,0.1600,0.1550,0.1550,38300
PJBUMI,2012-07-26,0.1550,0.1750,0.1550,0.1600,121900
PJBUMI,2012-07-27,0.1650,0.1650,0.1650,0.1650,15000
PJBUMI,2012-07-30,0.1800,0.1800,0.1650,0.1750,158900
PJBUMI,2012-07-31,0.1650,0.1650,0.1650,0.1650,10000
PJBUMI,2012-08-01,0.1700,0.1700,0.1650,0.1650,5000
PJBUMI,2012-08-02,0.1750,0.1750,0.1700,0.1700,10000
PJBUMI,2012-08-03,0.1700,0.1700,0.1700,0.1700,30000
PJBUMI,2012-08-07,0.1600,0.1650,0.1550,0.1550,132000
PJBUMI,2012-08-08,0.1650,0.1650,0.1650,0.1650,30000
PJBUMI,2012-08-09,0.1650,0.1650,0.1650,0.1650,30000
PJBUMI,2012-08-10,0.1550,0.1550,0.1550,0.1550,8000
PJBUMI,2012-08-13,0.1600,0.1600,0.1600,0.1600,38100
PJBUMI,2012-08-14,0.1700,0.1700,0.1650,0.1650,35000
PJBUMI,2012-08-16,0.1650,0.1700,0.1650,0.1700,65000
PJBUMI,2012-08-17,0.1650,0.1650,0.1600,0.1650,56000
PJBUMI,2012-08-22,0.1550,0.1700,0.1550,0.1700,12000
PJBUMI,2012-08-23,0.1600,0.1600,0.1600,0.1600,20000
PJBUMI,2012-08-24,0.1600,0.1650,0.1600,0.1650,225000
PJBUMI,2012-08-27,0.1600,0.1600,0.1600,0.1600,30000
PJBUMI,2012-08-28,0.1600,0.1650,0.1600,0.1650,7100
PJBUMI,2012-08-29,0.1600,0.1700,0.1600,0.1650,192000
PJBUMI,2012-08-30,0.1650,0.1650,0.1650,0.1650,40000
PJBUMI,2012-09-03,0.1600,0.1650,0.1600,0.1650,75000
PJBUMI,2012-09-05,0.1650,0.1650,0.1650,0.1650,51700
PJBUMI,2012-09-06,0.1650,0.1650,0.1650,0.1650,30000
PJBUMI,2012-09-10,0.1500,0.1500,0.1500,0.1500,5000
PJBUMI,2012-09-12,0.1500,0.1500,0.1500,0.1500,2000
PJBUMI,2012-09-13,0.1550,0.1550,0.1550,0.1550,22000
PJBUMI,2012-09-14,0.1600,0.1600,0.1600,0.1600,20000
PJBUMI,2012-09-20,0.1600,0.1600,0.1600,0.1600,52000
PJBUMI,2012-09-25,0.1650,0.1650,0.1650,0.1650,48800
PJBUMI,2012-09-26,0.1700,0.1800,0.1700,0.1800,189600
PJBUMI,2012-09-28,0.1550,0.1550,0.1550,0.1550,10000
PJBUMI,2012-10-01,0.1500,0.1500,0.1500,0.1500,45000
PJBUMI,2012-10-02,0.1450,0.1450,0.1450,0.1450,60000
PJBUMI,2012-10-04,0.1550,0.1550,0.1550,0.1550,10000
PJBUMI,2012-10-05,0.1450,0.1650,0.1450,0.1650,440000
PJBUMI,2012-10-08,0.1650,0.1650,0.1600,0.1600,59000
PJBUMI,2012-10-12,0.1700,0.1700,0.1700,0.1700,100
PJBUMI,2012-10-15,0.1450,0.1800,0.1450,0.1800,33100
PJBUMI,2012-10-18,0.1450,0.1450,0.1450,0.1450,1000
PJBUMI,2012-10-19,0.1500,0.1550,0.1500,0.1550,30000
PJBUMI,2012-10-29,0.1450,0.1450,0.1450,0.1450,1000
PJBUMI,2012-10-30,0.1450,0.1450,0.1450,0.1450,1000
PJBUMI,2012-11-02,0.1500,0.1550,0.1500,0.1550,15000
PJBUMI,2012-11-05,0.1700,0.1700,0.1700,0.1700,15000
PJBUMI,2012-11-09,0.1500,0.1500,0.1500,0.1500,15000
PJBUMI,2012-11-23,0.1600,0.1950,0.1600,0.1700,1113200
PJBUMI,2012-11-26,0.1700,0.1700,0.1700,0.1700,33000
PJBUMI,2012-11-28,0.1550,0.1800,0.1550,0.1800,28600
PJBUMI,2012-11-29,0.1800,0.1850,0.1600,0.1800,111200
PJBUMI,2012-11-30,0.1700,0.1800,0.1600,0.1600,66000
PJBUMI,2012-12-03,0.1550,0.1600,0.1550,0.1600,175200
PJBUMI,2012-12-04,0.1600,0.1650,0.1600,0.1650,80600
PJBUMI,2012-12-05,0.1600,0.1950,0.1600,0.1950,224500
PJBUMI,2012-12-06,0.1900,0.2000,0.1900,0.2000,584000
PJBUMI,2012-12-07,0.2050,0.2050,0.1900,0.2050,236900
PJBUMI,2012-12-10,0.2000,0.2000,0.2000,0.2000,12000
PJBUMI,2012-12-11,0.2000,0.2500,0.2000,0.2300,974600
PJBUMI,2012-12-12,0.2250,0.2250,0.2150,0.2150,149700
PJBUMI,2012-12-13,0.2300,0.2400,0.2300,0.2400,80200
PJBUMI,2012-12-14,0.2300,0.2300,0.2250,0.2250,25000
PJBUMI,2012-12-17,0.2150,0.2150,0.2150,0.2150,89300
PJBUMI,2012-12-19,0.2150,0.2150,0.2150,0.2150,50000
PJBUMI,2012-12-20,0.2100,0.2100,0.2100,0.2100,50000
PJBUMI,2012-12-24,0.2050,0.2050,0.2050,0.2050,30000
PJBUMI,2012-12-26,0.2000,0.2500,0.2000,0.2400,131400
PJBUMI,2012-12-27,0.2500,0.2950,0.2500,0.2950,382100
PJBUMI,2012-12-28,0.2950,0.3550,0.2950,0.3500,4480100
PJBUMI,2012-12-31,0.3500,0.3600,0.3000,0.3050,11495000
PJBUMI,2013-01-02,0.3100,0.3150,0.2950,0.3050,7901500
PJBUMI,2013-01-03,0.3100,0.3250,0.3050,0.3100,6603500
PJBUMI,2013-01-04,0.3100,0.3200,0.3050,0.3100,5650000
PJBUMI,2013-01-07,0.3100,0.3100,0.2950,0.3000,1829900
PJBUMI,2013-01-08,0.2950,0.3000,0.2550,0.2750,1205200
PJBUMI,2013-01-09,0.2550,0.2600,0.2450,0.2450,1191000
PJBUMI,2013-01-10,0.2600,0.2650,0.2400,0.2600,685400
PJBUMI,2013-01-11,0.2650,0.2650,0.2300,0.2300,514500
PJBUMI,2013-01-14,0.2350,0.2400,0.1950,0.2200,2903900
PJBUMI,2013-01-15,0.2000,0.2100,0.2000,0.2000,290700
PJBUMI,2013-01-16,0.1950,0.2000,0.1800,0.1900,453500
PJBUMI,2013-01-17,0.1800,0.2050,0.1800,0.2050,991900
PJBUMI,2013-01-18,0.2050,0.2350,0.2050,0.2350,457600
PJBUMI,2013-01-21,0.2200,0.2200,0.2000,0.2050,65000
PJBUMI,2013-01-22,0.2000,0.2000,0.1800,0.1950,1075300
PJBUMI,2013-01-23,0.1900,0.2100,0.1900,0.2100,253300
PJBUMI,2013-01-25,0.1900,0.2100,0.1900,0.2000,770600
PJBUMI,2013-01-29,0.2000,0.2000,0.2000,0.2000,15000
PJBUMI,2013-01-30,0.1850,0.1850,0.1850,0.1850,20000
PJBUMI,2013-01-31,0.1850,0.1850,0.1850,0.1850,70000
PJBUMI,2013-02-04,0.1850,0.2000,0.1850,0.1950,201800
PJBUMI,2013-02-05,0.1950,0.1950,0.1950,0.1950,149000
PJBUMI,2013-02-06,0.1950,0.1950,0.1950,0.1950,29500
PJBUMI,2013-02-08,0.2000,0.2000,0.2000,0.2000,100600
PJBUMI,2013-02-13,0.2000,0.2000,0.2000,0.2000,150000
PJBUMI,2013-02-15,0.2200,0.2200,0.2050,0.2050,60000
PJBUMI,2013-02-18,0.2050,0.2100,0.2050,0.2100,10000
PJBUMI,2013-02-19,0.2100,0.2250,0.2100,0.2250,76000
PJBUMI,2013-02-21,0.2200,0.2200,0.2200,0.2200,100000
PJBUMI,2013-02-22,0.2150,0.2150,0.2000,0.2000,70000
PJBUMI,2013-02-26,0.2000,0.2000,0.2000,0.2000,60000
PJBUMI,2013-02-27,0.2000,0.2000,0.2000,0.2000,22000
PJBUMI,2013-02-28,0.2000,0.2000,0.1800,0.2000,35000
PJBUMI,2013-03-01,0.2000,0.2000,0.2000,0.2000,10000
PJBUMI,2013-03-04,0.2000,0.2000,0.2000,0.2000,40000
PJBUMI,2013-03-05,0.2000,0.2000,0.2000,0.2000,15000
PJBUMI,2013-03-07,0.2000,0.2000,0.2000,0.2000,5000
PJBUMI,2013-03-11,0.2000,0.2000,0.2000,0.2000,9000
PJBUMI,2013-03-12,0.1800,0.1800,0.1800,0.1800,20000
PJBUMI,2013-03-13,0.1800,0.2000,0.1800,0.2000,23000
PJBUMI,2013-03-14,0.2050,0.2050,0.2050,0.2050,50000
PJBUMI,2013-03-15,0.1900,0.1900,0.1900,0.1900,15000
PJBUMI,2013-03-25,0.1900,0.1900,0.1900,0.1900,6400
PJBUMI,2013-04-02,0.1900,0.1900,0.1900,0.1900,2000
PJBUMI,2013-04-03,0.1900,0.1900,0.1900,0.1900,10000
PJBUMI,2013-04-10,0.1800,0.1800,0.1800,0.1800,10000
PJBUMI,2013-04-11,0.1800,0.1800,0.1800,0.1800,10000
PJBUMI,2013-04-15,0.1700,0.1800,0.1650,0.1650,25900
PJBUMI,2013-04-16,0.1650,0.1650,0.1650,0.1650,6000
PJBUMI,2013-04-17,0.1600,0.1600,0.1600,0.1600,10000
PJBUMI,2013-04-18,0.1350,0.1650,0.1300,0.1650,55000
PJBUMI,2013-04-23,0.1500,0.1600,0.1500,0.1500,40100
PJBUMI,2013-04-29,0.1300,0.1600,0.1000,0.1500,63000
PJBUMI,2013-04-30,0.1600,0.1600,0.1600,0.1600,30000
PJBUMI,2013-05-02,0.1450,0.1550,0.1400,0.1450,22100
PJBUMI,2013-05-03,0.1450,0.1450,0.1450,0.1450,51000
PJBUMI,2013-05-06,0.1600,0.1800,0.1600,0.1800,30000
PJBUMI,2013-05-07,0.1850,0.1850,0.1850,0.1850,20000
PJBUMI,2013-05-10,0.2000,0.3000,0.2000,0.2300,173000
PJBUMI,2013-05-13,0.2000,0.2300,0.2000,0.2300,52000
PJBUMI,2013-05-14,0.2200,0.2300,0.2150,0.2150,33900
PJBUMI,2013-05-21,0.2150,0.2600,0.2150,0.2550,200000
PJBUMI,2013-05-22,0.2250,0.2250,0.2250,0.2250,300
PJBUMI,2013-05-23,0.2250,0.2250,0.2200,0.2200,105000
PJBUMI,2013-05-27,0.2150,0.2150,0.2150,0.2150,9100
PJBUMI,2013-05-28,0.2150,0.2150,0.2150,0.2150,4000
PJBUMI,2013-05-29,0.2150,0.2150,0.2150,0.2150,58400
PJBUMI,2013-05-30,0.2300,0.2350,0.2300,0.2350,122500
PJBUMI,2013-05-31,0.2200,0.2350,0.2200,0.2350,51000
PJBUMI,2013-06-05,0.2400,0.2800,0.2400,0.2650,128800
PJBUMI,2013-06-06,0.2450,0.2450,0.2450,0.2450,13000
PJBUMI,2013-06-07,0.2400,0.2400,0.2400,0.2400,1300
PJBUMI,2013-06-11,0.2500,0.2700,0.2500,0.2700,223400
PJBUMI,2013-06-12,0.2700,0.2900,0.2700,0.2850,353000
PJBUMI,2013-06-13,0.2850,0.2900,0.2650,0.2900,139000
PJBUMI,2013-06-14,0.2900,0.3000,0.2900,0.2900,300000
PJBUMI,2013-06-17,0.3000,0.3700,0.3000,0.3650,1159700
PJBUMI,2013-06-18,0.3900,0.3950,0.3400,0.3400,959900
PJBUMI,2013-06-19,0.3400,0.3550,0.3400,0.3450,282500
PJBUMI,2013-06-20,0.3400,0.3400,0.3000,0.3000,236000
PJBUMI,2013-06-21,0.3100,0.3600,0.3100,0.3600,167600
PJBUMI,2013-06-24,0.3300,0.3300,0.3300,0.3300,107700
PJBUMI,2013-06-25,0.3400,0.3500,0.3300,0.3300,266000
PJBUMI,2013-06-26,0.3400,0.3700,0.3400,0.3600,464400
PJBUMI,2013-06-27,0.3700,0.4200,0.3650,0.3900,403300
PJBUMI,2013-06-28,0.3800,0.3800,0.3400,0.3450,28000
PJBUMI,2013-07-01,0.3100,0.3100,0.3100,0.3100,20000
PJBUMI,2013-07-02,0.3550,0.3550,0.3300,0.3450,53000
PJBUMI,2013-07-03,0.3400,0.3400,0.3350,0.3350,18800
PJBUMI,2013-07-04,0.3250,0.3250,0.3000,0.3250,260000
PJBUMI,2013-07-05,0.3050,0.3150,0.3000,0.3050,150000
PJBUMI,2013-07-08,0.3000,0.3050,0.3000,0.3000,163000
PJBUMI,2013-07-09,0.3050,0.3050,0.3050,0.3050,111000
PJBUMI,2013-07-10,0.3000,0.3000,0.3000,0.3000,5000
PJBUMI,2013-07-11,0.3000,0.3000,0.2850,0.2850,25000
PJBUMI,2013-07-12,0.3000,0.3000,0.3000,0.3000,50000
PJBUMI,2013-07-17,0.3000,0.3000,0.2950,0.3000,40100
PJBUMI,2013-07-19,0.3000,0.3000,0.2900,0.2900,30000
PJBUMI,2013-07-22,0.2900,0.3050,0.2900,0.3000,164100
PJBUMI,2013-07-23,0.3000,0.3050,0.3000,0.3000,148000
PJBUMI,2013-07-25,0.3000,0.3000,0.3000,0.3000,120000
PJBUMI,2013-07-26,0.3050,0.3050,0.3050,0.3050,10000
PJBUMI,2013-07-29,0.3050,0.3050,0.2950,0.2950,110000
PJBUMI,2013-07-30,0.3000,0.3000,0.3000,0.3000,20100
PJBUMI,2013-08-02,0.3000,0.3000,0.3000,0.3000,20100
PJBUMI,2013-08-14,0.2850,0.2950,0.2850,0.2950,40000
PJBUMI,2013-08-15,0.2800,0.2800,0.2700,0.2700,31100
PJBUMI,2013-08-16,0.2700,0.2700,0.2700,0.2700,14000
PJBUMI,2013-08-19,0.2900,0.2900,0.2700,0.2700,94500
PJBUMI,2013-08-20,0.2650,0.2800,0.2650,0.2800,10000
PJBUMI,2013-08-21,0.2750,0.2750,0.2750,0.2750,12000
PJBUMI,2013-08-23,0.2550,0.2550,0.2500,0.2500,30000
PJBUMI,2013-08-30,0.2300,0.2300,0.2200,0.2200,25000
PJBUMI,2013-09-03,0.2500,0.2500,0.2500,0.2500,1000
PJBUMI,2013-09-05,0.2500,0.2500,0.2500,0.2500,34000
PJBUMI,2013-09-06,0.2600,0.2650,0.2600,0.2650,20000
PJBUMI,2013-09-11,0.2800,0.2800,0.2800,0.2800,20000
PJBUMI,2013-09-12,0.2800,0.2800,0.2800,0.2800,10000
PJBUMI,2013-09-17,0.2800,0.2800,0.2800,0.2800,12000
PJBUMI,2013-09-18,0.2800,0.2800,0.2800,0.2800,3400
PJBUMI,2013-09-20,0.2600,0.2600,0.2600,0.2600,86000
PJBUMI,2013-09-24,0.2600,0.2600,0.2600,0.2600,10000
PJBUMI,2013-09-26,0.2550,0.2600,0.2500,0.2600,36000
PJBUMI,2013-09-30,0.2500,0.2500,0.2500,0.2500,6500
PJBUMI,2013-10-02,0.2550,0.2550,0.2550,0.2550,20000
PJBUMI,2013-10-03,0.2400,0.2400,0.2400,0.2400,20000
PJBUMI,2013-10-04,0.2200,0.2200,0.2200,0.2200,5000
PJBUMI,2013-10-08,0.2400,0.2550,0.2400,0.2500,70200
PJBUMI,2013-10-11,0.2350,0.2350,0.2300,0.2300,40000
PJBUMI,2013-10-16,0.2300,0.2300,0.2300,0.2300,5000
PJBUMI,2013-11-07,0.2150,0.2150,0.2150,0.2150,7500
PJBUMI,2013-11-18,0.2100,0.2100,0.2100,0.2100,5000
PJBUMI,2013-11-19,0.2100,0.2100,0.2100,0.2100,10000
PJBUMI,2013-11-20,0.2100,0.2100,0.2050,0.2050,32000
PJBUMI,2013-11-25,0.2300,0.2350,0.2300,0.2350,40000
PJBUMI,2013-11-26,0.2300,0.2300,0.2300,0.2300,27500
PJBUMI,2013-12-04,0.2550,0.2550,0.2550,0.2550,103000
PJBUMI,2013-12-05,0.2550,0.2550,0.2550,0.2550,10000
PJBUMI,2013-12-06,0.2550,0.2550,0.2500,0.2500,61000
PJBUMI,2013-12-10,0.2400,0.2400,0.2400,0.2400,110000
PJBUMI,2013-12-11,0.2200,0.2250,0.2100,0.2250,160000
PJBUMI,2013-12-12,0.2150,0.2150,0.2050,0.2050,145700
PJBUMI,2013-12-13,0.2150,0.2200,0.2150,0.2200,95000
PJBUMI,2013-12-18,0.2200,0.2200,0.2050,0.2050,30100
PJBUMI,2013-12-20,0.2050,0.2050,0.2050,0.2050,2000
PJBUMI,2013-12-31,0.2000,0.2000,0.2000,0.2000,18900
PJBUMI,2014-01-06,0.2000,0.2000,0.2000,0.2000,5000
PJBUMI,2014-01-07,0.2000,0.2000,0.2000,0.2000,6000
PJBUMI,2014-01-08,0.2000,0.2000,0.2000,0.2000,9000
PJBUMI,2014-01-09,0.2400,0.2400,0.2400,0.2400,55000
PJBUMI,2014-01-10,0.2400,0.2400,0.2400,0.2400,73900
PJBUMI,2014-01-13,0.2400,0.2400,0.2300,0.2300,35000
PJBUMI,2014-01-15,0.2300,0.2400,0.2300,0.2400,23000
PJBUMI,2014-01-16,0.2400,0.2400,0.2400,0.2400,10000
PJBUMI,2014-01-21,0.2200,0.2200,0.2100,0.2100,25000
PJBUMI,2014-01-29,0.2300,0.2450,0.2300,0.2450,81000
PJBUMI,2014-02-04,0.2550,0.2600,0.2550,0.2600,55800
PJBUMI,2014-02-07,0.2450,0.2750,0.2450,0.2600,85900
PJBUMI,2014-02-12,0.2550,0.2550,0.2400,0.2400,60000
PJBUMI,2014-02-13,0.2550,0.2800,0.2500,0.2500,95000
PJBUMI,2014-02-14,0.2550,0.2600,0.2500,0.2600,118000
PJBUMI,2014-02-17,0.2500,0.2550,0.2500,0.2550,35000
PJBUMI,2014-02-18,0.2600,0.2650,0.2600,0.2650,50000
PJBUMI,2014-02-19,0.2600,0.2950,0.2600,0.2850,405000
PJBUMI,2014-02-20,0.2750,0.2800,0.2700,0.2700,124000
PJBUMI,2014-02-21,0.2600,0.2650,0.2600,0.2650,30000
PJBUMI,2014-02-24,0.2650,0.2650,0.2650,0.2650,10000
PJBUMI,2014-02-25,0.2650,0.2650,0.2650,0.2650,16000
PJBUMI,2014-02-26,0.2700,0.2900,0.2700,0.2900,205800
PJBUMI,2014-02-27,0.3150,0.3300,0.3000,0.3000,381500
PJBUMI,2014-02-28,0.2850,0.3100,0.2850,0.3000,75000
PJBUMI,2014-03-03,0.2700,0.2700,0.2700,0.2700,10000
PJBUMI,2014-03-04,0.2700,0.2950,0.2700,0.2950,70000
PJBUMI,2014-03-05,0.3000,0.3050,0.3000,0.3050,40000
PJBUMI,2014-03-06,0.3050,0.3100,0.2800,0.2800,63000
PJBUMI,2014-03-07,0.2800,0.2900,0.2800,0.2900,51100
PJBUMI,2014-03-10,0.2700,0.2700,0.2700,0.2700,33000
PJBUMI,2014-03-11,0.2900,0.2900,0.2750,0.2750,60000
PJBUMI,2014-03-12,0.2800,0.2800,0.2800,0.2800,2000
PJBUMI,2014-03-14,0.2850,0.2950,0.2850,0.2850,34000
PJBUMI,2014-03-17,0.2900,0.2900,0.2900,0.2900,54800
PJBUMI,2014-03-18,0.2900,0.3350,0.2900,0.3200,620600
PJBUMI,2014-03-19,0.3200,0.3700,0.3200,0.3650,1377700
PJBUMI,2014-03-20,0.3500,0.3850,0.3300,0.3550,963100
PJBUMI,2014-03-21,0.3350,0.3800,0.3350,0.3800,815900
PJBUMI,2014-03-24,0.3500,0.3900,0.3500,0.3650,792200
PJBUMI,2014-03-25,0.3500,0.3650,0.3300,0.3300,1145100
PJBUMI,2014-03-26,0.3100,0.3300,0.3100,0.3300,70700
PJBUMI,2014-03-27,0.3200,0.3250,0.3200,0.3200,209900
PJBUMI,2014-03-28,0.3150,0.3550,0.3150,0.3200,100500
PJBUMI,2014-03-31,0.3200,0.3200,0.3100,0.3150,81900
PJBUMI,2014-04-01,0.3250,0.3250,0.3250,0.3250,300
PJBUMI,2014-04-02,0.3150,0.3250,0.3150,0.3150,98300
PJBUMI,2014-04-03,0.3150,0.3400,0.3150,0.3400,278900
PJBUMI,2014-04-04,0.3100,0.3350,0.3100,0.3200,19500
PJBUMI,2014-04-07,0.3200,0.3300,0.3150,0.3150,210800
PJBUMI,2014-04-08,0.3200,0.3350,0.3200,0.3350,55000
PJBUMI,2014-04-09,0.3300,0.3300,0.3150,0.3150,95800
PJBUMI,2014-04-11,0.3100,0.3100,0.3100,0.3100,40000
PJBUMI,2014-04-14,0.3050,0.3050,0.3050,0.3050,41000
PJBUMI,2014-04-16,0.3050,0.3300,0.3050,0.3300,152700
PJBUMI,2014-04-17,0.3000,0.3350,0.3000,0.3350,90100
PJBUMI,2014-04-18,0.3100,0.3200,0.3100,0.3200,170000
PJBUMI,2014-04-22,0.3300,0.3300,0.2950,0.3100,72000
PJBUMI,2014-04-23,0.3000,0.3200,0.3000,0.3200,128400
PJBUMI,2014-04-24,0.3350,0.3350,0.3150,0.3200,194800
PJBUMI,2014-04-25,0.3200,0.3550,0.3200,0.3450,1206100
PJBUMI,2014-04-28,0.3550,0.4000,0.3350,0.3350,4691000
PJBUMI,2014-04-29,0.3200,0.3200,0.3150,0.3150,157500
PJBUMI,2014-04-30,0.3150,0.3300,0.3150,0.3300,120100
PJBUMI,2014-05-02,0.3150,0.3150,0.3050,0.3050,195600
PJBUMI,2014-05-05,0.3050,0.3050,0.2750,0.3000,483800
PJBUMI,2014-05-07,0.3000,0.3250,0.3000,0.3150,127300
PJBUMI,2014-05-09,0.2900,0.3100,0.2900,0.3000,195300
PJBUMI,2014-05-14,0.2900,0.2900,0.2900,0.2900,32100
PJBUMI,2014-05-15,0.2950,0.3150,0.2950,0.3000,39500
PJBUMI,2014-05-16,0.3150,0.3150,0.3000,0.3150,14200
PJBUMI,2014-05-20,0.2950,0.2950,0.2900,0.2900,95500
PJBUMI,2014-05-21,0.2900,0.2900,0.2900,0.2900,42000
PJBUMI,2014-05-26,0.2900,0.2900,0.2900,0.2900,8000
PJBUMI,2014-05-27,0.2900,0.3050,0.2900,0.3050,50000
PJBUMI,2014-05-28,0.3000,0.3000,0.3000,0.3000,29000
PJBUMI,2014-05-29,0.2900,0.3000,0.2900,0.3000,40000
PJBUMI,2014-05-30,0.3000,0.3000,0.3000,0.3000,27100
PJBUMI,2014-06-02,0.2800,0.2800,0.2800,0.2800,15000
PJBUMI,2014-06-03,0.2800,0.2800,0.2800,0.2800,7000
PJBUMI,2014-06-04,0.2950,0.3350,0.2950,0.3300,36000
PJBUMI,2014-06-05,0.3400,0.3400,0.3400,0.3400,10000
PJBUMI,2014-06-06,0.3350,0.3350,0.3100,0.3100,26000
PJBUMI,2014-06-11,0.2900,0.2900,0.2900,0.2900,1000
PJBUMI,2014-06-13,0.2900,0.2900,0.2900,0.2900,25000
PJBUMI,2014-06-17,0.2900,0.2900,0.2900,0.2900,31600
PJBUMI,2014-06-18,0.3100,0.3100,0.3000,0.3000,115700
PJBUMI,2014-06-19,0.3000,0.3400,0.3000,0.3100,130400
PJBUMI,2014-06-20,0.3250,0.3700,0.3250,0.3500,1072200
PJBUMI,2014-06-23,0.3500,0.3500,0.3300,0.3300,145000
PJBUMI,2014-06-24,0.3300,0.3300,0.3100,0.3200,145600
PJBUMI,2014-06-25,0.3150,0.3150,0.3150,0.3150,28000
PJBUMI,2014-06-26,0.3150,0.3150,0.3050,0.3100,230000
PJBUMI,2014-06-27,0.3150,0.3500,0.3150,0.3200,41800
PJBUMI,2014-06-30,0.3200,0.3250,0.3200,0.3250,74200
PJBUMI,2014-07-01,0.3200,0.3200,0.3200,0.3200,65000
PJBUMI,2014-07-02,0.3200,0.3250,0.3150,0.3150,57000
PJBUMI,2014-07-03,0.3150,0.3150,0.3100,0.3100,52000
PJBUMI,2014-07-04,0.3100,0.3200,0.3100,0.3200,20000
PJBUMI,2014-07-07,0.3100,0.3100,0.3100,0.3100,190000
PJBUMI,2014-07-08,0.3050,0.3050,0.3050,0.3050,30100
PJBUMI,2014-07-09,0.3050,0.3050,0.3050,0.3050,1800
PJBUMI,2014-07-10,0.3050,0.3250,0.3000,0.3000,24000
PJBUMI,2014-07-11,0.3000,0.3000,0.3000,0.3000,30000
PJBUMI,2014-07-18,0.2950,0.2950,0.2950,0.2950,5000
PJBUMI,2014-07-21,0.2950,0.2950,0.2950,0.2950,48000
PJBUMI,2014-07-22,0.2850,0.2850,0.2850,0.2850,30000
PJBUMI,2014-07-23,0.3200,0.3200,0.3050,0.3050,25100
PJBUMI,2014-08-05,0.2950,0.2950,0.2950,0.2950,25000
PJBUMI,2014-08-06,0.2950,0.2950,0.2950,0.2950,10000
PJBUMI,2014-08-08,0.2900,0.2900,0.2900,0.2900,30000
PJBUMI,2014-08-11,0.3000,0.3000,0.3000,0.3000,10000
PJBUMI,2014-08-12,0.3000,0.3300,0.3000,0.3300,68800
PJBUMI,2014-08-14,0.3050,0.3050,0.3050,0.3050,32800
PJBUMI,2014-08-18,0.3050,0.3100,0.3050,0.3100,55000
PJBUMI,2014-08-20,0.3000,0.3050,0.2900,0.3000,138000
PJBUMI,2014-08-21,0.3000,0.3000,0.3000,0.3000,36000
PJBUMI,2014-08-22,0.3000,0.3100,0.3000,0.3100,20600
PJBUMI,2014-08-26,0.2950,0.2950,0.2950,0.2950,20000
PJBUMI,2014-08-28,0.2850,0.2850,0.2800,0.2800,100000
PJBUMI,2014-08-29,0.2950,0.3500,0.2950,0.3500,3000
PJBUMI,2014-09-02,0.2850,0.2950,0.2800,0.2900,165000
PJBUMI,2014-09-05,0.2850,0.2850,0.2800,0.2800,6300
PJBUMI,2014-09-08,0.2850,0.2850,0.2850,0.2850,19000
PJBUMI,2014-09-09,0.2850,0.2850,0.2850,0.2850,78000
PJBUMI,2014-09-10,0.2800,0.2850,0.2800,0.2850,30000
PJBUMI,2014-09-11,0.2800,0.2800,0.2800,0.2800,25000
PJBUMI,2014-09-15,0.2850,0.3000,0.2850,0.3000,68000
PJBUMI,2014-09-19,0.2950,0.3000,0.2950,0.3000,75000
PJBUMI,2014-09-22,0.3100,0.3100,0.2900,0.3100,115900
PJBUMI,2014-09-23,0.3100,0.3150,0.3000,0.3000,107000
PJBUMI,2014-09-24,0.3150,0.3200,0.3050,0.3050,70800
PJBUMI,2014-09-25,0.3350,0.3650,0.3300,0.3300,1090000
PJBUMI,2014-09-26,0.3350,0.3350,0.3300,0.3300,67000
PJBUMI,2014-09-29,0.3300,0.3300,0.3200,0.3200,157000
PJBUMI,2014-09-30,0.3200,0.3200,0.3150,0.3200,179500
PJBUMI,2014-10-01,0.3300,0.3300,0.3300,0.3300,320000
PJBUMI,2014-10-02,0.3250,0.3350,0.3250,0.3300,235000
PJBUMI,2014-10-03,0.3300,0.3350,0.3300,0.3350,141200
PJBUMI,2014-10-07,0.3400,0.3400,0.3300,0.3300,193100
PJBUMI,2014-10-08,0.3250,0.3250,0.3250,0.3250,30000
PJBUMI,2014-10-10,0.3300,0.3300,0.3300,0.3300,10000
PJBUMI,2014-10-13,0.3100,0.3150,0.3100,0.3150,20000
PJBUMI,2014-10-14,0.3200,0.3200,0.3150,0.3150,44000
PJBUMI,2014-10-16,0.3100,0.3100,0.2950,0.2950,150400
PJBUMI,2014-10-17,0.3100,0.3250,0.3100,0.3250,35000
PJBUMI,2014-10-20,0.3400,0.3400,0.3400,0.3400,20000
PJBUMI,2014-10-28,0.3150,0.3150,0.3150,0.3150,7000
PJBUMI,2014-11-05,0.3050,0.3050,0.2900,0.2900,55000
PJBUMI,2014-11-07,0.3400,0.3400,0.3300,0.3300,30000
PJBUMI,2014-11-10,0.3200,0.3200,0.3200,0.3200,13500
PJBUMI,2014-11-11,0.3050,0.3050,0.3050,0.3050,40000
PJBUMI,2014-11-12,0.3050,0.3050,0.3050,0.3050,40000
PJBUMI,2014-11-13,0.3000,0.3000,0.3000,0.3000,3000
PJBUMI,2014-11-14,0.3100,0.3100,0.3050,0.3050,80000
PJBUMI,2014-11-18,0.3050,0.3050,0.3050,0.3050,50000
PJBUMI,2014-11-19,0.3100,0.3100,0.3000,0.3000,100000
PJBUMI,2014-11-20,0.3150,0.3150,0.3150,0.3150,42000
PJBUMI,2014-11-24,0.3150,0.3200,0.3150,0.3200,33000
PJBUMI,2014-11-25,0.3150,0.3150,0.3150,0.3150,10000
PJBUMI,2014-11-28,0.3100,0.3100,0.3100,0.3100,10000
PJBUMI,2014-12-01,0.2900,0.2950,0.2850,0.2950,75900
PJBUMI,2014-12-09,0.2700,0.2700,0.2650,0.2650,50000
PJBUMI,2014-12-10,0.2600,0.2600,0.2600,0.2600,50000
PJBUMI,2014-12-16,0.2500,0.2500,0.2500,0.2500,25700
PJBUMI,2014-12-18,0.2300,0.2450,0.2300,0.2450,62100
PJBUMI,2014-12-24,0.2650,0.2650,0.2650,0.2650,10000
PJBUMI,2015-01-02,0.2400,0.2400,0.2400,0.2400,8000
PJBUMI,2015-01-05,0.2350,0.2350,0.2300,0.2300,15000
PJBUMI,2015-01-07,0.2300,0.2300,0.2300,0.2300,25500
PJBUMI,2015-01-13,0.2300,0.2300,0.2300,0.2300,23000
PJBUMI,2015-01-14,0.2300,0.2300,0.2300,0.2300,20000
PJBUMI,2015-02-04,0.2350,0.2350,0.2300,0.2300,45000
PJBUMI,2015-02-05,0.2200,0.2200,0.2200,0.2200,1000
PJBUMI,2015-02-16,0.2200,0.2200,0.2200,0.2200,13000
PJBUMI,2015-03-03,0.2400,0.2400,0.2400,0.2400,10000
PJBUMI,2015-03-09,0.2300,0.2300,0.2300,0.2300,2000
PJBUMI,2015-03-10,0.2250,0.2250,0.2250,0.2250,10000
PJBUMI,2015-03-12,0.2300,0.2300,0.2300,0.2300,20000
PJBUMI,2015-03-17,0.2300,0.2300,0.2300,0.2300,10000
PJBUMI,2015-03-20,0.2250,0.2250,0.2250,0.2250,1000
PJBUMI,2015-03-27,0.2200,0.2500,0.2200,0.2500,11000
PJBUMI,2015-03-30,0.2200,0.2200,0.2200,0.2200,50000
PJBUMI,2015-03-31,0.2200,0.2500,0.2200,0.2400,55000
PJBUMI,2015-04-01,0.2400,0.2400,0.2300,0.2300,30000
PJBUMI,2015-04-02,0.2400,0.2400,0.2400,0.2400,10000
PJBUMI,2015-04-07,0.2550,0.2600,0.2550,0.2600,30000
PJBUMI,2015-04-08,0.2700,0.2800,0.2600,0.2800,52100
PJBUMI,2015-04-09,0.2450,0.2500,0.2400,0.2450,149000
PJBUMI,2015-04-10,0.2450,0.2750,0.2450,0.2700,142200
PJBUMI,2015-04-13,0.2650,0.2750,0.2650,0.2750,71200
PJBUMI,2015-04-14,0.2700,0.2700,0.2700,0.2700,51200
PJBUMI,2015-04-15,0.2650,0.3200,0.2650,0.3000,385200
PJBUMI,2015-04-16,0.3050,0.3600,0.3050,0.3600,830300
PJBUMI,2015-04-17,0.3700,0.4300,0.3600,0.3950,1626300
PJBUMI,2015-04-20,0.3950,0.4200,0.3950,0.3950,1142800
PJBUMI,2015-04-21,0.3950,0.4000,0.3950,0.3950,532000
PJBUMI,2015-04-22,0.3950,0.4000,0.3800,0.3850,174500
PJBUMI,2015-04-23,0.3800,0.3900,0.3750,0.3900,309000
PJBUMI,2015-04-24,0.4200,0.4200,0.3750,0.4150,115200
PJBUMI,2015-04-27,0.3850,0.3850,0.3850,0.3850,50000
PJBUMI,2015-04-28,0.3750,0.3750,0.3750,0.3750,25000
PJBUMI,2015-04-29,0.3750,0.3750,0.3750,0.3750,75000
PJBUMI,2015-04-30,0.3750,0.3950,0.3750,0.3900,72100
PJBUMI,2015-05-05,0.3900,0.4000,0.3900,0.3950,76100
PJBUMI,2015-05-06,0.4100,0.4100,0.4000,0.4000,6000
PJBUMI,2015-05-07,0.3900,0.3950,0.3850,0.3950,103500
PJBUMI,2015-05-08,0.3900,0.3900,0.3850,0.3900,95000
PJBUMI,2015-05-12,0.4000,0.4100,0.3900,0.4000,47400
PJBUMI,2015-05-13,0.4100,0.4100,0.3900,0.3950,85300
PJBUMI,2015-05-14,0.3850,0.3950,0.3850,0.3950,3000
PJBUMI,2015-05-15,0.4000,0.4000,0.4000,0.4000,1000
PJBUMI,2015-05-18,0.4000,0.4150,0.4000,0.4050,408000
PJBUMI,2015-05-21,0.4000,0.4000,0.3800,0.3800,120100
PJBUMI,2015-05-22,0.3750,0.3900,0.3700,0.3700,58500
PJBUMI,2015-05-29,0.3900,0.3900,0.3900,0.3900,20000
PJBUMI,2015-06-01,0.3900,0.3900,0.3900,0.3900,100
PJBUMI,2015-06-02,0.3550,0.3550,0.3550,0.3550,4000
PJBUMI,2015-06-04,0.3600,0.3900,0.3600,0.3800,90000
PJBUMI,2015-06-05,0.3550,0.3550,0.3550,0.3550,8000
PJBUMI,2015-06-12,0.3300,0.3300,0.3300,0.3300,50000
PJBUMI,2015-06-24,0.2800,0.3100,0.2800,0.3100,60000
PJBUMI,2015-07-01,0.3000,0.3200,0.3000,0.3200,34000
PJBUMI,2015-07-23,0.3500,0.3950,0.3500,0.3750,20000
PJBUMI,2015-07-24,0.3800,0.3900,0.3800,0.3900,30200
PJBUMI,2015-07-28,0.3900,0.4150,0.3900,0.4150,8800
PJBUMI,2015-07-29,0.3300,0.3300,0.3200,0.3200,44000
PJBUMI,2015-07-30,0.3200,0.3500,0.3000,0.3150,17300
PJBUMI,2015-07-31,0.3000,0.4000,0.3000,0.3550,59500
PJBUMI,2015-08-03,0.3800,0.3850,0.3800,0.3850,11000
PJBUMI,2015-08-05,0.3300,0.3300,0.3200,0.3300,23000
PJBUMI,2015-08-06,0.3200,0.3200,0.3000,0.3000,48900
PJBUMI,2015-08-07,0.3250,0.3250,0.3250,0.3250,11000
PJBUMI,2015-08-11,0.3250,0.3250,0.3250,0.3250,10000
PJBUMI,2015-08-14,0.2700,0.3250,0.2700,0.3250,11100
PJBUMI,2015-08-18,0.2850,0.2850,0.2650,0.2650,8000
PJBUMI,2015-08-19,0.2700,0.2750,0.2700,0.2750,19000
PJBUMI,2015-08-24,0.2600,0.2600,0.2600,0.2600,15000
PJBUMI,2015-08-25,0.2600,0.2600,0.2600,0.2600,10000
PJBUMI,2015-09-18,0.2400,0.2400,0.2400,0.2400,30000
PJBUMI,2015-09-21,0.2400,0.2400,0.2400,0.2400,95000
PJBUMI,2015-09-22,0.2500,0.2500,0.2500,0.2500,10000
PJBUMI,2015-09-25,0.2500,0.2600,0.2500,0.2500,90000
PJBUMI,2015-09-29,0.2500,0.2500,0.2500,0.2500,10400
PJBUMI,2015-09-30,0.2500,0.2500,0.2500,0.2500,2000
PJBUMI,2015-10-01,0.2500,0.2500,0.2500,0.2500,50000
PJBUMI,2015-10-06,0.2800,0.2900,0.2800,0.2900,35000
PJBUMI,2015-10-13,0.2900,0.2950,0.2900,0.2950,15000
PJBUMI,2015-10-15,0.3200,0.3200,0.3200,0.3200,25000
PJBUMI,2015-10-16,0.3200,0.3900,0.3200,0.3900,20000
PJBUMI,2015-10-22,0.3000,0.3000,0.2950,0.2950,19000
PJBUMI,2015-10-23,0.3000,0.3000,0.2950,0.2950,100000
PJBUMI,2015-10-26,0.2950,0.2950,0.2950,0.2950,20000
PJBUMI,2015-11-05,0.2900,0.2900,0.2900,0.2900,21000
PJBUMI,2015-11-06,0.2900,0.2950,0.2900,0.2900,32000
PJBUMI,2015-11-12,0.2800,0.2800,0.2800,0.2800,16000
PJBUMI,2015-11-13,0.2700,0.2750,0.2700,0.2750,1000
PJBUMI,2015-12-10,0.2600,0.2600,0.2600,0.2600,10000
PJBUMI,2015-12-14,0.2400,0.2400,0.2400,0.2400,30000
PJBUMI,2015-12-18,0.2300,0.3000,0.2300,0.2500,10000
PJBUMI,2015-12-21,0.2400,0.2400,0.2400,0.2400,5000
PJBUMI,2015-12-28,0.2800,0.2800,0.2800,0.2800,25000
PJBUMI,2015-12-29,0.2700,0.2700,0.2700,0.2700,7000
PJBUMI,2015-12-31,0.2800,0.2900,0.2800,0.2900,12000
PJBUMI,2016-01-15,0.2700,0.2700,0.2700,0.2700,9000
PJBUMI,2016-01-20,0.2600,0.2600,0.2500,0.2500,80000
PJBUMI,2016-01-21,0.2400,0.2400,0.2400,0.2400,10000
PJBUMI,2016-01-22,0.2300,0.2300,0.2300,0.2300,25000
PJBUMI,2016-01-28,0.2300,0.2300,0.2300,0.2300,30000
PJBUMI,2016-02-02,0.2300,0.2300,0.2300,0.2300,10000
PJBUMI,2016-02-03,0.2300,0.2300,0.2300,0.2300,1000
PJBUMI,2016-02-15,0.2300,0.2300,0.2100,0.2300,75000
PJBUMI,2016-02-17,0.2300,0.2300,0.2300,0.2300,10000
PJBUMI,2016-02-25,0.2350,0.2350,0.2350,0.2350,5000
PJBUMI,2016-03-07,0.2350,0.2350,0.2350,0.2350,18000
PJBUMI,2016-03-08,0.2350,0.2350,0.2350,0.2350,20000
PJBUMI,2016-03-09,0.2300,0.2300,0.2300,0.2300,60000
PJBUMI,2016-03-11,0.2250,0.2250,0.2250,0.2250,5000
PJBUMI,2016-03-14,0.2200,0.2300,0.2200,0.2300,65000
PJBUMI,2016-03-18,0.2250,0.2250,0.2250,0.2250,2000
PJBUMI,2016-03-24,0.2250,0.2250,0.2250,0.2250,381000
PJBUMI,2016-03-25,0.2200,0.2500,0.2200,0.2500,116100
PJBUMI,2016-03-30,0.2300,0.2400,0.2200,0.2200,585100
PJBUMI,2016-03-31,0.2150,0.2200,0.2150,0.2200,227000
PJBUMI,2016-04-01,0.2250,0.2500,0.2250,0.2500,65800
PJBUMI,2016-04-07,0.2400,0.2400,0.2400,0.2400,10000
PJBUMI,2016-04-08,0.2200,0.2200,0.2200,0.2200,18000
PJBUMI,2016-04-12,0.2250,0.2250,0.2200,0.2200,60000
PJBUMI,2016-04-13,0.2200,0.2200,0.2200,0.2200,55000
PJBUMI,2016-04-19,0.2150,0.2150,0.2150,0.2150,50000
PJBUMI,2016-04-20,0.2100,0.2150,0.2100,0.2150,83000
PJBUMI,2016-04-27,0.2100,0.2350,0.2050,0.2350,90400
PJBUMI,2016-05-06,0.2300,0.2300,0.2300,0.2300,100
PJBUMI,2016-05-10,0.2200,0.2200,0.2150,0.2150,87000
PJBUMI,2016-05-12,0.2100,0.2100,0.2100,0.2100,10000
PJBUMI,2016-05-13,0.2300,0.2300,0.2300,0.2300,400
PJBUMI,2016-05-16,0.2050,0.2200,0.2050,0.2200,39000
PJBUMI,2016-05-17,0.2200,0.2200,0.2100,0.2100,75000
PJBUMI,2016-05-18,0.2150,0.2150,0.2150,0.2150,5000
PJBUMI,2016-05-19,0.2200,0.2600,0.2200,0.2400,433000
PJBUMI,2016-05-20,0.2450,0.2600,0.2400,0.2550,400600
PJBUMI,2016-05-23,0.2650,0.2750,0.2550,0.2600,557900
PJBUMI,2016-05-24,0.2750,0.2750,0.2550,0.2650,16500
PJBUMI,2016-05-25,0.2250,0.2400,0.2200,0.2400,32500
PJBUMI,2016-05-26,0.2250,0.2400,0.2250,0.2400,15000
PJBUMI,2016-05-30,0.2200,0.2350,0.2200,0.2250,22500
PJBUMI,2016-05-31,0.2350,0.2350,0.2350,0.2350,82000
PJBUMI,2016-06-02,0.2200,0.2200,0.2200,0.2200,35000
PJBUMI,2016-06-06,0.2400,0.2400,0.2400,0.2400,500
PJBUMI,2016-06-07,0.2400,0.2600,0.2400,0.2600,9800
PJBUMI,2016-06-14,0.2250,0.2250,0.2250,0.2250,1000
PJBUMI,2016-06-16,0.2250,0.2250,0.2200,0.2200,20000
PJBUMI,2016-06-17,0.2300,0.2300,0.2250,0.2250,20000
PJBUMI,2016-06-21,0.2250,0.2250,0.2250,0.2250,3000
PJBUMI,2016-06-24,0.2200,0.2250,0.2200,0.2250,52900
PJBUMI,2016-06-28,0.2250,0.2250,0.2250,0.2250,6000
PJBUMI,2016-06-29,0.2200,0.2200,0.2200,0.2200,12000
PJBUMI,2016-06-30,0.2200,0.2200,0.2200,0.2200,20000
PJBUMI,2016-07-11,0.2200,0.2200,0.2200,0.2200,40000
PJBUMI,2016-07-14,0.2200,0.2200,0.2200,0.2200,30000
PJBUMI,2016-07-18,0.2200,0.2200,0.2200,0.2200,30000
PJBUMI,2016-07-19,0.2250,0.2300,0.2250,0.2300,21000
PJBUMI,2016-07-21,0.2300,0.2300,0.2300,0.2300,20000
PJBUMI,2016-07-25,0.2300,0.2300,0.2250,0.2250,45800
PJBUMI,2016-07-26,0.2250,0.2250,0.2250,0.2250,80000
PJBUMI,2016-07-27,0.2300,0.2300,0.2300,0.2300,56400
PJBUMI,2016-07-28,0.2250,0.2250,0.2250,0.2250,10000
PJBUMI,2016-08-01,0.2250,0.2250,0.2250,0.2250,100000
PJBUMI,2016-08-04,0.2250,0.2250,0.2250,0.2250,1000
PJBUMI,2016-08-10,0.2250,0.2250,0.2250,0.2250,3000
PJBUMI,2016-08-17,0.2400,0.2400,0.2400,0.2400,500
PJBUMI,2016-08-18,0.2450,0.2450,0.2450,0.2450,3000
PJBUMI,2016-08-22,0.2250,0.2250,0.2250,0.2250,1000
PJBUMI,2016-08-23,0.2250,0.2250,0.2250,0.2250,5000
PJBUMI,2016-08-24,0.2250,0.2250,0.2250,0.2250,31000
PJBUMI,2016-08-29,0.2250,0.2250,0.2250,0.2250,500
PJBUMI,2016-08-30,0.2250,0.2250,0.2250,0.2250,10000
PJBUMI,2016-09-05,0.2250,0.2250,0.2250,0.2250,30000
PJBUMI,2016-09-07,0.2300,0.2500,0.2300,0.2300,45000
PJBUMI,2016-09-08,0.2250,0.2250,0.2250,0.2250,24000
PJBUMI,2016-09-19,0.2250,0.2250,0.2250,0.2250,6000
PJBUMI,2016-09-21,0.2250,0.2250,0.2250,0.2250,16000
PJBUMI,2016-10-10,0.2250,0.2300,0.2250,0.2300,55000
PJBUMI,2016-10-12,0.2250,0.2250,0.2250,0.2250,1200
PJBUMI,2016-10-14,0.2250,0.2250,0.2250,0.2250,44200
PJBUMI,2016-10-17,0.2300,0.2300,0.2300,0.2300,6000
PJBUMI,2016-10-19,0.2300,0.2300,0.2300,0.2300,23100
PJBUMI,2016-10-21,0.2300,0.2300,0.2300,0.2300,600
PJBUMI,2016-10-25,0.2500,0.2500,0.2500,0.2500,2000
PJBUMI,2016-10-26,0.2500,0.2500,0.2300,0.2300,8000
PJBUMI,2016-10-27,0.2500,0.2500,0.2500,0.2500,5000
PJBUMI,2016-10-28,0.2600,0.2800,0.2600,0.2800,59000
PJBUMI,2016-10-31,0.2700,0.2800,0.2700,0.2800,6200
PJBUMI,2016-11-01,0.2900,0.3000,0.2600,0.3000,64100
PJBUMI,2016-11-02,0.3300,0.3300,0.2900,0.2900,2400
PJBUMI,2016-11-03,0.3400,0.3400,0.3000,0.3050,265900
PJBUMI,2016-11-04,0.3400,0.3700,0.3000,0.3250,82000
PJBUMI,2016-11-07,0.2700,0.3700,0.2700,0.3550,78500
PJBUMI,2016-11-08,0.3550,0.3550,0.3450,0.3450,34000
PJBUMI,2016-11-09,0.3000,0.3150,0.3000,0.3150,65000
PJBUMI,2016-11-10,0.3150,0.3400,0.3150,0.3350,345500
PJBUMI,2016-11-11,0.3300,0.3300,0.3300,0.3300,21400
PJBUMI,2016-11-14,0.2900,0.3200,0.2900,0.3200,30300
PJBUMI,2016-11-15,0.2850,0.2900,0.2850,0.2900,34700
PJBUMI,2016-11-16,0.2700,0.2850,0.2700,0.2850,32300
PJBUMI,2017-01-04,0.2450,0.2450,0.2450,0.2450,5000
PJBUMI,2017-01-10,0.2450,0.2450,0.2450,0.2450,1000
PJBUMI,2017-01-31,0.2400,0.2400,0.2400,0.2400,1000
PJBUMI,2017-02-06,0.2400,0.2400,0.2400,0.2400,225000
PJBUMI,2017-02-16,0.2500,0.3000,0.2500,0.3000,53000
PJBUMI,2017-02-17,0.3150,0.3400,0.3150,0.3300,554300
PJBUMI,2017-02-20,0.3300,0.3300,0.3300,0.3300,51000
PJBUMI,2017-02-21,0.3300,0.3300,0.3300,0.3300,200
PJBUMI,2017-02-22,0.2650,0.3150,0.2650,0.3150,40300
PJBUMI,2017-02-23,0.2650,0.2750,0.2650,0.2700,26300
PJBUMI,2017-02-24,0.2950,0.2950,0.2700,0.2700,2000
PJBUMI,2017-02-27,0.2600,0.2950,0.2600,0.2600,700
PJBUMI,2017-02-28,0.2950,0.2950,0.2600,0.2600,20500
PJBUMI,2017-03-01,0.2600,0.2600,0.2600,0.2600,4600
PJBUMI,2017-03-02,0.2600,0.2600,0.2600,0.2600,200
PJBUMI,2017-03-03,0.2850,0.2900,0.2850,0.2900,7400
PJBUMI,2017-03-06,0.2900,0.3150,0.2900,0.3000,68300
PJBUMI,2017-03-07,0.3100,0.3100,0.3100,0.3100,12000
PJBUMI,2017-03-08,0.3100,0.3100,0.2750,0.2750,400
PJBUMI,2017-03-13,0.2750,0.2950,0.2750,0.2950,41000
PJBUMI,2017-03-14,0.2800,0.2800,0.2600,0.2700,25600
PJBUMI,2017-03-16,0.2700,0.2700,0.2700,0.2700,42000
PJBUMI,2017-03-17,0.2950,0.2950,0.2950,0.2950,5000
PJBUMI,2017-03-20,0.2750,0.2950,0.2750,0.2950,324000
PJBUMI,2017-03-21,0.2950,0.3000,0.2950,0.3000,10000
PJBUMI,2017-03-22,0.2950,0.3000,0.2950,0.3000,3000
PJBUMI,2017-03-23,0.2750,0.2750,0.2750,0.2750,9900
PJBUMI,2017-03-27,0.2800,0.2800,0.2800,0.2800,10000
PJBUMI,2017-03-28,0.2800,0.3100,0.2800,0.2950,77700
PJBUMI,2017-03-29,0.2900,0.3200,0.2900,0.3100,227300
PJBUMI,2017-03-30,0.3050,0.3150,0.3000,0.3150,1300
PJBUMI,2017-03-31,0.3200,0.3300,0.3100,0.3150,46600
PJBUMI,2017-04-03,0.32,0.32,0.31,0.31,10200.0
PJBUMI,2017-04-04,0.31,0.31,0.31,0.31,25000.0
PJBUMI,2017-04-05,0.31,0.34,0.31,0.335,570400.0
PJBUMI,2017-04-06,0.325,0.34,0.325,0.34,50700.0
PJBUMI,2017-04-07,0.33,0.36,0.33,0.35,290700.0
PJBUMI,2017-04-10,0.345,0.37,0.345,0.37,245500.0
PJBUMI,2017-04-11,0.36,0.4,0.36,0.4,990000.0
PJBUMI,2017-04-12,0.4,0.42,0.37,0.39,3070000.0
PJBUMI,2017-04-13,0.365,0.38,0.345,0.375,40300.0
PJBUMI,2017-04-14,0.345,0.365,0.34,0.365,50000.0
PJBUMI,2017-04-17,0.36,0.385,0.335,0.35,1490000.0
PJBUMI,2017-04-18,0.33,0.37,0.33,0.35,165600.0
PJBUMI,2017-04-19,0.37,0.37,0.345,0.36,44500.0
PJBUMI,2017-04-20,0.33,0.355,0.33,0.355,56200.0
PJBUMI,2017-04-21,0.345,0.355,0.34,0.355,721700.0
PJBUMI,2017-04-25,0.365,0.365,0.325,0.355,95300.0
PJBUMI,2017-04-26,0.33,0.36,0.32,0.36,120400.0
PJBUMI,2017-04-27,0.345,0.36,0.34,0.36,96600.0
PJBUMI,2017-04-28,0.365,0.375,0.335,0.35,2160000.0
PJBUMI,2017-05-03,0.32,0.33,0.31,0.32,80400.0
PJBUMI,2017-05-04,0.32,0.32,0.31,0.31,204300.0
PJBUMI,2017-05-05,0.305,0.325,0.295,0.325,81100.0
PJBUMI,2017-05-08,0.325,0.325,0.305,0.305,10200.0
PJBUMI,2017-05-09,0.31,0.31,0.305,0.305,57000.0
PJBUMI,2017-05-11,0.305,0.305,0.3,0.3,82700.0
PJBUMI,2017-05-12,0.295,0.295,0.295,0.295,27200.0
PJBUMI,2017-05-15,0.3,0.3,0.3,0.3,5000.0
PJBUMI,2017-05-16,0.3,0.3,0.3,0.3,6000.0
PJBUMI,2017-05-17,0.295,0.3,0.23,0.29,52500.0
PJBUMI,2017-05-18,0.275,0.275,0.275,0.275,400.0
PJBUMI,2017-05-23,0.3,0.3,0.3,0.3,20000.0
PJBUMI,2017-05-24,0.305,0.305,0.29,0.29,35000.0
PJBUMI,2017-05-26,0.29,0.29,0.29,0.29,35000.0
PJBUMI,2017-05-29,0.29,0.29,0.29,0.29,20000.0
PJBUMI,2017-05-30,0.28,0.28,0.28,0.28,125000.0
PJBUMI,2017-05-31,0.305,0.305,0.305,0.305,1000.0
PJBUMI,2017-06-09,0.3,0.3,0.29,0.3,82800.0
PJBUMI,2017-06-13,0.305,0.305,0.3,0.3,38000.0
PJBUMI,2017-06-14,0.3,0.3,0.295,0.3,42100.0
PJBUMI,2017-06-15,0.3,0.3,0.3,0.3,32000.0
PJBUMI,2017-06-16,0.3,0.3,0.295,0.295,75300.0
PJBUMI,2017-06-19,0.305,0.305,0.295,0.295,3000.0
PJBUMI,2017-07-03,0.25,0.26,0.25,0.255,214100.0
PJBUMI,2017-07-04,0.25,0.25,0.25,0.25,900.0
PJBUMI,2017-07-10,0.26,0.26,0.26,0.26,25000.0
PJBUMI,2017-07-14,0.26,0.26,0.26,0.26,39300.0
PJBUMI,2017-07-17,0.26,0.27,0.26,0.27,32000.0
PJBUMI,2017-07-18,0.275,0.275,0.275,0.275,29900.0
PJBUMI,2017-07-20,0.27,0.275,0.27,0.275,15000.0
PJBUMI,2017-07-21,0.285,0.285,0.285,0.285,10000.0
PJBUMI,2017-07-24,0.28,0.29,0.28,0.29,28000.0
PJBUMI,2017-07-25,0.285,0.285,0.285,0.285,45400.0
PJBUMI,2017-07-26,0.285,0.295,0.28,0.28,28900.0
PJBUMI,2017-07-28,0.28,0.28,0.27,0.27,80000.0
PJBUMI,2017-08-02,0.265,0.265,0.265,0.265,15300.0
PJBUMI,2017-08-08,0.265,0.265,0.265,0.265,20000.0
PJBUMI,2017-08-11,0.265,0.265,0.265,0.265,20000.0
PJBUMI,2017-08-14,0.265,0.265,0.265,0.265,57000.0
PJBUMI,2017-08-16,0.265,0.265,0.265,0.265,13000.0
PJBUMI,2017-08-21,0.27,0.27,0.27,0.27,1000.0
PJBUMI,2017-08-23,0.27,0.27,0.27,0.27,2800.0
PJBUMI,2017-08-25,0.27,0.27,0.27,0.27,1000.0
PJBUMI,2017-08-29,0.27,0.27,0.27,0.27,106000.0
PJBUMI,2017-08-30,0.27,0.27,0.27,0.27,87200.0
PJBUMI,2017-09-05,0.27,0.27,0.27,0.27,10000.0
PJBUMI,2017-09-07,0.3,0.3,0.295,0.295,13000.0
PJBUMI,2017-09-08,0.275,0.3,0.275,0.275,6200.0
PJBUMI,2017-09-12,0.275,0.275,0.275,0.275,6000.0
PJBUMI,2017-09-13,0.29,0.29,0.29,0.29,23000.0
PJBUMI,2017-09-15,0.295,0.295,0.29,0.29,120000.0
PJBUMI,2017-09-18,0.29,0.29,0.29,0.29,5000.0
PJBUMI,2017-09-19,0.29,0.29,0.29,0.29,2000.0
PJBUMI,2017-09-20,0.29,0.29,0.29,0.29,31200.0
PJBUMI,2017-09-21,0.29,0.29,0.29,0.29,5000.0
PJBUMI,2017-09-25,0.305,0.35,0.305,0.31,41200.0
PJBUMI,2017-10-02,0.32,0.32,0.32,0.32,50000.0
PJBUMI,2017-10-11,0.3,0.31,0.3,0.31,43000.0
PJBUMI,2017-10-16,0.34,0.34,0.29,0.295,6200.0
PJBUMI,2017-10-24,0.295,0.295,0.295,0.295,1000.0
PJBUMI,2017-10-25,0.295,0.295,0.285,0.295,62300.0
PJBUMI,2017-10-27,0.295,0.31,0.295,0.3,17500.0
PJBUMI,2017-11-14,0.3,0.3,0.3,0.3,56000.0
PJBUMI,2017-11-15,0.295,0.295,0.295,0.295,11000.0
PJBUMI,2017-11-20,0.295,0.3,0.295,0.3,44500.0
PJBUMI,2017-11-21,0.29,0.29,0.29,0.29,10000.0
PJBUMI,2017-12-06,0.26,0.26,0.26,0.26,13000.0
PJBUMI,2017-12-07,0.27,0.27,0.27,0.27,10600.0
PJBUMI,2017-12-14,0.27,0.27,0.27,0.27,10000.0
PJBUMI,2017-12-22,0.27,0.27,0.27,0.27,39800.0
PJBUMI,2017-12-26,0.27,0.27,0.27,0.27,52600.0
PJBUMI,2018-01-05,0.25,0.26,0.25,0.26,15100.0
PJBUMI,2018-01-09,0.26,0.26,0.26,0.26,2100.0
PJBUMI,2018-01-10,0.28,0.28,0.28,0.28,15000.0
PJBUMI,2018-01-11,0.28,0.28,0.26,0.26,23000.0
PJBUMI,2018-01-15,0.265,0.265,0.265,0.265,20000.0
PJBUMI,2018-01-18,0.265,0.265,0.26,0.26,79400.0
PJBUMI,2018-01-23,0.255,0.255,0.255,0.255,3000.0
PJBUMI,2018-01-26,0.255,0.255,0.255,0.255,3000.0
PJBUMI,2018-01-30,0.255,0.255,0.255,0.255,1000.0
PJBUMI,2018-02-06,0.24,0.24,0.235,0.235,110000.0
PJBUMI,2018-02-07,0.235,0.235,0.235,0.235,17100.0
PJBUMI,2018-02-08,0.2,0.235,0.2,0.235,25600.0
PJBUMI,2018-02-09,0.22,0.22,0.22,0.22,10000.0
PJBUMI,2018-02-22,0.22,0.22,0.22,0.22,14500.0
PJBUMI,2018-02-23,0.22,0.22,0.22,0.22,20000.0
PJBUMI,2018-02-27,0.22,0.22,0.22,0.22,2000.0
PJBUMI,2018-03-01,0.22,0.22,0.22,0.22,1000.0
PJBUMI,2018-03-05,0.215,0.215,0.215,0.215,1000.0
PJBUMI,2018-03-07,0.215,0.215,0.21,0.21,130600.0
PJBUMI,2018-03-16,0.22,0.22,0.22,0.22,10000.0
PJBUMI,2018-03-19,0.22,0.22,0.22,0.22,5000.0
PJBUMI,2018-03-28,0.205,0.205,0.205,0.205,1000.0
