PTB,2007-01-03,0.1700,0.1700,0.1650,0.1650,132000
PTB,2007-01-04,0.1650,0.1650,0.1650,0.1650,140000
PTB,2007-01-05,0.1650,0.1650,0.1650,0.1650,156000
PTB,2007-01-08,0.1650,0.1700,0.1600,0.1700,272300
PTB,2007-01-09,0.1650,0.1750,0.1650,0.1750,214900
PTB,2007-01-10,0.1700,0.1700,0.1650,0.1650,140000
PTB,2007-01-11,0.1650,0.1750,0.1650,0.1700,451300
PTB,2007-01-12,0.1700,0.1700,0.1650,0.1700,524700
PTB,2007-01-15,0.1650,0.1700,0.1650,0.1700,106100
PTB,2007-01-16,0.1700,0.1700,0.1600,0.1700,153300
PTB,2007-01-17,0.1600,0.1700,0.1600,0.1700,185000
PTB,2007-01-18,0.1650,0.1700,0.1650,0.1650,106600
PTB,2007-01-19,0.1650,0.1650,0.1650,0.1650,441700
PTB,2007-01-22,0.1700,0.1700,0.1650,0.1650,146300
PTB,2007-01-23,0.1650,0.1750,0.1650,0.1700,599800
PTB,2007-01-24,0.1700,0.1700,0.1650,0.1700,512300
PTB,2007-01-25,0.1650,0.1650,0.1600,0.1600,407900
PTB,2007-01-26,0.1650,0.1650,0.1600,0.1600,160000
PTB,2007-01-29,0.1600,0.1700,0.1600,0.1700,260100
PTB,2007-01-30,0.1650,0.1700,0.1600,0.1650,346100
PTB,2007-01-31,0.1650,0.1700,0.1600,0.1600,119700
PTB,2007-02-02,0.1650,0.1650,0.1600,0.1650,65000
PTB,2007-02-05,0.1650,0.1700,0.1600,0.1650,698000
PTB,2007-02-06,0.1650,0.1750,0.1650,0.1700,317000
PTB,2007-02-07,0.1650,0.1700,0.1650,0.1700,120100
PTB,2007-02-08,0.1650,0.1650,0.1650,0.1650,128300
PTB,2007-02-09,0.1700,0.1750,0.1600,0.1650,373100
PTB,2007-02-12,0.1650,0.1650,0.1600,0.1600,199000
PTB,2007-02-13,0.1650,0.1700,0.1650,0.1650,39000
PTB,2007-02-14,0.1700,0.1750,0.1700,0.1700,661900
PTB,2007-02-15,0.1700,0.1800,0.1700,0.1800,637300
PTB,2007-02-16,0.1700,0.1750,0.1700,0.1750,401900
PTB,2007-02-21,0.1750,0.1950,0.1750,0.1950,2198800
PTB,2007-02-22,0.2000,0.2200,0.1900,0.2050,5420700
PTB,2007-02-23,0.2100,0.2150,0.1950,0.2050,1423200
PTB,2007-02-26,0.2000,0.2000,0.1900,0.1900,1410000
PTB,2007-02-27,0.1950,0.1950,0.1700,0.1700,983100
PTB,2007-02-28,0.1600,0.1700,0.1550,0.1650,1646500
PTB,2007-03-01,0.1700,0.1750,0.1650,0.1650,929000
PTB,2007-03-02,0.1650,0.1700,0.1600,0.1650,490500
PTB,2007-03-05,0.1600,0.1600,0.1500,0.1500,2029000
PTB,2007-03-06,0.1500,0.1600,0.1500,0.1600,138000
PTB,2007-03-07,0.1650,0.1700,0.1600,0.1600,537000
PTB,2007-03-08,0.1600,0.1750,0.1600,0.1750,313100
PTB,2007-03-09,0.1700,0.1700,0.1600,0.1650,141200
PTB,2007-03-12,0.1650,0.1650,0.1650,0.1650,116000
PTB,2007-03-13,0.1700,0.1700,0.1600,0.1600,310000
PTB,2007-03-14,0.1600,0.1600,0.1500,0.1600,1780900
PTB,2007-03-15,0.1600,0.1650,0.1600,0.1650,338700
PTB,2007-03-16,0.1600,0.1650,0.1550,0.1650,248500
PTB,2007-03-19,0.1650,0.1650,0.1550,0.1650,130300
PTB,2007-03-20,0.1600,0.1650,0.1550,0.1650,119100
PTB,2007-03-21,0.1650,0.1700,0.1600,0.1650,221500
PTB,2007-03-22,0.1700,0.1700,0.1650,0.1700,273900
PTB,2007-03-23,0.1650,0.1650,0.1600,0.1650,283800
PTB,2007-03-26,0.1600,0.1650,0.1600,0.1650,96200
PTB,2007-03-27,0.1650,0.1700,0.1600,0.1700,669300
PTB,2007-03-28,0.1650,0.1650,0.1600,0.1650,544900
PTB,2007-03-29,0.1600,0.1650,0.1600,0.1650,473600
PTB,2007-03-30,0.1650,0.1700,0.1600,0.1650,382200
PTB,2007-04-02,0.1650,0.1700,0.1600,0.1650,551800
PTB,2007-04-03,0.1600,0.1600,0.1600,0.1600,216500
PTB,2007-04-04,0.1600,0.1600,0.1600,0.1600,87000
PTB,2007-04-05,0.1600,0.1600,0.1600,0.1600,189800
PTB,2007-04-06,0.1600,0.1700,0.1600,0.1600,639100
PTB,2007-04-09,0.1600,0.1700,0.1600,0.1650,408600
PTB,2007-04-10,0.1650,0.1650,0.1600,0.1600,54900
PTB,2007-04-11,0.1600,0.1650,0.1600,0.1600,304800
PTB,2007-04-12,0.1600,0.1650,0.1550,0.1650,271100
PTB,2007-04-13,0.1600,0.1600,0.1600,0.1600,128900
PTB,2007-04-16,0.1600,0.1600,0.1550,0.1600,140900
PTB,2007-04-17,0.1550,0.1550,0.1550,0.1550,40000
PTB,2007-04-18,0.1550,0.1550,0.1550,0.1550,34000
PTB,2007-04-19,0.1550,0.1600,0.1550,0.1600,897100
PTB,2007-04-20,0.1550,0.1550,0.1550,0.1550,164500
PTB,2007-04-23,0.1600,0.1600,0.1550,0.1550,107800
PTB,2007-04-24,0.1550,0.1550,0.1550,0.1550,41000
PTB,2007-04-25,0.1600,0.1600,0.1550,0.1550,32000
PTB,2007-04-27,0.1550,0.1600,0.1550,0.1600,44000
PTB,2007-04-30,0.1550,0.1600,0.1550,0.1600,95000
PTB,2007-05-03,0.1600,0.1600,0.1600,0.1600,100000
PTB,2007-05-04,0.1600,0.1600,0.1600,0.1600,35000
PTB,2007-05-07,0.1550,0.1550,0.1550,0.1550,135000
PTB,2007-05-08,0.1550,0.1550,0.1550,0.1550,152000
PTB,2007-05-09,0.1550,0.1600,0.1550,0.1600,237900
PTB,2007-05-10,0.1550,0.1550,0.1550,0.1550,187900
PTB,2007-05-11,0.1550,0.1550,0.1550,0.1550,320100
PTB,2007-05-14,0.1550,0.1600,0.1550,0.1550,151000
PTB,2007-05-15,0.1550,0.1550,0.1500,0.1550,477000
PTB,2007-05-16,0.1550,0.1550,0.1550,0.1550,2000
PTB,2007-05-17,0.1550,0.1550,0.1550,0.1550,149000
PTB,2007-05-18,0.1500,0.1550,0.1500,0.1500,50000
PTB,2007-05-21,0.1500,0.1500,0.1500,0.1500,41000
PTB,2007-05-22,0.1450,0.1450,0.1450,0.1450,2000
PTB,2007-05-23,0.1500,0.1500,0.1450,0.1450,51000
PTB,2007-05-24,0.1450,0.1450,0.1450,0.1450,16000
PTB,2007-05-25,0.1450,0.1550,0.1450,0.1500,401500
PTB,2007-05-28,0.1550,0.1550,0.1550,0.1550,441700
PTB,2007-05-29,0.1550,0.1550,0.1500,0.1500,35000
PTB,2007-05-30,0.1500,0.1500,0.1450,0.1450,445000
PTB,2007-05-31,0.1450,0.1500,0.1450,0.1500,440000
PTB,2007-06-01,0.1450,0.1500,0.1450,0.1500,18000
PTB,2007-06-04,0.1500,0.1500,0.1500,0.1500,10000
PTB,2007-06-05,0.1450,0.1450,0.1450,0.1450,10000
PTB,2007-06-06,0.1450,0.1500,0.1450,0.1500,55000
PTB,2007-06-07,0.1500,0.1500,0.1500,0.1500,71000
PTB,2007-06-08,0.1450,0.1450,0.1450,0.1450,5000
PTB,2007-06-11,0.1450,0.1500,0.1450,0.1500,63000
PTB,2007-06-12,0.1500,0.1500,0.1500,0.1500,118000
PTB,2007-06-13,0.1500,0.1550,0.1450,0.1550,30600
PTB,2007-06-14,0.1500,0.1500,0.1500,0.1500,1000
PTB,2007-06-15,0.1500,0.1500,0.1500,0.1500,82000
PTB,2007-06-18,0.1500,0.1500,0.1450,0.1450,83000
PTB,2007-06-19,0.1500,0.1550,0.1500,0.1550,60000
PTB,2007-06-20,0.1500,0.1500,0.1500,0.1500,19000
PTB,2007-06-21,0.1450,0.1450,0.1450,0.1450,5000
PTB,2007-06-22,0.1450,0.1550,0.1450,0.1550,106000
PTB,2007-06-25,0.1500,0.1500,0.1500,0.1500,19900
PTB,2007-06-26,0.1500,0.1500,0.1500,0.1500,29000
PTB,2007-06-27,0.1500,0.1500,0.1500,0.1500,167000
PTB,2007-06-28,0.1500,0.1550,0.1500,0.1550,461500
PTB,2007-06-29,0.1550,0.1550,0.1500,0.1500,38000
PTB,2007-07-02,0.1450,0.1500,0.1450,0.1500,62000
PTB,2007-07-03,0.1450,0.1500,0.1450,0.1500,47100
PTB,2007-07-04,0.1450,0.1500,0.1450,0.1500,305100
PTB,2007-07-05,0.1450,0.1450,0.1450,0.1450,5000
PTB,2007-07-09,0.1450,0.1450,0.1450,0.1450,50000
PTB,2007-07-10,0.1450,0.1450,0.1450,0.1450,50000
PTB,2007-07-11,0.1500,0.1650,0.1500,0.1600,721600
PTB,2007-07-12,0.1600,0.1700,0.1600,0.1600,727400
PTB,2007-07-13,0.1600,0.1600,0.1600,0.1600,61000
PTB,2007-07-16,0.1600,0.1600,0.1550,0.1550,100000
PTB,2007-07-17,0.1550,0.1600,0.1550,0.1600,157000
PTB,2007-07-18,0.1600,0.1600,0.1500,0.1500,194000
PTB,2007-07-19,0.1550,0.1600,0.1500,0.1600,271300
PTB,2007-07-20,0.1550,0.1600,0.1550,0.1600,86000
PTB,2007-07-23,0.1550,0.1600,0.1550,0.1600,37000
PTB,2007-07-24,0.1600,0.1600,0.1600,0.1600,462000
PTB,2007-07-25,0.1550,0.1600,0.1550,0.1550,159500
PTB,2007-07-26,0.1600,0.1600,0.1550,0.1550,55900
PTB,2007-07-27,0.1550,0.1550,0.1500,0.1500,91800
PTB,2007-07-30,0.1500,0.1550,0.1500,0.1550,6000
PTB,2007-07-31,0.1500,0.1550,0.1500,0.1500,106800
PTB,2007-08-01,0.1500,0.1500,0.1450,0.1450,50000
PTB,2007-08-02,0.1500,0.1500,0.1500,0.1500,20000
PTB,2007-08-03,0.1500,0.1500,0.1500,0.1500,50000
PTB,2007-08-06,0.1450,0.1450,0.1400,0.1400,111000
PTB,2007-08-07,0.1450,0.1450,0.1450,0.1450,90000
PTB,2007-08-08,0.1450,0.1450,0.1450,0.1450,20000
PTB,2007-08-09,0.1450,0.1450,0.1400,0.1450,155800
PTB,2007-08-10,0.1450,0.1500,0.1400,0.1500,130100
PTB,2007-08-14,0.1400,0.1400,0.1400,0.1400,10000
PTB,2007-08-15,0.1400,0.1400,0.1300,0.1300,332100
PTB,2007-08-16,0.1300,0.1350,0.1300,0.1300,352000
PTB,2007-08-17,0.1300,0.1300,0.1200,0.1250,389000
PTB,2007-08-20,0.1200,0.1300,0.1200,0.1250,55000
PTB,2007-08-22,0.1350,0.1400,0.1300,0.1300,63100
PTB,2007-08-23,0.1300,0.1650,0.1300,0.1500,1495500
PTB,2007-08-28,0.1400,0.1400,0.1400,0.1400,10000
PTB,2007-08-29,0.1400,0.1400,0.1400,0.1400,25000
PTB,2007-08-30,0.1400,0.1400,0.1350,0.1350,113500
PTB,2007-09-03,0.1400,0.1400,0.1400,0.1400,10000
PTB,2007-09-05,0.1450,0.1450,0.1450,0.1450,20000
PTB,2007-09-06,0.1500,0.1500,0.1500,0.1500,15000
PTB,2007-09-07,0.1500,0.1550,0.1450,0.1550,798500
PTB,2007-09-11,0.1450,0.1450,0.1400,0.1400,20000
PTB,2007-09-12,0.1400,0.1400,0.1350,0.1400,45000
PTB,2007-09-13,0.1400,0.1400,0.1350,0.1350,69000
PTB,2007-09-19,0.1350,0.1400,0.1350,0.1400,35000
PTB,2007-09-20,0.1350,0.1350,0.1350,0.1350,10000
PTB,2007-09-25,0.1350,0.1350,0.1350,0.1350,20000
PTB,2007-09-28,0.1300,0.1400,0.1300,0.1400,60100
PTB,2007-10-02,0.1350,0.1350,0.1350,0.1350,46100
PTB,2007-10-04,0.1350,0.1350,0.1350,0.1350,50000
PTB,2007-10-08,0.1350,0.1350,0.1350,0.1350,51000
PTB,2007-10-10,0.1400,0.1400,0.1400,0.1400,169500
PTB,2007-10-11,0.1350,0.1350,0.1350,0.1350,2000
PTB,2007-10-12,0.1350,0.1350,0.1350,0.1350,23000
PTB,2007-10-16,0.1350,0.1350,0.1350,0.1350,23000
PTB,2007-10-17,0.1350,0.1350,0.1350,0.1350,43000
PTB,2007-10-18,0.1500,0.1550,0.1500,0.1500,60000
PTB,2007-10-19,0.1350,0.1350,0.1350,0.1350,35000
PTB,2007-10-22,0.1350,0.1450,0.1350,0.1450,53000
PTB,2007-10-23,0.1400,0.1400,0.1400,0.1400,3000
PTB,2007-10-24,0.1400,0.1400,0.1350,0.1350,83000
PTB,2007-10-25,0.1350,0.1350,0.1350,0.1350,8100
PTB,2007-10-26,0.1350,0.1400,0.1350,0.1400,90000
PTB,2007-10-30,0.1450,0.1450,0.1400,0.1400,61100
PTB,2007-11-02,0.1500,0.1500,0.1350,0.1350,14000
PTB,2007-11-05,0.1400,0.1400,0.1350,0.1350,90000
PTB,2007-11-06,0.1350,0.1400,0.1350,0.1350,117100
PTB,2007-11-07,0.1350,0.1400,0.1350,0.1400,51200
PTB,2007-11-12,0.1350,0.1350,0.1350,0.1350,120000
PTB,2007-11-13,0.1300,0.1350,0.1300,0.1350,17000
PTB,2007-11-15,0.1350,0.1350,0.1350,0.1350,10000
PTB,2007-11-16,0.1300,0.1350,0.1300,0.1350,303500
PTB,2007-11-20,0.1300,0.1300,0.1300,0.1300,135000
PTB,2007-11-21,0.1300,0.1350,0.1250,0.1350,145100
PTB,2007-11-23,0.1300,0.1300,0.1250,0.1250,70000
PTB,2007-11-26,0.1300,0.1300,0.1250,0.1250,63000
PTB,2007-11-27,0.1250,0.1300,0.1250,0.1300,1200
PTB,2007-11-28,0.1200,0.1200,0.1200,0.1200,18200
PTB,2007-11-29,0.1200,0.1200,0.1200,0.1200,51000
PTB,2007-11-30,0.1200,0.1300,0.1200,0.1250,79000
PTB,2007-12-04,0.1300,0.1350,0.1250,0.1350,124700
PTB,2007-12-06,0.1300,0.1350,0.1300,0.1350,41200
PTB,2007-12-12,0.1200,0.1300,0.1100,0.1300,147100
PTB,2007-12-13,0.1250,0.1300,0.1250,0.1300,88900
PTB,2007-12-17,0.1200,0.1200,0.1200,0.1200,5000
PTB,2007-12-18,0.1200,0.1400,0.1200,0.1400,1500
PTB,2007-12-19,0.1200,0.1300,0.1200,0.1300,29000
PTB,2007-12-21,0.1250,0.1250,0.1250,0.1250,3000
PTB,2007-12-24,0.1200,0.1300,0.1200,0.1300,50000
PTB,2007-12-28,0.1250,0.1250,0.1250,0.1250,3000
PTB,2007-12-31,0.1250,0.1500,0.1250,0.1450,310000
PTB,2008-01-02,0.1600,0.1600,0.1600,0.1600,5000
PTB,2008-01-16,0.1250,0.1350,0.1250,0.1350,92100
PTB,2008-01-22,0.1150,0.1150,0.1150,0.1150,2000
PTB,2008-01-24,0.1050,0.1600,0.1050,0.1600,7100
PTB,2008-01-30,0.1250,0.1250,0.1250,0.1250,6000
PTB,2008-01-31,0.1000,0.1500,0.1000,0.1500,81100
PTB,2008-02-05,0.1300,0.1300,0.1200,0.1300,36000
PTB,2008-02-06,0.1300,0.1300,0.1300,0.1300,20000
PTB,2008-02-11,0.1350,0.1350,0.1300,0.1300,50000
PTB,2008-02-13,0.1100,0.1300,0.1100,0.1300,60500
PTB,2008-02-20,0.1150,0.1350,0.1150,0.1350,5500
PTB,2008-02-26,0.1450,0.1450,0.1450,0.1450,20000
PTB,2008-02-29,0.1150,0.1450,0.1150,0.1450,20500
PTB,2008-03-03,0.1050,0.1350,0.1050,0.1350,500
PTB,2008-03-11,0.1050,0.1300,0.1050,0.1300,20600
PTB,2008-03-12,0.1200,0.1300,0.1200,0.1300,15100
PTB,2008-03-13,0.1100,0.1300,0.1100,0.1300,20600
PTB,2008-03-14,0.1300,0.1500,0.1300,0.1500,5000
PTB,2008-03-18,0.1150,0.1450,0.1150,0.1450,10500
PTB,2008-03-19,0.1150,0.1400,0.1150,0.1400,67500
PTB,2008-03-24,0.1050,0.1400,0.1050,0.1400,60500
PTB,2008-03-31,0.1150,0.1200,0.1150,0.1200,120000
PTB,2008-04-01,0.1100,0.1100,0.1100,0.1100,1000
PTB,2008-04-02,0.1200,0.1200,0.1100,0.1100,36000
PTB,2008-04-08,0.1150,0.1200,0.1150,0.1200,23600
PTB,2008-04-11,0.1100,0.1100,0.1100,0.1100,10000
PTB,2008-04-14,0.1150,0.1250,0.1100,0.1250,30500
PTB,2008-04-17,0.1100,0.1250,0.1100,0.1250,60500
PTB,2008-04-21,0.1150,0.1200,0.1150,0.1200,20500
PTB,2008-04-22,0.1150,0.1250,0.1150,0.1250,104000
PTB,2008-04-23,0.1150,0.1500,0.1150,0.1500,19600
PTB,2008-04-24,0.1200,0.1200,0.1200,0.1200,50000
PTB,2008-04-25,0.1200,0.1200,0.1200,0.1200,20000
PTB,2008-05-05,0.1100,0.1100,0.1100,0.1100,60000
PTB,2008-05-06,0.1050,0.1150,0.1000,0.1150,154200
PTB,2008-05-07,0.1050,0.1150,0.1050,0.1150,76000
PTB,2008-05-08,0.1100,0.1100,0.1100,0.1100,4500
PTB,2008-05-09,0.1100,0.1150,0.1100,0.1150,40000
PTB,2008-05-14,0.1350,0.1350,0.1150,0.1150,100000
PTB,2008-05-26,0.1050,0.1450,0.1050,0.1450,50500
PTB,2008-06-05,0.1050,0.1400,0.1050,0.1400,189800
PTB,2008-06-09,0.1050,0.1400,0.1050,0.1400,95400
PTB,2008-06-10,0.1050,0.1400,0.1050,0.1400,110100
PTB,2008-06-12,0.1050,0.1100,0.1050,0.1100,51000
PTB,2008-06-16,0.1050,0.1500,0.1050,0.1500,6500
PTB,2008-06-17,0.1100,0.1100,0.1100,0.1100,19000
PTB,2008-06-18,0.1100,0.1100,0.1100,0.1100,10000
PTB,2008-06-19,0.1100,0.1100,0.1100,0.1100,90100
PTB,2008-06-24,0.1050,0.1050,0.1050,0.1050,5000
PTB,2008-06-26,0.1100,0.1100,0.1100,0.1100,66100
PTB,2008-06-27,0.1050,0.1400,0.1050,0.1400,20100
PTB,2008-06-30,0.1100,0.1100,0.1100,0.1100,30000
PTB,2008-07-01,0.1050,0.1400,0.1050,0.1400,80500
PTB,2008-07-02,0.1100,0.1250,0.1100,0.1250,30100
PTB,2008-07-07,0.1050,0.1200,0.1050,0.1200,25000
PTB,2008-07-08,0.1050,0.1100,0.1000,0.1050,178400
PTB,2008-07-09,0.1100,0.1100,0.1050,0.1100,40300
PTB,2008-07-10,0.1050,0.1100,0.1050,0.1100,24000
PTB,2008-07-15,0.1050,0.1050,0.1050,0.1050,30000
PTB,2008-07-16,0.1050,0.1150,0.1050,0.1150,30100
PTB,2008-07-23,0.1050,0.1050,0.1050,0.1050,10000
PTB,2008-07-24,0.1100,0.1100,0.1100,0.1100,91000
PTB,2008-07-25,0.1050,0.1100,0.1050,0.1100,50100
PTB,2008-07-29,0.1050,0.1050,0.1050,0.1050,32
PTB,2008-07-30,0.1100,0.1100,0.1000,0.1100,108000
PTB,2008-08-01,0.1000,0.1100,0.1000,0.1100,309900
PTB,2008-08-05,0.1000,0.1100,0.1000,0.1100,12600
PTB,2008-08-06,0.1000,0.1100,0.0950,0.1100,61900
PTB,2008-08-12,0.1000,0.1000,0.1000,0.1000,50
PTB,2008-08-25,0.0950,0.1300,0.0950,0.1300,5100
PTB,2008-09-29,0.0800,0.1300,0.0800,0.1300,51600
PTB,2008-10-15,0.1300,0.1300,0.0800,0.1300,119000
PTB,2008-10-20,0.0800,0.1300,0.0800,0.1300,20500
PTB,2008-10-22,0.0850,0.0900,0.0850,0.0900,50500
PTB,2008-10-23,0.0800,0.1300,0.0800,0.1300,3500
PTB,2008-10-30,0.0800,0.1250,0.0800,0.1250,11000
PTB,2008-10-31,0.0800,0.1300,0.0800,0.1300,291700
PTB,2008-11-03,0.1000,0.1150,0.1000,0.1150,62600
PTB,2008-11-06,0.0850,0.1200,0.0850,0.1200,10100
PTB,2008-11-18,0.0800,0.1250,0.0800,0.1250,139600
PTB,2008-11-28,0.0800,0.0950,0.0800,0.0950,97100
PTB,2008-12-09,0.0750,0.0850,0.0750,0.0750,140000
PTB,2008-12-10,0.0800,0.0800,0.0800,0.0800,20000
PTB,2008-12-15,0.0700,0.0700,0.0700,0.0700,50000
PTB,2008-12-17,0.0700,0.0750,0.0700,0.0750,303900
PTB,2008-12-19,0.0700,0.0750,0.0700,0.0750,134800
PTB,2008-12-24,0.0750,0.0750,0.0750,0.0750,2000
PTB,2008-12-31,0.0750,0.1300,0.0750,0.1300,15500
PTB,2009-01-02,0.0950,0.0950,0.0900,0.0900,47000
PTB,2009-01-05,0.0800,0.0800,0.0800,0.0800,5000
PTB,2009-01-14,0.0700,0.0700,0.0700,0.0700,40000
PTB,2009-01-29,0.0700,0.1300,0.0550,0.1300,201000
PTB,2009-01-30,0.0650,0.0900,0.0650,0.0800,102800
PTB,2009-02-05,0.0650,0.0650,0.0650,0.0650,2000
PTB,2009-02-06,0.1200,0.1200,0.1200,0.1200,1000
PTB,2009-02-25,0.0750,0.0750,0.0750,0.0750,60300
PTB,2009-02-26,0.0750,0.0800,0.0750,0.0800,59000
PTB,2009-02-27,0.0850,0.0900,0.0850,0.0900,17000
PTB,2009-03-02,0.0850,0.0900,0.0850,0.0900,17000
PTB,2009-03-03,0.0850,0.0850,0.0850,0.0850,20000
PTB,2009-03-20,0.0700,0.1100,0.0700,0.1100,8500
PTB,2009-03-23,0.0750,0.1100,0.0750,0.1100,67200
PTB,2009-03-27,0.0750,0.0750,0.0750,0.0750,10000
PTB,2009-03-30,0.0700,0.1200,0.0700,0.1200,21000
PTB,2009-03-31,0.0700,0.0800,0.0700,0.0700,46000
PTB,2009-04-01,0.0700,0.0700,0.0700,0.0700,20000
PTB,2009-04-02,0.0700,0.1250,0.0700,0.1250,67100
PTB,2009-04-03,0.0700,0.0750,0.0700,0.0700,627400
PTB,2009-04-06,0.0700,0.0750,0.0700,0.0750,91000
PTB,2009-04-08,0.0750,0.0750,0.0750,0.0750,28400
PTB,2009-04-09,0.0700,0.0700,0.0700,0.0700,14000
PTB,2009-04-10,0.0750,0.0750,0.0700,0.0750,54200
PTB,2009-04-13,0.0700,0.1300,0.0700,0.1300,165800
PTB,2009-04-16,0.0850,0.0850,0.0750,0.0750,130000
PTB,2009-04-17,0.0800,0.0950,0.0700,0.0950,82000
PTB,2009-05-05,0.0750,0.0750,0.0750,0.0750,27000
PTB,2009-05-06,0.1000,0.1000,0.1000,0.1000,5400
PTB,2009-05-07,0.0850,0.0850,0.0850,0.0850,5000
PTB,2009-05-08,0.0800,0.1100,0.0800,0.1100,253900
PTB,2009-05-11,0.1100,0.1200,0.1050,0.1150,180100
PTB,2009-05-12,0.1000,0.1150,0.0900,0.1150,106100
PTB,2009-05-13,0.1000,0.1300,0.1000,0.1300,37200
PTB,2009-05-14,0.1000,0.1000,0.1000,0.1000,130000
PTB,2009-05-18,0.0950,0.0950,0.0800,0.0800,30100
PTB,2009-05-19,0.1150,0.1150,0.1100,0.1100,36000
PTB,2009-05-27,0.1100,0.1100,0.1100,0.1100,20000
PTB,2009-06-01,0.0800,0.0800,0.0800,0.0800,5000
PTB,2009-06-02,0.0850,0.0850,0.0850,0.0850,15000
PTB,2009-06-08,0.0900,0.0900,0.0900,0.0900,11900
PTB,2009-06-10,0.0850,0.0900,0.0850,0.0900,40000
PTB,2009-06-16,0.0800,0.0800,0.0800,0.0800,5000
PTB,2009-06-17,0.0850,0.0850,0.0850,0.0850,24900
PTB,2009-06-25,0.1000,0.1000,0.1000,0.1000,55000
PTB,2009-07-09,0.0800,0.0850,0.0750,0.0850,1139100
PTB,2009-07-14,0.0750,0.0850,0.0750,0.0850,10500
PTB,2009-07-15,0.0750,0.0900,0.0750,0.0850,103400
PTB,2009-07-16,0.0800,0.0800,0.0800,0.0800,80000
PTB,2009-07-22,0.0750,0.0800,0.0750,0.0800,146000
PTB,2009-07-24,0.0800,0.0850,0.0800,0.0850,70000
PTB,2009-07-29,0.0950,0.0950,0.0950,0.0950,100
PTB,2009-07-31,0.0800,0.0800,0.0800,0.0800,26900
PTB,2009-08-04,0.0800,0.0800,0.0800,0.0800,5000
PTB,2009-08-05,0.0850,0.0900,0.0850,0.0900,37300
PTB,2009-08-11,0.0900,0.0900,0.0900,0.0900,22500
PTB,2009-08-13,0.0900,0.0900,0.0900,0.0900,75000
PTB,2009-08-14,0.0850,0.0850,0.0850,0.0850,6000
PTB,2009-08-18,0.0850,0.0850,0.0850,0.0850,9500
PTB,2009-09-01,0.0750,0.0750,0.0750,0.0750,64000
PTB,2009-09-02,0.0850,0.0900,0.0850,0.0900,29900
PTB,2009-09-07,0.0750,0.0750,0.0750,0.0750,5000
PTB,2009-09-08,0.0750,0.0750,0.0750,0.0750,10000
PTB,2009-09-11,0.0750,0.0900,0.0750,0.0900,60500
PTB,2009-09-16,0.0800,0.0900,0.0800,0.0900,6200
PTB,2009-09-17,0.0800,0.0800,0.0800,0.0800,11800
PTB,2009-10-01,0.0700,0.0900,0.0700,0.0900,50100
PTB,2009-10-12,0.0850,0.0900,0.0850,0.0850,775300
PTB,2009-10-20,0.0750,0.0800,0.0750,0.0800,135000
PTB,2009-10-22,0.0750,0.0900,0.0750,0.0900,28000
PTB,2009-10-23,0.0750,0.0800,0.0750,0.0800,12900
PTB,2009-10-28,0.0750,0.1050,0.0750,0.1050,81100
PTB,2009-10-30,0.0800,0.0850,0.0800,0.0800,130100
PTB,2009-11-04,0.0800,0.0850,0.0800,0.0800,15000
PTB,2009-11-05,0.0800,0.0800,0.0800,0.0800,4800
PTB,2009-11-11,0.0800,0.0800,0.0800,0.0800,10000
PTB,2009-11-16,0.0750,0.0800,0.0700,0.0800,229000
PTB,2009-11-23,0.0750,0.0750,0.0750,0.0750,5000
PTB,2009-11-24,0.0750,0.0750,0.0750,0.0750,3000
PTB,2009-11-25,0.0850,0.0850,0.0850,0.0850,29300
PTB,2009-11-26,0.0850,0.0850,0.0850,0.0850,70000
PTB,2009-12-15,0.0800,0.0800,0.0800,0.0800,15000
PTB,2009-12-30,0.0700,0.0700,0.0700,0.0700,4000
PTB,2009-12-31,0.0700,0.0900,0.0700,0.0900,31000
PTB,2010-01-08,0.0900,0.0900,0.0900,0.0900,9000
PTB,2010-01-12,0.0900,0.1550,0.0900,0.1050,202300
PTB,2010-01-13,0.1250,0.1250,0.1000,0.1100,114800
PTB,2010-01-14,0.1100,0.1100,0.0850,0.0950,100500
PTB,2010-01-18,0.0900,0.0900,0.0900,0.0900,4000
PTB,2010-01-21,0.0800,0.0800,0.0800,0.0800,10000
PTB,2010-01-27,0.0800,0.0800,0.0800,0.0800,30000
PTB,2010-01-28,0.0700,0.1350,0.0700,0.1350,5100
PTB,2010-02-02,0.0800,0.0900,0.0800,0.0900,40000
PTB,2010-02-04,0.1000,0.1000,0.0850,0.0850,30000
PTB,2010-02-11,0.0800,0.0800,0.0800,0.0800,60000
PTB,2010-02-17,0.0750,0.1000,0.0750,0.1000,20100
PTB,2010-03-04,0.0750,0.0750,0.0750,0.0750,60000
PTB,2010-03-05,0.0750,0.0800,0.0750,0.0800,40000
PTB,2010-03-15,0.0700,0.0800,0.0700,0.0800,125200
PTB,2010-03-16,0.0800,0.0800,0.0800,0.0800,9800
PTB,2010-03-17,0.0700,0.0700,0.0700,0.0700,20000
PTB,2010-03-19,0.0750,0.0750,0.0750,0.0750,50000
PTB,2010-03-22,0.0800,0.0800,0.0800,0.0800,10000
PTB,2010-03-23,0.0750,0.0750,0.0650,0.0700,100400
PTB,2010-03-24,0.0700,0.0750,0.0700,0.0750,50000
PTB,2010-03-25,0.0800,0.0800,0.0800,0.0800,109700
PTB,2010-03-31,0.0750,0.0750,0.0750,0.0750,30000
PTB,2010-04-01,0.0750,0.0750,0.0750,0.0750,20000
PTB,2010-04-07,0.0700,0.0800,0.0700,0.0800,136100
PTB,2010-04-14,0.0700,0.0700,0.0700,0.0700,80000
PTB,2010-04-15,0.0750,0.0750,0.0700,0.0700,105000
PTB,2010-04-23,0.0650,0.0750,0.0650,0.0750,23000
PTB,2010-04-26,0.0700,0.0700,0.0700,0.0700,17000
PTB,2010-04-27,0.0650,0.0700,0.0650,0.0650,71000
PTB,2010-04-29,0.0650,0.0700,0.0650,0.0700,100500
PTB,2010-04-30,0.0650,0.0650,0.0650,0.0650,48500
PTB,2010-05-04,0.0650,0.0650,0.0650,0.0650,30000
PTB,2010-05-06,0.0650,0.0700,0.0650,0.0700,87500
PTB,2010-05-21,0.0750,0.0750,0.0750,0.0750,20000
PTB,2010-05-31,0.0600,0.0650,0.0600,0.0650,40000
PTB,2010-06-09,0.0550,0.0750,0.0550,0.0750,130100
PTB,2010-06-25,0.0600,0.0600,0.0600,0.0600,50000
PTB,2010-06-29,0.0650,0.0650,0.0650,0.0650,40000
PTB,2010-07-02,0.0600,0.0600,0.0600,0.0600,20000
PTB,2010-07-08,0.0600,0.0600,0.0600,0.0600,48500
PTB,2010-07-09,0.0600,0.0600,0.0600,0.0600,2000
PTB,2010-07-21,0.0600,0.0600,0.0600,0.0600,150000
PTB,2010-07-28,0.0600,0.0600,0.0600,0.0600,20000
PTB,2010-07-29,0.0700,0.0750,0.0700,0.0750,15000
PTB,2010-08-09,0.0700,0.0700,0.0700,0.0700,104000
PTB,2010-08-10,0.0650,0.0650,0.0650,0.0650,304000
PTB,2010-08-13,0.0600,0.0600,0.0600,0.0600,30000
PTB,2010-08-16,0.0650,0.0650,0.0600,0.0600,16000
PTB,2010-08-20,0.0650,0.0650,0.0650,0.0650,40000
PTB,2010-08-23,0.0600,0.0650,0.0600,0.0650,20000
PTB,2010-08-24,0.0600,0.0600,0.0600,0.0600,100000
PTB,2010-08-25,0.0600,0.0600,0.0600,0.0600,25000
PTB,2010-08-26,0.0600,0.0600,0.0600,0.0600,10000
PTB,2010-08-30,0.0600,0.0600,0.0600,0.0600,15000
PTB,2010-09-01,0.0600,0.0600,0.0600,0.0600,2000
PTB,2010-09-02,0.0600,0.0600,0.0600,0.0600,60000
PTB,2010-09-06,0.0600,0.0600,0.0600,0.0600,5000
PTB,2010-09-07,0.0600,0.0600,0.0600,0.0600,70000
PTB,2010-09-08,0.0600,0.0600,0.0600,0.0600,10000
PTB,2010-09-15,0.0600,0.0650,0.0600,0.0650,100000
PTB,2010-09-21,0.0600,0.0700,0.0600,0.0700,100000
PTB,2010-09-24,0.0550,0.0550,0.0550,0.0550,3000
PTB,2010-09-27,0.0600,0.0600,0.0600,0.0600,10000
PTB,2010-09-30,0.0550,0.0550,0.0550,0.0550,10000
PTB,2010-10-01,0.0550,0.0550,0.0550,0.0550,65000
PTB,2010-10-04,0.0550,0.0650,0.0550,0.0650,170100
PTB,2010-10-06,0.0600,0.0600,0.0600,0.0600,200000
PTB,2010-10-08,0.0600,0.0600,0.0600,0.0600,65100
PTB,2010-10-11,0.0600,0.0600,0.0600,0.0600,27500
PTB,2010-10-12,0.0650,0.0650,0.0650,0.0650,62000
PTB,2010-10-13,0.0600,0.0600,0.0600,0.0600,16000
PTB,2010-10-15,0.0600,0.0600,0.0600,0.0600,40000
PTB,2010-10-19,0.0600,0.0600,0.0600,0.0600,50000
PTB,2010-10-20,0.0600,0.0600,0.0600,0.0600,34900
PTB,2010-10-21,0.0650,0.0650,0.0650,0.0650,130000
PTB,2010-10-25,0.0600,0.0600,0.0600,0.0600,29000
PTB,2010-10-26,0.0600,0.0600,0.0600,0.0600,22000
PTB,2010-10-29,0.0600,0.0800,0.0600,0.0700,142400
PTB,2010-11-09,0.0600,0.0600,0.0600,0.0600,7000
PTB,2010-11-10,0.0650,0.0650,0.0650,0.0650,98900
PTB,2010-11-16,0.0650,0.0650,0.0600,0.0650,345300
PTB,2010-11-19,0.0600,0.0600,0.0600,0.0600,30000
PTB,2010-11-26,0.0600,0.0600,0.0600,0.0600,31000
PTB,2010-11-29,0.0600,0.0600,0.0600,0.0600,24000
PTB,2010-11-30,0.0600,0.0600,0.0600,0.0600,30000
PTB,2010-12-01,0.0650,0.0650,0.0600,0.0600,2400000
PTB,2010-12-06,0.0600,0.0650,0.0600,0.0650,46000
PTB,2010-12-09,0.0600,0.0600,0.0600,0.0600,28000
PTB,2010-12-10,0.0600,0.0600,0.0600,0.0600,15000
PTB,2010-12-13,0.0600,0.0600,0.0600,0.0600,48000
PTB,2010-12-15,0.0550,0.0650,0.0550,0.0650,71400
PTB,2010-12-16,0.0600,0.0650,0.0600,0.0600,86500
PTB,2010-12-22,0.0600,0.0600,0.0600,0.0600,6000
PTB,2010-12-28,0.0650,0.0900,0.0650,0.0900,40600
PTB,2010-12-30,0.0600,0.0600,0.0600,0.0600,134000
PTB,2011-01-04,0.0650,0.0650,0.0650,0.0650,84800
PTB,2011-01-05,0.0650,0.0650,0.0600,0.0600,32000
PTB,2011-01-07,0.0600,0.0700,0.0600,0.0700,560300
PTB,2011-01-12,0.0600,0.0700,0.0600,0.0650,199100
PTB,2011-01-21,0.0650,0.0650,0.0600,0.0600,71000
PTB,2011-01-24,0.0600,0.0600,0.0600,0.0600,30000
PTB,2011-01-25,0.0650,0.0650,0.0650,0.0650,66000
PTB,2011-02-08,0.0650,0.0650,0.0650,0.0650,2350000
PTB,2011-02-09,0.0650,0.0650,0.0650,0.0650,40000
PTB,2011-02-11,0.0650,0.0650,0.0650,0.0650,20000
PTB,2011-02-16,0.0650,0.0650,0.0650,0.0650,13000
PTB,2011-02-17,0.0650,0.0650,0.0650,0.0650,2000
PTB,2011-02-18,0.0650,0.0650,0.0650,0.0650,12000
PTB,2011-02-21,0.0650,0.0650,0.0650,0.0650,91000
PTB,2011-02-22,0.0650,0.0650,0.0650,0.0650,25000
PTB,2011-02-24,0.0650,0.0650,0.0650,0.0650,85400
PTB,2011-02-25,0.0600,0.0700,0.0600,0.0700,607600
PTB,2011-02-28,0.0600,0.0700,0.0600,0.0700,15100
PTB,2011-03-01,0.0650,0.0700,0.0650,0.0650,32000
PTB,2011-03-02,0.0600,0.0650,0.0600,0.0650,149900
PTB,2011-03-03,0.0600,0.0650,0.0600,0.0650,52500
PTB,2011-03-08,0.0600,0.0600,0.0600,0.0600,50000
PTB,2011-03-15,0.0550,0.0550,0.0550,0.0550,5000
PTB,2011-03-16,0.0600,0.0600,0.0600,0.0600,13000
PTB,2011-03-22,0.0550,0.0550,0.0550,0.0550,20000
PTB,2011-03-25,0.0650,0.0650,0.0650,0.0650,114900
PTB,2011-03-28,0.0650,0.0650,0.0650,0.0650,140000
PTB,2011-03-29,0.0650,0.0650,0.0650,0.0650,97000
PTB,2011-03-30,0.0650,0.0650,0.0650,0.0650,1000
PTB,2011-03-31,0.0700,0.0750,0.0700,0.0700,289300
PTB,2011-04-01,0.0800,0.0950,0.0800,0.0850,849100
PTB,2011-04-04,0.0850,0.0900,0.0850,0.0850,346000
PTB,2011-04-05,0.0800,0.0800,0.0800,0.0800,20000
PTB,2011-04-06,0.0800,0.0850,0.0800,0.0850,56800
PTB,2011-04-08,0.0850,0.0900,0.0850,0.0900,100000
PTB,2011-04-13,0.0850,0.0900,0.0850,0.0900,154000
PTB,2011-04-20,0.0750,0.0750,0.0750,0.0750,10000
PTB,2011-04-21,0.0800,0.0900,0.0800,0.0800,317100
PTB,2011-04-22,0.0800,0.0800,0.0800,0.0800,21000
PTB,2011-05-13,0.0700,0.0700,0.0650,0.0700,177000
PTB,2011-05-16,0.0700,0.0700,0.0700,0.0700,75000
PTB,2011-05-18,0.0650,0.0650,0.0650,0.0650,10000
PTB,2011-05-19,0.0650,0.0700,0.0650,0.0700,50000
PTB,2011-05-26,0.0650,0.0700,0.0650,0.0700,80000
PTB,2011-05-27,0.0650,0.0650,0.0650,0.0650,3000
PTB,2011-06-02,0.0600,0.0700,0.0600,0.0700,42100
PTB,2011-06-03,0.0700,0.0700,0.0700,0.0700,40000
PTB,2011-06-13,0.0750,0.0900,0.0750,0.0800,14700
PTB,2011-06-21,0.0700,0.0700,0.0650,0.0650,57100
PTB,2011-06-22,0.0650,0.0650,0.0650,0.0650,10000
PTB,2011-06-28,0.0750,0.0750,0.0750,0.0750,10000
PTB,2011-06-29,0.0650,0.0650,0.0650,0.0650,40000
PTB,2011-06-30,0.0700,0.0700,0.0700,0.0700,100000
PTB,2011-07-04,0.0700,0.0700,0.0700,0.0700,50000
PTB,2011-07-05,0.0700,0.0700,0.0700,0.0700,121000
PTB,2011-07-06,0.0650,0.0650,0.0650,0.0650,15000
PTB,2011-07-07,0.0700,0.0700,0.0700,0.0700,20000
PTB,2011-07-08,0.0700,0.0750,0.0700,0.0750,30000
PTB,2011-07-11,0.0650,0.0650,0.0650,0.0650,5000
PTB,2011-07-13,0.0650,0.0650,0.0650,0.0650,100000
PTB,2011-07-15,0.0650,0.0650,0.0650,0.0650,20000
PTB,2011-07-19,0.0650,0.0650,0.0650,0.0650,100000
PTB,2011-07-25,0.0650,0.0700,0.0650,0.0700,40100
PTB,2011-07-26,0.0650,0.0650,0.0650,0.0650,4000
PTB,2011-08-02,0.0600,0.0650,0.0600,0.0650,20000
PTB,2011-08-04,0.0650,0.0700,0.0650,0.0700,100100
PTB,2011-08-05,0.0650,0.0700,0.0650,0.0700,90900
PTB,2011-08-09,0.0500,0.0700,0.0500,0.0700,3000
PTB,2011-08-11,0.0600,0.0600,0.0600,0.0600,150900
PTB,2011-08-17,0.0600,0.0600,0.0600,0.0600,50000
PTB,2011-08-24,0.0600,0.0600,0.0600,0.0600,20000
PTB,2011-09-13,0.0650,0.0650,0.0650,0.0650,100000
PTB,2011-09-23,0.0550,0.0900,0.0550,0.0900,100100
PTB,2011-10-17,0.0600,0.0850,0.0600,0.0650,80200
PTB,2011-10-18,0.0600,0.0650,0.0600,0.0600,55000
PTB,2011-10-20,0.0600,0.0600,0.0600,0.0600,10000
PTB,2011-10-24,0.0600,0.0700,0.0600,0.0700,93000
PTB,2011-10-27,0.0650,0.0900,0.0650,0.0900,229700
PTB,2011-10-28,0.0700,0.0700,0.0650,0.0650,224000
PTB,2011-11-04,0.0700,0.0700,0.0700,0.0700,100000
PTB,2011-11-09,0.0650,0.0650,0.0650,0.0650,26000
PTB,2011-11-14,0.0700,0.0750,0.0700,0.0750,50000
PTB,2011-11-16,0.0750,0.0900,0.0700,0.0700,91200
PTB,2011-11-18,0.0850,0.0850,0.0850,0.0850,300
PTB,2011-11-21,0.0700,0.0700,0.0700,0.0700,100000
PTB,2011-11-24,0.0700,0.0700,0.0700,0.0700,2000
PTB,2011-11-30,0.0650,0.0700,0.0650,0.0700,116000
PTB,2011-12-01,0.1000,0.1000,0.1000,0.1000,200
PTB,2011-12-02,0.0750,0.0900,0.0750,0.0900,56800
PTB,2011-12-05,0.0800,0.0900,0.0800,0.0800,358400
PTB,2011-12-06,0.0750,0.0750,0.0750,0.0750,10000
PTB,2011-12-07,0.0800,0.0800,0.0800,0.0800,75000
PTB,2011-12-14,0.0800,0.0800,0.0800,0.0800,20000
PTB,2011-12-23,0.0800,0.1000,0.0800,0.0800,504000
PTB,2011-12-30,0.0900,0.0950,0.0750,0.0750,92000
PTB,2012-01-03,0.0700,0.0700,0.0700,0.0700,10000
PTB,2012-01-04,0.0750,0.0800,0.0750,0.0750,180000
PTB,2012-01-06,0.0900,0.0900,0.0900,0.0900,1000
PTB,2012-01-09,0.0800,0.0800,0.0750,0.0750,263200
PTB,2012-01-10,0.0850,0.1200,0.0800,0.0950,178100
PTB,2012-01-16,0.0800,0.0800,0.0750,0.0750,60000
PTB,2012-01-17,0.0850,0.0850,0.0850,0.0850,57000
PTB,2012-01-18,0.0900,0.0950,0.0900,0.0900,29500
PTB,2012-01-19,0.0950,0.1000,0.0850,0.0850,167000
PTB,2012-01-20,0.0850,0.0900,0.0850,0.0900,212000
PTB,2012-01-25,0.0950,0.1050,0.0900,0.1000,2998400
PTB,2012-01-26,0.1000,0.1050,0.0950,0.1050,1141000
PTB,2012-01-27,0.1050,0.1150,0.1050,0.1050,1434900
PTB,2012-01-30,0.1050,0.1250,0.1050,0.1250,3392100
PTB,2012-01-31,0.1200,0.1200,0.1050,0.1100,285100
PTB,2012-02-02,0.1100,0.1100,0.1050,0.1050,748900
PTB,2012-02-03,0.1050,0.1100,0.1050,0.1100,492200
PTB,2012-02-08,0.1100,0.1200,0.1050,0.1100,1782900
PTB,2012-02-09,0.1100,0.1250,0.1100,0.1250,1463800
PTB,2012-02-10,0.1250,0.1350,0.1250,0.1250,4022800
PTB,2012-02-13,0.1250,0.1300,0.1200,0.1200,900300
PTB,2012-02-14,0.1200,0.1300,0.1100,0.1300,832900
PTB,2012-02-15,0.1250,0.1450,0.1250,0.1400,4260900
PTB,2012-02-16,0.1350,0.1350,0.1300,0.1350,1190000
PTB,2012-02-17,0.1350,0.1350,0.1300,0.1300,3310000
PTB,2012-02-20,0.1250,0.1300,0.1200,0.1250,425000
PTB,2012-02-21,0.1250,0.1250,0.1200,0.1250,717500
PTB,2012-02-22,0.1250,0.1250,0.1100,0.1100,3537000
PTB,2012-02-23,0.1100,0.1150,0.1000,0.1050,1473000
PTB,2012-02-24,0.1050,0.1100,0.1050,0.1050,467800
PTB,2012-02-27,0.1050,0.1100,0.1000,0.1050,935000
PTB,2012-02-28,0.1000,0.1050,0.1000,0.1050,278000
PTB,2012-02-29,0.1050,0.1050,0.1050,0.1050,130000
PTB,2012-03-01,0.1050,0.1050,0.1050,0.1050,258700
PTB,2012-03-02,0.1050,0.1050,0.1050,0.1050,190000
PTB,2012-03-05,0.1100,0.1100,0.1050,0.1050,294400
PTB,2012-03-06,0.1050,0.1100,0.1050,0.1100,211000
PTB,2012-03-07,0.1050,0.1050,0.1050,0.1050,114000
PTB,2012-03-08,0.1050,0.1050,0.1000,0.1000,854600
PTB,2012-03-09,0.1000,0.1100,0.1000,0.1100,456000
PTB,2012-03-12,0.1050,0.1050,0.1050,0.1050,134000
PTB,2012-03-13,0.1050,0.1050,0.1000,0.1000,114000
PTB,2012-03-14,0.1050,0.1050,0.1000,0.1000,280000
PTB,2012-03-15,0.1000,0.1000,0.1000,0.1000,323000
PTB,2012-03-16,0.1050,0.1200,0.1050,0.1100,2275300
PTB,2012-03-19,0.1050,0.1050,0.1000,0.1050,120000
PTB,2012-03-20,0.1050,0.1050,0.1050,0.1050,77000
PTB,2012-03-21,0.1050,0.1150,0.1050,0.1100,1188900
PTB,2012-03-22,0.1100,0.1150,0.1100,0.1150,2908000
PTB,2012-03-23,0.1150,0.1400,0.1100,0.1100,12561500
PTB,2012-03-26,0.1200,0.1300,0.1100,0.1250,7211300
PTB,2012-03-27,0.1250,0.1250,0.1150,0.1200,1607000
PTB,2012-03-28,0.1150,0.1150,0.1150,0.1150,901900
PTB,2012-03-29,0.1100,0.1100,0.1000,0.1050,3691800
PTB,2012-03-30,0.1000,0.1050,0.1000,0.1050,736000
PTB,2012-04-02,0.1000,0.1050,0.1000,0.1000,923900
PTB,2012-04-03,0.1050,0.1050,0.1000,0.1000,1145000
PTB,2012-04-04,0.1000,0.1000,0.0900,0.0950,2000000
PTB,2012-04-05,0.0950,0.1000,0.0900,0.1000,719100
PTB,2012-04-06,0.1000,0.1050,0.1000,0.1000,4305300
PTB,2012-04-09,0.1000,0.1000,0.0950,0.1000,516200
PTB,2012-04-10,0.1000,0.1000,0.0950,0.1000,201000
PTB,2012-04-12,0.1000,0.1050,0.0950,0.0950,798600
PTB,2012-04-13,0.1000,0.1000,0.0950,0.1000,827500
PTB,2012-04-17,0.0950,0.0950,0.0950,0.0950,629500
PTB,2012-04-18,0.0950,0.1000,0.0950,0.1000,543800
PTB,2012-04-19,0.1000,0.1000,0.0950,0.1000,615500
PTB,2012-04-20,0.0950,0.1000,0.0900,0.0950,620000
PTB,2012-04-23,0.0950,0.0950,0.0950,0.0950,110000
PTB,2012-04-24,0.0950,0.0950,0.0900,0.0950,240000
PTB,2012-04-25,0.0950,0.0950,0.0950,0.0950,900600
PTB,2012-04-26,0.0950,0.0950,0.0950,0.0950,216000
PTB,2012-04-27,0.0950,0.1000,0.0900,0.0950,343500
PTB,2012-04-30,0.0950,0.0950,0.0950,0.0950,240500
PTB,2012-05-02,0.1000,0.1000,0.1000,0.1000,768700
PTB,2012-05-03,0.1050,0.1100,0.0950,0.1000,4092300
PTB,2012-05-04,0.1000,0.1000,0.1000,0.1000,30000
PTB,2012-05-07,0.0950,0.1000,0.0950,0.1000,444400
PTB,2012-05-08,0.0950,0.1000,0.0950,0.1000,360100
PTB,2012-05-09,0.0950,0.0950,0.0900,0.0900,1142500
PTB,2012-05-10,0.0950,0.0950,0.0950,0.0950,10000
PTB,2012-05-11,0.0900,0.0900,0.0900,0.0900,370000
PTB,2012-05-14,0.0900,0.0950,0.0850,0.0900,693100
PTB,2012-05-15,0.0850,0.0900,0.0850,0.0900,599700
PTB,2012-05-16,0.0850,0.0850,0.0800,0.0850,193500
PTB,2012-05-17,0.0850,0.0850,0.0800,0.0850,500000
PTB,2012-05-18,0.0800,0.0800,0.0800,0.0800,326400
PTB,2012-05-21,0.0800,0.0800,0.0750,0.0750,467800
PTB,2012-05-22,0.0750,0.0850,0.0750,0.0850,60500
PTB,2012-05-23,0.0800,0.0850,0.0800,0.0850,658700
PTB,2012-05-24,0.0800,0.0850,0.0750,0.0850,81100
PTB,2012-05-25,0.0800,0.0850,0.0750,0.0850,19000
PTB,2012-05-28,0.0800,0.0800,0.0800,0.0800,80000
PTB,2012-05-29,0.0800,0.0850,0.0800,0.0850,278900
PTB,2012-05-30,0.0800,0.0850,0.0800,0.0800,139900
PTB,2012-05-31,0.0800,0.0800,0.0800,0.0800,46500
PTB,2012-06-01,0.0800,0.0850,0.0750,0.0850,181500
PTB,2012-06-04,0.0750,0.0850,0.0750,0.0850,62300
PTB,2012-06-05,0.0850,0.0850,0.0800,0.0850,356100
PTB,2012-06-06,0.0800,0.0800,0.0800,0.0800,46500
PTB,2012-06-07,0.0800,0.0800,0.0800,0.0800,130000
PTB,2012-06-08,0.0800,0.0800,0.0800,0.0800,38000
PTB,2012-06-11,0.0850,0.0850,0.0800,0.0800,217900
PTB,2012-06-12,0.0800,0.0800,0.0800,0.0800,46500
PTB,2012-06-13,0.0800,0.0800,0.0800,0.0800,180000
PTB,2012-06-15,0.0800,0.0850,0.0800,0.0800,167100
PTB,2012-06-18,0.0850,0.0850,0.0800,0.0800,56500
PTB,2012-06-19,0.0850,0.0850,0.0850,0.0850,130000
PTB,2012-06-20,0.0850,0.0900,0.0850,0.0900,607500
PTB,2012-06-21,0.0900,0.0950,0.0850,0.0850,407100
PTB,2012-06-22,0.0850,0.0900,0.0850,0.0900,71500
PTB,2012-06-25,0.0900,0.0900,0.0850,0.0850,190000
PTB,2012-06-26,0.0850,0.0850,0.0850,0.0850,94400
PTB,2012-06-27,0.0850,0.0900,0.0850,0.0900,145200
PTB,2012-06-28,0.0850,0.0850,0.0850,0.0850,56500
PTB,2012-06-29,0.0850,0.0850,0.0850,0.0850,160000
PTB,2012-07-02,0.0850,0.0900,0.0850,0.0900,90100
PTB,2012-07-03,0.0900,0.0900,0.0850,0.0850,165100
PTB,2012-07-04,0.0850,0.0900,0.0800,0.0900,689700
PTB,2012-07-05,0.0900,0.0900,0.0800,0.0800,490000
PTB,2012-07-06,0.0850,0.0850,0.0850,0.0850,560000
PTB,2012-07-09,0.0900,0.0950,0.0850,0.0900,1310100
PTB,2012-07-10,0.0950,0.1000,0.0900,0.0950,5114300
PTB,2012-07-11,0.0950,0.1000,0.0850,0.0900,2756900
PTB,2012-07-12,0.0850,0.0850,0.0800,0.0850,2032800
PTB,2012-07-13,0.0850,0.0850,0.0800,0.0850,70100
PTB,2012-07-16,0.0850,0.0850,0.0800,0.0800,1450000
PTB,2012-07-17,0.0800,0.0850,0.0800,0.0800,312000
PTB,2012-07-18,0.0800,0.0800,0.0800,0.0800,300000
PTB,2012-07-19,0.0800,0.0800,0.0800,0.0800,230000
PTB,2012-07-20,0.0800,0.0850,0.0800,0.0850,532900
PTB,2012-07-23,0.0800,0.0850,0.0800,0.0850,446500
PTB,2012-07-24,0.0800,0.0800,0.0750,0.0800,204900
PTB,2012-07-25,0.0800,0.0800,0.0750,0.0750,90000
PTB,2012-07-26,0.0750,0.0800,0.0750,0.0750,868100
PTB,2012-07-27,0.0800,0.0850,0.0800,0.0850,470000
PTB,2012-07-30,0.0800,0.0800,0.0800,0.0800,50000
PTB,2012-07-31,0.0800,0.0850,0.0800,0.0800,106000
PTB,2012-08-01,0.0800,0.0850,0.0750,0.0750,564000
PTB,2012-08-02,0.0800,0.0800,0.0800,0.0800,497000
PTB,2012-08-03,0.0800,0.0800,0.0800,0.0800,207500
PTB,2012-08-06,0.0850,0.0850,0.0800,0.0850,414300
PTB,2012-08-07,0.0850,0.0950,0.0850,0.0950,2891500
PTB,2012-08-08,0.0900,0.0900,0.0800,0.0900,773300
PTB,2012-08-10,0.0900,0.0900,0.0800,0.0800,197200
PTB,2012-08-13,0.0800,0.0850,0.0800,0.0850,423100
PTB,2012-08-15,0.0850,0.0900,0.0850,0.0900,342000
PTB,2012-08-16,0.0900,0.0950,0.0900,0.0900,1681000
PTB,2012-08-17,0.0900,0.0900,0.0850,0.0850,531900
PTB,2012-08-22,0.0850,0.0850,0.0850,0.0850,36000
PTB,2012-08-23,0.0850,0.0850,0.0850,0.0850,68000
PTB,2012-08-24,0.0850,0.0850,0.0850,0.0850,631700
PTB,2012-08-27,0.0850,0.0850,0.0850,0.0850,100000
PTB,2012-08-28,0.0850,0.0850,0.0850,0.0850,680000
PTB,2012-08-29,0.0850,0.0900,0.0850,0.0900,130000
PTB,2012-08-30,0.0900,0.0900,0.0850,0.0850,299000
PTB,2012-09-03,0.0850,0.0950,0.0850,0.0900,604000
PTB,2012-09-04,0.0900,0.0900,0.0900,0.0900,133000
PTB,2012-09-05,0.0850,0.0850,0.0850,0.0850,240000
PTB,2012-09-06,0.0850,0.0850,0.0850,0.0850,1355500
PTB,2012-09-07,0.0850,0.0850,0.0850,0.0850,313900
PTB,2012-09-11,0.0850,0.0850,0.0850,0.0850,275000
PTB,2012-09-12,0.0900,0.0900,0.0900,0.0900,10000
PTB,2012-09-13,0.0850,0.0850,0.0850,0.0850,70000
PTB,2012-09-14,0.0850,0.0850,0.0850,0.0850,95800
PTB,2012-09-18,0.0850,0.0850,0.0850,0.0850,860000
PTB,2012-09-20,0.0850,0.0900,0.0850,0.0900,650000
PTB,2012-09-24,0.0850,0.0850,0.0850,0.0850,20000
PTB,2012-09-25,0.0850,0.0850,0.0850,0.0850,70000
PTB,2012-09-27,0.0850,0.0900,0.0850,0.0900,195500
PTB,2012-09-28,0.0900,0.0950,0.0850,0.0900,417900
PTB,2012-10-01,0.0900,0.0900,0.0850,0.0850,1101500
PTB,2012-10-02,0.0900,0.0900,0.0850,0.0850,400000
PTB,2012-10-03,0.0850,0.0850,0.0850,0.0850,30000
PTB,2012-10-04,0.0850,0.0900,0.0850,0.0900,223900
PTB,2012-10-05,0.0850,0.0850,0.0850,0.0850,121500
PTB,2012-10-08,0.0850,0.0850,0.0850,0.0850,412700
PTB,2012-10-09,0.0850,0.0850,0.0850,0.0850,53000
PTB,2012-10-10,0.0850,0.0850,0.0850,0.0850,227500
PTB,2012-10-11,0.0850,0.0850,0.0850,0.0850,330000
PTB,2012-10-12,0.0850,0.0850,0.0850,0.0850,70000
PTB,2012-10-15,0.0850,0.0850,0.0800,0.0800,20000
PTB,2012-10-16,0.0850,0.0850,0.0800,0.0800,73000
PTB,2012-10-17,0.0850,0.0850,0.0850,0.0850,160000
PTB,2012-10-19,0.0850,0.0900,0.0850,0.0900,100500
PTB,2012-10-25,0.0850,0.0850,0.0850,0.0850,1000
PTB,2012-10-30,0.0850,0.0850,0.0850,0.0850,130000
PTB,2012-10-31,0.0850,0.0850,0.0850,0.0850,54700
PTB,2012-11-01,0.0900,0.0950,0.0900,0.0950,61000
PTB,2012-11-06,0.0900,0.1000,0.0900,0.0950,527500
PTB,2012-11-07,0.0950,0.1000,0.0950,0.1000,63000
PTB,2012-11-08,0.0900,0.1000,0.0900,0.1000,226000
PTB,2012-11-09,0.0950,0.1000,0.0950,0.1000,300300
PTB,2012-11-14,0.0900,0.0950,0.0900,0.0950,38500
PTB,2012-11-16,0.0900,0.1000,0.0900,0.1000,309000
PTB,2012-11-21,0.0900,0.1000,0.0900,0.1000,585500
PTB,2012-11-26,0.0900,0.1050,0.0900,0.1050,797800
PTB,2012-11-27,0.1000,0.1100,0.0900,0.0950,20187000
PTB,2012-11-28,0.0950,0.0950,0.0900,0.0950,1921400
PTB,2012-11-29,0.0900,0.0900,0.0800,0.0900,2511200
PTB,2012-11-30,0.0850,0.0900,0.0800,0.0800,2003200
PTB,2012-12-03,0.0800,0.0850,0.0750,0.0800,3289500
PTB,2012-12-04,0.0800,0.0800,0.0750,0.0800,316000
PTB,2012-12-05,0.0800,0.0800,0.0750,0.0750,520500
PTB,2012-12-06,0.0750,0.0750,0.0750,0.0750,228000
PTB,2012-12-07,0.0800,0.0850,0.0750,0.0800,1237600
PTB,2012-12-10,0.0800,0.0850,0.0800,0.0850,255600
PTB,2012-12-11,0.0800,0.0850,0.0800,0.0850,199000
PTB,2012-12-12,0.0800,0.0800,0.0750,0.0800,210200
PTB,2012-12-13,0.0800,0.0850,0.0800,0.0800,379900
PTB,2012-12-14,0.0800,0.0800,0.0800,0.0800,40000
PTB,2012-12-17,0.0750,0.0750,0.0750,0.0750,30000
PTB,2012-12-18,0.0800,0.0800,0.0800,0.0800,21400
PTB,2012-12-19,0.0750,0.0800,0.0750,0.0800,807500
PTB,2012-12-20,0.0800,0.0800,0.0800,0.0800,20000
PTB,2012-12-21,0.0800,0.0800,0.0750,0.0750,232000
PTB,2012-12-24,0.0750,0.0800,0.0750,0.0800,110400
PTB,2012-12-26,0.0750,0.0750,0.0750,0.0750,436200
PTB,2012-12-27,0.0750,0.0750,0.0750,0.0750,100000
PTB,2012-12-28,0.0750,0.0800,0.0750,0.0800,110100
PTB,2013-01-02,0.0750,0.0750,0.0750,0.0750,310000
PTB,2013-01-08,0.0750,0.0800,0.0750,0.0800,310100
PTB,2013-01-09,0.0750,0.0750,0.0750,0.0750,278500
PTB,2013-01-10,0.0750,0.0750,0.0750,0.0750,94800
PTB,2013-01-11,0.0750,0.0800,0.0750,0.0800,10200
PTB,2013-01-14,0.0800,0.0800,0.0750,0.0800,220600
PTB,2013-01-15,0.0750,0.0750,0.0750,0.0750,30000
PTB,2013-01-17,0.0800,0.0800,0.0750,0.0750,220000
PTB,2013-01-21,0.0750,0.0800,0.0750,0.0800,659200
PTB,2013-01-22,0.0750,0.0750,0.0750,0.0750,49900
PTB,2013-01-29,0.0750,0.0750,0.0750,0.0750,25000
PTB,2013-02-04,0.0750,0.0750,0.0750,0.0750,210000
PTB,2013-02-05,0.0750,0.0750,0.0750,0.0750,90000
PTB,2013-02-06,0.0700,0.0800,0.0700,0.0800,10000
PTB,2013-02-07,0.0750,0.0750,0.0750,0.0750,65000
PTB,2013-02-08,0.0750,0.0750,0.0750,0.0750,40000
PTB,2013-02-18,0.0700,0.0750,0.0700,0.0750,65000
PTB,2013-02-19,0.0700,0.0750,0.0700,0.0700,320000
PTB,2013-02-20,0.0750,0.0750,0.0750,0.0750,66000
PTB,2013-02-21,0.0750,0.0750,0.0750,0.0750,130000
PTB,2013-02-22,0.0750,0.0750,0.0700,0.0750,113000
PTB,2013-02-25,0.0750,0.0800,0.0750,0.0800,104000
PTB,2013-02-26,0.0800,0.0800,0.0750,0.0800,17000
PTB,2013-02-27,0.0750,0.0800,0.0750,0.0750,48000
PTB,2013-02-28,0.0750,0.0750,0.0750,0.0750,25000
PTB,2013-03-04,0.0750,0.0800,0.0750,0.0800,31000
PTB,2013-03-05,0.0800,0.0800,0.0750,0.0750,46000
PTB,2013-03-06,0.0800,0.0800,0.0750,0.0800,25000
PTB,2013-03-07,0.0800,0.0800,0.0750,0.0750,80000
PTB,2013-03-08,0.0800,0.0800,0.0800,0.0800,10000
PTB,2013-03-11,0.0800,0.0800,0.0750,0.0800,23000
PTB,2013-03-12,0.0750,0.0800,0.0750,0.0800,10000
PTB,2013-03-13,0.0750,0.0750,0.0750,0.0750,30000
PTB,2013-03-18,0.0750,0.0750,0.0750,0.0750,100000
PTB,2013-03-19,0.0750,0.0750,0.0750,0.0750,30000
PTB,2013-03-20,0.0750,0.0750,0.0700,0.0700,117000
PTB,2013-03-22,0.0750,0.0750,0.0750,0.0750,50000
PTB,2013-03-26,0.0750,0.0750,0.0750,0.0750,44600
PTB,2013-03-27,0.0750,0.0750,0.0750,0.0750,180000
PTB,2013-03-28,0.0750,0.0750,0.0750,0.0750,200000
PTB,2013-04-01,0.0750,0.0750,0.0750,0.0750,180000
PTB,2013-04-03,0.0750,0.0750,0.0750,0.0750,15000
PTB,2013-04-08,0.0750,0.0750,0.0750,0.0750,159200
PTB,2013-04-09,0.0800,0.0800,0.0750,0.0750,110500
PTB,2013-04-11,0.0800,0.0800,0.0750,0.0750,80000
PTB,2013-04-17,0.0800,0.0800,0.0800,0.0800,120200
PTB,2013-04-18,0.0800,0.0800,0.0800,0.0800,70000
PTB,2013-04-19,0.0850,0.0850,0.0850,0.0850,50000
PTB,2013-04-22,0.0800,0.0800,0.0800,0.0800,100200
PTB,2013-04-23,0.0750,0.0800,0.0750,0.0800,44100
PTB,2013-04-24,0.0800,0.0800,0.0800,0.0800,134000
PTB,2013-04-25,0.0750,0.0750,0.0750,0.0750,5000
PTB,2013-04-26,0.0800,0.0800,0.0800,0.0800,5000
PTB,2013-04-29,0.0750,0.0750,0.0750,0.0750,5000
PTB,2013-05-02,0.0800,0.0800,0.0800,0.0800,34000
PTB,2013-05-03,0.0750,0.0800,0.0750,0.0800,152000
PTB,2013-05-06,0.0800,0.0800,0.0800,0.0800,188000
PTB,2013-05-07,0.0800,0.0800,0.0750,0.0750,150000
PTB,2013-05-08,0.0800,0.0800,0.0800,0.0800,90000
PTB,2013-05-09,0.0850,0.0850,0.0850,0.0850,100000
PTB,2013-05-10,0.0850,0.0900,0.0850,0.0900,172100
PTB,2013-05-13,0.0900,0.0900,0.0900,0.0900,1000
PTB,2013-05-14,0.0850,0.0900,0.0850,0.0900,60100
PTB,2013-05-15,0.0900,0.0950,0.0900,0.0950,623200
PTB,2013-05-16,0.0950,0.0950,0.0900,0.0950,572500
PTB,2013-05-17,0.0900,0.0950,0.0900,0.0950,30000
PTB,2013-05-20,0.0950,0.1000,0.0950,0.1000,420000
PTB,2013-05-21,0.0950,0.0950,0.0950,0.0950,26000
PTB,2013-05-22,0.0950,0.0950,0.0950,0.0950,100000
PTB,2013-05-23,0.0950,0.0950,0.0900,0.0900,370000
PTB,2013-05-29,0.0950,0.0950,0.0950,0.0950,200000
PTB,2013-05-30,0.0950,0.1000,0.0950,0.1000,345900
PTB,2013-06-03,0.0950,0.0950,0.0950,0.0950,195300
PTB,2013-06-04,0.0950,0.0950,0.0950,0.0950,1000
PTB,2013-06-05,0.0950,0.0950,0.0950,0.0950,13000
PTB,2013-06-06,0.0950,0.0950,0.0900,0.0950,276000
PTB,2013-06-07,0.0950,0.1000,0.0950,0.1000,102000
PTB,2013-06-11,0.0950,0.0950,0.0900,0.0900,5000
PTB,2013-06-12,0.0950,0.0950,0.0900,0.0900,50000
PTB,2013-06-13,0.0900,0.0900,0.0900,0.0900,150000
PTB,2013-06-14,0.0900,0.1000,0.0900,0.0950,143700
PTB,2013-06-17,0.0900,0.0900,0.0900,0.0900,100000
PTB,2013-06-19,0.0900,0.0900,0.0900,0.0900,35000
PTB,2013-06-20,0.0900,0.0900,0.0900,0.0900,145000
PTB,2013-06-24,0.0900,0.0900,0.0900,0.0900,80000
PTB,2013-06-25,0.0850,0.0850,0.0850,0.0850,201000
PTB,2013-06-26,0.0850,0.0850,0.0850,0.0850,89000
PTB,2013-06-28,0.0850,0.0850,0.0850,0.0850,165000
PTB,2013-07-01,0.0850,0.0850,0.0850,0.0850,44000
PTB,2013-07-02,0.0800,0.0800,0.0800,0.0800,1000
PTB,2013-07-03,0.0800,0.0900,0.0800,0.0900,217900
PTB,2013-07-05,0.0850,0.0850,0.0850,0.0850,30000
PTB,2013-07-08,0.0900,0.0900,0.0850,0.0850,155000
PTB,2013-07-10,0.0850,0.0850,0.0850,0.0850,10000
PTB,2013-07-11,0.0900,0.0900,0.0900,0.0900,260900
PTB,2013-07-12,0.0900,0.0900,0.0850,0.0850,75000
PTB,2013-07-15,0.0900,0.0900,0.0900,0.0900,250000
PTB,2013-07-17,0.0900,0.0900,0.0850,0.0850,60100
PTB,2013-07-18,0.0900,0.0900,0.0850,0.0900,21000
PTB,2013-07-19,0.0850,0.0900,0.0850,0.0900,80000
PTB,2013-07-22,0.0900,0.0900,0.0900,0.0900,14000
PTB,2013-07-23,0.0900,0.0900,0.0850,0.0900,94900
PTB,2013-07-24,0.0900,0.0900,0.0900,0.0900,245000
PTB,2013-07-25,0.0900,0.0900,0.0900,0.0900,90500
PTB,2013-07-26,0.0900,0.0900,0.0900,0.0900,190000
PTB,2013-07-29,0.0900,0.0900,0.0900,0.0900,7900
PTB,2013-07-30,0.0900,0.0900,0.0900,0.0900,92000
PTB,2013-07-31,0.0900,0.0900,0.0850,0.0900,407200
PTB,2013-08-01,0.0900,0.0900,0.0900,0.0900,100000
PTB,2013-08-02,0.0950,0.0950,0.0950,0.0950,394000
PTB,2013-08-05,0.0950,0.1050,0.0950,0.1050,1817200
PTB,2013-08-06,0.1000,0.1000,0.0950,0.1000,778000
PTB,2013-08-12,0.0950,0.0950,0.0900,0.0900,816100
PTB,2013-08-13,0.0950,0.1000,0.0950,0.1000,1063000
PTB,2013-08-14,0.0950,0.1050,0.0950,0.1050,350900
PTB,2013-08-15,0.1000,0.1000,0.1000,0.1000,383200
PTB,2013-08-16,0.1000,0.1000,0.1000,0.1000,752500
PTB,2013-08-19,0.1050,0.1050,0.1000,0.1050,995400
PTB,2013-08-20,0.1050,0.1050,0.1000,0.1000,823500
PTB,2013-08-21,0.1000,0.1050,0.0950,0.1050,461100
PTB,2013-08-22,0.1000,0.1000,0.0950,0.1000,940200
PTB,2013-08-23,0.0950,0.0950,0.0950,0.0950,992500
PTB,2013-08-26,0.0950,0.0950,0.0900,0.0950,90000
PTB,2013-08-27,0.0900,0.0950,0.0900,0.0950,1141200
PTB,2013-08-28,0.0900,0.0900,0.0900,0.0900,54000
PTB,2013-08-29,0.0900,0.0900,0.0900,0.0900,238900
PTB,2013-08-30,0.0900,0.0900,0.0900,0.0900,185000
PTB,2013-09-02,0.0900,0.0900,0.0900,0.0900,30000
PTB,2013-09-03,0.0900,0.0950,0.0900,0.0950,160000
PTB,2013-09-04,0.0900,0.0950,0.0900,0.0950,90100
PTB,2013-09-06,0.0900,0.0900,0.0900,0.0900,120000
PTB,2013-09-10,0.0900,0.0900,0.0900,0.0900,10000
PTB,2013-09-11,0.0900,0.0950,0.0900,0.0900,23000
PTB,2013-09-12,0.0950,0.1000,0.0900,0.1000,405200
PTB,2013-09-13,0.0950,0.0950,0.0950,0.0950,155200
PTB,2013-09-17,0.1000,0.1000,0.0900,0.0900,83000
PTB,2013-09-18,0.0950,0.1000,0.0950,0.1000,50000
PTB,2013-09-19,0.1000,0.1050,0.1000,0.1050,1634300
PTB,2013-09-20,0.1050,0.1050,0.1000,0.1000,1022600
PTB,2013-09-23,0.1000,0.1150,0.1000,0.1150,2123500
PTB,2013-09-24,0.1150,0.1200,0.1050,0.1100,777000
PTB,2013-09-25,0.1050,0.1200,0.1050,0.1150,1300600
PTB,2013-09-26,0.1150,0.1150,0.1100,0.1100,448000
PTB,2013-09-27,0.1100,0.1100,0.1100,0.1100,795000
PTB,2013-09-30,0.1100,0.1100,0.1050,0.1100,208000
PTB,2013-10-01,0.1100,0.1100,0.1050,0.1050,210100
PTB,2013-10-02,0.1050,0.1050,0.1000,0.1050,128300
PTB,2013-10-03,0.1050,0.1100,0.1050,0.1050,340600
PTB,2013-10-04,0.1050,0.1050,0.1050,0.1050,455000
PTB,2013-10-07,0.1000,0.1050,0.1000,0.1050,100200
PTB,2013-10-08,0.1000,0.1000,0.1000,0.1000,129800
PTB,2013-10-09,0.1000,0.1350,0.1000,0.1300,10371900
PTB,2013-10-10,0.1300,0.1300,0.1150,0.1150,4209200
PTB,2013-10-11,0.1200,0.1200,0.1150,0.1150,175000
PTB,2013-10-14,0.1150,0.1150,0.1100,0.1150,1104000
PTB,2013-10-16,0.1150,0.1150,0.1100,0.1100,280000
PTB,2013-10-17,0.1100,0.1150,0.1100,0.1100,928900
PTB,2013-10-18,0.1100,0.1150,0.1100,0.1100,485800
PTB,2013-10-21,0.1100,0.1150,0.1100,0.1150,403400
PTB,2013-10-23,0.1100,0.1100,0.1100,0.1100,204500
PTB,2013-10-24,0.1100,0.1250,0.1100,0.1200,2321000
PTB,2013-10-25,0.1200,0.1250,0.1200,0.1250,1015500
PTB,2013-10-28,0.1200,0.1250,0.1200,0.1250,249000
PTB,2013-10-29,0.1250,0.1350,0.1250,0.1300,5380000
PTB,2013-10-30,0.1300,0.1300,0.1250,0.1300,2502700
PTB,2013-10-31,0.1300,0.1300,0.1250,0.1300,686700
PTB,2013-11-01,0.1250,0.1250,0.1200,0.1250,540000
PTB,2013-11-04,0.1250,0.1250,0.1200,0.1250,1931100
PTB,2013-11-06,0.1250,0.1300,0.1250,0.1300,894500
PTB,2013-11-07,0.1250,0.1250,0.1250,0.1250,614300
PTB,2013-11-08,0.1250,0.1250,0.1200,0.1200,399500
PTB,2013-11-11,0.1250,0.1250,0.1250,0.1250,720500
PTB,2013-11-12,0.1300,0.1350,0.1300,0.1300,4258900
PTB,2013-11-13,0.1300,0.1300,0.1250,0.1300,933000
PTB,2013-11-14,0.1300,0.1300,0.1250,0.1250,330000
PTB,2013-11-15,0.1250,0.1250,0.1250,0.1250,983000
PTB,2013-11-18,0.1250,0.1350,0.1250,0.1350,3694100
PTB,2013-11-19,0.1450,0.1500,0.1400,0.1450,13530500
PTB,2013-11-20,0.1450,0.1500,0.1350,0.1400,3179300
PTB,2013-11-21,0.1350,0.1350,0.1300,0.1300,798000
PTB,2013-11-22,0.1300,0.1350,0.1300,0.1350,710100
PTB,2013-11-25,0.1350,0.1350,0.1250,0.1250,1822000
PTB,2013-11-26,0.1250,0.1300,0.1250,0.1250,468400
PTB,2013-11-27,0.1250,0.1250,0.1200,0.1200,435100
PTB,2013-11-28,0.1250,0.1300,0.1250,0.1250,282200
PTB,2013-11-29,0.1250,0.1250,0.1200,0.1200,577500
PTB,2013-12-02,0.1200,0.1250,0.1200,0.1200,330000
PTB,2013-12-03,0.1200,0.1250,0.1200,0.1250,505000
PTB,2013-12-04,0.1200,0.1250,0.1200,0.1200,400600
PTB,2013-12-05,0.1200,0.1200,0.1200,0.1200,610000
PTB,2013-12-06,0.1200,0.1200,0.1200,0.1200,166300
PTB,2013-12-09,0.1200,0.1200,0.1200,0.1200,270000
PTB,2013-12-10,0.1200,0.1200,0.1150,0.1150,597200
PTB,2013-12-11,0.1150,0.1150,0.1150,0.1150,222000
PTB,2013-12-12,0.1150,0.1150,0.1150,0.1150,117000
PTB,2013-12-13,0.1150,0.1150,0.1150,0.1150,150000
PTB,2013-12-16,0.1150,0.1150,0.1150,0.1150,250000
PTB,2013-12-17,0.1150,0.1150,0.1150,0.1150,160000
PTB,2013-12-18,0.1150,0.1150,0.1100,0.1150,430100
PTB,2013-12-19,0.1150,0.1150,0.1100,0.1100,413900
PTB,2013-12-20,0.1100,0.1100,0.1050,0.1050,394000
PTB,2013-12-23,0.1050,0.1050,0.1000,0.1050,390200
PTB,2013-12-24,0.1000,0.1050,0.1000,0.1050,668500
PTB,2013-12-26,0.1050,0.1100,0.1050,0.1100,55100
PTB,2013-12-27,0.1100,0.1150,0.1050,0.1150,49400
PTB,2013-12-30,0.1100,0.1150,0.1100,0.1150,210500
PTB,2013-12-31,0.1100,0.1150,0.1100,0.1150,16000
PTB,2014-01-02,0.1150,0.1150,0.1100,0.1100,111500
PTB,2014-01-06,0.1050,0.1200,0.1050,0.1200,243400
PTB,2014-01-07,0.1150,0.1150,0.1100,0.1150,124100
PTB,2014-01-08,0.1150,0.1200,0.1150,0.1200,243100
PTB,2014-01-09,0.1150,0.1200,0.1150,0.1150,195500
PTB,2014-01-10,0.1200,0.1250,0.1150,0.1150,420000
PTB,2014-01-13,0.1200,0.1250,0.1200,0.1250,1554600
PTB,2014-01-15,0.1250,0.1250,0.1250,0.1250,160000
PTB,2014-01-16,0.1200,0.1200,0.1200,0.1200,279700
PTB,2014-01-20,0.1150,0.1200,0.1150,0.1200,291000
PTB,2014-01-21,0.1150,0.1150,0.1150,0.1150,70000
PTB,2014-01-22,0.1150,0.1200,0.1150,0.1200,241000
PTB,2014-01-23,0.1200,0.1200,0.1150,0.1150,77800
PTB,2014-01-27,0.1100,0.1100,0.1100,0.1100,80000
PTB,2014-01-29,0.1100,0.1200,0.1100,0.1200,130000
PTB,2014-02-04,0.1100,0.1150,0.1100,0.1100,29000
PTB,2014-02-06,0.1200,0.1200,0.1200,0.1200,1000
PTB,2014-02-12,0.1150,0.1200,0.1150,0.1200,49400
PTB,2014-02-13,0.1150,0.1200,0.1150,0.1200,505000
PTB,2014-02-14,0.1150,0.1200,0.1150,0.1200,658000
PTB,2014-02-17,0.1200,0.1200,0.1150,0.1150,240000
PTB,2014-02-18,0.1150,0.1250,0.1150,0.1200,3822900
PTB,2014-02-19,0.1200,0.1250,0.1200,0.1250,175700
PTB,2014-02-20,0.1250,0.1250,0.1200,0.1250,1228800
PTB,2014-02-21,0.1250,0.1300,0.1250,0.1250,1518300
PTB,2014-02-24,0.1250,0.1300,0.1250,0.1300,702500
PTB,2014-02-25,0.1300,0.1350,0.1150,0.1200,4301300
PTB,2014-02-26,0.1150,0.1150,0.1100,0.1150,1253200
PTB,2014-02-27,0.1100,0.1150,0.1100,0.1150,877800
PTB,2014-02-28,0.1100,0.1100,0.1050,0.1050,1365800
PTB,2014-03-03,0.1050,0.1050,0.1000,0.1000,3417800
PTB,2014-03-04,0.1050,0.1050,0.1000,0.1000,303000
PTB,2014-03-05,0.1050,0.1100,0.1050,0.1050,923800
PTB,2014-03-06,0.1050,0.1050,0.1050,0.1050,722000
PTB,2014-03-07,0.1050,0.1100,0.1050,0.1100,312700
PTB,2014-03-10,0.1050,0.1050,0.1050,0.1050,407600
PTB,2014-03-11,0.1000,0.1100,0.1000,0.1050,403500
PTB,2014-03-12,0.1050,0.1050,0.1050,0.1050,323400
PTB,2014-03-13,0.1050,0.1050,0.1050,0.1050,170000
PTB,2014-03-14,0.1050,0.1050,0.1050,0.1050,59600
PTB,2014-03-17,0.1050,0.1050,0.1000,0.1000,153400
PTB,2014-03-18,0.1050,0.1150,0.1050,0.1150,3078600
PTB,2014-03-19,0.1150,0.1150,0.1100,0.1100,482200
PTB,2014-03-20,0.1050,0.1050,0.1050,0.1050,1216200
PTB,2014-03-21,0.1050,0.1050,0.1050,0.1050,588000
PTB,2014-03-24,0.1050,0.1050,0.1000,0.1050,952000
PTB,2014-03-25,0.1050,0.1100,0.1050,0.1100,623100
PTB,2014-03-26,0.1050,0.1100,0.1050,0.1100,751400
PTB,2014-03-27,0.1050,0.1050,0.1050,0.1050,120000
PTB,2014-03-28,0.1050,0.1050,0.1000,0.1000,129900
PTB,2014-03-31,0.1000,0.1050,0.1000,0.1000,282000
PTB,2014-04-02,0.1050,0.1100,0.1050,0.1050,614700
PTB,2014-04-03,0.1100,0.1150,0.1100,0.1100,1553000
PTB,2014-04-04,0.1100,0.1100,0.1100,0.1100,10000
PTB,2014-04-07,0.1050,0.1100,0.1050,0.1050,500000
PTB,2014-04-08,0.1050,0.1100,0.1050,0.1100,427500
PTB,2014-04-09,0.1050,0.1050,0.1050,0.1050,460000
PTB,2014-04-10,0.1050,0.1050,0.1050,0.1050,100000
PTB,2014-04-11,0.1050,0.1050,0.1050,0.1050,410000
PTB,2014-04-14,0.1050,0.1150,0.1050,0.1100,1636100
PTB,2014-04-15,0.1100,0.1100,0.1050,0.1050,200000
PTB,2014-04-16,0.1050,0.1050,0.1050,0.1050,50000
PTB,2014-04-17,0.1100,0.1200,0.1100,0.1100,4753300
PTB,2014-04-18,0.1100,0.1150,0.1100,0.1100,452200
PTB,2014-04-21,0.1100,0.1150,0.1100,0.1150,243000
PTB,2014-04-22,0.1100,0.1150,0.1100,0.1150,928200
PTB,2014-04-23,0.1150,0.1150,0.1100,0.1100,514000
PTB,2014-04-24,0.1150,0.1150,0.1100,0.1100,378000
PTB,2014-04-25,0.1100,0.1100,0.1100,0.1100,450000
PTB,2014-04-28,0.1150,0.1150,0.1150,0.1150,1379000
PTB,2014-04-29,0.1150,0.1150,0.1100,0.1150,1181000
PTB,2014-04-30,0.1150,0.1200,0.1150,0.1200,280100
PTB,2014-05-02,0.1200,0.1200,0.1100,0.1150,623600
PTB,2014-05-05,0.1100,0.1150,0.1100,0.1150,225000
PTB,2014-05-06,0.1150,0.1150,0.1100,0.1100,286000
PTB,2014-05-07,0.1100,0.1200,0.1100,0.1200,508400
PTB,2014-05-08,0.1150,0.1150,0.1150,0.1150,213000
PTB,2014-05-09,0.1150,0.1150,0.1100,0.1150,210100
PTB,2014-05-12,0.1100,0.1200,0.1100,0.1200,199900
PTB,2014-05-14,0.1150,0.1150,0.1150,0.1150,190000
PTB,2014-05-15,0.1150,0.1150,0.1150,0.1150,70200
PTB,2014-05-19,0.1200,0.1200,0.1100,0.1100,339900
PTB,2014-05-20,0.1100,0.1150,0.1100,0.1150,181000
PTB,2014-05-21,0.1100,0.1150,0.1100,0.1150,1478900
PTB,2014-05-23,0.1100,0.1100,0.1100,0.1100,169600
PTB,2014-05-26,0.1100,0.1100,0.1100,0.1100,186300
PTB,2014-05-27,0.1100,0.1100,0.1100,0.1100,870000
PTB,2014-05-28,0.1100,0.1150,0.1100,0.1150,459600
PTB,2014-05-29,0.1150,0.1200,0.1100,0.1150,3873100
PTB,2014-05-30,0.1150,0.1150,0.1150,0.1150,480900
PTB,2014-06-02,0.1150,0.1200,0.1150,0.1200,239200
PTB,2014-06-03,0.1150,0.1150,0.1100,0.1150,507800
PTB,2014-06-04,0.1100,0.1150,0.1100,0.1100,325500
PTB,2014-06-05,0.1100,0.1150,0.1100,0.1100,214000
PTB,2014-06-06,0.1100,0.1150,0.1100,0.1150,156000
PTB,2014-06-09,0.1100,0.1200,0.1100,0.1200,813600
PTB,2014-06-10,0.1250,0.1350,0.1250,0.1250,6232000
PTB,2014-06-11,0.1300,0.1300,0.1200,0.1300,2319400
PTB,2014-06-12,0.1300,0.1300,0.1250,0.1300,398300
PTB,2014-06-13,0.1300,0.1300,0.1250,0.1250,586300
PTB,2014-06-16,0.1250,0.1300,0.1250,0.1250,2268700
PTB,2014-06-17,0.1250,0.1300,0.1250,0.1300,558900
PTB,2014-06-18,0.1300,0.1400,0.1300,0.1350,3710300
PTB,2014-06-19,0.1350,0.1350,0.1300,0.1350,2040100
PTB,2014-06-20,0.1350,0.1800,0.1350,0.1800,24079500
PTB,2014-06-23,0.1900,0.2000,0.1800,0.1850,18832100
PTB,2014-06-24,0.1850,0.1900,0.1600,0.1800,14668400
PTB,2014-06-25,0.1800,0.1800,0.1650,0.1800,4793700
PTB,2014-06-26,0.1750,0.1850,0.1750,0.1800,2928800
PTB,2014-06-27,0.1800,0.1850,0.1700,0.1750,3930200
PTB,2014-06-30,0.1750,0.1850,0.1750,0.1850,3823800
PTB,2014-07-01,0.1850,0.1900,0.1800,0.1850,3135500
PTB,2014-07-02,0.1850,0.1850,0.1750,0.1850,962200
PTB,2014-07-03,0.1800,0.1800,0.1750,0.1750,1013600
PTB,2014-07-04,0.1750,0.1800,0.1700,0.1800,2080000
PTB,2014-07-07,0.1750,0.1800,0.1700,0.1800,1104900
PTB,2014-07-08,0.1800,0.1800,0.1750,0.1800,819600
PTB,2014-07-09,0.1750,0.1800,0.1750,0.1800,735300
PTB,2014-07-10,0.1750,0.1900,0.1750,0.1850,7711400
PTB,2014-07-11,0.1800,0.1800,0.1700,0.1700,7610200
PTB,2014-07-14,0.1700,0.1700,0.1400,0.1450,12310000
PTB,2014-07-16,0.1450,0.1600,0.1450,0.1450,6998400
PTB,2014-07-17,0.1450,0.1500,0.1400,0.1450,1642900
PTB,2014-07-18,0.1450,0.1450,0.1350,0.1400,1342700
PTB,2014-07-21,0.1400,0.1400,0.1350,0.1350,2411700
PTB,2014-07-22,0.1350,0.1400,0.1350,0.1400,2285800
PTB,2014-07-23,0.1400,0.1550,0.1400,0.1500,6171500
PTB,2014-07-24,0.1500,0.1550,0.1450,0.1500,2737600
PTB,2014-07-25,0.1500,0.1550,0.1450,0.1500,1003100
PTB,2014-07-30,0.1500,0.1500,0.1450,0.1450,1363500
PTB,2014-07-31,0.1450,0.1500,0.1400,0.1400,1726900
PTB,2014-08-01,0.1400,0.1450,0.1400,0.1400,1543000
PTB,2014-08-04,0.1400,0.1450,0.1400,0.1400,563000
PTB,2014-08-05,0.1450,0.1450,0.1400,0.1400,418600
PTB,2014-08-06,0.1450,0.1550,0.1400,0.1500,4131400
PTB,2014-08-07,0.1500,0.1550,0.1500,0.1500,536900
PTB,2014-08-08,0.1550,0.1650,0.1550,0.1650,9365200
PTB,2014-08-11,0.1650,0.1700,0.1600,0.1600,2289300
PTB,2014-08-12,0.1650,0.1800,0.1650,0.1750,10321000
PTB,2014-08-13,0.1750,0.1750,0.1650,0.1650,2370000
PTB,2014-08-14,0.1700,0.1750,0.1650,0.1700,2571500
PTB,2014-08-15,0.1700,0.1700,0.1650,0.1700,1438900
PTB,2014-08-18,0.1700,0.1700,0.1600,0.1650,2534500
PTB,2014-08-19,0.1600,0.1650,0.1600,0.1650,805300
PTB,2014-08-20,0.1650,0.1800,0.1600,0.1600,11203900
PTB,2014-08-21,0.1600,0.1750,0.1600,0.1750,4410600
PTB,2014-08-22,0.1800,0.1950,0.1800,0.1800,30114300
PTB,2014-08-25,0.1800,0.1800,0.1750,0.1800,4490400
PTB,2014-08-26,0.1750,0.1750,0.1650,0.1700,3763900
PTB,2014-08-27,0.1700,0.1750,0.1650,0.1650,925000
PTB,2014-08-28,0.1650,0.1750,0.1600,0.1650,7222500
PTB,2014-08-29,0.1650,0.1650,0.1600,0.1600,1194200
PTB,2014-09-02,0.1650,0.1700,0.1600,0.1650,2273600
PTB,2014-09-03,0.1650,0.1700,0.1600,0.1650,1905800
PTB,2014-09-04,0.1650,0.1650,0.1550,0.1550,1842000
PTB,2014-09-05,0.1600,0.1600,0.1550,0.1550,341000
PTB,2014-09-08,0.1550,0.1600,0.1500,0.1600,460800
PTB,2014-09-09,0.1550,0.1550,0.1550,0.1550,576700
PTB,2014-09-10,0.1550,0.1550,0.1500,0.1500,489000
PTB,2014-09-11,0.1550,0.1600,0.1500,0.1600,3166400
PTB,2014-09-12,0.1550,0.1600,0.1550,0.1550,1113200
PTB,2014-09-15,0.1550,0.1550,0.1500,0.1500,584200
PTB,2014-09-17,0.1500,0.1550,0.1500,0.1550,414500
PTB,2014-09-18,0.1500,0.1550,0.1500,0.1500,2111900
PTB,2014-09-19,0.1500,0.1550,0.1450,0.1550,2276300
PTB,2014-09-22,0.1550,0.1550,0.1500,0.1550,863700
PTB,2014-09-23,0.1500,0.1500,0.1500,0.1500,877600
PTB,2014-09-24,0.1550,0.1600,0.1500,0.1550,1282400
PTB,2014-09-25,0.1550,0.1600,0.1550,0.1600,583000
PTB,2014-09-26,0.1550,0.1550,0.1550,0.1550,360000
PTB,2014-09-29,0.1550,0.1600,0.1500,0.1550,545400
PTB,2014-09-30,0.1550,0.1600,0.1550,0.1600,430000
PTB,2014-10-01,0.1550,0.1600,0.1500,0.1550,771000
PTB,2014-10-02,0.1500,0.1500,0.1500,0.1500,2035700
PTB,2014-10-03,0.1500,0.1500,0.1500,0.1500,156000
PTB,2014-10-07,0.1500,0.1500,0.1400,0.1500,430200
PTB,2014-10-08,0.1350,0.1450,0.1350,0.1400,430500
PTB,2014-10-09,0.1450,0.1500,0.1450,0.1500,595900
PTB,2014-10-10,0.1450,0.1500,0.1400,0.1450,846400
PTB,2014-10-13,0.1400,0.1400,0.1400,0.1400,539400
PTB,2014-10-14,0.1200,0.1350,0.1200,0.1300,436800
PTB,2014-10-15,0.1350,0.1350,0.1300,0.1300,180700
PTB,2014-10-16,0.1250,0.1250,0.1150,0.1200,685900
PTB,2014-10-17,0.1200,0.1350,0.1200,0.1350,1156300
PTB,2014-10-20,0.1400,0.1400,0.1300,0.1350,577600
PTB,2014-10-21,0.1250,0.1350,0.1250,0.1300,265100
PTB,2014-10-24,0.1350,0.1350,0.1350,0.1350,350500
PTB,2014-10-27,0.1350,0.1450,0.1350,0.1450,1517000
PTB,2014-10-28,0.1400,0.1450,0.1400,0.1400,560000
PTB,2014-10-29,0.1400,0.1450,0.1400,0.1400,190000
PTB,2014-10-30,0.1400,0.1400,0.1350,0.1400,656000
PTB,2014-10-31,0.1350,0.1500,0.1350,0.1450,3963800
PTB,2014-11-03,0.1500,0.1500,0.1450,0.1450,639000
PTB,2014-11-04,0.1450,0.1450,0.1400,0.1450,389300
PTB,2014-11-05,0.1400,0.1400,0.1400,0.1400,685900
PTB,2014-11-06,0.1450,0.1550,0.1450,0.1550,2962700
PTB,2014-11-07,0.1600,0.1650,0.1550,0.1600,6357800
PTB,2014-11-10,0.1600,0.1800,0.1600,0.1750,10328800
PTB,2014-11-11,0.1750,0.1750,0.1550,0.1600,2446700
PTB,2014-11-12,0.1550,0.1600,0.1500,0.1500,975200
PTB,2014-11-13,0.1550,0.1550,0.1400,0.1450,1300100
PTB,2014-11-14,0.1450,0.1450,0.1350,0.1400,1935800
PTB,2014-11-17,0.1400,0.1400,0.1350,0.1350,1205600
PTB,2014-11-18,0.1400,0.1450,0.1400,0.1450,1697200
PTB,2014-11-19,0.1500,0.1500,0.1400,0.1450,799000
PTB,2014-11-20,0.1450,0.1450,0.1400,0.1400,652100
PTB,2014-11-21,0.1400,0.1500,0.1400,0.1500,1026500
PTB,2014-11-24,0.1550,0.1650,0.1550,0.1600,4205000
PTB,2014-11-25,0.1650,0.1650,0.1550,0.1550,487000
PTB,2014-11-26,0.1500,0.1550,0.1500,0.1500,650000
PTB,2014-11-27,0.1450,0.1450,0.1400,0.1450,795000
PTB,2014-11-28,0.1400,0.1500,0.1350,0.1450,2020700
PTB,2014-12-01,0.1350,0.1350,0.1350,0.1350,428800
PTB,2014-12-02,0.1400,0.1400,0.1350,0.1400,522000
PTB,2014-12-03,0.1350,0.1350,0.1350,0.1350,398000
PTB,2014-12-04,0.1350,0.1350,0.1300,0.1350,1193600
PTB,2014-12-05,0.1400,0.1400,0.1350,0.1350,436000
PTB,2014-12-08,0.1300,0.1300,0.1300,0.1300,65000
PTB,2014-12-09,0.1300,0.1300,0.1250,0.1250,230000
PTB,2014-12-10,0.1200,0.1400,0.1200,0.1400,448000
PTB,2014-12-11,0.1250,0.1300,0.1250,0.1300,232000
PTB,2014-12-12,0.1250,0.1300,0.1250,0.1300,55000
PTB,2014-12-15,0.1200,0.1200,0.1150,0.1200,1196000
PTB,2014-12-16,0.1150,0.1250,0.1150,0.1250,315000
PTB,2014-12-17,0.1250,0.1250,0.1200,0.1250,240100
PTB,2014-12-18,0.1250,0.1300,0.1250,0.1300,125200
PTB,2014-12-19,0.1350,0.1400,0.1300,0.1350,1025100
PTB,2014-12-22,0.1300,0.1350,0.1300,0.1350,55000
PTB,2014-12-23,0.1300,0.1300,0.1300,0.1300,20000
PTB,2014-12-24,0.1350,0.1350,0.1300,0.1350,300400
PTB,2014-12-29,0.1300,0.1350,0.1300,0.1350,38000
PTB,2014-12-30,0.1350,0.1400,0.1350,0.1350,180000
PTB,2014-12-31,0.1350,0.1400,0.1350,0.1350,166400
PTB,2015-01-02,0.1300,0.1350,0.1300,0.1350,60000
PTB,2015-01-05,0.1300,0.1300,0.1300,0.1300,100000
PTB,2015-01-06,0.1250,0.1300,0.1250,0.1250,75000
PTB,2015-01-07,0.1250,0.1250,0.1200,0.1200,155000
PTB,2015-01-08,0.1250,0.1250,0.1250,0.1250,150000
PTB,2015-01-13,0.1300,0.1300,0.1300,0.1300,120000
PTB,2015-01-14,0.1300,0.1300,0.1300,0.1300,40000
PTB,2015-01-15,0.1300,0.1300,0.1300,0.1300,50000
PTB,2015-01-16,0.1300,0.1300,0.1300,0.1300,6000
PTB,2015-01-19,0.1300,0.1300,0.1300,0.1300,56600
PTB,2015-01-20,0.1300,0.1350,0.1300,0.1350,266100
PTB,2015-01-21,0.1350,0.1400,0.1300,0.1300,161400
PTB,2015-01-22,0.1350,0.1400,0.1300,0.1350,335300
PTB,2015-01-23,0.1400,0.1400,0.1350,0.1350,470600
PTB,2015-01-26,0.1300,0.1300,0.1250,0.1250,385000
PTB,2015-01-27,0.1300,0.1450,0.1300,0.1350,1261300
PTB,2015-01-28,0.1350,0.1350,0.1350,0.1350,259000
PTB,2015-01-30,0.1350,0.1400,0.1350,0.1400,382000
PTB,2015-02-04,0.1350,0.1350,0.1300,0.1350,310000
PTB,2015-02-06,0.1300,0.1300,0.1300,0.1300,327200
PTB,2015-02-09,0.1250,0.1250,0.1250,0.1250,6000
PTB,2015-02-10,0.1300,0.1300,0.1300,0.1300,100000
PTB,2015-02-11,0.1300,0.1300,0.1300,0.1300,102000
PTB,2015-02-12,0.1300,0.1300,0.1300,0.1300,39000
PTB,2015-02-16,0.1250,0.1250,0.1250,0.1250,92000
PTB,2015-02-17,0.1300,0.1350,0.1300,0.1300,100000
PTB,2015-02-18,0.1250,0.1250,0.1250,0.1250,1000
PTB,2015-02-23,0.1300,0.1300,0.1250,0.1250,230000
PTB,2015-02-24,0.1300,0.1350,0.1300,0.1300,157100
PTB,2015-02-25,0.1300,0.1300,0.1300,0.1300,92900
PTB,2015-02-26,0.1300,0.1350,0.1300,0.1350,111200
PTB,2015-02-27,0.1300,0.1300,0.1300,0.1300,189200
PTB,2015-03-02,0.1300,0.1300,0.1300,0.1300,340800
PTB,2015-03-03,0.1350,0.1400,0.1350,0.1400,1233100
PTB,2015-03-04,0.1300,0.1350,0.1300,0.1350,513300
PTB,2015-03-05,0.1300,0.1350,0.1300,0.1350,135000
PTB,2015-03-06,0.1300,0.1350,0.1300,0.1350,325000
PTB,2015-03-09,0.1300,0.1300,0.1250,0.1300,416900
PTB,2015-03-10,0.1350,0.1400,0.1300,0.1400,2008900
PTB,2015-03-11,0.1350,0.1450,0.1350,0.1400,844500
PTB,2015-03-12,0.1450,0.1500,0.1450,0.1500,1767700
PTB,2015-03-13,0.1450,0.1600,0.1450,0.1500,5036300
PTB,2015-03-16,0.1500,0.1500,0.1450,0.1500,134000
PTB,2015-03-17,0.1450,0.1500,0.1450,0.1500,143000
PTB,2015-03-18,0.1400,0.1450,0.1400,0.1450,418000
PTB,2015-03-19,0.1450,0.1500,0.1400,0.1500,2889000
PTB,2015-03-20,0.1500,0.1550,0.1500,0.1500,1352800
PTB,2015-03-23,0.1550,0.1550,0.1450,0.1500,765200
PTB,2015-03-24,0.1450,0.1450,0.1450,0.1450,680800
PTB,2015-03-25,0.1450,0.1500,0.1400,0.1500,643500
PTB,2015-03-26,0.1450,0.1500,0.1450,0.1500,937100
PTB,2015-03-27,0.1450,0.1450,0.1450,0.1450,162400
PTB,2015-03-30,0.1500,0.1550,0.1450,0.1500,1281000
PTB,2015-03-31,0.1500,0.1750,0.1500,0.1750,15392000
PTB,2015-04-01,0.1700,0.1800,0.1550,0.1600,16838500
PTB,2015-04-02,0.1600,0.1750,0.1600,0.1700,5957800
PTB,2015-04-03,0.1650,0.1650,0.1600,0.1650,1352500
PTB,2015-04-06,0.1600,0.1700,0.1600,0.1700,1999200
PTB,2015-04-07,0.1700,0.1700,0.1600,0.1600,2052600
PTB,2015-04-08,0.1600,0.1600,0.1600,0.1600,357500
PTB,2015-04-09,0.1650,0.1650,0.1600,0.1600,1126400
PTB,2015-04-10,0.1600,0.1650,0.1550,0.1600,561500
PTB,2015-04-13,0.1550,0.1600,0.1550,0.1600,1187000
PTB,2015-04-14,0.1600,0.1600,0.1550,0.1550,636000
PTB,2015-04-15,0.1550,0.1700,0.1550,0.1700,4374200
PTB,2015-04-16,0.1750,0.1750,0.1650,0.1650,2541000
PTB,2015-04-17,0.1700,0.1750,0.1700,0.1700,2760000
PTB,2015-04-20,0.1750,0.1800,0.1700,0.1750,3209200
PTB,2015-04-21,0.1800,0.1800,0.1750,0.1800,2258600
PTB,2015-04-22,0.1800,0.1800,0.1650,0.1700,2255000
PTB,2015-04-23,0.1700,0.1700,0.1650,0.1650,803000
PTB,2015-04-24,0.1650,0.1650,0.1650,0.1650,290000
PTB,2015-04-27,0.1650,0.1650,0.1500,0.1500,2981000
PTB,2015-04-28,0.1550,0.1550,0.1450,0.1450,1308000
PTB,2015-04-29,0.1500,0.1500,0.1450,0.1450,443300
PTB,2015-04-30,0.1500,0.1500,0.1500,0.1500,330000
PTB,2015-05-05,0.1500,0.1500,0.1500,0.1500,650000
PTB,2015-05-06,0.1500,0.1500,0.1500,0.1500,360000
PTB,2015-05-07,0.1500,0.1550,0.1500,0.1550,228800
PTB,2015-05-08,0.1550,0.1550,0.1500,0.1500,445000
PTB,2015-05-11,0.1500,0.1500,0.1500,0.1500,341800
PTB,2015-05-12,0.1450,0.1450,0.1450,0.1450,121800
PTB,2015-05-13,0.1500,0.1500,0.1450,0.1500,424800
PTB,2015-05-14,0.1500,0.1550,0.1500,0.1550,91000
PTB,2015-05-18,0.1500,0.1500,0.1500,0.1500,180000
PTB,2015-05-19,0.1550,0.1600,0.1550,0.1550,853000
PTB,2015-05-20,0.1500,0.1500,0.1500,0.1500,283200
PTB,2015-05-25,0.1450,0.1450,0.1400,0.1400,569000
PTB,2015-05-28,0.1400,0.1400,0.1400,0.1400,10000
PTB,2015-06-01,0.1400,0.1400,0.1400,0.1400,324000
PTB,2015-06-02,0.1400,0.1450,0.1400,0.1450,296900
PTB,2015-06-03,0.1450,0.1450,0.1450,0.1450,330000
PTB,2015-06-08,0.1450,0.1450,0.1450,0.1450,73000
PTB,2015-06-11,0.1450,0.1450,0.1450,0.1450,205000
PTB,2015-06-17,0.1400,0.1400,0.1400,0.1400,50000
PTB,2015-06-18,0.1350,0.1400,0.1350,0.1400,30000
PTB,2015-06-19,0.1400,0.1450,0.1400,0.1400,33500
PTB,2015-06-22,0.1350,0.1450,0.1350,0.1400,106000
PTB,2015-07-01,0.1350,0.1400,0.1350,0.1400,23200
PTB,2015-07-23,0.1400,0.1500,0.1400,0.1450,562000
PTB,2015-08-04,0.1400,0.1400,0.1350,0.1400,462000
PTB,2015-08-05,0.1400,0.1400,0.1350,0.1350,144000
PTB,2015-08-07,0.1400,0.1400,0.1300,0.1350,754000
PTB,2015-08-11,0.1300,0.1350,0.1200,0.1250,801800
PTB,2015-08-12,0.1200,0.1300,0.1150,0.1150,461800
PTB,2015-08-13,0.1150,0.1350,0.1150,0.1250,408900
PTB,2015-08-14,0.1250,0.1250,0.1150,0.1150,256900
PTB,2015-08-17,0.1150,0.1200,0.1150,0.1200,532500
PTB,2015-08-18,0.1200,0.1200,0.1150,0.1200,348000
PTB,2015-08-19,0.1200,0.1200,0.1100,0.1150,295200
PTB,2015-08-20,0.1150,0.1150,0.1100,0.1100,25400
PTB,2015-08-21,0.1200,0.1200,0.1100,0.1150,177000
PTB,2015-08-24,0.1050,0.1150,0.1050,0.1150,660300
PTB,2015-08-25,0.1150,0.1150,0.1100,0.1150,562000
PTB,2015-08-26,0.1100,0.1100,0.1100,0.1100,30000
PTB,2015-08-27,0.1150,0.1150,0.1150,0.1150,64000
PTB,2015-08-28,0.1200,0.1200,0.1150,0.1150,61000
PTB,2015-09-01,0.1150,0.1150,0.1100,0.1100,30000
PTB,2015-09-02,0.1150,0.1150,0.1050,0.1100,96000
PTB,2015-09-03,0.1100,0.1200,0.1100,0.1200,84900
PTB,2015-09-04,0.1200,0.1250,0.1200,0.1250,240000
PTB,2015-09-07,0.1150,0.1150,0.1150,0.1150,10000
PTB,2015-09-09,0.1200,0.1250,0.1200,0.1200,181000
PTB,2015-09-10,0.1200,0.1200,0.1200,0.1200,220000
PTB,2015-09-11,0.1200,0.1250,0.1200,0.1250,170700
PTB,2015-09-14,0.1300,0.1350,0.1200,0.1200,1211100
PTB,2015-09-15,0.1250,0.1250,0.1150,0.1200,140000
PTB,2015-09-17,0.1150,0.1300,0.1150,0.1250,593800
PTB,2015-09-18,0.1150,0.1200,0.1150,0.1200,120000
PTB,2015-09-21,0.1200,0.1250,0.1200,0.1250,191000
PTB,2015-09-28,0.1200,0.1250,0.1150,0.1250,55500
PTB,2015-09-29,0.1200,0.1300,0.1200,0.1300,73500
PTB,2015-09-30,0.1250,0.1300,0.1250,0.1250,247200
PTB,2015-10-01,0.1300,0.1300,0.1300,0.1300,200
PTB,2015-10-02,0.1300,0.1350,0.1300,0.1350,1030000
PTB,2015-10-05,0.1250,0.1300,0.1250,0.1300,321000
PTB,2015-10-06,0.1250,0.1250,0.1250,0.1250,255000
PTB,2015-10-07,0.1250,0.1300,0.1250,0.1300,1110000
PTB,2015-10-08,0.1300,0.1300,0.1300,0.1300,490000
PTB,2015-10-09,0.1300,0.1300,0.1300,0.1300,300000
PTB,2015-10-12,0.1300,0.1300,0.1250,0.1300,1410000
PTB,2015-10-13,0.1300,0.1350,0.1250,0.1300,1262000
PTB,2015-10-15,0.1350,0.1350,0.1300,0.1350,181700
PTB,2015-10-19,0.1300,0.1350,0.1300,0.1350,405100
PTB,2015-10-20,0.1300,0.1300,0.1250,0.1300,735000
PTB,2015-10-21,0.1300,0.1300,0.1300,0.1300,10000
PTB,2015-10-22,0.1250,0.1250,0.1250,0.1250,120600
PTB,2015-10-23,0.1250,0.1250,0.1250,0.1250,117000
PTB,2015-10-26,0.1250,0.1250,0.1150,0.1200,1414600
PTB,2015-10-27,0.1200,0.1200,0.1200,0.1200,40000
PTB,2015-10-28,0.1200,0.1200,0.1200,0.1200,100000
PTB,2015-10-29,0.1250,0.1250,0.1250,0.1250,290800
PTB,2015-10-30,0.1200,0.1250,0.1200,0.1250,355600
PTB,2015-11-02,0.1300,0.1300,0.1250,0.1250,140000
PTB,2015-11-03,0.1250,0.1250,0.1250,0.1250,75000
PTB,2015-11-04,0.1250,0.1300,0.1250,0.1300,74500
PTB,2015-11-05,0.1250,0.1300,0.1250,0.1300,170000
PTB,2015-11-06,0.1300,0.1300,0.1300,0.1300,261500
PTB,2015-11-09,0.1250,0.1300,0.1250,0.1300,636000
PTB,2015-11-11,0.1300,0.1300,0.1250,0.1300,205300
PTB,2015-11-12,0.1250,0.1250,0.1250,0.1250,450000
PTB,2015-11-13,0.1250,0.1250,0.1250,0.1250,190000
PTB,2015-11-16,0.1300,0.1300,0.1300,0.1300,30000
PTB,2015-11-17,0.1250,0.1300,0.1250,0.1250,30100
PTB,2015-11-18,0.1250,0.1300,0.1250,0.1300,18000
PTB,2015-11-19,0.1250,0.1350,0.1250,0.1350,558000
PTB,2015-11-20,0.1300,0.1350,0.1300,0.1350,1035200
PTB,2015-11-23,0.1300,0.1350,0.1300,0.1300,250000
PTB,2015-11-24,0.1250,0.1250,0.1250,0.1250,95000
PTB,2015-11-25,0.1250,0.1250,0.1200,0.1200,835200
PTB,2015-11-26,0.1250,0.1400,0.1250,0.1300,2390300
PTB,2015-11-27,0.1300,0.1300,0.1250,0.1250,328200
PTB,2015-11-30,0.1250,0.1250,0.1200,0.1200,380200
PTB,2015-12-01,0.1250,0.1250,0.1250,0.1250,262000
PTB,2015-12-02,0.1250,0.1250,0.1200,0.1250,673500
PTB,2015-12-03,0.1200,0.1200,0.1200,0.1200,380000
PTB,2015-12-04,0.1200,0.1300,0.1200,0.1250,606000
PTB,2015-12-07,0.1250,0.1250,0.1250,0.1250,248000
PTB,2015-12-08,0.1250,0.1250,0.1250,0.1250,50000
PTB,2015-12-09,0.1250,0.1250,0.1250,0.1250,220000
PTB,2015-12-10,0.1250,0.1250,0.1250,0.1250,50000
PTB,2015-12-11,0.1250,0.1250,0.1200,0.1200,44000
PTB,2015-12-14,0.1200,0.1250,0.1200,0.1250,600300
PTB,2015-12-15,0.1200,0.1250,0.1200,0.1200,282000
PTB,2015-12-17,0.1200,0.1250,0.1200,0.1250,110000
PTB,2015-12-18,0.1250,0.1250,0.1250,0.1250,564000
PTB,2015-12-21,0.1250,0.1250,0.1250,0.1250,171700
PTB,2015-12-22,0.1300,0.1450,0.1300,0.1400,3390600
PTB,2015-12-23,0.1400,0.1400,0.1300,0.1350,393600
PTB,2015-12-28,0.1300,0.1350,0.1300,0.1350,268300
PTB,2015-12-29,0.1300,0.1350,0.1300,0.1300,1095600
PTB,2015-12-30,0.1350,0.1500,0.1350,0.1400,2429800
PTB,2015-12-31,0.1400,0.1400,0.1400,0.1400,768600
PTB,2016-01-04,0.1400,0.1400,0.1300,0.1350,492200
PTB,2016-01-05,0.1350,0.1400,0.1350,0.1400,101600
PTB,2016-01-06,0.1400,0.1400,0.1350,0.1400,938000
PTB,2016-01-07,0.1350,0.1350,0.1300,0.1350,270600
PTB,2016-01-08,0.1300,0.1350,0.1300,0.1350,261000
PTB,2016-01-11,0.1350,0.1350,0.1350,0.1350,153100
PTB,2016-01-12,0.1350,0.1400,0.1350,0.1400,260800
PTB,2016-01-13,0.1400,0.1500,0.1400,0.1400,1462900
PTB,2016-01-14,0.1400,0.1400,0.1400,0.1400,559000
PTB,2016-01-15,0.1400,0.1400,0.1350,0.1350,443400
PTB,2016-01-18,0.1350,0.1350,0.1300,0.1300,1356200
PTB,2016-01-19,0.1300,0.1500,0.1300,0.1450,1768200
PTB,2016-01-20,0.1400,0.1400,0.1350,0.1350,217000
PTB,2016-01-21,0.1300,0.1350,0.1300,0.1300,1230000
PTB,2016-01-22,0.1300,0.1350,0.1300,0.1350,386400
PTB,2016-01-26,0.1300,0.1300,0.1300,0.1300,199000
PTB,2016-01-27,0.1300,0.1350,0.1300,0.1350,165100
PTB,2016-01-28,0.1350,0.1350,0.1300,0.1350,151500
PTB,2016-01-29,0.1350,0.1350,0.1300,0.1350,32000
PTB,2016-02-02,0.1300,0.1350,0.1250,0.1250,165100
PTB,2016-02-03,0.1300,0.1300,0.1300,0.1300,442000
PTB,2016-02-04,0.1300,0.1300,0.1300,0.1300,280000
PTB,2016-02-05,0.1300,0.1300,0.1300,0.1300,40000
PTB,2016-02-10,0.1300,0.1300,0.1250,0.1250,22000
PTB,2016-02-11,0.1300,0.1300,0.1250,0.1250,100000
PTB,2016-02-12,0.1300,0.1300,0.1300,0.1300,206000
PTB,2016-02-16,0.1300,0.1350,0.1300,0.1350,42500
PTB,2016-02-17,0.1300,0.1300,0.1300,0.1300,270000
PTB,2016-02-18,0.1250,0.1300,0.1250,0.1300,41000
PTB,2016-02-22,0.1300,0.1300,0.1300,0.1300,123700
PTB,2016-02-23,0.1250,0.1250,0.1250,0.1250,23000
PTB,2016-02-24,0.1250,0.1250,0.1250,0.1250,150000
PTB,2016-02-25,0.1250,0.1350,0.1250,0.1300,140200
PTB,2016-02-26,0.1300,0.1300,0.1300,0.1300,70000
PTB,2016-02-29,0.1250,0.1300,0.1200,0.1300,1231000
PTB,2016-03-01,0.1200,0.1250,0.1200,0.1250,329700
PTB,2016-03-02,0.1200,0.1250,0.1200,0.1250,355200
PTB,2016-03-03,0.1200,0.1200,0.1200,0.1200,488200
PTB,2016-03-04,0.1200,0.1200,0.1200,0.1200,269600
PTB,2016-03-07,0.1200,0.1250,0.1150,0.1200,628700
PTB,2016-03-08,0.1200,0.1250,0.1200,0.1250,421000
PTB,2016-03-09,0.1200,0.1200,0.1200,0.1200,11000
PTB,2016-03-10,0.1200,0.1300,0.1200,0.1300,72500
PTB,2016-03-11,0.1250,0.1250,0.1250,0.1250,48000
PTB,2016-03-14,0.1200,0.1200,0.1200,0.1200,22000
PTB,2016-03-15,0.1200,0.1200,0.1200,0.1200,39000
PTB,2016-03-16,0.1200,0.1200,0.1200,0.1200,153000
PTB,2016-03-17,0.1200,0.1200,0.1200,0.1200,230000
PTB,2016-03-18,0.1200,0.1200,0.1200,0.1200,20000
PTB,2016-03-21,0.1200,0.1200,0.1200,0.1200,1000
PTB,2016-03-22,0.1250,0.1250,0.1250,0.1250,359700
PTB,2016-03-24,0.1250,0.1250,0.1250,0.1250,46700
PTB,2016-03-29,0.1250,0.1300,0.1250,0.1300,1115900
PTB,2016-03-30,0.1350,0.1350,0.1300,0.1300,333000
PTB,2016-03-31,0.1350,0.1450,0.1300,0.1450,2710000
PTB,2016-04-01,0.1450,0.1450,0.1400,0.1400,1526900
PTB,2016-04-04,0.1350,0.1400,0.1350,0.1400,263600
PTB,2016-04-05,0.1400,0.1550,0.1400,0.1550,3901400
PTB,2016-04-06,0.1500,0.1550,0.1500,0.1500,2005000
PTB,2016-04-07,0.1500,0.1600,0.1500,0.1600,3250500
PTB,2016-04-08,0.1550,0.1550,0.1550,0.1550,612800
PTB,2016-04-11,0.1600,0.1600,0.1550,0.1600,567000
PTB,2016-04-12,0.1550,0.1550,0.1500,0.1550,791100
PTB,2016-04-13,0.1500,0.1700,0.1500,0.1650,4183700
PTB,2016-04-14,0.1650,0.1650,0.1600,0.1600,805000
PTB,2016-04-15,0.1600,0.1600,0.1550,0.1600,188100
PTB,2016-04-18,0.1550,0.1600,0.1550,0.1600,709500
PTB,2016-04-19,0.1550,0.1600,0.1550,0.1600,265900
PTB,2016-04-20,0.1600,0.1600,0.1500,0.1500,317200
PTB,2016-04-21,0.1550,0.1700,0.1550,0.1650,2937800
PTB,2016-04-22,0.1700,0.1800,0.1700,0.1800,10334400
PTB,2016-04-25,0.1850,0.1900,0.1800,0.1900,5255100
PTB,2016-04-26,0.1900,0.1950,0.1700,0.1950,9475000
PTB,2016-04-27,0.1900,0.1950,0.1850,0.1850,2929800
PTB,2016-04-28,0.1850,0.1850,0.1750,0.1800,991700
PTB,2016-04-29,0.1700,0.1750,0.1650,0.1750,1422800
PTB,2016-05-03,0.1750,0.1800,0.1700,0.1700,749200
PTB,2016-05-04,0.1650,0.1750,0.1650,0.1750,997600
PTB,2016-05-05,0.1750,0.1750,0.1700,0.1700,403800
PTB,2016-05-06,0.1700,0.1700,0.1600,0.1700,699000
PTB,2016-05-09,0.1750,0.1750,0.1700,0.1750,899000
PTB,2016-05-10,0.1750,0.1850,0.1750,0.1850,1581400
PTB,2016-05-11,0.1850,0.1850,0.1800,0.1850,526000
PTB,2016-05-12,0.1850,0.1850,0.1750,0.1750,1526000
PTB,2016-05-13,0.1750,0.1750,0.1650,0.1750,698300
PTB,2016-05-16,0.1700,0.1750,0.1650,0.1750,210800
PTB,2016-05-17,0.1750,0.1800,0.1700,0.1750,236600
PTB,2016-05-18,0.1700,0.1700,0.1650,0.1700,600000
PTB,2016-05-19,0.1700,0.1700,0.1650,0.1650,423400
PTB,2016-05-20,0.1650,0.1750,0.1650,0.1750,222500
PTB,2016-05-23,0.1800,0.1800,0.1700,0.1700,707500
PTB,2016-05-24,0.1750,0.1750,0.1650,0.1650,317500
PTB,2016-05-25,0.1650,0.1650,0.1650,0.1650,50000
PTB,2016-05-26,0.1650,0.1700,0.1650,0.1650,150700
PTB,2016-05-27,0.1650,0.1700,0.1650,0.1700,1226000
PTB,2016-05-30,0.1750,0.1750,0.1700,0.1750,151100
PTB,2016-05-31,0.1750,0.1750,0.1700,0.1700,488700
PTB,2016-06-01,0.1700,0.1700,0.1650,0.1650,140100
PTB,2016-06-02,0.1650,0.1700,0.1600,0.1700,1362600
PTB,2016-06-03,0.1650,0.1650,0.1650,0.1650,311600
PTB,2016-06-06,0.1650,0.1650,0.1600,0.1600,962100
PTB,2016-06-07,0.1600,0.1600,0.1600,0.1600,329300
PTB,2016-06-08,0.1600,0.1600,0.1550,0.1600,280000
PTB,2016-06-09,0.1550,0.1600,0.1550,0.1600,553600
PTB,2016-06-10,0.1550,0.1600,0.1450,0.1450,1952300
PTB,2016-06-13,0.1450,0.1500,0.1400,0.1450,337000
PTB,2016-06-14,0.1450,0.1450,0.1450,0.1450,136500
PTB,2016-06-15,0.1450,0.1600,0.1450,0.1600,846200
PTB,2016-06-16,0.1600,0.1600,0.1400,0.1500,1083100
PTB,2016-06-17,0.1500,0.1500,0.1500,0.1500,50000
PTB,2016-06-20,0.1500,0.1500,0.1450,0.1450,33000
PTB,2016-06-21,0.1450,0.1500,0.1400,0.1500,369100
PTB,2016-06-23,0.1450,0.1450,0.1400,0.1400,182000
PTB,2016-06-24,0.1400,0.1500,0.1400,0.1400,859600
PTB,2016-06-27,0.1400,0.1400,0.1400,0.1400,149900
PTB,2016-06-28,0.1400,0.1450,0.1400,0.1450,92000
PTB,2016-06-29,0.1450,0.1450,0.1450,0.1450,175000
PTB,2016-07-01,0.1450,0.1500,0.1400,0.1450,420000
PTB,2016-07-04,0.1500,0.1500,0.1450,0.1500,386600
PTB,2016-07-05,0.1450,0.1450,0.1450,0.1450,20000
PTB,2016-07-08,0.1450,0.1450,0.1450,0.1450,108100
PTB,2016-07-11,0.1450,0.1450,0.1400,0.1400,345200
PTB,2016-07-12,0.1400,0.1450,0.1350,0.1450,181100
PTB,2016-07-13,0.1400,0.1400,0.1400,0.1400,90000
PTB,2016-07-14,0.1400,0.1450,0.1400,0.1450,158900
PTB,2016-07-15,0.1450,0.1550,0.1450,0.1500,1326000
PTB,2016-07-18,0.1500,0.1550,0.1500,0.1500,503300
PTB,2016-07-19,0.1500,0.1500,0.1450,0.1500,324900
PTB,2016-07-20,0.1450,0.1450,0.1450,0.1450,345000
PTB,2016-07-21,0.1450,0.1500,0.1400,0.1450,668800
PTB,2016-07-22,0.1450,0.1450,0.1400,0.1400,194700
PTB,2016-07-25,0.1400,0.1400,0.1400,0.1400,216500
PTB,2016-07-26,0.1400,0.1400,0.1400,0.1400,235000
PTB,2016-07-27,0.1400,0.1400,0.1400,0.1400,196800
PTB,2016-07-28,0.1400,0.1400,0.1400,0.1400,110000
PTB,2016-07-29,0.1400,0.1400,0.1400,0.1400,160000
PTB,2016-08-01,0.1450,0.1450,0.1450,0.1450,50000
PTB,2016-08-02,0.1400,0.1400,0.1400,0.1400,185700
PTB,2016-08-03,0.1400,0.1400,0.1400,0.1400,200000
PTB,2016-08-04,0.1400,0.1400,0.1400,0.1400,39100
PTB,2016-08-08,0.1500,0.1600,0.1500,0.1500,2675900
PTB,2016-08-09,0.1550,0.1600,0.1500,0.1550,592100
PTB,2016-08-10,0.1500,0.1500,0.1500,0.1500,465000
PTB,2016-08-11,0.1500,0.1500,0.1450,0.1500,682000
PTB,2016-08-12,0.1500,0.1500,0.1450,0.1500,888600
PTB,2016-08-15,0.1500,0.1550,0.1450,0.1550,390300
PTB,2016-08-16,0.1500,0.1550,0.1500,0.1550,219700
PTB,2016-08-17,0.1500,0.1500,0.1500,0.1500,118000
PTB,2016-08-18,0.1500,0.1500,0.1450,0.1450,145600
PTB,2016-08-19,0.1450,0.1450,0.1450,0.1450,20000
PTB,2016-08-22,0.1500,0.1500,0.1450,0.1450,492200
PTB,2016-08-23,0.1450,0.1450,0.1450,0.1450,154400
PTB,2016-08-24,0.1450,0.1450,0.1400,0.1450,268000
PTB,2016-08-25,0.1450,0.1450,0.1450,0.1450,30000
PTB,2016-08-26,0.1400,0.1400,0.1400,0.1400,10000
PTB,2016-08-29,0.1400,0.1450,0.1400,0.1450,110600
PTB,2016-08-30,0.1450,0.1450,0.1450,0.1450,55300
PTB,2016-09-01,0.1450,0.1450,0.1450,0.1450,210000
PTB,2016-09-02,0.1400,0.1500,0.1400,0.1500,56000
PTB,2016-09-05,0.1400,0.1450,0.1400,0.1450,111000
PTB,2016-09-06,0.1450,0.1450,0.1450,0.1450,145000
PTB,2016-09-07,0.1400,0.1400,0.1400,0.1400,45000
PTB,2016-09-08,0.1450,0.1550,0.1450,0.1550,770800
PTB,2016-09-09,0.1550,0.1550,0.1500,0.1550,463000
PTB,2016-09-13,0.1500,0.1500,0.1450,0.1450,75000
PTB,2016-09-14,0.1500,0.1500,0.1450,0.1450,68000
PTB,2016-09-15,0.1450,0.1500,0.1450,0.1450,207000
PTB,2016-09-19,0.1450,0.1500,0.1450,0.1450,212000
PTB,2016-09-20,0.1450,0.1450,0.1450,0.1450,30000
PTB,2016-09-21,0.1450,0.1450,0.1450,0.1450,30000
PTB,2016-09-22,0.1450,0.1450,0.1450,0.1450,56000
PTB,2016-09-23,0.1450,0.1450,0.1450,0.1450,100000
PTB,2016-09-26,0.1450,0.1450,0.1400,0.1400,130000
PTB,2016-09-27,0.1400,0.1400,0.1400,0.1400,5000
PTB,2016-09-29,0.1450,0.1450,0.1450,0.1450,30000
PTB,2016-09-30,0.1450,0.1450,0.1400,0.1400,71000
PTB,2016-10-04,0.1400,0.1400,0.1400,0.1400,61500
PTB,2016-10-05,0.1400,0.1400,0.1400,0.1400,60000
PTB,2016-10-06,0.1450,0.1450,0.1400,0.1400,21000
PTB,2016-10-07,0.1400,0.1400,0.1400,0.1400,10000
PTB,2016-10-10,0.1450,0.1450,0.1450,0.1450,51000
PTB,2016-10-11,0.1400,0.1400,0.1400,0.1400,398500
PTB,2016-10-12,0.1400,0.1400,0.1400,0.1400,129000
PTB,2016-10-13,0.1400,0.1400,0.1400,0.1400,90000
PTB,2016-10-14,0.1400,0.1450,0.1400,0.1450,40000
PTB,2016-10-17,0.1450,0.1450,0.1450,0.1450,43900
PTB,2016-10-18,0.1400,0.1450,0.1400,0.1450,158000
PTB,2016-10-19,0.1400,0.1400,0.1400,0.1400,225000
PTB,2016-10-20,0.1400,0.1450,0.1400,0.1450,130000
PTB,2016-10-21,0.1400,0.1450,0.1400,0.1450,22000
PTB,2016-10-24,0.1400,0.1400,0.1400,0.1400,190000
PTB,2016-10-25,0.1400,0.1400,0.1400,0.1400,7000
PTB,2016-10-27,0.1400,0.1400,0.1400,0.1400,144800
PTB,2016-10-28,0.1400,0.1400,0.1400,0.1400,50000
PTB,2016-11-03,0.1350,0.1450,0.1350,0.1450,50000
PTB,2016-11-07,0.1400,0.1400,0.1400,0.1400,10000
PTB,2016-11-09,0.1350,0.1400,0.1300,0.1400,587300
PTB,2016-11-10,0.1400,0.1400,0.1400,0.1400,90000
PTB,2016-11-14,0.1350,0.1400,0.1300,0.1400,121000
PTB,2016-11-15,0.1350,0.1350,0.1350,0.1350,120000
PTB,2016-11-16,0.1350,0.1350,0.1350,0.1350,20000
PTB,2016-11-17,0.1350,0.1550,0.1350,0.1500,7497000
PTB,2016-11-18,0.1550,0.1550,0.1450,0.1450,8903400
PTB,2016-11-21,0.1450,0.1450,0.1450,0.1450,250000
PTB,2016-11-22,0.1500,0.1500,0.1400,0.1400,460000
PTB,2016-11-23,0.1400,0.1400,0.1350,0.1400,580200
PTB,2016-11-24,0.1400,0.1400,0.1350,0.1350,534800
PTB,2016-11-25,0.1400,0.1400,0.1400,0.1400,136600
PTB,2016-11-28,0.1400,0.1400,0.1350,0.1350,230000
PTB,2016-11-29,0.1400,0.1400,0.1350,0.1350,165700
PTB,2016-11-30,0.1350,0.1350,0.1350,0.1350,298100
PTB,2016-12-01,0.1400,0.1400,0.1400,0.1400,2100
PTB,2016-12-02,0.1350,0.1350,0.1350,0.1350,124000
PTB,2016-12-05,0.1300,0.1350,0.1300,0.1300,76000
PTB,2016-12-06,0.1300,0.1400,0.1300,0.1400,16500
PTB,2016-12-07,0.1350,0.1400,0.1350,0.1400,36000
PTB,2016-12-09,0.1350,0.1350,0.1350,0.1350,241200
PTB,2016-12-13,0.1350,0.1350,0.1350,0.1350,70000
PTB,2016-12-14,0.1350,0.1400,0.1350,0.1400,319500
PTB,2016-12-15,0.1400,0.1400,0.1350,0.1400,25200
PTB,2016-12-19,0.1350,0.1350,0.1350,0.1350,80000
PTB,2016-12-20,0.1350,0.1450,0.1350,0.1450,332100
PTB,2016-12-21,0.1400,0.1400,0.1400,0.1400,109000
PTB,2016-12-22,0.1400,0.1450,0.1400,0.1450,222700
PTB,2016-12-23,0.1400,0.1400,0.1400,0.1400,121000
PTB,2016-12-27,0.1400,0.1400,0.1400,0.1400,123100
PTB,2016-12-28,0.1400,0.1400,0.1400,0.1400,216300
PTB,2016-12-29,0.1400,0.1400,0.1400,0.1400,12000
PTB,2016-12-30,0.1450,0.1450,0.1450,0.1450,10000
PTB,2017-01-04,0.1450,0.1450,0.1400,0.1400,325000
PTB,2017-01-05,0.1400,0.1500,0.1400,0.1500,263100
PTB,2017-01-06,0.1500,0.1550,0.1500,0.1500,228000
PTB,2017-01-09,0.1500,0.1500,0.1450,0.1450,111000
PTB,2017-01-10,0.1500,0.1500,0.1450,0.1450,49500
PTB,2017-01-12,0.1450,0.1550,0.1450,0.1550,1309000
PTB,2017-01-13,0.1500,0.1500,0.1450,0.1450,173000
PTB,2017-01-16,0.1450,0.1450,0.1450,0.1450,264000
PTB,2017-01-17,0.1450,0.1450,0.1450,0.1450,1000
PTB,2017-01-18,0.1450,0.1450,0.1400,0.1400,325100
PTB,2017-01-19,0.1400,0.1450,0.1400,0.1450,70000
PTB,2017-01-20,0.1450,0.1450,0.1450,0.1450,26900
PTB,2017-01-23,0.1450,0.1450,0.1400,0.1400,30000
PTB,2017-01-24,0.1400,0.1400,0.1400,0.1400,50000
PTB,2017-01-25,0.1400,0.1400,0.1400,0.1400,106000
PTB,2017-01-27,0.1450,0.1450,0.1450,0.1450,104800
PTB,2017-01-31,0.1500,0.1550,0.1500,0.1500,560300
PTB,2017-02-02,0.1500,0.1750,0.1500,0.1750,5198600
PTB,2017-02-03,0.1750,0.1800,0.1650,0.1650,7398900
PTB,2017-02-06,0.1650,0.1700,0.1650,0.1700,1275500
PTB,2017-02-07,0.1650,0.1650,0.1650,0.1650,549000
PTB,2017-02-08,0.1650,0.1700,0.1600,0.1650,491200
PTB,2017-02-10,0.1650,0.1700,0.1650,0.1650,765800
PTB,2017-02-13,0.1650,0.1850,0.1650,0.1800,5896300
PTB,2017-02-14,0.1850,0.1900,0.1800,0.1800,5728300
PTB,2017-02-15,0.1850,0.1900,0.1800,0.1850,4988800
PTB,2017-02-16,0.1850,0.1850,0.1800,0.1800,2841200
PTB,2017-02-17,0.1800,0.1850,0.1800,0.1800,1133700
PTB,2017-02-20,0.1800,0.2050,0.1800,0.1950,11805000
PTB,2017-02-21,0.2000,0.2050,0.1850,0.1850,1107700
PTB,2017-02-22,0.1850,0.2150,0.1850,0.2100,7083200
PTB,2017-02-23,0.2150,0.2150,0.2000,0.2050,856000
PTB,2017-02-24,0.2050,0.2050,0.1950,0.2000,1330800
PTB,2017-02-27,0.2000,0.2050,0.2000,0.2050,1853000
PTB,2017-02-28,0.1950,0.2000,0.1800,0.1900,2168900
PTB,2017-03-01,0.1900,0.1950,0.1850,0.1900,459300
PTB,2017-03-02,0.1950,0.2000,0.1900,0.1950,800500
PTB,2017-03-03,0.1900,0.1950,0.1850,0.1950,538500
PTB,2017-03-06,0.1950,0.1950,0.1800,0.1850,1598100
PTB,2017-03-07,0.1850,0.1900,0.1850,0.1850,171600
PTB,2017-03-08,0.1850,0.1950,0.1850,0.1900,801400
PTB,2017-03-09,0.1900,0.2100,0.1900,0.2050,3321600
PTB,2017-03-10,0.2050,0.2200,0.2000,0.2200,5414100
PTB,2017-03-13,0.2250,0.2450,0.2250,0.2450,6786400
PTB,2017-03-14,0.2500,0.2800,0.2500,0.2750,14564800
PTB,2017-03-15,0.2750,0.2750,0.2550,0.2600,2892600
PTB,2017-03-16,0.2650,0.2850,0.2650,0.2750,2312300
PTB,2017-03-17,0.2750,0.2900,0.2650,0.2850,3745400
PTB,2017-03-20,0.2850,0.2900,0.2700,0.2700,1177300
PTB,2017-03-21,0.2750,0.2800,0.2650,0.2750,1670200
PTB,2017-03-22,0.2700,0.3000,0.2650,0.2950,4624900
PTB,2017-03-23,0.3050,0.3300,0.2950,0.3000,12057400
PTB,2017-03-24,0.3150,0.3150,0.2850,0.2900,1354700
PTB,2017-03-27,0.2950,0.2950,0.2800,0.2800,892100
PTB,2017-03-28,0.2750,0.2850,0.2750,0.2750,466600
PTB,2017-03-29,0.2750,0.3050,0.2700,0.2850,3461600
PTB,2017-03-30,0.2950,0.3000,0.2800,0.2800,1312100
PTB,2017-03-31,0.2750,0.2900,0.2750,0.2850,388400
PTB,2017-04-03,0.285,0.285,0.275,0.275,533500.0
PTB,2017-04-04,0.275,0.29,0.275,0.29,1680000.0
PTB,2017-04-05,0.29,0.31,0.28,0.29,3150000.0
PTB,2017-04-06,0.295,0.295,0.285,0.295,585100.0
PTB,2017-04-07,0.295,0.385,0.295,0.385,13480000.0
PTB,2017-04-10,0.38,0.38,0.345,0.365,2310000.0
PTB,2017-04-11,0.365,0.41,0.36,0.4,6780000.0
PTB,2017-04-12,0.415,0.43,0.39,0.39,3060000.0
PTB,2017-04-13,0.385,0.395,0.37,0.395,1990000.0
PTB,2017-04-14,0.395,0.395,0.365,0.38,1510000.0
PTB,2017-04-17,0.37,0.375,0.355,0.36,523000.0
PTB,2017-04-18,0.355,0.445,0.305,0.44,5700000.0
PTB,2017-04-19,0.44,0.44,0.4,0.405,1270000.0
PTB,2017-04-20,0.405,0.42,0.405,0.405,184400.0
PTB,2017-04-21,0.405,0.43,0.405,0.42,352600.0
PTB,2017-04-25,0.42,0.44,0.41,0.42,1260000.0
PTB,2017-04-26,0.42,0.425,0.41,0.415,233800.0
PTB,2017-04-27,0.415,0.43,0.415,0.42,469100.0
PTB,2017-04-28,0.425,0.425,0.41,0.41,78700.0
PTB,2017-05-02,0.415,0.49,0.415,0.49,3510000.0
PTB,2017-05-03,0.5,0.505,0.465,0.49,608700.0
PTB,2017-05-04,0.49,0.49,0.46,0.49,316800.0
PTB,2017-05-05,0.49,0.495,0.475,0.49,99100.0
PTB,2017-05-08,0.49,0.49,0.46,0.475,96500.0
PTB,2017-05-09,0.465,0.47,0.455,0.46,233200.0
PTB,2017-05-11,0.46,0.6,0.46,0.595,4260000.0
PTB,2017-05-12,0.58,0.58,0.555,0.555,206600.0
PTB,2017-05-15,0.54,0.54,0.515,0.525,227200.0
PTB,2017-05-16,0.54,0.61,0.54,0.595,1260000.0
PTB,2017-05-17,0.6,0.6,0.57,0.575,248800.0
PTB,2017-05-18,0.57,0.57,0.54,0.55,261200.0
PTB,2017-05-19,0.555,0.585,0.545,0.55,1140000.0
PTB,2017-05-22,0.54,0.545,0.42,0.43,2360000.0
PTB,2017-05-23,0.42,0.42,0.325,0.335,3650000.0
PTB,2017-05-24,0.33,0.375,0.33,0.355,2069999.9999999998
PTB,2017-05-25,0.35,0.365,0.33,0.355,946800.0
PTB,2017-05-26,0.355,0.365,0.325,0.325,996700.0
PTB,2017-05-29,0.31,0.335,0.285,0.285,836100.0
PTB,2017-05-30,0.29,0.29,0.255,0.26,1390000.0
PTB,2017-05-31,0.26,0.29,0.26,0.28,1930000.0
PTB,2017-06-01,0.285,0.35,0.265,0.34,3400000.0
PTB,2017-06-02,0.345,0.36,0.335,0.345,2460000.0
PTB,2017-06-05,0.33,0.345,0.31,0.325,736100.0
PTB,2017-06-06,0.325,0.325,0.315,0.315,278500.0
PTB,2017-06-07,0.315,0.33,0.31,0.325,619900.0
PTB,2017-06-08,0.335,0.335,0.31,0.31,1120000.0
PTB,2017-06-09,0.31,0.325,0.31,0.315,511700.0
PTB,2017-06-13,0.32,0.32,0.31,0.31,73000.0
PTB,2017-06-14,0.31,0.31,0.295,0.3,664900.0
PTB,2017-06-15,0.295,0.3,0.285,0.285,675300.0
PTB,2017-06-16,0.3,0.305,0.28,0.305,403300.0
PTB,2017-06-19,0.3,0.305,0.29,0.295,283000.0
PTB,2017-06-20,0.285,0.295,0.285,0.29,330600.0
PTB,2017-06-21,0.27,0.285,0.27,0.275,530800.0
PTB,2017-06-22,0.275,0.28,0.265,0.27,273300.0
PTB,2017-06-23,0.275,0.28,0.26,0.28,433100.0
PTB,2017-06-28,0.26,0.275,0.26,0.265,453300.0
PTB,2017-06-29,0.265,0.285,0.265,0.275,1150000.0
PTB,2017-06-30,0.275,0.28,0.265,0.27,272000.0
PTB,2017-07-03,0.27,0.275,0.26,0.275,334100.0
PTB,2017-07-04,0.265,0.27,0.26,0.26,157000.0
PTB,2017-07-05,0.27,0.315,0.27,0.315,3010000.0
PTB,2017-07-06,0.315,0.315,0.295,0.3,589700.0
PTB,2017-07-07,0.29,0.29,0.275,0.275,126000.0
PTB,2017-07-10,0.285,0.305,0.265,0.295,884100.0
PTB,2017-07-11,0.29,0.295,0.28,0.29,847200.0
PTB,2017-07-12,0.285,0.315,0.285,0.3,1460000.0
PTB,2017-07-13,0.3,0.31,0.29,0.295,255300.0
PTB,2017-07-14,0.295,0.355,0.285,0.335,4810000.0
PTB,2017-07-17,0.35,0.355,0.34,0.34,1590000.0
PTB,2017-07-18,0.345,0.4,0.345,0.39,11090000.0
PTB,2017-07-19,0.395,0.43,0.375,0.395,5390000.0
PTB,2017-07-20,0.395,0.415,0.375,0.41,3170000.0
PTB,2017-07-21,0.415,0.42,0.39,0.39,1910000.0
PTB,2017-07-24,0.385,0.39,0.37,0.375,681900.0
PTB,2017-07-25,0.375,0.395,0.355,0.355,1190000.0
PTB,2017-07-26,0.355,0.365,0.33,0.355,1950000.0
PTB,2017-07-27,0.36,0.395,0.36,0.385,2850000.0
PTB,2017-07-28,0.385,0.39,0.36,0.37,664500.0
PTB,2017-07-31,0.385,0.385,0.355,0.365,445700.0
PTB,2017-08-01,0.365,0.365,0.34,0.34,800800.0
PTB,2017-08-02,0.34,0.365,0.34,0.355,1240000.0
PTB,2017-08-03,0.35,0.36,0.34,0.35,332600.0
PTB,2017-08-04,0.35,0.355,0.335,0.34,248300.0
PTB,2017-08-07,0.32,0.34,0.3,0.32,1550000.0
PTB,2017-08-08,0.31,0.31,0.29,0.3,862400.0
PTB,2017-08-09,0.3,0.31,0.295,0.3,551600.0
PTB,2017-08-10,0.295,0.3,0.285,0.3,199700.0
PTB,2017-08-11,0.28,0.295,0.275,0.275,412500.0
PTB,2017-08-14,0.275,0.3,0.275,0.29,578200.0
PTB,2017-08-15,0.3,0.31,0.28,0.29,1470000.0
PTB,2017-08-16,0.285,0.3,0.285,0.29,831400.0
PTB,2017-08-17,0.295,0.3,0.29,0.295,498200.0
PTB,2017-08-18,0.28,0.3,0.28,0.285,569200.0
PTB,2017-08-21,0.285,0.3,0.285,0.29,468200.0
PTB,2017-08-22,0.29,0.3,0.29,0.29,369400.0
PTB,2017-08-23,0.29,0.29,0.285,0.29,169400.0
PTB,2017-08-24,0.285,0.305,0.285,0.305,1450000.0
PTB,2017-08-25,0.3,0.3,0.3,0.3,63000.0
PTB,2017-08-28,0.295,0.315,0.295,0.3,1070000.0
PTB,2017-08-29,0.3,0.3,0.3,0.3,35000.0
PTB,2017-08-30,0.29,0.295,0.29,0.29,257700.0
PTB,2017-09-05,0.29,0.29,0.285,0.285,256700.0
PTB,2017-09-06,0.285,0.295,0.28,0.28,509700.0
PTB,2017-09-07,0.285,0.29,0.28,0.28,585500.0
PTB,2017-09-08,0.28,0.285,0.275,0.28,300600.0
PTB,2017-09-11,0.275,0.28,0.275,0.28,270200.0
PTB,2017-09-12,0.275,0.28,0.275,0.28,674700.0
PTB,2017-09-13,0.28,0.285,0.28,0.28,656800.0
PTB,2017-09-14,0.28,0.29,0.28,0.28,353000.0
PTB,2017-09-15,0.28,0.28,0.275,0.275,213800.0
PTB,2017-09-18,0.27,0.27,0.265,0.27,388600.0
PTB,2017-09-19,0.27,0.27,0.26,0.27,192000.0
PTB,2017-09-20,0.27,0.27,0.265,0.265,265800.0
PTB,2017-09-21,0.265,0.265,0.26,0.26,145000.0
PTB,2017-09-25,0.255,0.275,0.255,0.275,526100.0
PTB,2017-09-26,0.27,0.275,0.265,0.27,310600.0
PTB,2017-09-27,0.275,0.29,0.275,0.285,838800.0
PTB,2017-09-28,0.285,0.285,0.27,0.28,221300.0
PTB,2017-09-29,0.28,0.285,0.28,0.28,140800.0
PTB,2017-10-02,0.29,0.29,0.27,0.275,233700.0
PTB,2017-10-03,0.275,0.275,0.265,0.27,343400.0
PTB,2017-10-04,0.27,0.275,0.27,0.27,148400.0
PTB,2017-10-05,0.275,0.29,0.275,0.28,341900.0
PTB,2017-10-06,0.28,0.28,0.275,0.275,52500.0
PTB,2017-10-09,0.275,0.275,0.27,0.27,226000.0
PTB,2017-10-10,0.27,0.29,0.27,0.29,643500.0
PTB,2017-10-11,0.295,0.325,0.295,0.315,2880000.0
PTB,2017-10-12,0.315,0.335,0.305,0.31,2230000.0
PTB,2017-10-13,0.315,0.32,0.3,0.31,272400.0
PTB,2017-10-16,0.305,0.31,0.29,0.305,297200.0
PTB,2017-10-17,0.29,0.305,0.29,0.295,723800.0
PTB,2017-10-19,0.295,0.305,0.29,0.295,942200.0
PTB,2017-10-20,0.29,0.29,0.29,0.29,21900.0
PTB,2017-10-23,0.29,0.295,0.29,0.295,162600.0
PTB,2017-10-24,0.29,0.29,0.275,0.275,666700.0
PTB,2017-10-25,0.28,0.285,0.275,0.275,96300.0
PTB,2017-10-26,0.275,0.275,0.275,0.275,60000.0
PTB,2017-10-27,0.275,0.28,0.275,0.28,41000.0
PTB,2017-10-30,0.275,0.285,0.275,0.285,150900.0
PTB,2017-10-31,0.29,0.29,0.28,0.28,32200.000000000004
PTB,2017-11-01,0.28,0.29,0.28,0.285,264600.0
PTB,2017-11-02,0.285,0.29,0.285,0.285,227700.0
PTB,2017-11-03,0.285,0.285,0.28,0.285,125800.0
PTB,2017-11-06,0.28,0.28,0.28,0.28,54900.0
PTB,2017-11-07,0.28,0.28,0.28,0.28,51500.0
PTB,2017-11-08,0.275,0.28,0.275,0.275,71000.0
PTB,2017-11-09,0.275,0.275,0.275,0.275,117000.0
PTB,2017-11-10,0.27,0.28,0.27,0.27,572000.0
PTB,2017-11-13,0.275,0.275,0.27,0.27,7000.0
PTB,2017-11-14,0.27,0.27,0.27,0.27,220500.0
PTB,2017-11-15,0.265,0.265,0.265,0.265,205000.0
PTB,2017-11-16,0.26,0.26,0.255,0.255,245500.0
PTB,2017-11-17,0.255,0.26,0.255,0.26,178500.0
PTB,2017-11-20,0.25,0.25,0.24,0.245,394000.0
PTB,2017-11-21,0.24,0.245,0.22,0.24,906700.0
PTB,2017-11-22,0.235,0.235,0.235,0.235,37800.0
PTB,2017-11-23,0.24,0.24,0.235,0.235,48800.0
PTB,2017-11-27,0.24,0.26,0.24,0.245,172000.0
PTB,2017-11-28,0.245,0.25,0.245,0.245,57000.0
PTB,2017-11-29,0.245,0.245,0.245,0.245,27000.0
PTB,2017-11-30,0.245,0.245,0.24,0.24,30000.0
PTB,2017-12-04,0.24,0.245,0.24,0.245,127000.0
PTB,2017-12-05,0.245,0.255,0.245,0.255,28300.0
PTB,2017-12-06,0.255,0.26,0.255,0.26,47500.0
PTB,2017-12-07,0.255,0.255,0.255,0.255,400.0
PTB,2017-12-08,0.255,0.26,0.255,0.255,115300.0
PTB,2017-12-11,0.265,0.265,0.26,0.26,60000.0
PTB,2017-12-12,0.26,0.26,0.26,0.26,47000.0
PTB,2017-12-13,0.265,0.275,0.265,0.275,208600.0
PTB,2017-12-14,0.275,0.28,0.275,0.28,239000.0
PTB,2017-12-15,0.28,0.3,0.28,0.3,378100.0
PTB,2017-12-18,0.305,0.315,0.295,0.295,544200.0
PTB,2017-12-19,0.29,0.29,0.27,0.27,145200.0
PTB,2017-12-20,0.27,0.285,0.27,0.28,90000.0
PTB,2017-12-21,0.27,0.275,0.27,0.275,65000.0
PTB,2017-12-22,0.27,0.275,0.27,0.275,105000.0
PTB,2017-12-26,0.275,0.275,0.275,0.275,34000.0
PTB,2017-12-27,0.275,0.285,0.275,0.28,78000.0
PTB,2017-12-28,0.28,0.28,0.28,0.28,21600.0
PTB,2017-12-29,0.28,0.28,0.275,0.275,115200.0
PTB,2018-01-02,0.275,0.275,0.275,0.275,74700.0
PTB,2018-01-03,0.275,0.28,0.275,0.275,60000.0
PTB,2018-01-04,0.275,0.275,0.275,0.275,161800.0
PTB,2018-01-05,0.28,0.3,0.28,0.3,209000.0
PTB,2018-01-08,0.305,0.31,0.3,0.305,492000.0
PTB,2018-01-09,0.3,0.325,0.3,0.32,200200.0
PTB,2018-01-10,0.325,0.35,0.325,0.34,849200.0
PTB,2018-01-11,0.34,0.34,0.305,0.305,107400.0
PTB,2018-01-12,0.345,0.345,0.305,0.315,115800.0
PTB,2018-01-15,0.315,0.315,0.305,0.305,40000.0
PTB,2018-01-16,0.3,0.31,0.285,0.305,426400.0
PTB,2018-01-17,0.3,0.3,0.295,0.295,50000.0
PTB,2018-01-18,0.295,0.295,0.29,0.29,109000.0
PTB,2018-01-19,0.29,0.29,0.29,0.29,98500.0
PTB,2018-01-22,0.29,0.32,0.29,0.315,370300.0
PTB,2018-01-23,0.31,0.31,0.3,0.3,48800.0
PTB,2018-01-24,0.295,0.295,0.295,0.295,29100.0
PTB,2018-01-25,0.31,0.31,0.3,0.31,121700.0
PTB,2018-01-26,0.31,0.325,0.31,0.325,572600.0
PTB,2018-01-29,0.325,0.34,0.325,0.335,253500.0
PTB,2018-01-30,0.33,0.33,0.325,0.33,199000.0
PTB,2018-02-02,0.33,0.33,0.325,0.33,90000.0
PTB,2018-02-05,0.335,0.335,0.335,0.335,25000.0
PTB,2018-02-06,0.31,0.31,0.285,0.295,296200.0
PTB,2018-02-07,0.31,0.31,0.3,0.305,64200.0
PTB,2018-02-08,0.29,0.29,0.29,0.29,55000.0
PTB,2018-02-09,0.29,0.29,0.285,0.29,226500.0
PTB,2018-02-13,0.29,0.29,0.29,0.29,10000.0
PTB,2018-02-14,0.28,0.28,0.28,0.28,18000.0
PTB,2018-02-15,0.29,0.295,0.28,0.295,51000.0
PTB,2018-02-19,0.3,0.3,0.295,0.295,11000.0
PTB,2018-02-20,0.3,0.3,0.29,0.29,8600.0
PTB,2018-02-22,0.285,0.295,0.285,0.295,23000.0
PTB,2018-02-23,0.295,0.295,0.295,0.295,30000.0
PTB,2018-02-26,0.3,0.3,0.3,0.3,200.0
PTB,2018-02-27,0.295,0.3,0.285,0.285,86000.0
PTB,2018-02-28,0.28,0.28,0.275,0.275,86000.0
PTB,2018-03-01,0.28,0.3,0.28,0.3,135200.0
PTB,2018-03-02,0.275,0.285,0.275,0.285,75000.0
PTB,2018-03-05,0.275,0.275,0.275,0.275,30000.0
PTB,2018-03-06,0.27,0.27,0.27,0.27,1000.0
PTB,2018-03-07,0.27,0.27,0.27,0.27,39900.0
PTB,2018-03-09,0.26,0.26,0.22,0.26,16000.0
PTB,2018-03-12,0.26,0.275,0.26,0.26,104300.0
PTB,2018-03-13,0.25,0.25,0.25,0.25,5000.0
PTB,2018-03-14,0.25,0.25,0.25,0.25,8500.0
PTB,2018-03-15,0.24,0.24,0.24,0.24,5000.0
PTB,2018-03-16,0.25,0.255,0.25,0.255,44500.0
PTB,2018-03-19,0.25,0.26,0.25,0.26,45900.0
PTB,2018-03-22,0.25,0.25,0.25,0.25,50000.0
PTB,2018-03-23,0.25,0.25,0.24,0.245,101400.0
PTB,2018-03-26,0.245,0.245,0.24,0.24,64599.99999999999
PTB,2018-03-28,0.245,0.245,0.245,0.245,7000.0
