QUALITY,2007-01-03,1.2400,1.2600,1.2400,1.2600,10000
QUALITY,2007-01-04,1.2800,1.3100,1.2700,1.3000,64400
QUALITY,2007-01-05,1.3000,1.3000,1.3000,1.3000,26000
QUALITY,2007-01-08,1.2800,1.3000,1.2800,1.2900,7000
QUALITY,2007-01-09,1.2800,1.2900,1.2500,1.2900,56000
QUALITY,2007-01-10,1.2900,1.2900,1.2900,1.2900,2000
QUALITY,2007-01-11,1.2800,1.2800,1.2800,1.2800,1000
QUALITY,2007-01-12,1.2500,1.3100,1.2500,1.3100,9000
QUALITY,2007-01-15,1.3100,1.3400,1.2900,1.3400,22200
QUALITY,2007-01-18,1.3200,1.3200,1.3200,1.3200,100
QUALITY,2007-01-22,1.3300,1.3400,1.3200,1.3300,49500
QUALITY,2007-01-23,1.3400,1.4200,1.3100,1.4100,702000
QUALITY,2007-01-24,1.4300,1.5200,1.4300,1.5000,1155000
QUALITY,2007-01-25,1.5000,1.5100,1.4000,1.4000,243900
QUALITY,2007-01-26,1.3600,1.3800,1.3600,1.3700,18500
QUALITY,2007-01-29,1.3700,1.3700,1.3500,1.3600,49
QUALITY,2007-01-30,1.3300,1.3500,1.3200,1.3200,79500
QUALITY,2007-01-31,1.3200,1.3300,1.3100,1.3300,17000
QUALITY,2007-02-02,1.3200,1.3300,1.3200,1.3300,8000
QUALITY,2007-02-05,1.3100,1.3500,1.3100,1.3500,26000
QUALITY,2007-02-06,1.3300,1.3500,1.3300,1.3500,26000
QUALITY,2007-02-07,1.3100,1.3800,1.3100,1.3800,8800
QUALITY,2007-02-08,1.3500,1.3600,1.3500,1.3500,10000
QUALITY,2007-02-09,1.3200,1.3300,1.3200,1.3300,7000
QUALITY,2007-02-12,1.3500,1.3500,1.3200,1.3200,12000
QUALITY,2007-02-13,1.3300,1.3300,1.3300,1.3300,1000
QUALITY,2007-02-14,1.3200,1.3700,1.3200,1.3400,8000
QUALITY,2007-02-15,1.3200,1.3200,1.3200,1.3200,3000
QUALITY,2007-02-16,1.3500,1.3800,1.3500,1.3800,9500
QUALITY,2007-02-21,1.3600,1.3800,1.3600,1.3800,11900
QUALITY,2007-02-22,1.4000,1.4000,1.3600,1.3900,23000
QUALITY,2007-02-23,1.4000,1.5900,1.4000,1.5100,275800
QUALITY,2007-02-26,1.5400,1.5600,1.4600,1.5100,204600
QUALITY,2007-02-27,1.4500,1.4500,1.3400,1.3400,14100
QUALITY,2007-02-28,1.3000,1.4000,1.3000,1.3800,107300
QUALITY,2007-03-01,1.3500,1.3800,1.3300,1.3800,19000
QUALITY,2007-03-02,1.3100,1.3400,1.3100,1.3300,52000
QUALITY,2007-03-05,1.3100,1.3300,1.2800,1.3300,152000
QUALITY,2007-03-06,1.3100,1.3300,1.3000,1.3300,40000
QUALITY,2007-03-07,1.4000,1.4000,1.3300,1.3300,26500
QUALITY,2007-03-08,1.3200,1.3500,1.3200,1.3500,9000
QUALITY,2007-03-12,1.3500,1.4000,1.3500,1.4000,10700
QUALITY,2007-03-13,1.4000,1.4000,1.4000,1.4000,12000
QUALITY,2007-03-16,1.3500,1.4900,1.3500,1.4900,5100
QUALITY,2007-03-19,1.5000,1.5000,1.3300,1.3500,2200
QUALITY,2007-03-20,1.3700,1.3700,1.3700,1.3700,10000
QUALITY,2007-03-21,1.3700,1.3800,1.3700,1.3800,9000
QUALITY,2007-03-22,1.3700,1.3700,1.3700,1.3700,1000
QUALITY,2007-03-23,1.3700,1.3700,1.3700,1.3700,4000
QUALITY,2007-03-26,1.3800,1.4000,1.3800,1.4000,33000
QUALITY,2007-03-27,1.3700,1.4000,1.3700,1.3800,35000
QUALITY,2007-03-28,1.3500,1.3500,1.3500,1.3500,1500
QUALITY,2007-03-29,1.3600,1.3600,1.3600,1.3600,18000
QUALITY,2007-03-30,1.3400,1.4000,1.3400,1.4000,211600
QUALITY,2007-04-02,1.4100,1.4100,1.3800,1.3800,12700
QUALITY,2007-04-03,1.3700,1.3800,1.3700,1.3800,5700
QUALITY,2007-04-04,1.4200,1.4200,1.3300,1.3800,55600
QUALITY,2007-04-05,1.3800,1.3800,1.3500,1.3500,2400
QUALITY,2007-04-06,1.3500,1.3900,1.3500,1.3600,9200
QUALITY,2007-04-09,1.3700,1.3700,1.3600,1.3600,7000
QUALITY,2007-04-10,1.3700,1.4000,1.3700,1.3800,158600
QUALITY,2007-04-11,1.3700,1.3700,1.3600,1.3600,9000
QUALITY,2007-04-12,1.3600,1.3600,1.3600,1.3600,25000
QUALITY,2007-04-13,1.3600,1.3600,1.3600,1.3600,5000
QUALITY,2007-04-16,1.3900,1.4100,1.3900,1.4000,25000
QUALITY,2007-04-17,1.4000,1.4000,1.4000,1.4000,4000
QUALITY,2007-04-18,1.4000,1.4000,1.3600,1.3600,22000
QUALITY,2007-04-19,1.3600,1.3600,1.3600,1.3600,52500
QUALITY,2007-04-23,1.3700,1.3700,1.3700,1.3700,10000
QUALITY,2007-04-24,1.3800,1.3800,1.3800,1.3800,2000
QUALITY,2007-04-25,1.3800,1.3800,1.3600,1.3700,15000
QUALITY,2007-04-27,1.3700,1.3700,1.3700,1.3700,2000
QUALITY,2007-05-03,1.3800,1.3800,1.3800,1.3800,5000
QUALITY,2007-05-04,1.3800,1.3800,1.3800,1.3800,5
QUALITY,2007-05-07,1.3600,1.3700,1.3600,1.3700,5000
QUALITY,2007-05-08,1.3600,1.3600,1.3600,1.3600,2000
QUALITY,2007-05-09,1.3600,1.3600,1.3600,1.3600,2000
QUALITY,2007-05-10,1.3600,1.3700,1.3600,1.3700,17600
QUALITY,2007-05-11,1.3600,1.3600,1.3600,1.3600,3000
QUALITY,2007-05-14,1.3600,1.3600,1.3600,1.3600,25000
QUALITY,2007-05-15,1.3600,1.3600,1.3600,1.3600,6000
QUALITY,2007-05-16,1.3600,1.3600,1.3600,1.3600,6000
QUALITY,2007-05-17,1.3600,1.3600,1.3600,1.3600,2000
QUALITY,2007-05-18,1.3600,1.3800,1.3600,1.3700,22000
QUALITY,2007-05-21,1.3600,1.3700,1.3600,1.3600,19000
QUALITY,2007-05-22,1.3500,1.3800,1.3500,1.3700,38200
QUALITY,2007-05-23,1.3600,1.3700,1.3600,1.3700,40000
QUALITY,2007-05-24,1.3700,1.3700,1.3700,1.3700,5000
QUALITY,2007-05-25,1.3600,1.4000,1.3600,1.4000,69100
QUALITY,2007-05-29,1.3700,1.3900,1.3700,1.3900,4000
QUALITY,2007-05-30,1.3700,1.3700,1.3600,1.3600,11000
QUALITY,2007-05-31,1.3700,1.3900,1.3700,1.3700,2200
QUALITY,2007-06-01,1.3600,1.5000,1.3600,1.5000,25000
QUALITY,2007-06-04,1.4000,1.4000,1.4000,1.4000,6000
QUALITY,2007-06-05,1.3600,1.3600,1.3600,1.3600,5000
QUALITY,2007-06-06,1.3600,1.5000,1.3600,1.5000,83000
QUALITY,2007-06-08,1.4500,1.4500,1.4500,1.4500,2000
QUALITY,2007-06-12,1.3800,1.3800,1.3700,1.3700,2000
QUALITY,2007-06-13,1.3600,1.3600,1.3600,1.3600,1000
QUALITY,2007-06-14,1.3500,1.3500,1.3500,1.3500,1000
QUALITY,2007-06-15,1.3500,1.3500,1.3500,1.3500,3000
QUALITY,2007-06-18,1.4000,1.4900,1.4000,1.4900,138000
QUALITY,2007-06-19,1.4900,1.5400,1.4500,1.5100,223800
QUALITY,2007-06-20,1.5500,1.6000,1.5300,1.6000,111
QUALITY,2007-06-21,1.6100,1.6100,1.4500,1.4500,2325
QUALITY,2007-06-22,1.4600,1.5400,1.4100,1.4600,433000
QUALITY,2007-06-25,1.5000,1.5000,1.4400,1.4400,61000
QUALITY,2007-06-26,1.4400,1.4400,1.3900,1.4000,132500
QUALITY,2007-06-27,1.4000,1.4100,1.3700,1.4100,414000
QUALITY,2007-06-28,1.4000,1.4100,1.3900,1.4000,67500
QUALITY,2007-06-29,1.4200,1.4300,1.4100,1.4100,36000
QUALITY,2007-07-02,1.4100,1.4200,1.3900,1.3900,35000
QUALITY,2007-07-03,1.3700,1.4000,1.3700,1.3800,22000
QUALITY,2007-07-04,1.3800,1.3800,1.3800,1.3800,4000
QUALITY,2007-07-05,1.4000,1.4000,1.3900,1.3900,1000
QUALITY,2007-07-06,1.3900,1.3900,1.3700,1.3800,4000
QUALITY,2007-07-09,1.3800,1.4000,1.3800,1.4000,22000
QUALITY,2007-07-10,1.3700,1.4000,1.3700,1.4000,42
QUALITY,2007-07-11,1.4000,1.4000,1.4000,1.4000,16000
QUALITY,2007-07-12,1.4000,1.4000,1.3900,1.3900,20100
QUALITY,2007-07-13,1.4500,1.4500,1.3800,1.3800,3000
QUALITY,2007-07-16,1.3900,1.4000,1.3900,1.4000,47500
QUALITY,2007-07-17,1.4100,1.4100,1.4100,1.4100,10000
QUALITY,2007-07-18,1.4100,1.4100,1.4000,1.4100,13000
QUALITY,2007-07-19,1.4100,1.4200,1.4100,1.4200,4000
QUALITY,2007-07-20,1.4200,1.4200,1.4200,1.4200,12000
QUALITY,2007-07-23,1.4300,1.4300,1.4300,1.4300,2000
QUALITY,2007-07-24,1.4200,1.4300,1.4200,1.4300,9000
QUALITY,2007-07-25,1.4000,1.4000,1.4000,1.4000,3000
QUALITY,2007-07-27,1.3600,1.3800,1.3600,1.3800,16000
QUALITY,2007-07-30,1.3600,1.3600,1.3600,1.3600,1000
QUALITY,2007-07-31,1.3600,1.3600,1.3600,1.3600,6000
QUALITY,2007-08-01,1.3700,1.3800,1.3600,1.3600,76000
QUALITY,2007-08-02,1.3600,1.3600,1.3600,1.3600,25000
QUALITY,2007-08-06,1.3600,1.4000,1.3600,1.3900,91000
QUALITY,2007-08-07,1.3600,1.3700,1.3600,1.3600,11000
QUALITY,2007-08-08,1.3600,1.4000,1.3600,1.3600,25100
QUALITY,2007-08-09,1.3600,1.3800,1.3600,1.3800,5100
QUALITY,2007-08-10,1.3700,1.3700,1.3700,1.3700,22000
QUALITY,2007-08-14,1.3700,1.3700,1.3700,1.3700,34000
QUALITY,2007-08-15,1.3700,1.4000,1.3700,1.4000,83300
QUALITY,2007-08-16,1.3700,1.3700,1.3600,1.3700,103500
QUALITY,2007-08-17,1.3600,1.4000,1.3000,1.4000,95300
QUALITY,2007-08-20,1.3500,1.3500,1.3500,1.3500,20000
QUALITY,2007-08-21,1.3600,1.3600,1.3600,1.3600,7000
QUALITY,2007-08-22,1.4000,1.4800,1.4000,1.4800,12000
QUALITY,2007-08-28,1.3600,1.3600,1.3600,1.3600,1000
QUALITY,2007-08-29,1.3600,1.4500,1.3600,1.4500,7200
QUALITY,2007-08-30,1.4400,1.4500,1.3900,1.4500,6100
QUALITY,2007-09-04,1.3700,1.3800,1.3700,1.3800,20000
QUALITY,2007-09-06,1.3700,1.3700,1.3700,1.3700,2500
QUALITY,2007-09-07,1.3700,1.3700,1.3700,1.3700,13000
QUALITY,2007-09-11,1.3800,1.4000,1.3800,1.4000,2000
QUALITY,2007-09-13,1.3500,1.3500,1.3500,1.3500,21000
QUALITY,2007-09-14,1.3500,1.3500,1.3500,1.3500,32000
QUALITY,2007-09-17,1.3400,1.3400,1.3400,1.3400,6000
QUALITY,2007-09-18,1.3600,1.3600,1.3600,1.3600,2000
QUALITY,2007-09-19,1.3600,1.3600,1.3600,1.3600,1000
QUALITY,2007-09-21,1.3400,1.3400,1.3400,1.3400,2000
QUALITY,2007-09-24,1.3400,1.3800,1.3400,1.3800,8000
QUALITY,2007-09-26,1.7000,1.7000,1.7000,1.7000,100
QUALITY,2007-09-27,1.4500,1.4500,1.4500,1.4500,3800
QUALITY,2007-09-28,1.4000,1.4000,1.4000,1.4000,1000
QUALITY,2007-10-01,1.3500,1.3500,1.3500,1.3500,5000
QUALITY,2007-10-02,1.3700,1.4500,1.3700,1.4500,2900
QUALITY,2007-10-03,1.3700,1.3700,1.3700,1.3700,3000
QUALITY,2007-10-04,1.3700,1.3700,1.3700,1.3700,1000
QUALITY,2007-10-05,1.3400,1.3400,1.3400,1.3400,900
QUALITY,2007-10-08,1.3500,1.3500,1.3500,1.3500,2000
QUALITY,2007-10-09,1.3500,1.3500,1.3500,1.3500,10000
QUALITY,2007-10-10,1.3500,1.3500,1.3500,1.3500,5000
QUALITY,2007-10-12,1.3500,1.3600,1.3500,1.3600,48000
QUALITY,2007-10-16,1.4000,1.4000,1.4000,1.4000,200
QUALITY,2007-10-17,1.3800,1.3800,1.3800,1.3800,2000
QUALITY,2007-10-18,1.3600,1.3600,1.3600,1.3600,3000
QUALITY,2007-10-19,1.3800,1.3800,1.3700,1.3700,10000
QUALITY,2007-10-23,1.3500,1.3500,1.3500,1.3500,33000
QUALITY,2007-10-25,1.3500,1.3500,1.3500,1.3500,4000
QUALITY,2007-10-26,1.3900,1.3900,1.3700,1.3700,63600
QUALITY,2007-10-29,1.3700,1.3700,1.3600,1.3600,9000
QUALITY,2007-10-30,1.3400,1.3400,1.3400,1.3400,20000
QUALITY,2007-10-31,1.3400,1.3400,1.3400,1.3400,8000
QUALITY,2007-11-02,1.3400,1.3400,1.3400,1.3400,19000
QUALITY,2007-11-05,1.3400,1.3400,1.3400,1.3400,3000
QUALITY,2007-11-07,1.3600,1.3900,1.3600,1.3900,24700
QUALITY,2007-11-09,1.3800,1.3800,1.3800,1.3800,3000
QUALITY,2007-11-12,1.4000,1.4000,1.4000,1.4000,3000
QUALITY,2007-11-13,1.4000,1.4000,1.3900,1.3900,58300
QUALITY,2007-11-14,1.3400,1.3800,1.3400,1.3400,31000
QUALITY,2007-11-19,1.3400,1.3500,1.3400,1.3500,8000
QUALITY,2007-11-20,1.3500,1.3500,1.3400,1.3500,13000
QUALITY,2007-11-22,1.3400,1.3600,1.3400,1.3600,17000
QUALITY,2007-11-23,1.3400,1.3600,1.3400,1.3600,23000
QUALITY,2007-11-27,1.3400,1.3600,1.3400,1.3400,56000
QUALITY,2007-11-28,1.3400,1.3400,1.3400,1.3400,15000
QUALITY,2007-11-30,1.3400,1.3400,1.3400,1.3400,6500
QUALITY,2007-12-04,1.3300,1.4000,1.3300,1.4000,6000
QUALITY,2007-12-07,1.3700,1.7000,1.3700,1.7000,11100
QUALITY,2007-12-10,1.5000,1.5000,1.3400,1.3500,14000
QUALITY,2007-12-12,1.3500,1.3500,1.3500,1.3500,10000
QUALITY,2007-12-14,1.3400,1.3400,1.3200,1.3200,45000
QUALITY,2007-12-17,1.3300,1.3300,1.3300,1.3300,3000
QUALITY,2007-12-18,1.3400,1.4300,1.3400,1.4300,77000
QUALITY,2007-12-21,1.3400,1.4500,1.3400,1.4500,6800
QUALITY,2007-12-26,1.3200,1.3200,1.3200,1.3200,5000
QUALITY,2007-12-27,1.3600,1.4000,1.3600,1.4000,15000
QUALITY,2007-12-28,1.3300,1.3900,1.3300,1.3900,7000
QUALITY,2007-12-31,1.3300,1.3500,1.3300,1.3400,6000
QUALITY,2008-01-02,1.3200,1.3200,1.3200,1.3200,5000
QUALITY,2008-01-03,1.3200,1.3200,1.3200,1.3200,1000
QUALITY,2008-01-04,1.3500,1.3500,1.3500,1.3500,4000
QUALITY,2008-01-07,1.3300,1.3400,1.3300,1.3400,1500
QUALITY,2008-01-08,1.3300,1.3300,1.3300,1.3300,2000
QUALITY,2008-01-09,1.3300,1.3400,1.3300,1.3400,17000
QUALITY,2008-01-11,1.3400,1.3400,1.3300,1.3300,65800
QUALITY,2008-01-14,1.3200,1.3300,1.3200,1.3300,16000
QUALITY,2008-01-16,1.3300,1.3300,1.3300,1.3300,3000
QUALITY,2008-01-17,1.3400,1.3400,1.3000,1.3000,8000
QUALITY,2008-01-18,1.3100,1.3100,1.3100,1.3100,2000
QUALITY,2008-01-21,1.3100,1.3100,1.3100,1.3100,30000
QUALITY,2008-01-22,1.3100,1.4000,1.3000,1.4000,78500
QUALITY,2008-01-24,1.3000,1.3000,1.3000,1.3000,5900
QUALITY,2008-01-25,1.3100,1.3100,1.3100,1.3100,2000
QUALITY,2008-01-29,1.3000,1.3300,1.3000,1.3300,5900
QUALITY,2008-01-31,1.3100,1.3100,1.3100,1.3100,4500
QUALITY,2008-02-04,1.3000,1.3000,1.2800,1.2800,10000
QUALITY,2008-02-05,1.2900,1.2900,1.2900,1.2900,1000
QUALITY,2008-02-11,1.2900,1.2900,1.2900,1.2900,6000
QUALITY,2008-02-12,1.2900,1.3500,1.2900,1.3500,8000
QUALITY,2008-02-14,1.3000,1.3100,1.3000,1.3100,13000
QUALITY,2008-02-18,1.3000,1.3000,1.3000,1.3000,15000
QUALITY,2008-02-25,1.2800,1.2800,1.2800,1.2800,5000
QUALITY,2008-02-26,1.2800,1.2800,1.2800,1.2800,5000
QUALITY,2008-02-27,1.2800,1.3000,1.2100,1.3000,11500
QUALITY,2008-02-28,1.2700,1.2700,1.2700,1.2700,1000
QUALITY,2008-03-04,1.2100,1.2100,1.2100,1.2100,5000
QUALITY,2008-03-05,1.2000,1.2000,1.2000,1.2000,1000
QUALITY,2008-03-07,1.2000,1.2000,1.2000,1.2000,1000
QUALITY,2008-03-12,1.2100,1.2200,1.2100,1.2100,25000
QUALITY,2008-03-13,1.2100,1.2100,1.2100,1.2100,1000
QUALITY,2008-03-18,1.2000,1.3000,1.1900,1.3000,13100
QUALITY,2008-03-24,1.1800,1.1800,1.1800,1.1800,1000
QUALITY,2008-03-25,1.2000,1.2000,1.2000,1.2000,1000
QUALITY,2008-04-01,1.1800,1.1800,1.1800,1.1800,3000
QUALITY,2008-04-02,1.1800,1.1800,1.1800,1.1800,3000
QUALITY,2008-04-03,1.1900,1.1900,1.1900,1.1900,10000
QUALITY,2008-04-04,1.1800,1.1800,1.1800,1.1800,7000
QUALITY,2008-04-07,1.1800,1.1800,1.1800,1.1800,24900
QUALITY,2008-04-08,1.1900,1.1900,1.1900,1.1900,2000
QUALITY,2008-04-10,1.1900,1.1900,1.1900,1.1900,14000
QUALITY,2008-04-15,1.1800,1.1800,1.1800,1.1800,3000
QUALITY,2008-04-16,1.1800,1.1800,1.1800,1.1800,2000
QUALITY,2008-04-17,1.1800,1.2000,1.1800,1.1800,9000
QUALITY,2008-04-18,1.2000,1.2000,1.2000,1.2000,4000
QUALITY,2008-04-23,1.2100,1.2100,1.2100,1.2100,1000
QUALITY,2008-04-24,1.2100,1.5400,1.2100,1.5400,19100
QUALITY,2008-04-28,1.2000,1.2000,1.2000,1.2000,236100
QUALITY,2008-05-02,1.1900,1.1900,1.1900,1.1900,2000
QUALITY,2008-05-06,1.2000,1.5000,1.2000,1.5000,5100
QUALITY,2008-05-07,1.1900,1.2900,1.1900,1.2900,2000
QUALITY,2008-05-09,1.1900,1.1900,1.1900,1.1900,1000
QUALITY,2008-05-15,1.2500,1.2500,1.2500,1.2500,20000
QUALITY,2008-05-20,1.2100,1.2100,1.1900,1.1900,5000
QUALITY,2008-05-21,1.1900,1.1900,1.1900,1.1900,1000
QUALITY,2008-05-22,1.1900,1.1900,1.1900,1.1900,2000
QUALITY,2008-06-03,1.1900,1.1900,1.1900,1.1900,1000
QUALITY,2008-06-05,1.2000,1.2000,1.2000,1.2000,20000
QUALITY,2008-06-06,1.2000,1.2000,1.2000,1.2000,6000
QUALITY,2008-06-09,1.2000,1.2000,1.2000,1.2000,13000
QUALITY,2008-06-12,1.1900,1.2000,1.1900,1.2000,38000
QUALITY,2008-06-13,1.2000,1.2000,1.2000,1.2000,3000
QUALITY,2008-06-18,1.1900,1.1900,1.1900,1.1900,3000
QUALITY,2008-06-19,1.1900,1.1900,1.1900,1.1900,38000
QUALITY,2008-06-20,1.1900,1.2000,1.1900,1.2000,18000
QUALITY,2008-06-27,1.1900,1.1900,1.1900,1.1900,6000
QUALITY,2008-06-30,1.1900,1.2000,1.1900,1.1900,30000
QUALITY,2008-07-01,1.1900,1.5000,1.1900,1.5000,12100
QUALITY,2008-07-02,1.1900,1.2100,1.1900,1.2100,28000
QUALITY,2008-07-04,1.1900,1.1900,1.1900,1.1900,3000
QUALITY,2008-07-07,1.1900,1.1900,1.1900,1.1900,5000
QUALITY,2008-07-08,1.1900,1.1900,1.1900,1.1900,3000
QUALITY,2008-07-09,1.1900,1.1900,1.1900,1.1900,7000
QUALITY,2008-07-11,1.1900,1.1900,1.1900,1.1900,8000
QUALITY,2008-07-14,1.1900,1.1900,1.1900,1.1900,4000
QUALITY,2008-07-15,1.1900,1.1900,1.1900,1.1900,11000
QUALITY,2008-07-16,1.1900,1.1900,1.1900,1.1900,2400
QUALITY,2008-07-18,1.1900,1.1900,1.1900,1.1900,27000
QUALITY,2008-07-21,1.1900,1.1900,1.1900,1.1900,1600
QUALITY,2008-07-23,1.1900,1.1900,1.1900,1.1900,20000
QUALITY,2008-07-29,1.1800,1.1800,1.1800,1.1800,1
QUALITY,2008-08-08,1.1800,1.1800,1.1800,1.1800,2
QUALITY,2008-08-11,1.1800,1.1800,1.1800,1.1800,4
QUALITY,2008-08-13,1.1800,1.1800,1.1800,1.1800,3
QUALITY,2008-08-15,1.1800,1.1800,1.1800,1.1800,2
QUALITY,2008-08-18,1.1800,1.1800,1.1800,1.1800,3000
QUALITY,2008-08-19,1.1800,1.1800,1.1800,1.1800,3000
QUALITY,2008-08-21,1.1800,1.1800,1.1800,1.1800,3000
QUALITY,2008-08-27,1.1800,1.1800,1.1800,1.1800,3000
QUALITY,2008-09-03,1.1800,1.1800,1.1800,1.1800,2000
QUALITY,2008-09-04,1.1800,1.1800,1.1800,1.1800,1000
QUALITY,2008-09-05,1.1800,1.1800,1.1800,1.1800,5000
QUALITY,2008-09-10,1.1500,1.1500,1.1500,1.1500,1000
QUALITY,2008-09-12,1.1500,1.1500,1.1500,1.1500,3000
QUALITY,2008-09-15,1.1500,1.1500,1.1500,1.1500,3000
QUALITY,2008-09-16,1.1000,1.1000,1.1000,1.1000,3000
QUALITY,2008-09-17,1.1200,1.1200,1.1200,1.1200,2000
QUALITY,2008-09-18,1.1200,1.2900,1.1000,1.2900,13000
QUALITY,2008-10-09,1.1100,1.3000,1.0800,1.3000,10000
QUALITY,2008-10-10,1.2000,1.2500,1.1500,1.2500,12800
QUALITY,2008-10-13,1.1800,1.2500,1.1500,1.2500,12000
QUALITY,2008-10-14,1.1800,1.1800,1.1500,1.1500,5000
QUALITY,2008-10-15,1.1800,1.2000,1.1500,1.1500,18200
QUALITY,2008-10-16,1.1500,1.1500,1.1200,1.1500,22000
QUALITY,2008-10-17,1.1200,1.2400,1.1200,1.2400,3000
QUALITY,2008-10-20,1.1200,1.1800,1.0800,1.1800,12200
QUALITY,2008-10-21,1.1000,1.1700,1.0800,1.1700,15500
QUALITY,2008-10-24,1.1000,1.1700,1.0500,1.1500,41000
QUALITY,2008-10-28,1.1000,1.1000,1.0500,1.0500,24200
QUALITY,2008-10-29,1.0500,1.1000,1.0200,1.1000,6000
QUALITY,2008-10-30,1.0800,1.1900,1.0800,1.1300,8100
QUALITY,2008-10-31,1.1000,1.1500,1.1000,1.1500,3000
QUALITY,2008-11-05,1.1000,1.1600,1.0800,1.1600,6000
QUALITY,2008-11-06,1.1200,1.1200,1.1200,1.1200,1000
QUALITY,2008-11-07,1.1200,1.1300,1.1000,1.1300,11500
QUALITY,2008-11-12,1.1200,1.1200,1.1200,1.1200,5000
QUALITY,2008-11-13,1.1200,1.1200,1.1200,1.1200,5000
QUALITY,2008-11-14,1.1200,1.1200,1.1200,1.1200,5000
QUALITY,2008-11-19,1.1200,1.2000,1.0500,1.2000,16000
QUALITY,2008-11-21,1.1000,1.1300,1.1000,1.1300,7000
QUALITY,2008-11-24,1.1000,1.1200,1.0500,1.1200,10000
QUALITY,2008-11-27,1.1000,1.1000,1.1000,1.1000,99000
QUALITY,2008-12-02,1.0800,1.0800,1.0800,1.0800,5000
QUALITY,2008-12-03,1.0800,1.0800,1.0800,1.0800,3000
QUALITY,2008-12-05,1.0800,1.0800,1.0800,1.0800,3000
QUALITY,2008-12-09,1.0900,1.0900,1.0900,1.0900,14000
QUALITY,2008-12-10,1.0900,1.0900,1.0900,1.0900,2000
QUALITY,2008-12-12,1.0800,1.0900,1.0800,1.0900,51000
QUALITY,2008-12-15,1.0900,1.0900,1.0900,1.0900,40000
QUALITY,2008-12-16,1.0800,1.0800,1.0800,1.0800,1000
QUALITY,2008-12-22,1.0800,1.0900,1.0800,1.0900,12000
QUALITY,2008-12-30,1.0900,1.0900,1.0900,1.0900,4000
QUALITY,2008-12-31,1.0900,1.0900,1.0900,1.0900,7000
QUALITY,2009-01-05,1.0900,1.0900,1.0900,1.0900,2000
QUALITY,2009-01-06,1.0900,1.1200,1.0900,1.0900,6000
QUALITY,2009-01-07,1.0900,1.1500,1.0900,1.1500,20100
QUALITY,2009-01-08,1.0900,1.1000,1.0900,1.0900,21000
QUALITY,2009-01-12,1.0900,1.1500,1.0900,1.1500,1100
QUALITY,2009-01-13,1.1800,1.1800,1.1800,1.1800,3000
QUALITY,2009-01-15,1.0900,1.1500,1.0900,1.1500,5100
QUALITY,2009-01-16,1.0900,1.1500,1.0900,1.1500,11100
QUALITY,2009-01-22,1.0800,1.0800,1.0800,1.0800,1000
QUALITY,2009-01-23,1.0900,1.0900,1.0900,1.0900,1000
QUALITY,2009-02-06,1.0900,1.1800,1.0900,1.1200,15200
QUALITY,2009-02-11,1.0900,1.0900,1.0900,1.0900,10000
QUALITY,2009-02-12,1.0900,1.0900,1.0900,1.0900,20000
QUALITY,2009-02-17,1.0900,1.2000,1.0900,1.0900,12100
QUALITY,2009-02-23,1.0900,1.0900,1.0900,1.0900,3000
QUALITY,2009-03-02,1.0900,1.2000,1.0900,1.0900,11100
QUALITY,2009-03-10,1.0900,1.1900,1.0900,1.1900,20200
QUALITY,2009-03-11,1.0900,1.2000,1.0900,1.2000,8600
QUALITY,2009-03-19,1.0900,1.1500,1.0900,1.1000,6400
QUALITY,2009-03-20,1.0900,1.1500,1.0900,1.1300,38000
QUALITY,2009-04-01,1.0900,1.2000,1.0900,1.2000,21300
QUALITY,2009-04-02,1.0900,1.1500,1.0900,1.1500,10100
QUALITY,2009-04-03,1.0900,1.1400,1.0900,1.1400,10000
QUALITY,2009-04-07,1.1500,1.1500,1.1500,1.1500,100
QUALITY,2009-04-08,1.1500,1.1500,1.1500,1.1500,100
QUALITY,2009-04-10,1.0900,1.0900,1.0900,1.0900,1000
QUALITY,2009-04-13,1.0900,1.0900,1.0900,1.0900,3000
QUALITY,2009-04-15,1.0900,1.0900,1.0900,1.0900,2000
QUALITY,2009-04-21,1.0900,1.0900,1.0900,1.0900,12000
QUALITY,2009-04-23,1.0900,1.0900,1.0900,1.0900,3000
QUALITY,2009-05-05,1.0900,1.0900,1.0900,1.0900,59000
QUALITY,2009-05-07,1.0900,1.0900,1.0900,1.0900,1000
QUALITY,2009-05-11,1.1400,1.1400,1.1400,1.1400,2000
QUALITY,2009-05-12,1.0900,1.2300,1.0900,1.2300,224100
QUALITY,2009-05-14,1.0900,1.0900,1.0900,1.0900,3000
QUALITY,2009-05-18,1.0800,1.0800,1.0800,1.0800,1000
QUALITY,2009-05-19,1.0800,1.0800,1.0800,1.0800,3000
QUALITY,2009-05-22,1.0600,1.0600,1.0600,1.0600,1000
QUALITY,2009-05-25,1.0600,1.0600,1.0600,1.0600,1000
QUALITY,2009-05-26,1.0500,1.0500,1.0500,1.0500,1000
QUALITY,2009-05-27,1.0500,1.0500,1.0500,1.0500,1000
QUALITY,2009-05-29,1.0500,1.0500,1.0500,1.0500,4000
QUALITY,2009-06-01,1.0500,1.0500,1.0500,1.0500,2000
QUALITY,2009-06-02,1.0300,1.0300,1.0000,1.0000,6000
QUALITY,2009-06-05,1.0200,1.0200,1.0200,1.0200,2000
QUALITY,2009-06-10,1.0500,1.0500,1.0500,1.0500,1000
QUALITY,2009-06-11,1.0500,1.0500,1.0500,1.0500,4000
QUALITY,2009-06-12,1.0500,1.0500,1.0500,1.0500,3000
QUALITY,2009-06-15,1.0500,1.0500,1.0500,1.0500,2000
QUALITY,2009-06-16,1.0500,1.0500,1.0500,1.0500,3000
QUALITY,2009-06-17,1.0500,1.0500,1.0200,1.0200,1300
QUALITY,2009-06-26,1.0500,1.0500,1.0500,1.0500,1000
QUALITY,2009-07-03,1.1000,1.1000,1.1000,1.1000,1000
QUALITY,2009-07-15,1.0500,1.0500,1.0000,1.0000,4000
QUALITY,2009-07-20,1.0500,1.0700,1.0500,1.0700,6000
QUALITY,2009-07-24,1.2000,1.3500,1.0600,1.3500,6100
QUALITY,2009-07-27,1.0500,1.0500,0.9600,0.9600,17000
QUALITY,2009-07-28,1.0000,1.0000,1.0000,1.0000,4000
QUALITY,2009-07-29,1.0100,1.0200,1.0100,1.0200,9000
QUALITY,2009-07-30,1.0500,1.0500,1.0500,1.0500,1000
QUALITY,2009-07-31,1.0100,1.0100,1.0100,1.0100,3000
QUALITY,2009-08-03,1.0100,1.0100,1.0100,1.0100,4000
QUALITY,2009-08-04,1.1900,1.2000,1.1900,1.2000,11000
QUALITY,2009-08-05,1.2100,1.2100,1.1900,1.1900,12000
QUALITY,2009-08-06,1.2100,1.2100,1.2100,1.2100,6000
QUALITY,2009-08-07,1.2100,1.2100,1.2100,1.2100,6000
QUALITY,2009-08-19,1.0100,1.0900,1.0100,1.0900,4000
QUALITY,2009-08-28,1.0500,1.0900,1.0500,1.0900,5000
QUALITY,2009-09-28,1.0200,1.0200,1.0200,1.0200,2000
QUALITY,2009-10-01,1.0300,1.0300,1.0300,1.0300,2000
QUALITY,2009-10-05,1.0300,1.0300,1.0300,1.0300,2000
QUALITY,2009-10-08,1.0200,1.0200,1.0200,1.0200,3000
QUALITY,2009-10-12,1.0300,1.0300,1.0300,1.0300,1000
QUALITY,2009-10-13,1.1300,1.1300,1.1300,1.1300,500
QUALITY,2009-10-15,1.0200,1.0200,1.0100,1.0100,10000
QUALITY,2009-10-16,1.0100,1.0900,0.8000,1.0800,13200
QUALITY,2009-10-22,1.0000,1.0500,0.9800,1.0000,19200
QUALITY,2009-10-23,1.0000,1.0000,1.0000,1.0000,100
QUALITY,2009-10-27,1.0000,1.0000,1.0000,1.0000,2000
QUALITY,2009-10-28,1.0000,1.0000,1.0000,1.0000,2000
QUALITY,2009-11-06,1.0000,1.0000,1.0000,1.0000,2000
QUALITY,2009-11-11,1.0000,1.0000,0.9700,0.9700,4000
QUALITY,2009-11-13,1.0000,1.0000,1.0000,1.0000,1000
QUALITY,2009-11-17,1.0000,1.0000,1.0000,1.0000,1000
QUALITY,2009-11-18,1.0000,1.1000,0.9600,1.1000,5000
QUALITY,2009-11-19,1.0000,1.0000,1.0000,1.0000,2000
QUALITY,2009-11-23,1.0000,1.0000,1.0000,1.0000,2000
QUALITY,2009-11-24,1.0000,1.0000,1.0000,1.0000,1000
QUALITY,2009-12-01,1.0000,1.0000,1.0000,1.0000,2000
QUALITY,2009-12-02,1.0000,1.0000,1.0000,1.0000,2000
QUALITY,2009-12-03,1.0000,1.0000,0.9500,1.0000,3000
QUALITY,2009-12-04,1.0000,1.0000,1.0000,1.0000,2000
QUALITY,2009-12-07,1.0000,1.0000,1.0000,1.0000,2000
QUALITY,2009-12-08,1.0000,1.0000,0.9700,1.0000,4000
QUALITY,2009-12-09,1.0100,1.0100,1.0100,1.0100,3100
QUALITY,2009-12-11,1.0000,1.0000,1.0000,1.0000,5000
QUALITY,2009-12-23,1.0100,1.0100,1.0100,1.0100,1000
QUALITY,2009-12-30,1.0000,1.0200,1.0000,1.0200,501000
QUALITY,2010-01-04,1.0300,1.0300,1.0300,1.0300,1000
QUALITY,2010-01-05,1.0100,1.1000,1.0100,1.1000,7300
QUALITY,2010-01-07,1.0100,1.0100,1.0100,1.0100,2000
QUALITY,2010-01-08,1.0000,1.0000,1.0000,1.0000,1000
QUALITY,2010-01-13,1.0100,1.0100,1.0100,1.0100,1000
QUALITY,2010-01-14,1.0000,1.0000,1.0000,1.0000,1000
QUALITY,2010-01-18,1.0000,1.0000,1.0000,1.0000,1000
QUALITY,2010-01-20,1.0000,1.0000,1.0000,1.0000,1000
QUALITY,2010-01-29,1.0500,1.0500,1.0500,1.0500,1000
QUALITY,2010-02-04,1.0000,1.0000,1.0000,1.0000,1000
QUALITY,2010-02-18,1.0000,1.0000,1.0000,1.0000,1000
QUALITY,2010-02-25,1.0000,1.0000,0.9500,0.9500,3000
QUALITY,2010-03-01,1.0000,1.0000,1.0000,1.0000,2000
QUALITY,2010-03-02,1.0000,1.0000,1.0000,1.0000,2000
QUALITY,2010-03-04,1.0000,1.0000,1.0000,1.0000,1000
QUALITY,2010-03-08,1.0000,1.0000,1.0000,1.0000,2000
QUALITY,2010-03-09,1.0000,1.0000,0.9600,0.9600,4000
QUALITY,2010-03-10,1.0000,1.0000,1.0000,1.0000,2000
QUALITY,2010-03-11,1.0000,1.0000,1.0000,1.0000,1000
QUALITY,2010-03-12,1.0000,1.0000,1.0000,1.0000,1000
QUALITY,2010-03-15,1.0000,1.0000,1.0000,1.0000,2000
QUALITY,2010-03-16,1.0000,1.0000,0.9200,0.9900,32000
QUALITY,2010-03-17,0.9800,0.9800,0.9800,0.9800,1000
QUALITY,2010-03-23,0.9800,0.9800,0.9600,0.9600,3000
QUALITY,2010-03-26,0.9850,0.9850,0.9850,0.9850,1054200
QUALITY,2010-03-31,1.0000,1.0000,1.0000,1.0000,1000
QUALITY,2010-04-01,1.0000,1.0000,1.0000,1.0000,2000
QUALITY,2010-04-02,1.0000,1.0000,1.0000,1.0000,2000
QUALITY,2010-04-05,1.0000,1.0000,0.9850,0.9850,483000
QUALITY,2010-04-06,0.9900,0.9900,0.9850,0.9850,1000
QUALITY,2010-04-14,0.9800,0.9800,0.9800,0.9800,1900
QUALITY,2010-04-15,0.9800,0.9800,0.9650,0.9650,4100
QUALITY,2010-04-16,0.9800,0.9800,0.9600,0.9600,3000
QUALITY,2010-04-19,0.9900,0.9900,0.9700,0.9700,5000
QUALITY,2010-04-20,0.9700,0.9700,0.9700,0.9700,3000
QUALITY,2010-04-27,0.9700,0.9700,0.9500,0.9500,3000
QUALITY,2010-04-30,0.9700,0.9700,0.9700,0.9700,1000
QUALITY,2010-05-06,0.9700,0.9700,0.6800,0.9500,14200
QUALITY,2010-05-19,1.0000,1.0000,1.0000,1.0000,6000
QUALITY,2010-05-31,0.7100,0.9300,0.7100,0.9300,200
QUALITY,2010-06-01,0.9300,0.9300,0.9200,0.9200,1000
QUALITY,2010-06-03,1.0000,1.0000,1.0000,1.0000,204000
QUALITY,2010-06-04,1.0000,1.0000,1.0000,1.0000,5000
QUALITY,2010-06-08,0.9200,0.9200,0.9200,0.9200,100
QUALITY,2010-06-09,1.0000,1.0000,1.0000,1.0000,5000
QUALITY,2010-06-15,1.0000,1.0000,1.0000,1.0000,3000
QUALITY,2010-06-18,0.9900,1.0100,0.9700,1.0100,17000
QUALITY,2010-06-21,1.0300,1.0300,1.0300,1.0300,10000
QUALITY,2010-07-01,1.0000,1.0000,1.0000,1.0000,200
QUALITY,2010-07-02,1.0000,1.0300,1.0000,1.0300,44000
QUALITY,2010-07-07,1.0000,1.0000,1.0000,1.0000,3000
QUALITY,2010-07-08,1.0000,1.0900,1.0000,1.0900,305000
QUALITY,2010-07-09,1.0300,1.0300,1.0300,1.0300,1000
QUALITY,2010-07-12,1.0500,1.0500,1.0200,1.0500,8200
QUALITY,2010-07-13,1.1000,1.1000,1.0500,1.1000,10000
QUALITY,2010-07-14,1.0800,1.0800,1.0800,1.0800,1000
QUALITY,2010-07-15,1.1000,1.1300,1.1000,1.1000,13500
QUALITY,2010-07-16,1.0500,1.0500,1.0500,1.0500,1000
QUALITY,2010-07-19,1.0600,1.1500,1.0600,1.1500,7500
QUALITY,2010-07-20,1.1500,1.1500,1.1500,1.1500,3000
QUALITY,2010-07-21,1.1500,1.1500,1.0900,1.0900,3000
QUALITY,2010-07-26,1.1400,1.1400,1.1400,1.1400,2400
QUALITY,2010-07-27,1.1000,1.1000,1.1000,1.1000,10000
QUALITY,2010-07-28,1.0500,1.1000,1.0500,1.0600,11100
QUALITY,2010-07-29,1.0800,1.0800,1.0800,1.0800,2000
QUALITY,2010-07-30,1.1000,1.1000,1.1000,1.1000,5000
QUALITY,2010-08-02,1.1000,1.1000,1.1000,1.1000,1000
QUALITY,2010-08-03,1.1000,1.1000,1.1000,1.1000,4000
QUALITY,2010-08-05,1.1000,1.1000,1.1000,1.1000,12400
QUALITY,2010-08-10,1.1000,1.1500,1.1000,1.1000,14000
QUALITY,2010-08-11,1.0800,1.1000,1.0800,1.1000,8000
QUALITY,2010-08-12,1.1000,1.1500,1.1000,1.1500,20000
QUALITY,2010-08-13,1.0500,1.0500,1.0200,1.0500,6000
QUALITY,2010-08-16,1.0500,1.0500,1.0500,1.0500,1000
QUALITY,2010-08-17,1.0600,1.0600,1.0600,1.0600,14000
QUALITY,2010-08-18,1.1400,1.1400,1.1000,1.1400,10000
QUALITY,2010-08-20,1.1500,1.1600,1.1500,1.1600,10000
QUALITY,2010-08-23,1.1700,1.2100,1.1700,1.1900,53700
QUALITY,2010-08-24,1.2500,1.2500,1.2500,1.2500,1000
QUALITY,2010-08-26,1.1200,1.1200,1.1200,1.1200,1000
QUALITY,2010-08-27,1.1500,1.1500,1.1500,1.1500,4000
QUALITY,2010-09-01,1.1200,1.1200,1.1200,1.1200,1000
QUALITY,2010-09-02,1.1500,1.1500,1.1500,1.1500,2000
QUALITY,2010-09-14,1.1400,1.1400,1.1400,1.1400,5000
QUALITY,2010-09-15,1.1200,1.1200,1.1200,1.1200,6000
QUALITY,2010-09-17,1.0700,1.1200,1.0700,1.1200,7000
QUALITY,2010-09-20,1.1200,1.1200,1.1200,1.1200,2000
QUALITY,2010-09-22,1.1200,1.1200,1.1200,1.1200,11000
QUALITY,2010-09-24,1.1200,1.2300,1.1100,1.1900,33100
QUALITY,2010-09-27,1.1200,1.1200,1.1200,1.1200,31000
QUALITY,2010-09-28,1.1200,1.1200,1.1200,1.1200,3000
QUALITY,2010-09-30,1.1300,1.2500,1.1300,1.2300,14000
QUALITY,2010-10-01,1.2200,1.3500,1.2200,1.2700,433100
QUALITY,2010-10-04,1.2700,1.2900,1.2500,1.2900,11000
QUALITY,2010-10-05,1.2600,1.3000,1.2500,1.3000,25900
QUALITY,2010-10-06,1.2900,1.3000,1.2700,1.3000,21000
QUALITY,2010-10-07,1.3000,1.3100,1.2900,1.3000,26900
QUALITY,2010-10-08,1.3000,1.3100,1.3000,1.3000,10000
QUALITY,2010-10-11,1.2800,1.3100,1.2800,1.3100,7000
QUALITY,2010-10-12,1.3100,1.3600,1.3100,1.3600,21400
QUALITY,2010-10-13,1.3600,1.3600,1.3200,1.3200,4000
QUALITY,2010-10-14,1.3800,1.6000,1.3800,1.4000,21500
QUALITY,2010-10-15,1.3900,1.6200,1.3900,1.6200,75900
QUALITY,2010-10-18,1.5900,1.5900,1.5100,1.5900,81600
QUALITY,2010-10-19,1.5900,1.6000,1.5800,1.6000,20000
QUALITY,2010-10-20,1.5900,1.6000,1.5700,1.5900,475800
QUALITY,2010-10-21,1.5700,1.5700,1.5200,1.5200,12000
QUALITY,2010-10-22,1.5300,1.6300,1.5300,1.6000,260000
QUALITY,2010-10-25,1.5300,1.6000,1.5300,1.5500,37200
QUALITY,2010-10-26,1.5300,1.5300,1.5300,1.5300,16000
QUALITY,2010-10-27,1.5300,1.5300,1.5000,1.5000,17100
QUALITY,2010-10-28,1.5000,1.5000,1.4800,1.4800,12000
QUALITY,2010-10-29,1.5000,1.5000,1.4800,1.5000,5000
QUALITY,2010-11-01,1.4800,1.4800,1.4800,1.4800,5000
QUALITY,2010-11-02,1.2000,1.4600,1.2000,1.4600,4100
QUALITY,2010-11-03,1.4200,1.4200,1.4000,1.4100,13000
QUALITY,2010-11-04,1.4400,1.5400,1.4400,1.5000,26000
QUALITY,2010-11-08,1.5900,1.5900,1.5000,1.5800,15000
QUALITY,2010-11-09,1.5800,1.5800,1.5800,1.5800,18100
QUALITY,2010-11-10,1.5200,1.5200,1.5200,1.5200,2000
QUALITY,2010-11-11,1.5900,1.5900,1.5000,1.5200,12000
QUALITY,2010-11-12,1.5200,1.5200,1.4900,1.4900,5800
QUALITY,2010-11-15,1.4900,1.4900,1.0600,1.3700,6200
QUALITY,2010-11-16,1.4900,1.4900,1.4500,1.4500,18000
QUALITY,2010-11-19,1.5000,1.5900,1.4900,1.4900,8100
QUALITY,2010-11-22,1.5300,1.5300,1.4900,1.4900,4000
QUALITY,2010-11-23,1.4900,1.4900,1.4900,1.4900,2000
QUALITY,2010-11-24,1.0700,1.4900,1.0700,1.4900,5100
QUALITY,2010-11-29,1.4900,1.4900,1.4900,1.4900,2000
QUALITY,2010-11-30,1.4900,1.5500,1.4900,1.5500,3000
QUALITY,2010-12-02,1.4900,1.4900,1.4000,1.4600,15100
QUALITY,2010-12-09,1.4500,1.4500,1.4500,1.4500,2000
QUALITY,2010-12-14,1.3900,1.3900,1.3900,1.3900,1000
QUALITY,2010-12-15,1.4800,1.5000,1.4500,1.4500,40000
QUALITY,2010-12-16,1.3900,1.4800,1.3900,1.4800,2000
QUALITY,2010-12-17,1.3900,1.4300,1.3900,1.4300,4100
QUALITY,2010-12-21,1.4500,1.4500,1.4500,1.4500,7000
QUALITY,2010-12-22,1.4000,1.4000,1.3900,1.4000,18000
QUALITY,2010-12-23,1.3900,1.3900,1.3900,1.3900,1000
QUALITY,2010-12-24,1.3900,1.3900,1.3800,1.3800,4000
QUALITY,2010-12-27,1.3800,1.3800,1.3800,1.3800,3000
QUALITY,2010-12-28,1.3000,1.3800,1.3000,1.3800,2100
QUALITY,2011-01-04,1.4000,1.4000,1.4000,1.4000,5500
QUALITY,2011-01-05,1.4100,1.4100,1.4100,1.4100,12000
QUALITY,2011-01-06,1.4000,1.4100,1.4000,1.4100,3000
QUALITY,2011-01-07,1.4300,1.4300,1.4300,1.4300,13000
QUALITY,2011-01-12,1.4100,1.4100,1.4100,1.4100,7000
QUALITY,2011-01-14,1.4200,1.4300,1.4200,1.4300,12000
QUALITY,2011-01-17,1.4100,1.4100,1.4100,1.4100,8000
QUALITY,2011-01-18,1.4100,1.4100,1.4100,1.4100,2000
QUALITY,2011-01-21,1.4100,1.4100,1.4000,1.4000,20000
QUALITY,2011-01-27,1.3500,1.3500,1.3500,1.3500,1000
QUALITY,2011-02-14,1.3500,1.3500,1.3500,1.3500,1000
QUALITY,2011-02-17,1.3000,1.3000,1.3000,1.3000,1000
QUALITY,2011-02-18,1.3000,1.3000,1.3000,1.3000,2000
QUALITY,2011-02-21,1.3000,1.3000,1.3000,1.3000,4000
QUALITY,2011-02-22,1.3000,1.3000,1.3000,1.3000,1000
QUALITY,2011-02-23,1.3000,1.3000,1.3000,1.3000,4000
QUALITY,2011-02-24,1.3000,1.3000,1.3000,1.3000,9000
QUALITY,2011-03-02,1.0000,1.3400,1.0000,1.3400,5100
QUALITY,2011-03-10,1.0000,1.3000,1.0000,1.3000,5100
QUALITY,2011-03-11,0.9500,1.2500,0.9500,1.2400,4600
QUALITY,2011-03-17,1.0200,1.0200,1.0200,1.0200,10000
QUALITY,2011-03-18,1.2300,1.3200,1.2300,1.3200,8000
QUALITY,2011-03-21,1.2900,1.2900,1.2900,1.2900,5000
QUALITY,2011-03-22,1.2500,1.2500,1.2500,1.2500,2000
QUALITY,2011-03-23,1.2500,1.2500,1.2500,1.2500,1000
QUALITY,2011-03-24,1.2500,1.2500,1.2500,1.2500,3000
QUALITY,2011-03-28,1.2500,1.2500,1.2500,1.2500,1000
QUALITY,2011-03-30,1.2600,1.2600,1.2600,1.2600,200000
QUALITY,2011-04-01,1.2600,1.3000,1.2600,1.3000,13000
QUALITY,2011-04-04,1.3400,1.3400,1.3400,1.3400,4000
QUALITY,2011-04-06,1.2600,1.2600,1.2600,1.2600,1000
QUALITY,2011-04-11,1.2500,1.2500,1.2300,1.2500,5000
QUALITY,2011-04-14,1.2500,1.2500,1.2500,1.2500,1000
QUALITY,2011-04-18,1.2500,1.2500,1.2500,1.2500,3000
QUALITY,2011-04-20,1.2500,1.2500,1.2500,1.2500,2000
QUALITY,2011-04-21,1.2500,1.2500,1.2300,1.2300,3000
QUALITY,2011-04-22,1.2800,1.2800,1.2800,1.2800,5000
QUALITY,2011-04-25,1.2500,1.2500,1.2500,1.2500,4000
QUALITY,2011-05-03,1.2500,1.3400,1.2000,1.3400,20100
QUALITY,2011-05-04,1.2200,1.2200,1.2200,1.2200,2000
QUALITY,2011-05-05,1.2400,1.3200,0.8600,1.3200,8200
QUALITY,2011-05-11,1.2400,1.3200,1.2200,1.3200,4000
QUALITY,2011-05-16,1.2800,1.2800,1.2800,1.2800,12000
QUALITY,2011-05-18,1.2400,1.2400,1.2400,1.2400,1000
QUALITY,2011-05-19,1.2400,1.3300,1.2400,1.3300,2100
QUALITY,2011-05-20,1.2500,1.2500,1.2500,1.2500,1000
QUALITY,2011-05-24,1.3400,1.4000,1.3300,1.3900,239900
QUALITY,2011-05-25,1.4500,1.4800,1.2500,1.3200,318100
QUALITY,2011-05-26,1.2800,1.2800,1.2800,1.2800,10000
QUALITY,2011-05-27,1.2500,1.2500,1.2000,1.2000,9000
QUALITY,2011-05-30,1.2200,1.3000,1.2000,1.2900,209100
QUALITY,2011-05-31,1.2900,1.2900,1.2900,1.2900,10000
QUALITY,2011-06-06,1.2200,1.3000,1.2000,1.3000,11000
QUALITY,2011-06-07,1.3000,1.6500,1.2900,1.5000,163000
QUALITY,2011-06-08,1.4000,1.4800,1.4000,1.4200,416000
QUALITY,2011-06-10,1.3500,1.5000,1.3500,1.4400,270600
QUALITY,2011-06-13,1.3300,1.3300,1.3300,1.3300,1000
QUALITY,2011-06-14,1.3000,1.3000,1.3000,1.3000,1000
QUALITY,2011-06-17,1.2400,1.3400,1.2400,1.2800,8600
QUALITY,2011-06-20,1.2500,1.2500,1.2500,1.2500,2000
QUALITY,2011-06-23,1.2700,1.2700,1.2700,1.2700,2000
QUALITY,2011-06-24,1.2700,1.3300,1.2500,1.3000,3200
QUALITY,2011-06-28,1.2500,1.2500,1.2500,1.2500,2000
QUALITY,2011-06-29,1.2500,1.2500,1.2500,1.2500,1000
QUALITY,2011-06-30,1.2500,1.2500,1.2500,1.2500,3000
QUALITY,2011-07-01,1.2500,1.2500,1.2500,1.2500,1000
QUALITY,2011-07-04,1.2400,1.2400,1.2400,1.2400,4000
QUALITY,2011-07-05,1.3200,1.3300,1.3200,1.3300,34900
QUALITY,2011-07-06,1.2400,1.2700,1.2200,1.2400,42000
QUALITY,2011-07-07,1.2400,1.2400,1.2400,1.2400,1000
QUALITY,2011-07-11,1.2400,1.2400,1.2400,1.2400,6000
QUALITY,2011-07-12,1.2500,1.2500,1.2500,1.2500,3000
QUALITY,2011-07-14,1.2500,1.2500,1.2400,1.2500,18000
QUALITY,2011-07-21,1.2400,1.2400,1.2400,1.2400,3000
QUALITY,2011-07-25,1.2400,1.2400,1.2100,1.2400,8000
QUALITY,2011-07-26,1.2400,1.3500,1.2400,1.3500,6000
QUALITY,2011-07-27,1.3500,1.4000,1.3500,1.4000,30000
QUALITY,2011-08-01,1.3200,1.3200,1.3000,1.3000,8300
QUALITY,2011-08-02,1.3300,1.3300,1.3300,1.3300,10900
QUALITY,2011-08-04,1.3800,1.3800,1.3800,1.3800,1000
QUALITY,2011-08-05,1.2400,1.2400,1.2400,1.2400,5000
QUALITY,2011-08-08,1.2400,1.2400,1.1700,1.1700,12000
QUALITY,2011-08-10,1.1600,1.1600,1.1600,1.1600,10000
QUALITY,2011-08-11,1.2400,1.2400,1.2400,1.2400,3000
QUALITY,2011-08-12,1.2800,1.3000,1.2700,1.2700,28000
QUALITY,2011-08-16,1.2600,1.2600,1.2600,1.2600,2000
QUALITY,2011-08-22,1.2700,1.2700,1.2700,1.2700,2000
QUALITY,2011-08-23,1.2500,1.2500,1.2500,1.2500,1000
QUALITY,2011-08-24,1.3600,1.3800,1.3000,1.3700,37000
QUALITY,2011-08-25,1.3600,1.3600,1.3100,1.3100,1100
QUALITY,2011-08-26,1.2400,1.2400,1.2400,1.2400,100
QUALITY,2011-09-02,1.5400,1.5400,1.5400,1.5400,10000
QUALITY,2011-09-06,1.2500,1.2500,1.2500,1.2500,100
QUALITY,2011-09-13,1.2500,1.2500,1.2500,1.2500,10000
QUALITY,2011-09-14,1.2500,1.2500,1.2500,1.2500,20000
QUALITY,2011-09-15,1.2400,1.3000,0.8800,1.3000,41000
QUALITY,2011-09-22,1.2400,1.2400,1.2400,1.2400,1000
QUALITY,2011-09-23,1.2400,1.2400,1.2400,1.2400,20000
QUALITY,2011-09-26,1.2400,1.2400,1.2400,1.2400,2000
QUALITY,2011-10-03,1.2400,1.2600,0.8700,0.8700,38000
QUALITY,2011-10-04,1.1700,1.1700,1.1700,1.1700,1000
QUALITY,2011-10-05,1.3000,1.3000,1.3000,1.3000,2000
QUALITY,2011-10-06,1.2400,1.2400,1.2400,1.2400,17000
QUALITY,2011-10-07,1.3000,1.4000,1.3000,1.4000,22000
QUALITY,2011-10-13,1.3400,1.3400,1.3400,1.3400,6300
QUALITY,2011-10-14,1.3000,1.3000,1.3000,1.3000,6000
QUALITY,2011-10-21,1.3100,1.3100,1.3100,1.3100,1000
QUALITY,2011-10-24,1.2600,1.2600,1.2600,1.2600,1000
QUALITY,2011-10-25,1.3700,1.3700,1.3700,1.3700,5000
QUALITY,2011-10-27,1.3300,1.3300,1.3300,1.3300,8000
QUALITY,2011-10-28,1.3500,1.3500,1.3500,1.3500,4100
QUALITY,2011-11-02,1.3300,1.3300,1.2600,1.2600,1100
QUALITY,2011-11-03,1.3700,1.3900,1.3600,1.3600,46600
QUALITY,2011-11-08,1.3600,1.3600,1.3600,1.3600,1000
QUALITY,2011-11-09,1.3300,1.3300,1.3300,1.3300,1000
QUALITY,2011-11-10,1.3800,1.4200,1.3700,1.3900,529000
QUALITY,2011-11-11,1.3800,1.3800,1.3800,1.3800,15000
QUALITY,2011-11-14,1.2700,1.2700,1.2700,1.2700,20000
QUALITY,2011-11-15,1.4300,1.4300,1.2800,1.2800,6000
QUALITY,2011-11-16,1.3000,1.3000,1.3000,1.3000,5000
QUALITY,2011-11-24,1.3500,1.3500,1.3500,1.3500,10000
QUALITY,2011-11-30,1.3400,1.3500,1.3400,1.3500,3000
QUALITY,2011-12-01,1.3300,1.3400,1.3300,1.3400,5300
QUALITY,2011-12-12,1.2500,1.2500,1.2500,1.2500,2000
QUALITY,2011-12-13,1.2500,1.2500,1.2500,1.2500,5000
QUALITY,2011-12-14,1.2500,1.2500,1.2500,1.2500,4000
QUALITY,2011-12-15,1.3000,1.3000,1.2500,1.2600,184300
QUALITY,2011-12-16,1.3100,1.3300,1.3100,1.3300,11000
QUALITY,2011-12-19,1.3000,1.3000,1.3000,1.3000,3000
QUALITY,2011-12-22,1.2400,1.2400,1.2400,1.2400,1000
QUALITY,2011-12-27,1.2500,1.2500,1.2500,1.2500,2000
QUALITY,2011-12-28,1.2500,1.2500,1.2500,1.2500,5000
QUALITY,2011-12-30,1.3000,1.3400,1.3000,1.3200,14100
QUALITY,2012-01-04,1.2400,1.2400,1.2400,1.2400,100
QUALITY,2012-01-05,1.2500,1.2500,1.2500,1.2500,1000
QUALITY,2012-01-13,1.2600,1.2600,1.2600,1.2600,507200
QUALITY,2012-01-18,1.3800,1.3800,1.2500,1.2600,16000
QUALITY,2012-01-19,1.2500,1.2500,1.2500,1.2500,1000
QUALITY,2012-01-26,1.2500,1.2700,1.2500,1.2700,4500
QUALITY,2012-01-30,1.2700,1.3100,1.2700,1.3100,6000
QUALITY,2012-01-31,1.3100,1.3100,1.3100,1.3100,2000
QUALITY,2012-02-02,1.2500,1.2900,1.2500,1.2900,11000
QUALITY,2012-02-03,1.2700,1.2700,1.2700,1.2700,8000
QUALITY,2012-02-09,1.3600,1.3800,1.3500,1.3600,51000
QUALITY,2012-02-13,1.3000,1.3400,1.3000,1.3400,24000
QUALITY,2012-02-14,1.3100,1.3300,1.2400,1.2400,3100
QUALITY,2012-02-15,1.2800,1.3000,1.2700,1.3000,9600
QUALITY,2012-02-20,1.3000,1.3000,1.3000,1.3000,3000
QUALITY,2012-02-21,1.3800,1.4600,1.3800,1.4600,82500
QUALITY,2012-02-23,1.4700,1.4700,1.4700,1.4700,15000
QUALITY,2012-03-07,1.4400,1.4400,1.4400,1.4400,1000
QUALITY,2012-03-08,1.3000,1.3500,1.3000,1.3400,18000
QUALITY,2012-03-09,1.3000,1.3200,1.3000,1.3100,33000
QUALITY,2012-03-14,1.1000,1.2400,1.1000,1.2400,2100
QUALITY,2012-03-19,1.2400,1.2400,1.2400,1.2400,1000
QUALITY,2012-03-23,1.2400,1.2400,1.2400,1.2400,2000
QUALITY,2012-03-26,1.2500,1.2600,1.2400,1.2400,2100
QUALITY,2012-03-30,1.2400,1.2400,1.2400,1.2400,200000
QUALITY,2012-04-03,1.2400,1.2400,1.2400,1.2400,2000
QUALITY,2012-04-04,1.2900,1.2900,1.2900,1.2900,5000
QUALITY,2012-04-09,1.2400,1.2400,1.2200,1.2200,2000
QUALITY,2012-04-18,1.2500,1.2500,1.2500,1.2500,3000
QUALITY,2012-04-19,1.2400,1.2400,1.2400,1.2400,40000
QUALITY,2012-04-20,1.2400,1.2400,1.2400,1.2400,11000
QUALITY,2012-04-24,1.3700,1.4100,1.2700,1.3500,961800
QUALITY,2012-04-25,1.2400,1.2400,1.2400,1.2400,1000
QUALITY,2012-04-26,1.2400,1.2400,1.2400,1.2400,1000
QUALITY,2012-04-27,1.2400,1.2400,1.2400,1.2400,7000
QUALITY,2012-05-07,1.2400,1.2400,1.2400,1.2400,1000
QUALITY,2012-05-10,1.2400,1.2400,1.2300,1.2300,2000
QUALITY,2012-05-14,1.2300,1.2300,1.2300,1.2300,6000
QUALITY,2012-05-16,1.2300,1.2300,1.2300,1.2300,3000
QUALITY,2012-05-21,1.2300,1.2300,1.2300,1.2300,10000
QUALITY,2012-05-23,1.2300,1.2300,1.2300,1.2300,1000
QUALITY,2012-05-28,1.2300,1.2300,1.2300,1.2300,1000
QUALITY,2012-05-29,1.2300,1.2300,1.2300,1.2300,1000
QUALITY,2012-05-31,1.2300,1.2300,1.2300,1.2300,2000
QUALITY,2012-06-06,1.2300,1.2300,1.2300,1.2300,91000
QUALITY,2012-06-12,1.2300,1.2300,1.2300,1.2300,1000
QUALITY,2012-06-14,1.2300,1.2300,1.2300,1.2300,1000
QUALITY,2012-06-29,1.2300,1.2300,1.2300,1.2300,2000
QUALITY,2012-07-02,1.2300,1.2300,1.1900,1.2000,10000
QUALITY,2012-07-03,1.2200,1.2200,1.2200,1.2200,6000
QUALITY,2012-07-04,1.2200,1.2200,1.2100,1.2100,23000
QUALITY,2012-07-09,1.2100,1.2100,1.2100,1.2100,3000
QUALITY,2012-07-11,1.2500,1.2500,1.2500,1.2500,1000
QUALITY,2012-07-12,1.2500,1.2500,1.2500,1.2500,10000
QUALITY,2012-07-13,1.2100,1.2100,1.2100,1.2100,2000
QUALITY,2012-07-17,1.2100,1.2100,1.2100,1.2100,1000
QUALITY,2012-07-18,1.2100,1.2100,1.2100,1.2100,1000
QUALITY,2012-07-23,1.2100,1.2100,1.2100,1.2100,11000
QUALITY,2012-07-24,1.2300,1.2300,1.2300,1.2300,2000
QUALITY,2012-07-25,1.2100,1.2100,1.2100,1.2100,32800
QUALITY,2012-07-27,1.2100,1.2100,1.2100,1.2100,5000
QUALITY,2012-07-31,1.2100,1.2100,1.2100,1.2100,2000
QUALITY,2012-08-02,1.2100,1.3300,1.2100,1.3300,29000
QUALITY,2012-08-03,1.2100,1.2100,1.2100,1.2100,1000
QUALITY,2012-08-07,1.2100,1.2100,1.2100,1.2100,2000
QUALITY,2012-08-10,1.2100,1.2100,1.2100,1.2100,3000
QUALITY,2012-08-15,1.2000,1.2000,1.2000,1.2000,3000
QUALITY,2012-08-22,1.2100,1.2100,1.2100,1.2100,2000
QUALITY,2012-08-27,1.2100,1.2100,1.2100,1.2100,5000
QUALITY,2012-08-30,1.2000,1.2000,1.2000,1.2000,2000
QUALITY,2012-09-03,1.2000,1.2000,1.2000,1.2000,4000
QUALITY,2012-09-04,1.0000,1.0000,1.0000,1.0000,15000
QUALITY,2012-09-05,1.2000,1.3000,1.2000,1.2000,29400
QUALITY,2012-09-11,1.0900,1.0900,1.0900,1.0900,1000
QUALITY,2012-09-12,1.1900,1.2000,1.1900,1.2000,1000
QUALITY,2012-09-19,1.1100,1.2200,1.1100,1.2000,6000
QUALITY,2012-09-21,1.2000,1.2000,1.2000,1.2000,3000
QUALITY,2012-09-28,1.2100,1.2500,1.2000,1.2500,24000
QUALITY,2012-10-03,1.2300,1.2300,1.2300,1.2300,3000
QUALITY,2012-10-09,1.2000,1.2000,1.2000,1.2000,2000
QUALITY,2012-10-10,1.2000,1.2000,1.2000,1.2000,3000
QUALITY,2012-10-12,1.2500,1.2900,1.2500,1.2900,2000
QUALITY,2012-10-15,1.2000,1.2000,1.2000,1.2000,1000
QUALITY,2012-10-17,1.2000,1.2000,1.2000,1.2000,1000
QUALITY,2012-10-19,1.3000,1.3800,1.1700,1.3800,175000
QUALITY,2012-10-22,1.2200,1.2200,1.2200,1.2200,3000
QUALITY,2012-10-23,1.2000,1.2000,1.2000,1.2000,1000
QUALITY,2012-10-29,1.2000,1.2000,1.2000,1.2000,1000
QUALITY,2012-11-06,1.2100,1.2100,1.2100,1.2100,106200
QUALITY,2012-11-07,1.2100,1.2300,1.2100,1.2300,101100
QUALITY,2012-11-09,1.2000,1.2000,1.2000,1.2000,2000
QUALITY,2012-11-21,1.2500,1.2500,1.2500,1.2500,2000
QUALITY,2012-11-27,1.1500,1.1500,1.1500,1.1500,1000
QUALITY,2012-11-28,1.2000,1.2000,1.2000,1.2000,300
QUALITY,2012-11-29,1.2000,1.2000,1.2000,1.2000,1000
QUALITY,2012-11-30,1.2000,1.2000,1.2000,1.2000,2000
QUALITY,2012-12-03,1.2500,1.2500,1.2500,1.2500,1000
QUALITY,2012-12-04,1.3800,1.5800,1.3000,1.3900,204700
QUALITY,2012-12-05,1.2200,1.4000,1.2200,1.3500,139500
QUALITY,2012-12-06,1.3500,1.3500,1.3500,1.3500,2000
QUALITY,2012-12-10,1.2500,1.3000,1.2500,1.3000,101000
QUALITY,2012-12-13,1.2600,1.2600,1.2600,1.2600,10000
QUALITY,2012-12-19,1.2600,1.2600,1.2600,1.2600,100
QUALITY,2012-12-21,1.2300,1.5400,1.2300,1.5400,4000
QUALITY,2012-12-24,1.4500,1.4500,1.4500,1.4500,100
QUALITY,2012-12-31,1.2700,1.2700,1.2700,1.2700,100
QUALITY,2013-01-02,1.3100,1.3100,1.3100,1.3100,7000
QUALITY,2013-01-03,1.3200,1.3200,1.3200,1.3200,6600
QUALITY,2013-01-11,1.3200,1.3200,1.3200,1.3200,2000
QUALITY,2013-01-14,1.3200,1.3200,1.3200,1.3200,2000
QUALITY,2013-01-15,1.3200,1.3200,1.3200,1.3200,3000
QUALITY,2013-01-16,1.3200,1.3200,1.3200,1.3200,15900
QUALITY,2013-01-21,1.3000,1.3000,1.3000,1.3000,4000
QUALITY,2013-01-23,1.3000,1.3000,1.3000,1.3000,1000
QUALITY,2013-01-25,1.2800,1.2800,1.2800,1.2800,24000
QUALITY,2013-01-29,1.3000,1.3000,1.3000,1.3000,5000
QUALITY,2013-01-31,1.3000,1.3600,1.3000,1.3600,43100
QUALITY,2013-02-13,1.3500,1.3500,1.3500,1.3500,15000
QUALITY,2013-02-14,1.3500,1.3500,1.3500,1.3500,6000
QUALITY,2013-02-19,1.2800,1.2800,1.2800,1.2800,1000
QUALITY,2013-02-21,1.2800,1.2800,1.2800,1.2800,6000
QUALITY,2013-02-22,1.2800,1.2800,1.2800,1.2800,1000
QUALITY,2013-02-25,1.2800,1.3400,1.2800,1.3400,89000
QUALITY,2013-02-27,1.3000,1.3000,1.3000,1.3000,90000
QUALITY,2013-02-28,1.3000,1.3800,1.3000,1.3800,284400
QUALITY,2013-03-06,1.2800,1.2800,1.2800,1.2800,3500
QUALITY,2013-03-07,1.3000,1.3000,1.3000,1.3000,1000
QUALITY,2013-03-11,1.2800,1.2800,1.2800,1.2800,1000
QUALITY,2013-03-12,1.2900,1.2900,1.2900,1.2900,1000
QUALITY,2013-03-13,1.2900,1.2900,1.2900,1.2900,1000
QUALITY,2013-03-14,1.3300,1.3300,1.3300,1.3300,20000
QUALITY,2013-03-15,1.2800,1.2800,1.2800,1.2800,2000
QUALITY,2013-03-19,1.3000,1.3100,1.3000,1.3100,3900
QUALITY,2013-03-20,1.2800,1.2800,1.2800,1.2800,5000
QUALITY,2013-03-21,1.3500,1.3500,1.3500,1.3500,6500
QUALITY,2013-03-22,1.2800,1.2800,1.2800,1.2800,2000
QUALITY,2013-03-25,1.2800,1.4200,1.2800,1.4200,85000
QUALITY,2013-03-28,1.2900,1.2900,1.2900,1.2900,1000
QUALITY,2013-03-29,1.4200,1.4200,1.4200,1.4200,2000
QUALITY,2013-04-03,1.3300,1.3300,1.3300,1.3300,1000
QUALITY,2013-04-04,1.3800,1.4800,1.3800,1.4800,26100
QUALITY,2013-04-08,1.2800,1.4000,1.2800,1.3200,1504100
QUALITY,2013-04-11,1.2900,1.2900,1.2900,1.2900,1000
QUALITY,2013-04-12,1.3000,1.3000,1.3000,1.3000,1000
QUALITY,2013-04-16,1.3000,1.3000,1.3000,1.3000,4000
QUALITY,2013-04-18,1.2900,1.2900,1.2900,1.2900,1000
QUALITY,2013-04-19,1.2800,1.2800,1.2800,1.2800,1000
QUALITY,2013-04-22,1.3000,1.3000,1.3000,1.3000,7000
QUALITY,2013-04-23,1.2800,1.2800,1.2800,1.2800,1000
QUALITY,2013-04-24,1.3000,1.3000,1.3000,1.3000,1000
QUALITY,2013-04-30,1.2800,1.2800,1.2800,1.2800,1000
QUALITY,2013-05-02,1.3000,1.3000,1.3000,1.3000,5000
QUALITY,2013-05-03,1.2800,1.3000,1.2800,1.2800,56500
QUALITY,2013-05-06,1.3500,1.3500,1.3500,1.3500,20000
QUALITY,2013-05-09,1.2800,1.3500,1.2800,1.3500,44000
QUALITY,2013-05-10,1.3000,1.3000,1.3000,1.3000,1000
QUALITY,2013-05-14,1.2800,1.2800,1.2800,1.2800,1000
QUALITY,2013-05-15,1.3500,1.3500,1.3400,1.3400,285000
QUALITY,2013-05-17,1.2900,1.2900,1.2900,1.2900,2000
QUALITY,2013-05-20,1.3000,1.3000,1.3000,1.3000,2000
QUALITY,2013-05-21,1.3000,1.3500,1.3000,1.3500,17100
QUALITY,2013-05-22,1.4100,1.5500,1.3800,1.5200,1318200
QUALITY,2013-05-23,1.4600,1.4700,1.4000,1.4000,89000
QUALITY,2013-05-27,1.4100,1.4500,1.4100,1.4500,63000
QUALITY,2013-05-28,1.4500,1.5000,1.4500,1.5000,177300
QUALITY,2013-05-29,1.5000,1.6500,1.4900,1.5800,162500
QUALITY,2013-05-30,1.5000,1.5000,1.4800,1.5000,63000
QUALITY,2013-05-31,1.5000,1.5000,1.4800,1.4800,27000
QUALITY,2013-06-03,1.4600,1.4600,1.4600,1.4600,4000
QUALITY,2013-06-05,1.4700,1.4700,1.4700,1.4700,5000
QUALITY,2013-06-06,1.4700,1.4900,1.4700,1.4800,27000
QUALITY,2013-06-07,1.4600,1.4600,1.4600,1.4600,2000
QUALITY,2013-06-10,1.4600,1.4600,1.4500,1.4500,10000
QUALITY,2013-06-11,1.4600,1.4600,1.4600,1.4600,5000
QUALITY,2013-06-12,1.4600,1.4600,1.4600,1.4600,5000
QUALITY,2013-06-13,1.4600,1.4600,1.4500,1.4500,10000
QUALITY,2013-06-14,1.4500,1.4800,1.4500,1.4800,28000
QUALITY,2013-06-18,1.4500,1.4500,1.4500,1.4500,3000
QUALITY,2013-06-20,1.4500,1.4500,1.4400,1.4400,6500
QUALITY,2013-06-21,1.4500,1.4500,1.4500,1.4500,5000
QUALITY,2013-06-24,1.4500,1.5000,1.4400,1.4700,84200
QUALITY,2013-06-27,1.4300,1.5900,1.4300,1.5900,7000
QUALITY,2013-06-28,1.4300,1.4300,1.4300,1.4300,1000
QUALITY,2013-07-01,1.4300,1.4300,1.4300,1.4300,1000
QUALITY,2013-07-02,1.5700,1.5700,1.5700,1.5700,1000
QUALITY,2013-07-03,1.4300,1.4300,1.3700,1.4000,10100
QUALITY,2013-07-04,1.3800,1.3800,1.3800,1.3800,1000
QUALITY,2013-07-08,1.3300,1.3300,1.3200,1.3200,5000
QUALITY,2013-07-09,1.3200,1.3200,1.3000,1.3100,4000
QUALITY,2013-07-10,1.3500,1.3600,1.3500,1.3600,3000
QUALITY,2013-07-11,1.3600,1.3600,1.3500,1.3500,14000
QUALITY,2013-07-15,1.3000,1.3500,1.3000,1.3500,5000
QUALITY,2013-07-17,1.3000,1.3000,1.3000,1.3000,100
QUALITY,2013-07-18,1.3100,1.3100,1.3100,1.3100,2000
QUALITY,2013-07-22,1.3100,1.3100,1.3100,1.3100,1000
QUALITY,2013-07-24,1.3500,1.3500,1.3500,1.3500,1000
QUALITY,2013-08-02,1.3000,1.3500,1.3000,1.3500,8000
QUALITY,2013-08-26,1.2100,1.2100,1.2100,1.2100,1000
QUALITY,2013-08-27,1.2100,1.2500,1.2100,1.2500,11700
QUALITY,2013-08-29,1.2500,1.3500,1.2500,1.3500,6200
QUALITY,2013-09-17,1.2300,1.2500,1.2300,1.2500,142800
QUALITY,2013-09-18,1.3100,1.3800,1.3100,1.3300,322900
QUALITY,2013-09-19,1.3200,1.4400,1.3200,1.4400,72000
QUALITY,2013-09-20,1.3500,1.3500,1.3500,1.3500,4000
QUALITY,2013-09-23,1.3100,1.3300,1.3100,1.3300,17200
QUALITY,2013-09-24,1.3300,1.3300,1.3300,1.3300,8000
QUALITY,2013-09-25,1.4000,1.6000,1.4000,1.5300,64200
QUALITY,2013-10-08,1.4200,1.4500,1.4200,1.4200,10000
QUALITY,2013-10-09,1.4300,1.4300,1.4300,1.4300,5000
QUALITY,2013-10-10,1.5000,1.8400,1.5000,1.6500,68000
QUALITY,2013-10-11,1.8000,2.1300,1.5000,1.5300,40900
QUALITY,2013-10-14,1.6000,1.6000,1.6000,1.6000,5100
QUALITY,2013-10-16,1.4800,1.4800,1.2600,1.4600,2200
QUALITY,2013-10-17,1.5700,1.5700,1.4400,1.4400,12000
QUALITY,2013-10-18,1.4600,1.4600,1.4400,1.4400,10100
QUALITY,2013-10-21,1.4100,1.4100,1.4100,1.4100,4600
QUALITY,2013-10-22,1.4200,1.6100,1.4200,1.6000,57500
QUALITY,2013-10-23,1.6000,1.7900,1.6000,1.7900,6000
QUALITY,2013-10-30,1.6000,1.6000,1.6000,1.6000,1000
QUALITY,2013-11-01,1.6600,1.7500,1.6600,1.7500,5000
QUALITY,2013-11-08,1.7500,1.8000,1.7500,1.8000,21000
QUALITY,2013-11-14,1.6500,1.6500,1.6500,1.6500,10000
QUALITY,2013-11-20,1.4500,1.4500,1.4500,1.4500,2000
QUALITY,2013-11-21,1.6400,1.6500,1.6400,1.6500,5000
QUALITY,2013-11-25,1.7500,1.7500,1.7500,1.7500,13000
QUALITY,2013-12-18,1.5300,1.5300,1.5300,1.5300,1000
QUALITY,2013-12-27,1.5000,1.5000,1.5000,1.5000,2000
QUALITY,2013-12-30,1.5000,1.5000,1.5000,1.5000,2000
QUALITY,2014-01-02,1.5000,1.5000,1.5000,1.5000,2000
QUALITY,2014-01-08,1.5000,1.6000,1.5000,1.6000,5500
QUALITY,2014-01-09,1.5000,1.5000,1.5000,1.5000,1000
QUALITY,2014-01-10,1.6000,1.6900,1.6000,1.6900,29000
QUALITY,2014-01-16,1.4200,1.4200,1.4200,1.4200,5000
QUALITY,2014-01-23,1.4300,1.4300,1.4300,1.4300,5000
QUALITY,2014-01-29,1.4500,1.4500,1.4500,1.4500,5000
QUALITY,2014-02-06,1.5000,1.6300,1.5000,1.5500,7100
QUALITY,2014-02-19,1.6500,1.6500,1.6000,1.6000,10000
QUALITY,2014-02-21,1.4400,1.5700,1.4400,1.5700,15000
QUALITY,2014-02-24,1.4800,1.5000,1.4800,1.5000,6000
QUALITY,2014-03-04,1.6000,1.6000,1.6000,1.6000,11000
QUALITY,2014-03-05,1.5500,1.6000,1.5500,1.6000,19000
QUALITY,2014-03-06,1.6000,1.7500,1.6000,1.7500,26800
QUALITY,2014-03-07,1.9500,1.9500,1.9500,1.9500,100
QUALITY,2014-03-28,1.7000,1.7000,1.7000,1.7000,2200
QUALITY,2014-04-01,1.5700,1.5700,1.4500,1.4500,2000
QUALITY,2014-04-04,1.5800,1.5800,1.4600,1.4600,1200
QUALITY,2014-04-08,1.5800,1.5800,1.5800,1.5800,5000
QUALITY,2014-04-15,1.5700,1.9000,1.5700,1.8000,128400
QUALITY,2014-04-22,1.8000,1.8000,1.7500,1.7500,17000
QUALITY,2014-04-23,1.6500,1.6500,1.6500,1.6500,5000
QUALITY,2014-04-29,1.6500,1.6500,1.6500,1.6500,8200
QUALITY,2014-05-09,1.6500,1.6500,1.6500,1.6500,3000
QUALITY,2014-05-15,1.6500,1.7000,1.6500,1.7000,38000
QUALITY,2014-05-22,1.6000,1.6000,1.6000,1.6000,3000
QUALITY,2014-05-26,1.5000,1.5000,1.5000,1.5000,5900
QUALITY,2014-05-27,1.5200,1.5200,1.5200,1.5200,200
QUALITY,2014-05-28,1.5200,1.5300,1.5200,1.5300,2000
QUALITY,2014-05-29,1.4600,1.8300,1.4600,1.8100,56900
QUALITY,2014-06-02,1.4500,1.4500,1.4500,1.4500,1200
QUALITY,2014-06-03,1.5600,1.5600,1.5600,1.5600,3000
QUALITY,2014-06-05,1.5200,1.5200,1.5200,1.5200,1000
QUALITY,2014-06-06,1.7500,1.7500,1.7500,1.7500,1000
QUALITY,2014-06-09,1.7400,1.7500,1.7000,1.7400,22100
QUALITY,2014-06-12,1.7400,1.7400,1.7400,1.7400,100
QUALITY,2014-06-20,1.8000,1.8000,1.8000,1.8000,24300
QUALITY,2014-06-30,1.6800,1.6800,1.6800,1.6800,2000
QUALITY,2014-07-01,1.6000,1.6200,1.6000,1.6200,2000
QUALITY,2014-07-03,1.6200,1.6200,1.6200,1.6200,5000
QUALITY,2014-07-07,1.6000,1.6000,1.6000,1.6000,1000
QUALITY,2014-07-10,1.5000,1.5000,1.5000,1.5000,1000
QUALITY,2014-07-14,1.2800,1.2800,1.2800,1.2800,100
QUALITY,2014-07-30,1.4700,1.5000,1.4100,1.5000,3100
QUALITY,2014-08-06,1.4000,1.4000,1.4000,1.4000,1000
QUALITY,2014-08-07,1.4600,1.4600,1.4500,1.4500,5000
QUALITY,2014-08-12,1.4600,1.4600,1.4100,1.4100,4000
QUALITY,2014-08-13,1.5000,1.5000,1.5000,1.5000,16000
QUALITY,2014-08-28,1.5000,1.5000,1.5000,1.5000,1000
QUALITY,2014-08-29,1.5000,1.5000,1.5000,1.5000,1000
QUALITY,2014-09-04,1.4300,1.4300,1.4300,1.4300,1000
QUALITY,2014-09-09,1.4600,1.4600,1.4600,1.4600,3000
QUALITY,2014-09-25,1.4100,1.4200,1.4100,1.4200,2000
QUALITY,2014-09-29,1.4200,1.4200,1.4200,1.4200,2000
QUALITY,2014-10-01,1.4100,1.4100,1.4100,1.4100,100
QUALITY,2014-10-02,1.4100,1.5400,1.4100,1.5400,1400
QUALITY,2014-10-28,1.4000,1.4000,1.4000,1.4000,10000
QUALITY,2014-10-29,1.4000,1.4000,1.4000,1.4000,5000
QUALITY,2014-10-30,1.3600,1.3600,1.3600,1.3600,1000
QUALITY,2014-10-31,1.3600,1.3600,1.3000,1.3000,11000
QUALITY,2014-11-03,1.4000,1.4900,1.4000,1.4900,110500
QUALITY,2014-11-04,1.4000,1.4500,1.4000,1.4500,17000
QUALITY,2014-11-05,1.4300,1.4400,1.4300,1.4400,57000
QUALITY,2014-11-06,1.4500,1.4500,1.4500,1.4500,500
QUALITY,2014-11-07,1.4500,1.5000,1.4500,1.4600,39000
QUALITY,2014-11-12,1.4500,1.4500,1.4500,1.4500,6000
QUALITY,2014-11-13,1.4500,1.4700,1.4500,1.4500,300000
QUALITY,2014-11-14,1.4600,1.8000,1.4500,1.8000,47000
QUALITY,2014-11-27,1.4800,1.5000,1.4800,1.5000,10000
QUALITY,2014-11-28,1.4100,1.4100,1.4100,1.4100,1000
QUALITY,2014-12-04,1.3200,1.3200,1.3200,1.3200,20000
QUALITY,2014-12-05,1.3100,1.3100,1.3100,1.3100,6000
QUALITY,2014-12-08,1.2100,1.6000,1.2100,1.6000,90000
QUALITY,2014-12-10,1.3900,1.3900,1.3400,1.3400,3000
QUALITY,2014-12-11,1.3700,1.3800,1.3700,1.3700,242000
QUALITY,2014-12-12,1.3800,1.3800,1.3800,1.3800,14000
QUALITY,2014-12-15,1.2200,1.2200,1.2200,1.2200,200
QUALITY,2014-12-16,1.3500,1.3500,1.3000,1.3000,10000
QUALITY,2014-12-19,1.3100,1.3200,1.3100,1.3200,600100
QUALITY,2014-12-24,1.3000,1.3000,1.3000,1.3000,10000
QUALITY,2014-12-30,1.2500,1.2500,1.2500,1.2500,1000
QUALITY,2015-01-05,1.1300,1.1300,1.1300,1.1300,100
QUALITY,2015-01-26,1.2100,1.2100,1.2100,1.2100,2000
QUALITY,2015-01-27,1.2100,1.2100,1.1500,1.1500,11000
QUALITY,2015-01-30,1.2400,1.4500,1.2400,1.4000,54900
QUALITY,2015-02-04,1.4000,1.4000,1.4000,1.4000,10000
QUALITY,2015-02-05,1.4000,1.4000,1.4000,1.4000,80000
QUALITY,2015-02-06,1.4000,1.4000,1.4000,1.4000,30000
QUALITY,2015-02-09,1.4000,1.4000,1.4000,1.4000,40000
QUALITY,2015-02-10,1.4000,1.4000,1.4000,1.4000,20000
QUALITY,2015-02-11,1.4500,1.4500,1.4100,1.4100,2000
QUALITY,2015-02-12,1.4000,1.4000,1.4000,1.4000,35000
QUALITY,2015-02-13,1.4000,1.4000,1.4000,1.4000,15000
QUALITY,2015-02-17,1.4500,1.4500,1.4500,1.4500,100
QUALITY,2015-02-23,1.4200,1.5000,1.4200,1.5000,1100
QUALITY,2015-02-27,1.3800,1.5000,1.3800,1.5000,1100
QUALITY,2015-03-17,1.4000,1.4000,1.4000,1.4000,2000
QUALITY,2015-03-18,1.4000,1.4000,1.4000,1.4000,1000
QUALITY,2015-03-24,1.3700,1.3700,1.3700,1.3700,20000
QUALITY,2015-03-25,1.3700,1.5500,1.3700,1.4300,52000
QUALITY,2015-03-26,1.5000,1.5000,1.5000,1.5000,37800
QUALITY,2015-03-30,1.5000,1.5000,1.5000,1.5000,40000
QUALITY,2015-04-02,1.3800,1.3800,1.3800,1.3800,3000
QUALITY,2015-04-06,1.4600,1.4600,1.4600,1.4600,2000
QUALITY,2015-04-08,1.4900,1.4900,1.4900,1.4900,1400
QUALITY,2015-04-16,1.5000,1.5000,1.5000,1.5000,1000
QUALITY,2015-04-23,1.7500,1.7500,1.5500,1.7500,52000
QUALITY,2015-04-24,1.6000,1.6000,1.6000,1.6000,13000
QUALITY,2015-05-25,1.4800,1.4800,1.4800,1.4800,1000
QUALITY,2015-05-27,1.4800,1.4800,1.4800,1.4800,2000
QUALITY,2015-06-09,1.6000,1.6500,1.5500,1.6500,89500
QUALITY,2015-06-29,1.5100,1.5100,1.5100,1.5100,12900
QUALITY,2015-08-12,1.4600,1.4600,1.4600,1.4600,2000
QUALITY,2015-08-13,1.6000,1.6000,1.4700,1.4700,2000
QUALITY,2015-08-17,1.4000,1.5000,1.3600,1.5000,28000
QUALITY,2015-08-18,1.4700,1.5000,1.4500,1.5000,12000
QUALITY,2015-08-25,1.5000,1.5100,1.5000,1.5000,6000
QUALITY,2015-08-26,1.4800,1.4800,1.4800,1.4800,5000
QUALITY,2015-08-27,1.4800,1.5000,1.4800,1.5000,2000
QUALITY,2015-09-02,1.5100,1.5100,1.5100,1.5100,1000
QUALITY,2015-09-07,1.5000,1.5000,1.5000,1.5000,1000
QUALITY,2015-09-08,1.5000,1.5100,1.5000,1.5100,35000
QUALITY,2015-09-10,1.5100,1.5100,1.5000,1.5100,42000
QUALITY,2015-09-15,1.5000,1.5000,1.5000,1.5000,4000
QUALITY,2015-10-09,1.5000,1.5000,1.5000,1.5000,3000
QUALITY,2015-10-12,1.5100,1.5300,1.5100,1.5300,250000
QUALITY,2015-10-15,1.4900,1.4900,1.4900,1.4900,100000
QUALITY,2015-10-16,1.5400,1.5400,1.5300,1.5300,178000
QUALITY,2015-10-19,1.5800,1.6000,1.5800,1.6000,2025000
QUALITY,2015-10-21,1.5500,1.5600,1.5500,1.5600,7000
QUALITY,2015-10-22,1.5800,1.5800,1.5800,1.5800,350000
QUALITY,2015-10-23,1.5600,1.5700,1.5300,1.5300,511000
QUALITY,2015-10-28,1.5700,1.5800,1.5700,1.5800,603000
QUALITY,2015-10-29,1.5100,1.5100,1.5100,1.5100,6000
QUALITY,2015-11-03,1.5300,1.5300,1.5300,1.5300,3000
QUALITY,2015-11-06,1.4800,1.4800,1.4800,1.4800,3000
QUALITY,2015-11-09,1.5000,1.5000,1.5000,1.5000,1000
QUALITY,2015-11-17,1.5000,1.5000,1.5000,1.5000,5000
QUALITY,2015-11-18,1.5000,1.5000,1.5000,1.5000,1000
QUALITY,2015-11-24,1.5000,1.5000,1.5000,1.5000,1000
QUALITY,2015-11-25,1.5500,1.5500,1.5500,1.5500,7000
QUALITY,2015-11-27,1.5000,1.5000,1.5000,1.5000,6000
QUALITY,2015-12-01,1.5000,1.5000,1.5000,1.5000,1000
QUALITY,2015-12-21,1.5000,1.5000,1.5000,1.5000,10000
QUALITY,2016-01-04,1.5000,1.5000,1.5000,1.5000,2000
QUALITY,2016-01-06,1.4000,1.5100,1.4000,1.5100,2000
QUALITY,2016-01-11,1.4000,1.5400,1.4000,1.5400,2000
QUALITY,2016-01-12,1.5000,1.5000,1.5000,1.5000,1000
QUALITY,2016-01-14,1.5500,1.5600,1.5200,1.5200,34000
QUALITY,2016-01-15,1.5500,1.6000,1.5500,1.5500,1014100
QUALITY,2016-01-19,1.5600,1.5800,1.5100,1.5800,41600
QUALITY,2016-01-21,1.5800,1.5800,1.5800,1.5800,410100
QUALITY,2016-01-26,1.5200,1.5200,1.5200,1.5200,2000
QUALITY,2016-02-24,1.5200,1.5200,1.5200,1.5200,1000
QUALITY,2016-03-08,1.5200,1.5200,1.5200,1.5200,2000
QUALITY,2016-03-18,1.5200,1.5200,1.5200,1.5200,5000
QUALITY,2016-03-21,1.5200,1.5200,1.5200,1.5200,3000
QUALITY,2016-04-18,1.5200,1.5200,1.5200,1.5200,2000
QUALITY,2016-04-26,1.4800,1.4800,1.4800,1.4800,1000
QUALITY,2016-05-06,1.6000,1.6400,1.6000,1.6400,3000
QUALITY,2016-05-30,1.5100,1.5100,1.4800,1.4800,3000
QUALITY,2016-06-10,1.4800,1.4800,1.4800,1.4800,1000
QUALITY,2016-06-14,1.4600,1.4600,1.4600,1.4600,2000
QUALITY,2016-06-20,1.3000,1.3000,1.3000,1.3000,1000
QUALITY,2016-06-23,1.3900,1.3900,1.3900,1.3900,1100
QUALITY,2016-06-24,1.3900,1.3900,1.3900,1.3900,2000
QUALITY,2016-06-27,1.4800,1.4800,1.4800,1.4800,800
QUALITY,2016-07-20,1.3700,1.3700,1.3700,1.3700,1000
QUALITY,2016-07-26,1.3700,1.3700,1.3700,1.3700,1000
QUALITY,2016-08-02,1.3100,1.3600,1.3100,1.3600,9000
QUALITY,2016-08-04,1.3100,1.3100,1.3100,1.3100,130000
QUALITY,2016-08-05,1.3100,1.3200,1.3100,1.3200,97000
QUALITY,2016-08-08,1.3300,1.3300,1.3300,1.3300,94000
QUALITY,2016-08-09,1.3800,1.3800,1.3800,1.3800,47000
QUALITY,2016-08-22,1.3300,1.3300,1.3300,1.3300,2000
QUALITY,2016-08-29,1.3400,1.3400,1.3400,1.3400,136000
QUALITY,2016-08-30,1.3500,1.3500,1.3500,1.3500,1000
QUALITY,2016-09-07,1.3500,1.3500,1.3500,1.3500,1000
QUALITY,2016-09-08,1.3500,1.3500,1.3500,1.3500,1000
QUALITY,2016-09-09,1.3500,1.3500,1.3500,1.3500,1000
QUALITY,2016-09-13,1.3500,1.3500,1.3500,1.3500,1000
QUALITY,2016-09-30,1.3500,1.3500,1.3500,1.3500,4000
QUALITY,2016-10-06,1.1800,1.1800,1.1800,1.1800,100
QUALITY,2016-10-11,1.2900,1.2900,1.2900,1.2900,1000
QUALITY,2016-10-19,1.2000,1.2000,1.2000,1.2000,3000
QUALITY,2016-10-31,1.2100,1.2100,1.2100,1.2100,1000
QUALITY,2016-11-04,1.2500,1.2500,1.2500,1.2500,1000
QUALITY,2016-11-14,1.2500,1.2500,1.2500,1.2500,2000
QUALITY,2016-11-15,1.2600,1.2600,1.2600,1.2600,3000
QUALITY,2016-11-18,1.1800,1.1800,1.1800,1.1800,1000
QUALITY,2016-12-22,1.1800,1.1800,1.1800,1.1800,1000
QUALITY,2017-01-13,1.1000,1.1000,1.1000,1.1000,1000
QUALITY,2017-01-16,1.1800,1.1800,1.1800,1.1800,1000
QUALITY,2017-01-17,1.1800,1.1800,1.1800,1.1800,1000
QUALITY,2017-01-20,1.2700,1.2800,1.2700,1.2800,2000
QUALITY,2017-01-31,1.2000,1.2000,1.2000,1.2000,1000
QUALITY,2017-02-08,1.2000,1.2000,1.2000,1.2000,4000
QUALITY,2017-02-13,1.1200,1.2000,1.1100,1.2000,22000
QUALITY,2017-02-16,1.1400,1.1400,1.1400,1.1400,100
QUALITY,2017-02-24,1.1000,1.1000,1.1000,1.1000,1000
QUALITY,2017-02-27,1.1000,1.1500,1.1000,1.1500,3000
QUALITY,2017-02-28,1.2300,1.2300,1.2300,1.2300,4000
QUALITY,2017-03-03,1.1400,1.1400,1.1400,1.1400,1000
QUALITY,2017-03-15,1.2200,1.2200,1.2200,1.2200,2000
QUALITY,2017-03-16,1.1300,1.1600,1.1300,1.1600,2100
QUALITY,2017-03-20,1.1000,1.1000,1.1000,1.1000,1000
QUALITY,2017-03-21,1.1800,1.1800,1.1800,1.1800,5000
QUALITY,2017-03-22,1.2400,1.2400,1.1900,1.1900,4000
QUALITY,2017-03-27,1.1200,1.2100,1.1200,1.2100,2000
QUALITY,2017-03-30,1.2900,1.2900,1.2900,1.2900,3000
QUALITY,2017-03-31,1.1900,1.1900,1.1900,1.1900,100
QUALITY,2017-04-03,1.12,1.22,1.12,1.22,15000.0
QUALITY,2017-04-13,1.22,1.22,1.22,1.22,1000.0
QUALITY,2017-04-14,1.14,1.14,1.14,1.14,1000.0
QUALITY,2017-04-17,1.23,1.23,1.23,1.23,1000.0
QUALITY,2017-04-18,1.24,1.24,1.24,1.24,2000.0
QUALITY,2017-04-28,1.2,1.2,1.2,1.2,2000.0
QUALITY,2017-05-03,1.2,1.25,1.2,1.25,12000.0
QUALITY,2017-05-04,1.2,1.2,1.2,1.2,4000.0
QUALITY,2017-05-15,1.2,1.2,1.2,1.2,11000.0
QUALITY,2017-05-16,1.2,1.2,1.2,1.2,20000.0
QUALITY,2017-05-17,1.2,1.2,1.2,1.2,14000.0
QUALITY,2017-05-18,1.2,1.2,1.2,1.2,6000.0
QUALITY,2017-05-24,1.13,1.2,1.13,1.2,6600.0
QUALITY,2017-05-26,1.2,1.2,1.2,1.2,11000.0
QUALITY,2017-05-31,1.21,1.21,1.21,1.21,1000.0
QUALITY,2017-06-07,1.12,1.12,1.12,1.12,1000.0
QUALITY,2017-06-08,1.2,1.2,1.2,1.2,1000.0
QUALITY,2017-06-09,1.16,1.16,1.16,1.16,1000.0
QUALITY,2017-07-05,1.13,1.16,1.08,1.16,11000.0
QUALITY,2017-07-06,1.2,1.2,1.2,1.2,17000.0
QUALITY,2017-07-13,1.2,1.2,1.14,1.14,220200.0
QUALITY,2017-07-14,1.16,1.18,1.12,1.18,534100.0
QUALITY,2017-07-19,1.2,1.2,1.12,1.12,10100.0
QUALITY,2017-07-20,1.18,1.18,1.18,1.18,4000.0
QUALITY,2017-07-21,1.14,1.14,1.14,1.14,1000.0
QUALITY,2017-08-07,1.07,1.07,1.07,1.07,2000.0
QUALITY,2017-08-11,1.07,1.07,1.07,1.07,2100.0
QUALITY,2017-08-15,1.14,1.2,1.14,1.2,3000.0
QUALITY,2017-09-08,1.17,1.2,1.15,1.15,593000.0
QUALITY,2017-09-11,1.18,1.2,1.16,1.16,238500.0
QUALITY,2017-09-13,1.16,1.18,1.16,1.16,282000.0
QUALITY,2017-09-14,1.16,1.16,1.11,1.15,333800.0
QUALITY,2017-09-15,1.12,1.13,1.12,1.13,105500.0
QUALITY,2017-09-18,1.12,1.13,1.12,1.13,152000.0
QUALITY,2017-09-21,1.13,1.13,1.09,1.09,4200.0
QUALITY,2017-10-04,1.05,1.05,1.03,1.03,1700.0
QUALITY,2017-10-10,0.95,0.95,0.95,0.95,1000.0
QUALITY,2017-10-16,0.95,0.95,0.95,0.95,4000.0
QUALITY,2017-10-23,1.04,1.04,1.04,1.04,2000.0
QUALITY,2017-10-30,0.955,1.03,0.955,1.03,2000.0
QUALITY,2017-11-20,1.05,1.05,1.05,1.05,3000.0
QUALITY,2017-12-04,1.05,1.05,1.05,1.05,4000.0
QUALITY,2017-12-13,0.95,0.95,0.95,0.95,1000.0
QUALITY,2017-12-20,0.92,0.92,0.92,0.92,4000.0
QUALITY,2017-12-29,1.0,1.0,1.0,1.0,11000.0
QUALITY,2018-01-02,0.92,0.92,0.92,0.92,1900.0
QUALITY,2018-01-08,0.96,0.96,0.96,0.96,500000.0
QUALITY,2018-01-09,1.0,1.06,1.0,1.06,1000000.0
QUALITY,2018-01-10,1.06,1.15,1.06,1.15,31000.0
QUALITY,2018-01-26,0.98,0.98,0.98,0.98,1000.0
QUALITY,2018-01-30,0.97,0.97,0.97,0.97,2000.0
QUALITY,2018-02-26,0.89,0.89,0.89,0.89,6000.0
QUALITY,2018-02-27,0.96,0.96,0.96,0.96,3000.0
QUALITY,2018-03-01,0.96,0.96,0.96,0.96,13000.0
QUALITY,2018-03-13,0.92,0.92,0.92,0.92,8500.0
QUALITY,2018-03-22,0.915,0.915,0.87,0.87,2000.0
