RVIEW,2007-01-03,1.8600,1.9000,1.8600,1.9000,27800
RVIEW,2007-01-04,1.8800,1.8800,1.8200,1.8200,10000
RVIEW,2007-01-05,1.8200,1.9900,1.8200,1.9600,49000
RVIEW,2007-01-09,1.9500,1.9500,1.9200,1.9200,16000
RVIEW,2007-01-12,1.8800,1.9000,1.8800,1.9000,13200
RVIEW,2007-01-15,1.9700,1.9700,1.9000,1.9000,22000
RVIEW,2007-01-16,1.9000,1.9000,1.9000,1.9000,2000
RVIEW,2007-01-17,1.9000,1.9000,1.9000,1.9000,1000
RVIEW,2007-01-18,1.9000,1.9200,1.9000,1.9200,6800
RVIEW,2007-01-19,1.9900,1.9900,1.8800,1.8800,22200
RVIEW,2007-01-22,1.8800,1.8800,1.8800,1.8800,10000
RVIEW,2007-01-23,1.8700,1.9000,1.8700,1.8800,15800
RVIEW,2007-01-24,1.8800,1.9000,1.8500,1.8500,17500
RVIEW,2007-01-25,1.8700,1.8800,1.8500,1.8600,107800
RVIEW,2007-01-26,1.8300,1.8300,1.8300,1.8300,11000
RVIEW,2007-01-29,1.8800,1.8800,1.8800,1.8800,1000
RVIEW,2007-01-30,1.8800,1.9000,1.8600,1.9000,36600
RVIEW,2007-01-31,1.8800,1.8800,1.8800,1.8800,2000
RVIEW,2007-02-07,1.8800,1.8800,1.8500,1.8700,5000
RVIEW,2007-02-08,1.7400,1.8500,1.7400,1.8500,6500
RVIEW,2007-02-09,1.8500,1.8500,1.8500,1.8500,6000
RVIEW,2007-02-12,1.8300,1.8300,1.8300,1.8300,2000
RVIEW,2007-02-13,1.8000,1.8100,1.8000,1.8100,13000
RVIEW,2007-02-14,1.8500,1.9000,1.8500,1.9000,3000
RVIEW,2007-02-15,1.8500,1.9000,1.8500,1.9000,9100
RVIEW,2007-02-16,1.9000,1.9000,1.9000,1.9000,4000
RVIEW,2007-02-21,1.8500,1.9000,1.8000,1.9000,15700
RVIEW,2007-02-22,1.9000,1.9200,1.9000,1.9000,35600
RVIEW,2007-02-23,1.9000,1.9000,1.8800,1.8800,15200
RVIEW,2007-02-26,1.8800,2.0000,1.8800,1.9800,205200
RVIEW,2007-02-27,2.0000,2.0000,1.9000,1.9000,28000
RVIEW,2007-02-28,1.8700,1.8700,1.8000,1.8300,10400
RVIEW,2007-03-01,1.8300,1.8300,1.8200,1.8200,4000
RVIEW,2007-03-02,1.8200,1.9000,1.7500,1.7500,13000
RVIEW,2007-03-05,1.6500,1.6700,1.5200,1.5200,10600
RVIEW,2007-03-06,1.5200,1.6600,1.5200,1.6400,26100
RVIEW,2007-03-08,1.7000,1.8400,1.7000,1.8000,19600
RVIEW,2007-03-09,1.8000,1.8000,1.7500,1.7500,2000
RVIEW,2007-03-12,1.7800,1.8000,1.7800,1.8000,4000
RVIEW,2007-03-13,1.9000,1.9000,1.8000,1.8000,23400
RVIEW,2007-03-14,1.8000,1.8200,1.8000,1.8000,11000
RVIEW,2007-03-15,1.8300,1.8300,1.8300,1.8300,1200
RVIEW,2007-03-16,1.8300,1.8300,1.8000,1.8200,8600
RVIEW,2007-03-19,1.8200,1.8900,1.8200,1.8900,6000
RVIEW,2007-03-20,1.9000,1.9400,1.9000,1.9000,32000
RVIEW,2007-03-21,1.7800,1.9000,1.7800,1.9000,14000
RVIEW,2007-03-22,1.8100,1.8900,1.8100,1.8900,24000
RVIEW,2007-03-23,1.8600,1.8600,1.8500,1.8500,3300
RVIEW,2007-03-26,1.8600,1.9400,1.8600,1.8700,21000
RVIEW,2007-03-27,1.8700,1.8800,1.8600,1.8800,12400
RVIEW,2007-03-28,1.8800,1.9300,1.8800,1.9200,5200
RVIEW,2007-03-29,1.8000,1.9300,1.8000,1.9300,11000
RVIEW,2007-03-30,1.9400,1.9500,1.8800,1.9000,66000
RVIEW,2007-04-02,1.8000,1.8000,1.8000,1.8000,2000
RVIEW,2007-04-04,1.9200,1.9900,1.8700,1.8700,38000
RVIEW,2007-04-06,1.9000,1.9100,1.9000,1.9100,16000
RVIEW,2007-04-09,1.9500,1.9600,1.9000,1.9400,58200
RVIEW,2007-04-10,1.9100,1.9400,1.9100,1.9200,6700
RVIEW,2007-04-11,1.9000,1.9400,1.9000,1.9300,27000
RVIEW,2007-04-12,1.9300,1.9900,1.9300,1.9700,47200
RVIEW,2007-04-13,1.9800,2.0500,1.9500,2.0100,87600
RVIEW,2007-04-16,2.0200,2.0200,1.9800,1.9800,11400
RVIEW,2007-04-17,2.0000,2.0000,1.9600,1.9700,12000
RVIEW,2007-04-18,1.9400,1.9400,1.9400,1.9400,2000
RVIEW,2007-04-19,1.9000,1.9000,1.8700,1.8800,13800
RVIEW,2007-04-20,1.8800,1.8800,1.8800,1.8800,17000
RVIEW,2007-04-23,1.8900,1.8900,1.8800,1.8800,5500
RVIEW,2007-04-24,1.9100,1.9100,1.9000,1.9000,3000
RVIEW,2007-04-25,1.8800,1.8800,1.8700,1.8800,9000
RVIEW,2007-04-27,1.8800,1.8800,1.8800,1.8800,3000
RVIEW,2007-04-30,1.8800,1.9100,1.8800,1.9000,21900
RVIEW,2007-05-03,1.9000,1.9000,1.8800,1.9000,15100
RVIEW,2007-05-04,1.9200,1.9800,1.9200,1.9700,66400
RVIEW,2007-05-07,1.9800,2.0000,1.9800,1.9800,33500
RVIEW,2007-05-08,1.9800,1.9800,1.9800,1.9800,100
RVIEW,2007-05-09,1.8700,1.8700,1.8700,1.8700,1000
RVIEW,2007-05-10,1.9800,1.9800,1.8800,1.8800,71000
RVIEW,2007-05-11,1.9000,1.9500,1.9000,1.9500,3000
RVIEW,2007-05-14,1.9000,1.9000,1.9000,1.9000,5000
RVIEW,2007-05-15,1.8800,1.8800,1.8600,1.8600,1500
RVIEW,2007-05-16,1.8800,1.9700,1.8800,1.9500,3900
RVIEW,2007-05-17,1.9500,1.9500,1.8800,1.9000,39000
RVIEW,2007-05-18,1.8600,1.8600,1.8600,1.8600,2000
RVIEW,2007-05-21,1.8700,1.8700,1.8200,1.8200,9000
RVIEW,2007-05-22,1.8300,1.8400,1.8300,1.8400,10000
RVIEW,2007-05-23,1.9000,1.9000,1.8800,1.8800,8200
RVIEW,2007-05-24,1.8300,1.8300,1.8200,1.8200,14000
RVIEW,2007-05-25,1.8700,1.8700,1.8500,1.8500,9000
RVIEW,2007-05-28,1.8500,1.8800,1.8500,1.8800,17000
RVIEW,2007-05-29,1.8500,1.8800,1.8500,1.8600,13200
RVIEW,2007-05-30,1.8400,1.8400,1.8400,1.8400,1000
RVIEW,2007-05-31,1.8400,1.8600,1.8400,1.8400,13000
RVIEW,2007-06-01,1.8500,1.8500,1.8500,1.8500,1000
RVIEW,2007-06-04,1.8500,1.9000,1.8500,1.8800,9200
RVIEW,2007-06-05,1.9000,1.9300,1.8800,1.9300,22000
RVIEW,2007-06-06,1.9500,1.9500,1.9400,1.9400,9000
RVIEW,2007-06-07,1.9200,1.9500,1.9200,1.9500,1600
RVIEW,2007-06-08,1.9200,1.9200,1.9000,1.9100,12300
RVIEW,2007-06-11,1.8800,1.9100,1.8800,1.9100,5000
RVIEW,2007-06-12,1.9200,1.9500,1.9200,1.9500,10000
RVIEW,2007-06-13,1.9300,1.9900,1.9300,1.9900,48500
RVIEW,2007-06-14,1.9300,1.9900,1.9300,1.9900,48
RVIEW,2007-06-15,2.0600,2.0600,1.9700,1.9900,25500
RVIEW,2007-06-18,1.9800,2.0000,1.9800,1.9800,46000
RVIEW,2007-06-20,1.9500,1.9600,1.9500,1.9600,5200
RVIEW,2007-06-21,1.9300,1.9300,1.9300,1.9300,1000
RVIEW,2007-06-22,1.9400,1.9900,1.9300,1.9900,8100
RVIEW,2007-06-25,1.9600,1.9600,1.9500,1.9500,7000
RVIEW,2007-06-26,1.9500,1.9500,1.9300,1.9300,33900
RVIEW,2007-06-27,1.9500,1.9900,1.9300,1.9300,27400
RVIEW,2007-07-02,1.9000,1.9400,1.9000,1.9000,10200
RVIEW,2007-07-03,1.9200,1.9200,1.9100,1.9200,6500
RVIEW,2007-07-04,1.9200,1.9200,1.8900,1.8900,14800
RVIEW,2007-07-09,1.9000,1.9200,1.8900,1.8900,11000
RVIEW,2007-07-10,1.8900,1.8900,1.8900,1.8900,1000
RVIEW,2007-07-11,1.8900,1.9000,1.8900,1.9000,7500
RVIEW,2007-07-12,1.9000,1.9000,1.8800,1.9000,10700
RVIEW,2007-07-13,1.8800,1.9100,1.8800,1.8900,25900
RVIEW,2007-07-16,1.9000,1.9000,1.8800,1.9000,11000
RVIEW,2007-07-17,1.9000,1.9200,1.8900,1.9200,9500
RVIEW,2007-07-18,1.8900,1.9000,1.8800,1.9000,76500
RVIEW,2007-07-19,1.8600,1.8700,1.8500,1.8500,10000
RVIEW,2007-07-20,1.8700,1.8800,1.8700,1.8800,2000
RVIEW,2007-07-23,1.9200,1.9600,1.9100,1.9600,36700
RVIEW,2007-07-24,1.9700,2.3600,1.9700,2.3400,393800
RVIEW,2007-07-25,2.3400,2.3400,2.1600,2.1600,210900
RVIEW,2007-07-26,2.2400,2.2900,2.0600,2.1400,105300
RVIEW,2007-07-27,2.1000,2.1400,2.0600,2.1000,147800
RVIEW,2007-07-30,2.1000,2.1000,2.0200,2.0300,38000
RVIEW,2007-07-31,2.0800,2.1600,2.0700,2.1600,82200
RVIEW,2007-08-01,2.1800,2.1800,1.9900,2.1000,41700
RVIEW,2007-08-02,2.0800,2.0800,2.0000,2.0000,44000
RVIEW,2007-08-03,2.0000,2.0000,1.9700,1.9700,23000
RVIEW,2007-08-06,1.9100,1.9300,1.8000,1.8100,106800
RVIEW,2007-08-07,1.9000,1.9000,1.7400,1.8500,143000
RVIEW,2007-08-08,1.9000,1.9000,1.8500,1.8600,15000
RVIEW,2007-08-09,1.8700,1.8800,1.8700,1.8800,6000
RVIEW,2007-08-10,1.8300,1.8400,1.8100,1.8300,26300
RVIEW,2007-08-14,1.9000,1.9000,1.8800,1.8800,5000
RVIEW,2007-08-15,1.8500,1.8500,1.7800,1.7900,11000
RVIEW,2007-08-16,1.7500,1.7500,1.6800,1.7100,31200
RVIEW,2007-08-17,1.7500,1.7600,1.6500,1.7000,60500
RVIEW,2007-08-20,1.7600,1.7900,1.7500,1.7500,41400
RVIEW,2007-08-21,1.7600,1.7600,1.7600,1.7600,3000
RVIEW,2007-08-22,1.8300,1.8500,1.8200,1.8500,41000
RVIEW,2007-08-23,1.8200,1.9000,1.8200,1.8800,30000
RVIEW,2007-08-24,1.8500,1.8800,1.8300,1.8500,6200
RVIEW,2007-08-27,1.8800,1.9000,1.8800,1.8800,14000
RVIEW,2007-08-28,1.9000,1.9200,1.9000,1.9200,23200
RVIEW,2007-08-30,1.9100,1.9100,1.9100,1.9100,1000
RVIEW,2007-09-03,1.8900,1.8900,1.8300,1.8300,11000
RVIEW,2007-09-04,1.8800,1.8800,1.8800,1.8800,3000
RVIEW,2007-09-06,1.8500,1.8500,1.8400,1.8500,20000
RVIEW,2007-09-07,1.8200,1.8500,1.8000,1.8000,19200
RVIEW,2007-09-12,1.8200,1.8300,1.8200,1.8300,11200
RVIEW,2007-09-14,1.8200,1.8200,1.8200,1.8200,3000
RVIEW,2007-09-17,1.8000,1.8000,1.8000,1.8000,4300
RVIEW,2007-09-19,1.8500,1.8800,1.8500,1.8800,9000
RVIEW,2007-09-21,1.8800,1.8800,1.8800,1.8800,5000
RVIEW,2007-09-24,1.9000,1.9000,1.9000,1.9000,18700
RVIEW,2007-09-26,1.9200,1.9200,1.9200,1.9200,5000
RVIEW,2007-09-28,1.9000,1.9000,1.8500,1.8500,7000
RVIEW,2007-10-01,1.8500,1.8500,1.8500,1.8500,6000
RVIEW,2007-10-02,1.8600,1.8600,1.8600,1.8600,8000
RVIEW,2007-10-03,1.8500,1.8600,1.8400,1.8400,29200
RVIEW,2007-10-04,1.8700,1.8700,1.8700,1.8700,1000
RVIEW,2007-10-05,1.8500,1.8600,1.8500,1.8500,18100
RVIEW,2007-10-08,1.8300,1.9000,1.8300,1.9000,9600
RVIEW,2007-10-09,1.8700,1.9000,1.8700,1.9000,57500
RVIEW,2007-10-10,1.8800,1.8800,1.8800,1.8800,33000
RVIEW,2007-10-11,1.8700,1.8800,1.8700,1.8700,4700
RVIEW,2007-10-12,1.8900,1.8900,1.8700,1.8700,4900
RVIEW,2007-10-16,1.9000,1.9000,1.8800,1.8800,10000
RVIEW,2007-10-17,1.9000,1.9400,1.9000,1.9400,26500
RVIEW,2007-10-18,1.9300,1.9500,1.9300,1.9400,24500
RVIEW,2007-10-19,1.9400,1.9400,1.9400,1.9400,10200
RVIEW,2007-10-22,1.9300,1.9300,1.8800,1.8800,13000
RVIEW,2007-10-23,1.9200,1.9200,1.9200,1.9200,2000
RVIEW,2007-10-24,1.9400,1.9500,1.9100,1.9200,39000
RVIEW,2007-10-26,1.9200,1.9200,1.9000,1.9200,10100
RVIEW,2007-10-29,1.9300,1.9700,1.9200,1.9200,39600
RVIEW,2007-10-30,1.9500,2.0000,1.9300,2.0000,84300
RVIEW,2007-10-31,2.0000,2.1300,2.0000,2.0600,200900
RVIEW,2007-11-01,2.1000,2.1200,2.0200,2.0500,55700
RVIEW,2007-11-02,2.0200,2.0700,2.0200,2.0500,18300
RVIEW,2007-11-05,2.1300,2.1500,2.0000,2.0500,46700
RVIEW,2007-11-06,2.1000,2.1200,2.0100,2.1100,46400
RVIEW,2007-11-07,2.1300,2.1300,2.0600,2.1000,16700
RVIEW,2007-11-09,2.0900,2.1100,2.0900,2.1000,24500
RVIEW,2007-11-12,2.0500,2.1000,2.0500,2.0900,35000
RVIEW,2007-11-13,2.1200,2.1500,2.0800,2.0900,27000
RVIEW,2007-11-14,2.0900,2.1200,2.0800,2.1000,43000
RVIEW,2007-11-15,2.0800,2.1000,2.0400,2.0400,10600
RVIEW,2007-11-16,2.1000,2.1100,2.1000,2.1000,25000
RVIEW,2007-11-19,2.0300,2.0300,2.0300,2.0300,2200
RVIEW,2007-11-20,2.0300,2.0500,1.9900,2.0500,30000
RVIEW,2007-11-21,2.0500,2.0500,1.9800,2.0300,10600
RVIEW,2007-11-22,1.9900,2.0000,1.9900,2.0000,20500
RVIEW,2007-11-23,2.0900,2.0900,1.8700,2.0000,12700
RVIEW,2007-11-26,2.0200,2.0500,2.0200,2.0300,20700
RVIEW,2007-11-27,2.0500,2.0500,2.0100,2.0400,6300
RVIEW,2007-11-28,2.0400,2.0600,2.0200,2.0400,26800
RVIEW,2007-11-29,2.0500,2.0800,2.0200,2.0500,37700
RVIEW,2007-11-30,2.0200,2.0500,2.0000,2.0400,7000
RVIEW,2007-12-03,2.0200,2.0400,2.0200,2.0200,4
RVIEW,2007-12-04,2.0500,2.0500,2.0100,2.0200,31100
RVIEW,2007-12-05,2.0400,2.0500,2.0400,2.0500,10400
RVIEW,2007-12-06,2.0400,2.0900,2.0400,2.0600,32300
RVIEW,2007-12-07,2.0600,2.0600,2.0600,2.0600,9000
RVIEW,2007-12-10,2.0600,2.0700,2.0200,2.0200,18000
RVIEW,2007-12-11,2.0300,2.0500,2.0100,2.0500,25500
RVIEW,2007-12-12,2.0600,2.0600,2.0600,2.0600,5500
RVIEW,2007-12-13,2.0600,2.0600,2.0600,2.0600,1000
RVIEW,2007-12-14,2.0400,2.0400,2.0400,2.0400,16100
RVIEW,2007-12-17,2.0500,2.0600,2.0200,2.0500,23700
RVIEW,2007-12-18,2.0200,2.0400,2.0000,2.0400,168700
RVIEW,2007-12-19,2.0000,2.0200,1.9900,2.0200,17300
RVIEW,2007-12-21,2.0500,2.0500,2.0400,2.0500,27000
RVIEW,2007-12-24,2.0600,2.0900,2.0600,2.0800,73300
RVIEW,2007-12-26,2.1000,2.1200,2.0800,2.1200,55400
RVIEW,2007-12-27,2.1200,2.1700,2.1200,2.1700,114000
RVIEW,2007-12-28,2.1700,2.2200,2.1700,2.2200,87800
RVIEW,2007-12-31,2.2500,2.3000,2.2500,2.2900,208200
RVIEW,2008-01-02,2.3000,2.3500,2.3000,2.3300,110700
RVIEW,2008-01-03,2.3000,2.4400,2.2800,2.4300,230800
RVIEW,2008-01-04,2.4500,2.6300,2.4500,2.5600,566600
RVIEW,2008-01-07,2.5400,2.8000,2.5400,2.7800,604500
RVIEW,2008-01-08,2.8200,2.9800,2.8200,2.9100,472000
RVIEW,2008-01-09,2.8000,2.8100,2.7000,2.7700,89300
RVIEW,2008-01-11,2.7900,2.7900,2.6400,2.6700,135500
RVIEW,2008-01-14,2.6700,2.6700,2.5300,2.5400,179400
RVIEW,2008-01-15,2.5500,2.7700,2.5500,2.6800,222800
RVIEW,2008-01-16,2.6200,2.6200,2.5300,2.5400,62400
RVIEW,2008-01-17,2.5000,2.5700,2.4000,2.5700,68600
RVIEW,2008-01-18,2.5000,2.6400,2.4700,2.6000,87500
RVIEW,2008-01-21,2.5600,2.5600,2.4600,2.4600,70100
RVIEW,2008-01-22,2.4500,2.4500,2.1000,2.1900,519400
RVIEW,2008-01-24,2.2900,2.3500,2.2600,2.3300,218000
RVIEW,2008-01-25,2.3800,2.4700,2.3500,2.4700,136600
RVIEW,2008-01-28,2.3300,2.4000,2.3300,2.4000,129
RVIEW,2008-01-29,2.4800,2.5000,2.4200,2.4400,280700
RVIEW,2008-01-30,2.4900,2.5000,2.3800,2.4000,130300
RVIEW,2008-01-31,2.4200,2.4200,2.3600,2.3800,39000
RVIEW,2008-02-04,2.4000,2.4400,2.4000,2.4300,68300
RVIEW,2008-02-05,2.4000,2.5100,2.3900,2.5100,188700
RVIEW,2008-02-06,2.4700,2.5900,2.4600,2.5900,151500
RVIEW,2008-02-11,2.5400,2.6000,2.5400,2.5800,38400
RVIEW,2008-02-12,2.5800,2.5800,2.5400,2.5800,52500
RVIEW,2008-02-13,2.5800,2.5800,2.5000,2.5000,49500
RVIEW,2008-02-14,2.5200,2.5800,2.4800,2.5800,69000
RVIEW,2008-02-15,2.5200,2.5900,2.5200,2.5800,90900
RVIEW,2008-02-18,2.6200,2.6300,2.5900,2.6000,264900
RVIEW,2008-02-19,2.6500,2.6500,2.6100,2.6200,138300
RVIEW,2008-02-20,2.6300,2.6500,2.5900,2.5900,136000
RVIEW,2008-02-21,2.6000,2.6000,2.5400,2.5400,98000
RVIEW,2008-02-22,2.5200,2.5200,2.4500,2.5000,84100
RVIEW,2008-02-25,2.5000,2.5200,2.4800,2.5200,70200
RVIEW,2008-02-26,2.5200,2.5400,2.5000,2.5000,37000
RVIEW,2008-02-27,2.5400,2.5700,2.5400,2.5500,82300
RVIEW,2008-02-28,2.5200,2.5200,2.5000,2.5200,29000
RVIEW,2008-02-29,2.5200,2.5900,2.5200,2.5900,61500
RVIEW,2008-03-03,2.5400,2.5600,2.5400,2.5400,160
RVIEW,2008-03-04,2.5400,2.5400,2.5100,2.5100,26000
RVIEW,2008-03-05,2.4300,2.4300,2.4100,2.4300,24200
RVIEW,2008-03-06,2.4500,2.4700,2.4300,2.4300,32900
RVIEW,2008-03-07,2.4300,2.4300,2.3900,2.3900,11200
RVIEW,2008-03-10,2.2000,2.3800,2.2000,2.3000,40300
RVIEW,2008-03-11,2.2800,2.4000,2.2500,2.4000,33100
RVIEW,2008-03-12,2.4000,2.4300,2.3700,2.4200,23200
RVIEW,2008-03-13,2.3800,2.4000,2.3500,2.3600,16500
RVIEW,2008-03-14,2.3300,2.3300,2.3200,2.3200,3700
RVIEW,2008-03-17,2.1600,2.1600,2.1500,2.1500,2400
RVIEW,2008-03-18,2.1700,2.1900,2.1600,2.1900,19500
RVIEW,2008-03-19,2.2800,2.2800,2.1900,2.1900,17800
RVIEW,2008-03-21,2.2000,2.6000,2.1900,2.6000,14100
RVIEW,2008-03-24,2.3700,2.4400,2.3700,2.4400,5000
RVIEW,2008-03-25,2.3700,2.3700,2.3600,2.3600,13000
RVIEW,2008-03-26,2.3600,2.4000,2.3600,2.3900,31700
RVIEW,2008-03-27,2.3700,2.3700,2.3700,2.3700,1000
RVIEW,2008-03-28,2.3900,2.3900,2.3900,2.3900,3000
RVIEW,2008-03-31,2.3900,2.4000,2.3900,2.4000,6000
RVIEW,2008-04-01,2.4100,2.4100,2.3400,2.3500,5700
RVIEW,2008-04-02,2.3500,2.3500,2.3000,2.3000,5000
RVIEW,2008-04-03,2.3000,2.3000,2.2800,2.2800,9500
RVIEW,2008-04-04,2.2800,2.2900,2.2700,2.2800,16900
RVIEW,2008-04-07,2.3000,2.3000,2.3000,2.3000,2000
RVIEW,2008-04-08,2.3000,2.3200,2.2800,2.2800,17000
RVIEW,2008-04-09,2.3000,2.3000,2.2800,2.2800,6000
RVIEW,2008-04-10,2.3000,2.3400,2.3000,2.3400,28700
RVIEW,2008-04-11,2.3200,2.3700,2.3100,2.3700,30300
RVIEW,2008-04-14,2.3000,2.3000,2.3000,2.3000,8000
RVIEW,2008-04-15,2.3000,2.3600,2.3000,2.3600,67400
RVIEW,2008-04-16,2.3800,2.3800,2.3300,2.3400,17000
RVIEW,2008-04-17,2.3600,2.3600,2.3600,2.3600,2000
RVIEW,2008-04-18,2.3800,2.3800,2.3800,2.3800,3000
RVIEW,2008-04-21,2.4400,2.4500,2.3500,2.4200,30100
RVIEW,2008-04-22,2.4000,2.4200,2.3700,2.4000,15800
RVIEW,2008-04-23,2.4200,2.4500,2.4200,2.4300,20900
RVIEW,2008-04-24,2.4400,2.4900,2.4300,2.4700,78200
RVIEW,2008-04-25,2.5000,2.5000,2.4500,2.4500,13000
RVIEW,2008-04-28,2.4700,2.5300,2.4700,2.5300,35900
RVIEW,2008-04-29,2.5000,2.5000,2.4700,2.4800,21800
RVIEW,2008-04-30,2.4800,2.4800,2.4800,2.4800,7000
RVIEW,2008-05-02,2.4800,2.5500,2.4700,2.5500,20700
RVIEW,2008-05-05,2.4600,2.4600,2.4600,2.4600,2000
RVIEW,2008-05-06,2.4600,2.4600,2.4500,2.4500,12500
RVIEW,2008-05-07,2.4800,2.4800,2.4800,2.4800,6000
RVIEW,2008-05-08,2.5000,2.5000,2.5000,2.5000,500
RVIEW,2008-05-09,2.5000,2.5100,2.4800,2.5000,81400
RVIEW,2008-05-12,2.5200,2.5500,2.5100,2.5300,46500
RVIEW,2008-05-13,2.5200,2.5200,2.5000,2.5000,5000
RVIEW,2008-05-14,2.5000,2.5400,2.5000,2.5400,11700
RVIEW,2008-05-15,2.5400,2.5500,2.5200,2.5500,118500
RVIEW,2008-05-16,2.5400,2.5800,2.5300,2.5800,68800
RVIEW,2008-05-20,2.5600,2.5900,2.5500,2.5600,21000
RVIEW,2008-05-21,2.5800,2.5900,2.5600,2.5800,21000
RVIEW,2008-05-22,2.5800,2.5800,2.5500,2.5800,38700
RVIEW,2008-05-23,2.5800,2.5800,2.5500,2.5600,27000
RVIEW,2008-05-26,2.5200,2.5700,2.5200,2.5600,25200
RVIEW,2008-05-27,2.5400,2.5800,2.5400,2.5800,19500
RVIEW,2008-05-28,2.5800,2.5800,2.5600,2.5600,28200
RVIEW,2008-05-29,2.5600,2.5600,2.5400,2.5400,8000
RVIEW,2008-05-30,2.5400,2.5600,2.5200,2.5400,53500
RVIEW,2008-06-02,2.5500,2.5700,2.5500,2.5600,19000
RVIEW,2008-06-03,2.5600,2.5800,2.5600,2.5800,33000
RVIEW,2008-06-04,2.5600,2.5700,2.5400,2.5400,27500
RVIEW,2008-06-05,2.4800,2.5800,2.4800,2.5800,24700
RVIEW,2008-06-06,2.5700,2.5800,2.5300,2.5800,38100
RVIEW,2008-06-09,2.5500,2.5700,2.5500,2.5600,22800
RVIEW,2008-06-10,2.5500,2.5700,2.5500,2.5500,47800
RVIEW,2008-06-12,2.5500,2.5500,2.4800,2.4800,51800
RVIEW,2008-06-13,2.4900,2.4900,2.4600,2.4800,17700
RVIEW,2008-06-16,2.4800,2.5000,2.4800,2.4800,24000
RVIEW,2008-06-17,2.4500,2.4500,2.4400,2.4500,7000
RVIEW,2008-06-18,2.4500,2.4500,2.4300,2.4300,33100
RVIEW,2008-06-19,2.4700,2.4700,2.3500,2.4400,25900
RVIEW,2008-06-20,2.3700,2.4800,2.3700,2.4800,29000
RVIEW,2008-06-24,2.4500,2.4500,2.4500,2.4500,20000
RVIEW,2008-06-25,2.4300,2.4300,2.4300,2.4300,7000
RVIEW,2008-06-26,2.4200,2.4700,2.3900,2.4700,17900
RVIEW,2008-07-02,2.3600,2.4500,2.3600,2.4500,4100
RVIEW,2008-07-04,2.4000,2.4000,2.3700,2.3700,35000
RVIEW,2008-07-07,2.3400,2.4200,2.3400,2.4200,4200
RVIEW,2008-07-10,2.3000,2.4100,2.3000,2.4100,7100
RVIEW,2008-07-11,2.3400,2.4000,2.3400,2.4000,1100
RVIEW,2008-07-14,2.3200,2.3900,2.3000,2.3900,15500
RVIEW,2008-07-18,2.3000,2.3200,2.2600,2.3000,23700
RVIEW,2008-07-22,2.2400,2.2400,2.2400,2.2400,3000
RVIEW,2008-07-23,2.2400,2.2500,2.2400,2.2500,10700
RVIEW,2008-07-24,2.3000,2.3000,2.2600,2.3000,8500
RVIEW,2008-07-25,2.3000,2.3000,2.3000,2.3000,600
RVIEW,2008-07-28,2.2900,2.3000,2.2900,2.3000,13700
RVIEW,2008-07-29,2.4100,2.4100,2.3100,2.3200,5200
RVIEW,2008-07-30,2.3900,2.4000,2.3100,2.3100,4200
RVIEW,2008-07-31,2.3000,2.3000,2.3000,2.3000,1
RVIEW,2008-08-01,2.3000,2.3200,2.3000,2.3000,12800
RVIEW,2008-08-04,2.3000,2.3000,2.3000,2.3000,38
RVIEW,2008-08-05,2.3000,2.3000,2.2500,2.2500,14000
RVIEW,2008-08-06,2.2200,2.3000,2.2100,2.3000,11000
RVIEW,2008-08-07,2.3000,2.3000,2.3000,2.3000,20
RVIEW,2008-08-08,2.2000,2.3000,2.2000,2.3000,6100
RVIEW,2008-08-11,2.3000,2.3000,2.3000,2.3000,1
RVIEW,2008-08-12,2.2500,2.2800,2.2200,2.2800,8200
RVIEW,2008-08-13,2.2000,2.2000,2.1700,2.2000,9400
RVIEW,2008-08-14,2.1900,2.2000,2.1700,2.2000,5000
RVIEW,2008-08-15,2.2000,2.2000,2.1800,2.2000,24000
RVIEW,2008-08-18,2.1800,2.1900,2.1500,2.1900,19100
RVIEW,2008-08-19,2.1600,2.1900,2.1500,2.1900,9100
RVIEW,2008-08-22,2.1900,2.2700,2.1900,2.1900,34000
RVIEW,2008-08-29,2.1800,2.1800,2.1800,2.1800,100
RVIEW,2008-09-03,2.2000,2.2000,2.1500,2.1500,9000
RVIEW,2008-09-04,2.1600,2.1600,2.1600,2.1600,3000
RVIEW,2008-09-05,2.1600,2.1600,2.1600,2.1600,10
RVIEW,2008-09-10,2.1300,2.1300,2.0500,2.0600,12800
RVIEW,2008-09-11,2.0500,2.0500,2.0200,2.0200,6000
RVIEW,2008-09-15,2.0000,2.0000,1.9900,2.0000,17700
RVIEW,2008-09-16,1.9000,1.9200,1.9000,1.9200,6000
RVIEW,2008-09-17,1.9100,1.9100,1.9100,1.9100,2000
RVIEW,2008-09-18,1.8500,1.8800,1.8200,1.8500,17200
RVIEW,2008-09-19,1.9000,1.9900,1.9000,1.9800,11400
RVIEW,2008-09-22,2.0000,2.0000,1.9700,1.9700,46600
RVIEW,2008-09-23,2.0000,2.0100,2.0000,2.0000,8800
RVIEW,2008-09-24,1.9000,1.9000,1.9000,1.9000,1000
RVIEW,2008-09-26,1.9100,2.0000,1.9100,2.0000,2100
RVIEW,2008-09-30,2.1000,2.1000,2.1000,2.1000,6000
RVIEW,2008-10-03,2.0000,2.0000,2.0000,2.0000,8000
RVIEW,2008-10-06,1.9600,2.0000,1.9400,1.9400,22000
RVIEW,2008-10-07,1.9300,1.9400,1.9300,1.9300,9000
RVIEW,2008-10-08,1.9200,1.9200,1.9100,1.9100,10000
RVIEW,2008-10-09,1.9000,1.9300,1.9000,1.9000,7000
RVIEW,2008-10-10,1.8000,1.8500,1.8000,1.8300,6900
RVIEW,2008-10-13,1.8300,1.8300,1.8000,1.8300,20300
RVIEW,2008-10-14,1.9600,1.9600,1.9600,1.9600,4000
RVIEW,2008-10-16,1.8500,1.8500,1.8000,1.8100,12800
RVIEW,2008-10-17,1.8100,1.8300,1.8000,1.8000,20500
RVIEW,2008-10-20,1.8000,1.9400,1.8000,1.8500,25200
RVIEW,2008-10-23,1.7500,1.7500,1.7500,1.7500,5000
RVIEW,2008-10-24,1.7000,1.7400,1.5600,1.5600,22000
RVIEW,2008-10-28,1.4800,1.4800,1.4000,1.4200,56000
RVIEW,2008-10-29,1.5400,1.5400,1.4800,1.4800,6200
RVIEW,2008-10-30,1.5100,1.5800,1.5100,1.5500,131000
RVIEW,2008-10-31,1.5600,1.6200,1.5500,1.6200,92000
RVIEW,2008-11-03,1.6400,1.7900,1.6400,1.7900,24000
RVIEW,2008-11-04,1.7000,1.7100,1.7000,1.7100,6000
RVIEW,2008-11-05,1.7500,1.7700,1.7500,1.7700,8200
RVIEW,2008-11-10,1.7500,1.8200,1.7500,1.8100,18300
RVIEW,2008-11-11,1.8200,1.8200,1.6800,1.6800,84000
RVIEW,2008-11-12,1.7000,1.7100,1.7000,1.7000,9500
RVIEW,2008-11-13,1.7000,1.7700,1.7000,1.7700,9000
RVIEW,2008-11-17,1.7700,1.7900,1.7700,1.7900,4200
RVIEW,2008-11-18,1.7800,1.7800,1.7500,1.7500,20800
RVIEW,2008-11-19,1.7600,1.7600,1.7500,1.7500,60000
RVIEW,2008-11-20,1.7500,1.7500,1.7200,1.7200,16000
RVIEW,2008-11-24,1.7100,1.7100,1.7100,1.7100,1000
RVIEW,2008-11-27,1.7500,1.7500,1.7500,1.7500,8000
RVIEW,2008-11-28,1.8000,1.8000,1.8000,1.8000,16900
RVIEW,2008-12-01,1.8800,1.8800,1.8300,1.8300,12000
RVIEW,2008-12-02,1.8600,1.8600,1.8000,1.8000,14300
RVIEW,2008-12-03,1.7500,1.7500,1.7000,1.7000,3000
RVIEW,2008-12-04,1.7300,1.7300,1.7300,1.7300,3000
RVIEW,2008-12-05,1.6000,1.6000,1.6000,1.6000,1000
RVIEW,2008-12-23,1.6600,1.6700,1.6600,1.6600,19000
RVIEW,2008-12-26,1.6600,1.6600,1.6400,1.6500,74300
RVIEW,2008-12-30,1.6800,1.6800,1.6800,1.6800,1000
RVIEW,2008-12-31,1.6500,1.6500,1.6100,1.6100,2000
RVIEW,2009-01-02,1.7200,1.7200,1.7100,1.7100,8000
RVIEW,2009-01-05,1.7900,1.7900,1.7900,1.7900,2000
RVIEW,2009-01-07,1.7000,1.7000,1.7000,1.7000,4900
RVIEW,2009-01-09,1.9800,1.9800,1.9800,1.9800,1000
RVIEW,2009-01-12,1.9000,1.9000,1.7000,1.7200,14500
RVIEW,2009-01-13,1.7100,1.7200,1.7100,1.7200,5100
RVIEW,2009-01-14,1.7100,1.7200,1.7100,1.7200,5100
RVIEW,2009-01-15,1.6800,1.7000,1.6700,1.6700,9200
RVIEW,2009-01-16,1.7200,1.7200,1.6700,1.7100,7800
RVIEW,2009-01-20,1.7000,1.7500,1.7000,1.7500,5000
RVIEW,2009-01-22,1.7000,1.7000,1.7000,1.7000,3000
RVIEW,2009-01-30,1.8000,1.8000,1.8000,1.8000,4000
RVIEW,2009-02-03,1.8000,1.8000,1.8000,1.8000,1000
RVIEW,2009-02-06,1.8000,1.8200,1.8000,1.8200,4700
RVIEW,2009-02-11,1.8000,1.8000,1.8000,1.8000,1000
RVIEW,2009-02-12,1.8000,1.8100,1.8000,1.8100,9900
RVIEW,2009-02-13,1.8100,1.8100,1.8000,1.8000,9000
RVIEW,2009-02-17,1.8100,1.8100,1.8100,1.8100,500
RVIEW,2009-02-25,1.8000,1.8000,1.8000,1.8000,1100
RVIEW,2009-02-26,1.8000,1.8100,1.7500,1.8000,8800
RVIEW,2009-02-27,1.8000,1.8100,1.7500,1.8100,8800
RVIEW,2009-03-06,1.7200,1.9900,1.7200,1.9900,56000
RVIEW,2009-03-10,1.9000,1.9000,1.7000,1.7000,3900
RVIEW,2009-03-11,1.7500,1.8000,1.7200,1.7500,13200
RVIEW,2009-03-12,1.7000,1.7000,1.7000,1.7000,1000
RVIEW,2009-03-13,1.7000,1.7000,1.7000,1.7000,1000
RVIEW,2009-03-16,1.6600,1.7500,1.6600,1.7500,6100
RVIEW,2009-03-17,1.7500,1.7500,1.7500,1.7500,100
RVIEW,2009-03-18,1.7000,1.7000,1.7000,1.7000,2100
RVIEW,2009-03-20,1.7500,1.7500,1.7500,1.7500,2000
RVIEW,2009-03-24,1.7500,1.7600,1.7500,1.7500,24500
RVIEW,2009-03-25,1.7500,1.7500,1.7500,1.7500,11000
RVIEW,2009-03-27,1.7500,1.7500,1.7500,1.7500,21500
RVIEW,2009-03-30,1.7500,1.7500,1.7400,1.7400,25100
RVIEW,2009-04-01,1.7500,1.7500,1.7500,1.7500,15000
RVIEW,2009-04-02,1.7600,1.8000,1.7600,1.8000,15000
RVIEW,2009-04-03,1.7600,1.7800,1.7600,1.7800,6000
RVIEW,2009-04-06,1.7700,1.8000,1.7600,1.8000,15000
RVIEW,2009-04-08,1.7800,1.8200,1.7800,1.8200,5000
RVIEW,2009-04-09,1.8200,1.8200,1.8200,1.8200,6000
RVIEW,2009-04-10,1.8400,1.8400,1.8400,1.8400,2200
RVIEW,2009-04-13,1.8300,1.8300,1.8300,1.8300,1000
RVIEW,2009-04-15,1.9000,1.9000,1.8800,1.8800,29000
RVIEW,2009-04-16,1.9000,1.9000,1.8700,1.9000,30000
RVIEW,2009-04-17,1.8600,1.9000,1.8600,1.9000,2900
RVIEW,2009-04-20,1.8600,1.8600,1.8600,1.8600,4000
RVIEW,2009-04-21,1.8600,1.8600,1.8600,1.8600,4000
RVIEW,2009-04-22,1.8700,1.8700,1.8700,1.8700,3000
RVIEW,2009-04-23,1.8900,1.9000,1.8800,1.8800,30200
RVIEW,2009-04-24,1.9000,1.9200,1.9000,1.9000,43500
RVIEW,2009-04-27,1.9300,1.9300,1.9000,1.9000,18500
RVIEW,2009-04-28,1.9100,1.9100,1.8700,1.8700,7000
RVIEW,2009-04-29,1.8800,1.8800,1.8800,1.8800,4000
RVIEW,2009-04-30,1.9000,1.9000,1.9000,1.9000,14500
RVIEW,2009-05-04,2.0200,2.0200,1.9600,1.9800,45000
RVIEW,2009-05-05,2.0000,2.0000,1.9800,1.9800,20000
RVIEW,2009-05-06,1.9800,2.0000,1.9600,1.9600,14900
RVIEW,2009-05-07,1.9400,2.0000,1.9400,2.0000,9000
RVIEW,2009-05-08,2.0000,2.0000,2.0000,2.0000,15000
RVIEW,2009-05-11,2.0200,2.0200,2.0200,2.0200,10000
RVIEW,2009-05-12,2.0300,2.0500,2.0300,2.0500,3100
RVIEW,2009-05-13,1.9600,2.0200,1.9600,2.0200,3900
RVIEW,2009-05-14,2.0500,2.0500,2.0000,2.0000,34000
RVIEW,2009-05-18,1.9500,1.9500,1.9500,1.9500,100
RVIEW,2009-05-19,1.9600,1.9600,1.9600,1.9600,3000
RVIEW,2009-05-20,2.0200,2.1000,2.0100,2.1000,51100
RVIEW,2009-05-21,2.0500,2.1000,2.0500,2.0500,38000
RVIEW,2009-05-22,2.0500,2.0500,2.0000,2.0300,14000
RVIEW,2009-05-25,2.0500,2.1100,2.0500,2.1100,21900
RVIEW,2009-05-26,2.1400,2.1400,2.1000,2.1000,37100
RVIEW,2009-05-29,2.1700,2.4500,2.1700,2.1700,26000
RVIEW,2009-06-01,2.1700,2.2000,2.1700,2.2000,38000
RVIEW,2009-06-02,2.2000,2.2000,2.1000,2.1800,52100
RVIEW,2009-06-03,2.1900,2.2000,2.1800,2.1900,18300
RVIEW,2009-06-08,2.1900,2.1900,2.1700,2.1700,10000
RVIEW,2009-06-09,2.1700,2.1700,2.1700,2.1700,3000
RVIEW,2009-06-10,2.1400,2.1700,2.1300,2.1700,16000
RVIEW,2009-06-11,2.1700,2.1700,2.1700,2.1700,7000
RVIEW,2009-06-12,2.1500,2.1500,2.1400,2.1500,12000
RVIEW,2009-06-15,2.1800,2.1800,2.1500,2.1500,23000
RVIEW,2009-06-16,2.1400,2.1400,2.1400,2.1400,3000
RVIEW,2009-06-17,2.1400,2.1500,2.1300,2.1500,42000
RVIEW,2009-06-18,2.1300,2.1400,2.1200,2.1300,15900
RVIEW,2009-06-19,2.1300,2.1400,2.1300,2.1400,7000
RVIEW,2009-06-22,2.1200,2.1200,2.0600,2.1000,21300
RVIEW,2009-06-23,2.0800,2.0900,2.0700,2.0800,72900
RVIEW,2009-06-24,2.0900,2.1200,2.0500,2.0700,28000
RVIEW,2009-06-25,2.0700,2.0800,2.0600,2.0600,25300
RVIEW,2009-06-26,2.0500,2.0800,2.0500,2.0800,7000
RVIEW,2009-06-29,2.0500,2.1200,2.0500,2.1200,24500
RVIEW,2009-06-30,2.0900,2.0900,2.0900,2.0900,1200
RVIEW,2009-07-02,2.0500,2.0500,2.0500,2.0500,4000
RVIEW,2009-07-03,2.0300,2.0300,2.0300,2.0300,1000
RVIEW,2009-07-13,2.0300,2.0600,2.0300,2.0600,15000
RVIEW,2009-07-14,2.0200,2.0200,2.0100,2.0100,15000
RVIEW,2009-07-15,2.0300,2.0300,2.0300,2.0300,10800
RVIEW,2009-07-16,2.0600,2.0600,2.0500,2.0500,9000
RVIEW,2009-07-17,2.0500,2.0500,2.0500,2.0500,2000
RVIEW,2009-07-20,2.0600,2.0900,2.0500,2.0900,20800
RVIEW,2009-07-22,2.0500,2.0500,2.0000,2.0000,18000
RVIEW,2009-07-23,2.0600,2.0600,2.0500,2.0500,7500
RVIEW,2009-07-24,2.0500,2.0500,2.0500,2.0500,6000
RVIEW,2009-07-27,2.0600,2.0600,2.0400,2.0400,5200
RVIEW,2009-07-28,2.0800,2.0800,2.0800,2.0800,5000
RVIEW,2009-07-29,2.0800,2.0800,2.0800,2.0800,6000
RVIEW,2009-07-30,2.0800,2.0800,2.0600,2.0700,10500
RVIEW,2009-07-31,2.0800,2.0800,2.0800,2.0800,14000
RVIEW,2009-08-03,2.1000,2.1000,2.0000,2.0000,12400
RVIEW,2009-08-04,2.1200,2.1200,2.0800,2.1000,9900
RVIEW,2009-08-05,2.0500,2.1100,2.0500,2.1100,10700
RVIEW,2009-08-06,2.1200,2.1600,2.1200,2.1300,36000
RVIEW,2009-08-10,2.1900,2.2000,2.1900,2.2000,6000
RVIEW,2009-08-11,2.1200,2.2600,2.1200,2.2600,1200
RVIEW,2009-08-12,2.2800,2.2800,2.2600,2.2600,9000
RVIEW,2009-08-13,2.2000,2.2600,2.2000,2.2500,22400
RVIEW,2009-08-14,2.2100,2.2500,2.2100,2.2500,37600
RVIEW,2009-08-17,2.2500,2.2500,2.1400,2.1400,16000
RVIEW,2009-08-18,2.1400,2.1400,2.1400,2.1400,2000
RVIEW,2009-08-19,2.2200,2.2200,2.1200,2.1300,47000
RVIEW,2009-08-21,2.1000,2.1000,2.1000,2.1000,28800
RVIEW,2009-08-24,2.1200,2.1500,2.1200,2.1500,21000
RVIEW,2009-08-26,2.1600,2.1700,2.1600,2.1700,15000
RVIEW,2009-08-27,2.1600,2.1600,2.1600,2.1600,1000
RVIEW,2009-09-01,2.1800,2.4500,2.1700,2.4500,6100
RVIEW,2009-09-02,2.1100,2.2000,2.1100,2.1500,6000
RVIEW,2009-09-03,2.1000,2.1700,2.1000,2.1700,10000
RVIEW,2009-09-04,2.2000,2.2000,2.1800,2.1800,7000
RVIEW,2009-09-08,2.1700,2.1700,2.1300,2.1300,7000
RVIEW,2009-09-09,2.1400,2.1500,2.1300,2.1500,16000
RVIEW,2009-09-10,2.1500,2.1600,2.1500,2.1600,8600
RVIEW,2009-09-11,2.1600,2.1600,2.1600,2.1600,3300
RVIEW,2009-09-14,2.1700,2.1700,2.1500,2.1700,7000
RVIEW,2009-09-15,2.2000,2.2000,2.1000,2.1900,32600
RVIEW,2009-09-16,2.1500,2.1900,2.0600,2.1900,46100
RVIEW,2009-09-17,2.1500,2.1500,2.1400,2.1400,20000
RVIEW,2009-09-18,2.1000,2.1800,2.1000,2.1800,7000
RVIEW,2009-09-25,2.1800,2.1800,2.1800,2.1800,19500
RVIEW,2009-09-28,2.1500,2.1500,2.1200,2.1200,27000
RVIEW,2009-09-29,2.1200,2.1300,2.1200,2.1200,33000
RVIEW,2009-09-30,2.1200,2.1200,2.1200,2.1200,15200
RVIEW,2009-10-01,2.1300,2.1300,2.1300,2.1300,4000
RVIEW,2009-10-05,2.1500,2.1500,2.1300,2.1300,11000
RVIEW,2009-10-06,2.1300,2.1300,2.1300,2.1300,6000
RVIEW,2009-10-07,2.1500,2.1500,2.1500,2.1500,4000
RVIEW,2009-10-08,2.1500,2.1500,2.1500,2.1500,1000
RVIEW,2009-10-09,2.1600,2.1700,2.1600,2.1700,7000
RVIEW,2009-10-12,2.1700,2.1700,2.1600,2.1600,10000
RVIEW,2009-10-13,2.2000,2.2000,2.1600,2.1800,16000
RVIEW,2009-10-14,2.1900,2.1900,2.1500,2.1700,22000
RVIEW,2009-10-15,2.2000,2.2000,2.2000,2.2000,4000
RVIEW,2009-10-16,2.1900,2.1900,2.1900,2.1900,15000
RVIEW,2009-10-19,2.1900,2.2000,2.1900,2.2000,10500
RVIEW,2009-10-21,2.1900,2.2000,2.1900,2.2000,6000
RVIEW,2009-10-22,2.2000,2.2000,2.1900,2.1900,21000
RVIEW,2009-10-23,2.3000,2.3000,2.1800,2.1800,5200
RVIEW,2009-10-27,2.1600,2.1600,2.1600,2.1600,1000
RVIEW,2009-10-28,2.3000,2.3000,2.3000,2.3000,1000
RVIEW,2009-10-30,2.2500,2.2500,2.1900,2.1900,15000
RVIEW,2009-11-02,2.2000,2.2500,2.2000,2.2500,13400
RVIEW,2009-11-03,2.2500,2.2900,2.2500,2.2800,10000
RVIEW,2009-11-04,2.2800,2.2900,2.2800,2.2800,13500
RVIEW,2009-11-05,2.2800,2.2800,2.2800,2.2800,12000
RVIEW,2009-11-06,2.2800,2.2800,2.2700,2.2700,13300
RVIEW,2009-11-09,2.3000,2.3400,2.2800,2.3400,29600
RVIEW,2009-11-10,2.3400,2.3500,2.3000,2.3000,29500
RVIEW,2009-11-11,2.3000,2.3500,2.3000,2.3500,6000
RVIEW,2009-11-12,2.3500,2.3600,2.3500,2.3600,24200
RVIEW,2009-11-13,2.3600,2.3800,2.3500,2.3600,27900
RVIEW,2009-11-16,2.3600,2.4200,2.3600,2.4200,28900
RVIEW,2009-11-17,2.4000,2.4000,2.3800,2.4000,25000
RVIEW,2009-11-18,2.4000,2.4000,2.4000,2.4000,20900
RVIEW,2009-11-19,2.3900,2.4200,2.3900,2.4000,39000
RVIEW,2009-11-20,2.4000,2.4000,2.4000,2.4000,51000
RVIEW,2009-11-23,2.4000,2.4000,2.3800,2.3800,13500
RVIEW,2009-11-24,2.4000,2.4000,2.3900,2.3900,14000
RVIEW,2009-11-25,2.4000,2.4500,2.4000,2.4100,17000
RVIEW,2009-11-26,2.4200,2.4300,2.3900,2.4300,6200
RVIEW,2009-11-30,2.3700,2.4200,2.3700,2.4000,29900
RVIEW,2009-12-01,2.4400,2.4500,2.4000,2.4000,64000
RVIEW,2009-12-02,2.4100,2.4100,2.4100,2.4100,1500
RVIEW,2009-12-03,2.3600,2.3600,2.3400,2.3400,7000
RVIEW,2009-12-04,2.3000,2.3000,2.3000,2.3000,18200
RVIEW,2009-12-07,2.3800,2.3800,2.3400,2.3400,58000
RVIEW,2009-12-08,2.3600,2.3600,2.3300,2.3300,35000
RVIEW,2009-12-09,2.3400,2.3400,2.3200,2.3200,29000
RVIEW,2009-12-10,2.3300,2.3400,2.3300,2.3400,16000
RVIEW,2009-12-11,2.3400,2.3400,2.3400,2.3400,63000
RVIEW,2009-12-14,2.3300,2.3300,2.3200,2.3200,9000
RVIEW,2009-12-15,2.3300,2.3400,2.3300,2.3400,2700
RVIEW,2009-12-16,2.3500,2.3500,2.3500,2.3500,4800
RVIEW,2009-12-21,2.3500,2.3500,2.3500,2.3500,8000
RVIEW,2009-12-29,2.3900,2.3900,2.3500,2.3800,11600
RVIEW,2009-12-30,2.3600,2.3700,2.3600,2.3600,9000
RVIEW,2009-12-31,2.3600,2.3800,2.3600,2.3800,22000
RVIEW,2010-01-04,2.3700,2.3700,2.3500,2.3600,4500
RVIEW,2010-01-05,2.3600,2.3800,2.3600,2.3800,16900
RVIEW,2010-01-06,2.3600,2.3700,2.3600,2.3600,7000
RVIEW,2010-01-07,2.3500,2.3700,2.3500,2.3700,5500
RVIEW,2010-01-08,2.3700,2.3700,2.3700,2.3700,10000
RVIEW,2010-01-11,2.3500,2.3700,2.3500,2.3500,16500
RVIEW,2010-01-12,2.3500,2.3800,2.3500,2.3800,13500
RVIEW,2010-01-13,2.3600,2.3600,2.3600,2.3600,4100
RVIEW,2010-01-14,2.3600,2.3600,2.3500,2.3500,13700
RVIEW,2010-01-15,2.3500,2.3500,2.3500,2.3500,1000
RVIEW,2010-01-18,2.3400,2.3500,2.3400,2.3500,2100
RVIEW,2010-01-19,2.3600,2.3800,2.3600,2.3800,11000
RVIEW,2010-01-20,2.4100,2.4100,2.3800,2.3800,5500
RVIEW,2010-01-21,2.4000,2.4100,2.3800,2.3800,10500
RVIEW,2010-01-22,2.3700,2.4400,2.3700,2.4400,28000
RVIEW,2010-01-25,2.4000,2.4000,2.4000,2.4000,6000
RVIEW,2010-01-26,2.3600,2.3700,2.3600,2.3600,23500
RVIEW,2010-01-27,2.3500,2.3500,2.3300,2.3400,31800
RVIEW,2010-01-28,2.3500,2.3500,2.3500,2.3500,1000
RVIEW,2010-01-29,2.3500,2.3500,2.3300,2.3500,9000
RVIEW,2010-02-04,2.3500,2.3500,2.3300,2.3300,24000
RVIEW,2010-02-05,2.3400,2.3700,2.3400,2.3700,2000
RVIEW,2010-02-08,2.3400,2.3400,2.3200,2.3200,15000
RVIEW,2010-02-09,2.3200,2.3800,2.3100,2.3800,15200
RVIEW,2010-02-18,2.4000,2.4000,2.3800,2.3800,13500
RVIEW,2010-02-19,2.3800,2.3800,2.3600,2.3600,21900
RVIEW,2010-02-22,2.3800,2.3800,2.3700,2.3700,13000
RVIEW,2010-02-24,2.3800,2.3800,2.3800,2.3800,5000
RVIEW,2010-02-25,2.4000,2.4200,2.3800,2.3800,18900
RVIEW,2010-03-01,2.4000,2.4000,2.4000,2.4000,16000
RVIEW,2010-03-02,2.4000,2.4400,2.4000,2.4400,46000
RVIEW,2010-03-04,2.4000,2.4000,2.4000,2.4000,18200
RVIEW,2010-03-08,2.4200,2.4200,2.4000,2.4000,6000
RVIEW,2010-03-09,2.4200,2.4400,2.4200,2.4400,4500
RVIEW,2010-03-10,2.4600,2.4600,2.4400,2.4600,6000
RVIEW,2010-03-11,2.4600,2.5600,2.4600,2.5400,109000
RVIEW,2010-03-12,2.5000,2.5000,2.5000,2.5000,8000
RVIEW,2010-03-15,2.4500,2.4500,2.4500,2.4500,4700
RVIEW,2010-03-16,2.4500,2.4500,2.4500,2.4500,1000
RVIEW,2010-03-17,2.4700,2.5000,2.4700,2.5000,45500
RVIEW,2010-03-18,2.5000,2.6000,2.5000,2.5500,35300
RVIEW,2010-03-19,2.5500,2.5900,2.5500,2.5900,70500
RVIEW,2010-03-22,2.5700,2.5700,2.5500,2.5600,51000
RVIEW,2010-03-23,2.5600,2.5600,2.5500,2.5500,20000
RVIEW,2010-03-24,2.5700,2.5700,2.5500,2.5700,29000
RVIEW,2010-03-25,2.5900,2.5900,2.5500,2.5600,15000
RVIEW,2010-03-26,2.5400,2.5500,2.5400,2.5500,20000
RVIEW,2010-03-29,2.5500,2.5600,2.5400,2.5400,17500
RVIEW,2010-03-30,2.5400,2.5400,2.5400,2.5400,5000
RVIEW,2010-03-31,2.5000,2.5200,2.5000,2.5200,8000
RVIEW,2010-04-06,2.5600,2.5600,2.5200,2.5200,3000
RVIEW,2010-04-07,2.5200,2.5200,2.5200,2.5200,10000
RVIEW,2010-04-09,2.5600,2.5600,2.5200,2.5200,12000
RVIEW,2010-04-12,2.5500,2.5500,2.5400,2.5500,10800
RVIEW,2010-04-13,2.5500,2.5500,2.5400,2.5500,12000
RVIEW,2010-04-14,2.5400,2.6000,2.5400,2.6000,10300
RVIEW,2010-04-15,2.6000,2.6000,2.6000,2.6000,11000
RVIEW,2010-04-16,2.6000,2.6000,2.6000,2.6000,27000
RVIEW,2010-04-19,2.6000,2.6100,2.5800,2.5800,18100
RVIEW,2010-04-20,2.6000,2.6000,2.6000,2.6000,14900
RVIEW,2010-04-21,2.6000,2.6200,2.6000,2.6000,30800
RVIEW,2010-04-22,2.6000,2.6000,2.6000,2.6000,36800
RVIEW,2010-04-23,2.6200,2.6400,2.6100,2.6100,8000
RVIEW,2010-04-26,2.6100,2.6100,2.6000,2.6100,111900
RVIEW,2010-04-27,2.6000,2.6000,2.5900,2.6000,57900
RVIEW,2010-04-28,2.6000,2.6000,2.6000,2.6000,2000
RVIEW,2010-04-29,2.5800,2.5900,2.5800,2.5800,51000
RVIEW,2010-04-30,2.6000,2.6000,2.5800,2.6000,27500
RVIEW,2010-05-03,2.6000,2.6000,2.5900,2.5900,6000
RVIEW,2010-05-04,2.5800,2.6000,2.5800,2.6000,10000
RVIEW,2010-05-05,2.6000,2.6000,2.5800,2.6000,26500
RVIEW,2010-05-06,2.5900,2.5900,2.5600,2.5600,14000
RVIEW,2010-05-07,2.5500,2.5600,2.5400,2.5600,8000
RVIEW,2010-05-10,2.5800,2.5800,2.5800,2.5800,10000
RVIEW,2010-05-11,2.5800,2.5800,2.5800,2.5800,13500
RVIEW,2010-05-12,2.5800,2.5800,2.5800,2.5800,2400
RVIEW,2010-05-13,2.5600,2.5800,2.5600,2.5600,12000
RVIEW,2010-05-14,2.6000,2.6000,2.6000,2.6000,2000
RVIEW,2010-05-19,2.5000,2.5200,2.5000,2.5200,13000
RVIEW,2010-05-20,2.5200,2.5400,2.5200,2.5400,25200
RVIEW,2010-05-21,2.5200,2.5300,2.5000,2.5200,32200
RVIEW,2010-05-24,2.5100,2.5100,2.4800,2.4800,11700
RVIEW,2010-05-26,2.4800,2.4800,2.4700,2.4800,16200
RVIEW,2010-05-27,2.5100,2.5700,2.5100,2.5400,30000
RVIEW,2010-06-01,2.5400,2.5500,2.5400,2.5500,28300
RVIEW,2010-06-02,2.5000,2.5500,2.4900,2.5000,15000
RVIEW,2010-06-03,2.5000,2.5500,2.5000,2.5400,22000
RVIEW,2010-06-04,2.5000,2.5400,2.5000,2.5400,3000
RVIEW,2010-06-07,2.5500,2.5500,2.5500,2.5500,2000
RVIEW,2010-06-08,2.6000,2.6000,2.5800,2.5800,13000
RVIEW,2010-06-10,2.5500,2.5500,2.5500,2.5500,3000
RVIEW,2010-06-11,2.5600,2.5600,2.5600,2.5600,3500
RVIEW,2010-06-14,2.5500,2.5600,2.5500,2.5600,13000
RVIEW,2010-06-15,2.5800,2.6000,2.5800,2.6000,5000
RVIEW,2010-06-16,2.6000,2.6000,2.5900,2.6000,13000
RVIEW,2010-06-17,2.5800,2.5800,2.5800,2.5800,1500
RVIEW,2010-06-18,2.5800,2.7000,2.5800,2.6900,31000
RVIEW,2010-06-23,2.6600,2.6600,2.6000,2.6600,5000
RVIEW,2010-06-25,2.5800,2.6200,2.5800,2.6200,7200
RVIEW,2010-06-28,2.6000,2.6000,2.6000,2.6000,1000
RVIEW,2010-06-29,2.6000,2.6100,2.6000,2.6000,13000
RVIEW,2010-06-30,2.5600,2.5600,2.5600,2.5600,7000
RVIEW,2010-07-01,2.5400,2.5500,2.4800,2.4800,11700
RVIEW,2010-07-05,2.4900,2.4900,2.4900,2.4900,2000
RVIEW,2010-07-07,2.4900,2.4900,2.4900,2.4900,2800
RVIEW,2010-07-08,2.5000,2.5000,2.5000,2.5000,3000
RVIEW,2010-07-09,2.5000,2.5200,2.5000,2.5200,8000
RVIEW,2010-07-12,2.5000,2.5200,2.4900,2.5100,51000
RVIEW,2010-07-13,2.5100,2.5100,2.5000,2.5000,2000
RVIEW,2010-07-16,2.5200,2.5200,2.5200,2.5200,1000
RVIEW,2010-07-20,2.5200,2.5200,2.5200,2.5200,7000
RVIEW,2010-07-21,2.6000,2.6200,2.6000,2.6200,8000
RVIEW,2010-07-26,2.6000,2.6000,2.6000,2.6000,5000
RVIEW,2010-07-28,2.6200,2.6200,2.6100,2.6100,11300
RVIEW,2010-07-29,2.6100,2.6700,2.6100,2.6500,43100
RVIEW,2010-07-30,2.6200,2.6500,2.6200,2.6500,38000
RVIEW,2010-08-02,2.6000,2.6200,2.6000,2.6200,6000
RVIEW,2010-08-04,2.6200,2.6200,2.6200,2.6200,4000
RVIEW,2010-08-05,2.6200,2.6200,2.6200,2.6200,3500
RVIEW,2010-08-11,2.6400,2.6500,2.6300,2.6300,33000
RVIEW,2010-08-12,2.6300,2.6300,2.6300,2.6300,12000
RVIEW,2010-08-13,2.6200,2.6300,2.6000,2.6300,13000
RVIEW,2010-08-16,2.6200,2.6200,2.5900,2.5900,13000
RVIEW,2010-08-17,2.6000,2.6000,2.6000,2.6000,2000
RVIEW,2010-08-18,2.6200,2.6200,2.6200,2.6200,3000
RVIEW,2010-08-19,2.6300,2.6300,2.6200,2.6200,21200
RVIEW,2010-08-20,2.6300,2.6300,2.6300,2.6300,35700
RVIEW,2010-08-23,2.6100,2.6400,2.6100,2.6100,11600
RVIEW,2010-08-24,2.6100,2.6200,2.6100,2.6200,3400
RVIEW,2010-08-25,2.6200,2.6200,2.5900,2.6200,25600
RVIEW,2010-08-26,2.6000,2.6100,2.6000,2.6100,1400
RVIEW,2010-08-27,2.6200,2.6200,2.6200,2.6200,600
RVIEW,2010-09-01,2.6000,2.6100,2.6000,2.6100,12900
RVIEW,2010-09-02,2.6100,2.6300,2.6000,2.6300,24000
RVIEW,2010-09-03,2.6300,2.6300,2.6300,2.6300,4300
RVIEW,2010-09-06,2.6200,2.6300,2.6200,2.6300,3000
RVIEW,2010-09-07,2.6100,2.6100,2.6100,2.6100,1000
RVIEW,2010-09-08,2.6300,2.6300,2.6200,2.6200,7000
RVIEW,2010-09-09,2.6200,2.6300,2.6200,2.6300,9400
RVIEW,2010-09-13,2.6300,2.6400,2.6300,2.6400,8000
RVIEW,2010-09-14,2.6500,2.6600,2.6500,2.6600,11000
RVIEW,2010-09-15,2.6600,2.6600,2.6600,2.6600,6700
RVIEW,2010-09-17,2.6500,2.6600,2.6500,2.6600,4700
RVIEW,2010-09-20,2.6500,2.6500,2.6500,2.6500,2500
RVIEW,2010-09-21,2.6500,2.7000,2.6500,2.7000,70000
RVIEW,2010-09-22,2.7000,2.7000,2.6900,2.6900,54800
RVIEW,2010-09-24,2.6500,2.6800,2.6500,2.6800,6000
RVIEW,2010-09-28,2.6700,2.6800,2.6000,2.6000,12000
RVIEW,2010-09-29,2.6100,2.6100,2.6100,2.6100,10000
RVIEW,2010-10-04,2.6100,2.6400,2.6100,2.6300,16000
RVIEW,2010-10-05,2.6200,2.6600,2.6200,2.6500,34000
RVIEW,2010-10-06,2.6700,2.7000,2.6500,2.7000,11000
RVIEW,2010-10-07,2.7000,2.7000,2.7000,2.7000,10000
RVIEW,2010-10-08,2.7000,2.7000,2.6800,2.6800,15500
RVIEW,2010-10-11,2.6600,2.7000,2.6600,2.7000,26800
RVIEW,2010-10-12,2.6900,2.7000,2.6900,2.7000,6600
RVIEW,2010-10-13,2.6900,2.8000,2.6900,2.7300,37400
RVIEW,2010-10-14,2.7400,2.7500,2.7300,2.7500,16000
RVIEW,2010-10-15,2.6000,2.8500,2.6000,2.8500,41500
RVIEW,2010-10-18,2.8000,2.8400,2.8000,2.8200,27700
RVIEW,2010-10-19,2.8400,3.0400,2.8400,3.0400,198100
RVIEW,2010-10-20,3.0600,3.0700,3.0000,3.0500,97800
RVIEW,2010-10-21,3.0500,3.0700,3.0200,3.0300,35100
RVIEW,2010-10-22,3.0300,3.0300,3.0000,3.0100,37900
RVIEW,2010-10-25,3.0400,3.1500,3.0400,3.1500,77400
RVIEW,2010-10-26,3.1600,3.2200,3.1500,3.2000,106300
RVIEW,2010-10-27,3.2000,3.2000,3.1200,3.1200,27300
RVIEW,2010-10-28,3.1200,3.2400,3.1200,3.1800,58500
RVIEW,2010-10-29,3.1200,3.2000,3.1200,3.2000,19200
RVIEW,2010-11-01,3.1500,3.2000,3.1500,3.1800,43800
RVIEW,2010-11-02,3.1500,3.1500,3.0600,3.0600,43400
RVIEW,2010-11-03,3.0900,3.1000,3.0700,3.0800,8200
RVIEW,2010-11-04,3.1000,3.1000,3.0600,3.0800,56000
RVIEW,2010-11-08,3.1400,3.1500,3.1000,3.1100,72100
RVIEW,2010-11-09,3.1300,3.1500,3.1200,3.1400,68600
RVIEW,2010-11-10,3.1500,3.1700,3.1300,3.1700,18600
RVIEW,2010-11-11,3.2000,3.2200,3.1400,3.2100,36600
RVIEW,2010-11-12,3.2100,3.2200,3.1400,3.1400,34200
RVIEW,2010-11-15,3.1200,3.1300,3.1100,3.1100,25400
RVIEW,2010-11-16,3.0800,3.2500,3.0700,3.0800,72700
RVIEW,2010-11-18,3.1000,3.1100,3.1000,3.1100,7500
RVIEW,2010-11-19,3.1200,3.1200,3.1200,3.1200,7800
RVIEW,2010-11-22,3.2500,3.3000,3.2000,3.2000,10000
RVIEW,2010-11-23,3.2200,3.2200,3.1200,3.1200,14100
RVIEW,2010-11-24,3.1200,3.1200,3.1200,3.1200,3000
RVIEW,2010-11-25,3.1200,3.2100,3.1000,3.1200,27400
RVIEW,2010-11-26,3.1400,3.1400,3.1400,3.1400,2000
RVIEW,2010-11-29,3.2000,3.2000,3.1200,3.1200,7900
RVIEW,2010-11-30,3.1200,3.1200,3.1200,3.1200,3000
RVIEW,2010-12-01,3.1200,3.1200,3.1200,3.1200,9200
RVIEW,2010-12-02,3.2000,3.2000,3.1600,3.2000,26900
RVIEW,2010-12-03,3.1200,3.1500,3.1200,3.1500,25100
RVIEW,2010-12-06,3.1600,3.2000,3.1600,3.2000,35000
RVIEW,2010-12-08,3.1500,3.1500,3.1300,3.1300,26000
RVIEW,2010-12-09,3.1100,3.1200,3.1000,3.1000,19000
RVIEW,2010-12-10,3.1100,3.1500,3.1100,3.1500,29000
RVIEW,2010-12-13,3.1200,3.1200,3.1200,3.1200,9000
RVIEW,2010-12-14,3.1200,3.2000,3.1200,3.2000,37700
RVIEW,2010-12-15,3.2000,3.2000,3.2000,3.2000,20000
RVIEW,2010-12-16,3.2000,3.2000,3.1700,3.1700,11000
RVIEW,2010-12-17,3.1700,3.1700,3.1400,3.1400,15500
RVIEW,2010-12-20,3.1200,3.1300,3.1200,3.1300,23000
RVIEW,2010-12-21,3.1300,3.1300,3.1300,3.1300,35000
RVIEW,2010-12-22,3.1500,3.1500,3.1200,3.1400,10500
RVIEW,2010-12-24,3.1200,3.1200,3.1200,3.1200,6000
RVIEW,2010-12-28,3.2000,3.2000,3.2000,3.2000,11000
RVIEW,2010-12-29,3.1500,3.2000,3.1500,3.2000,45000
RVIEW,2011-01-03,3.2000,3.2300,3.2000,3.2000,25900
RVIEW,2011-01-04,3.2000,3.2400,3.2000,3.2000,79500
RVIEW,2011-01-05,3.2200,3.2200,3.1900,3.1900,49200
RVIEW,2011-01-06,3.2000,3.2000,3.1900,3.1900,31500
RVIEW,2011-01-07,3.2000,3.2000,3.1900,3.2000,17000
RVIEW,2011-01-10,3.2000,3.2200,3.1900,3.1900,8000
RVIEW,2011-01-11,3.2000,3.2000,3.1800,3.1900,28000
RVIEW,2011-01-12,3.1800,3.1800,3.1500,3.1500,24000
RVIEW,2011-01-13,3.1600,3.1600,3.1500,3.1600,34000
RVIEW,2011-01-14,3.1600,3.2000,3.1600,3.1800,12800
RVIEW,2011-01-17,3.1600,3.2000,3.1600,3.1800,14200
RVIEW,2011-01-18,3.1600,3.1600,3.1600,3.1600,33000
RVIEW,2011-01-19,3.2000,3.2000,3.1600,3.1700,5200
RVIEW,2011-01-21,3.1600,3.1600,3.1600,3.1600,19400
RVIEW,2011-01-24,3.1600,3.1600,3.1400,3.1400,12600
RVIEW,2011-01-25,3.1500,3.1500,3.1000,3.1000,5000
RVIEW,2011-01-26,3.1000,3.1000,3.1000,3.1000,3000
RVIEW,2011-01-27,3.1000,3.1000,3.1000,3.1000,1000
RVIEW,2011-01-28,3.1400,3.1400,3.1000,3.1000,8000
RVIEW,2011-01-31,3.1100,3.1100,3.1000,3.1000,4000
RVIEW,2011-02-07,3.1200,3.1500,3.1200,3.1500,5000
RVIEW,2011-02-09,3.1000,3.1100,3.1000,3.1000,19000
RVIEW,2011-02-10,3.1000,3.1000,3.1000,3.1000,16000
RVIEW,2011-02-11,3.1000,3.1000,3.0200,3.1000,4100
RVIEW,2011-02-14,3.1000,3.1000,3.1000,3.1000,2500
RVIEW,2011-02-17,3.1000,3.1000,3.0800,3.0800,9000
RVIEW,2011-02-18,3.0900,3.1000,3.0800,3.1000,4300
RVIEW,2011-02-21,3.1000,3.1000,3.1000,3.1000,9000
RVIEW,2011-02-22,3.0500,3.0500,3.0000,3.0300,8300
RVIEW,2011-02-23,3.0300,3.0300,3.0300,3.0300,14000
RVIEW,2011-02-24,3.0500,3.0500,3.0000,3.0000,28700
RVIEW,2011-02-25,3.0000,3.0300,3.0000,3.0200,7200
RVIEW,2011-02-28,3.0300,3.0300,3.0300,3.0300,2200
RVIEW,2011-03-01,3.0000,3.0300,2.9800,2.9800,40000
RVIEW,2011-03-02,3.0100,3.0100,3.0000,3.0100,21000
RVIEW,2011-03-04,3.0100,3.0200,3.0000,3.0200,5000
RVIEW,2011-03-07,2.9800,2.9800,2.9800,2.9800,5000
RVIEW,2011-03-08,2.9800,2.9900,2.9800,2.9800,14000
RVIEW,2011-03-09,2.9800,2.9800,2.9800,2.9800,13000
RVIEW,2011-03-10,2.9900,2.9900,2.9900,2.9900,3100
RVIEW,2011-03-11,2.9800,2.9800,2.9600,2.9700,23000
RVIEW,2011-03-14,2.9700,2.9700,2.9500,2.9500,7200
RVIEW,2011-03-15,2.9500,2.9500,2.8800,2.9400,36100
RVIEW,2011-03-18,2.9000,2.9000,2.8800,2.8800,12000
RVIEW,2011-03-21,2.9300,2.9400,2.9300,2.9400,14000
RVIEW,2011-03-22,2.9600,2.9600,2.9600,2.9600,9000
RVIEW,2011-03-23,2.9600,2.9600,2.9200,2.9200,7000
RVIEW,2011-03-24,2.9200,2.9200,2.9200,2.9200,2000
RVIEW,2011-03-29,3.0000,3.0000,3.0000,3.0000,1000
RVIEW,2011-03-30,3.0000,3.0000,3.0000,3.0000,32500
RVIEW,2011-04-05,2.9300,2.9300,2.9300,2.9300,2000
RVIEW,2011-04-06,3.0000,3.0000,2.9600,2.9600,5000
RVIEW,2011-04-07,3.0000,3.0000,2.9900,3.0000,13400
RVIEW,2011-04-08,3.0000,3.0900,2.9200,3.0900,11500
RVIEW,2011-04-11,3.0000,3.0000,3.0000,3.0000,3000
RVIEW,2011-04-13,3.0000,3.0000,3.0000,3.0000,11000
RVIEW,2011-04-14,3.0000,3.0000,3.0000,3.0000,1000
RVIEW,2011-04-15,2.9600,2.9600,2.9600,2.9600,2000
RVIEW,2011-04-18,3.0000,3.0000,2.9600,2.9600,9000
RVIEW,2011-04-21,2.9500,2.9500,2.8700,2.8700,30000
RVIEW,2011-04-22,2.8800,2.8800,2.8800,2.8800,3200
RVIEW,2011-04-25,3.1000,3.1000,3.0000,3.0000,14000
RVIEW,2011-04-26,3.0000,3.0400,3.0000,3.0400,4200
RVIEW,2011-04-27,3.0400,3.0400,3.0000,3.0000,8000
RVIEW,2011-04-29,3.0000,3.0000,3.0000,3.0000,19300
RVIEW,2011-05-03,3.0000,3.0200,3.0000,3.0200,6000
RVIEW,2011-05-04,3.0400,3.0400,3.0100,3.0100,11000
RVIEW,2011-05-06,3.0000,3.0200,2.9100,2.9100,6000
RVIEW,2011-05-10,2.9100,2.9100,2.9100,2.9100,3000
RVIEW,2011-05-11,2.9500,2.9500,2.9500,2.9500,100
RVIEW,2011-05-12,2.9500,2.9500,2.9500,2.9500,3300
RVIEW,2011-05-13,3.0000,3.0100,3.0000,3.0000,8800
RVIEW,2011-05-16,3.0100,3.0200,3.0000,3.0200,47900
RVIEW,2011-05-19,3.0300,3.0500,3.0300,3.0500,17100
RVIEW,2011-05-20,3.0500,3.0500,3.0500,3.0500,1000
RVIEW,2011-05-23,3.0000,3.0100,3.0000,3.0000,12000
RVIEW,2011-05-24,3.0200,3.1200,3.0100,3.1000,17900
RVIEW,2011-05-25,3.1000,3.1000,3.1000,3.1000,8100
RVIEW,2011-05-26,3.1000,3.1200,3.0500,3.1000,18500
RVIEW,2011-05-27,3.1000,3.1200,3.1000,3.1100,27700
RVIEW,2011-05-30,3.1100,3.1100,3.1100,3.1100,5100
RVIEW,2011-05-31,3.1100,3.1100,3.1000,3.1100,8300
RVIEW,2011-06-02,3.0500,3.1100,3.0500,3.1100,53500
RVIEW,2011-06-03,3.0800,3.0800,3.0600,3.0600,7000
RVIEW,2011-06-06,3.0600,3.0700,3.0600,3.0700,3000
RVIEW,2011-06-07,3.0700,3.1500,3.0700,3.1400,58200
RVIEW,2011-06-08,3.1000,3.1000,3.0800,3.0800,7000
RVIEW,2011-06-09,3.0500,3.1000,3.0500,3.1000,9000
RVIEW,2011-06-10,3.0900,3.1200,3.0900,3.0900,23900
RVIEW,2011-06-14,3.0600,3.0900,3.0600,3.0600,3000
RVIEW,2011-06-16,3.0600,3.0800,3.0600,3.0600,42800
RVIEW,2011-06-17,3.0600,3.0600,3.0600,3.0600,42400
RVIEW,2011-06-20,3.0600,3.0600,3.0500,3.0500,4000
RVIEW,2011-06-21,3.0600,3.0600,3.0300,3.0500,11000
RVIEW,2011-06-22,3.0500,3.0500,3.0500,3.0500,14000
RVIEW,2011-06-23,3.0500,3.0800,3.0500,3.0800,11500
RVIEW,2011-06-24,3.0900,3.1000,3.0600,3.1000,13000
RVIEW,2011-06-27,3.1000,3.1000,3.0600,3.0600,11500
RVIEW,2011-06-28,3.0100,3.0400,3.0100,3.0400,8000
RVIEW,2011-06-30,3.1200,3.1200,3.0000,3.0000,3200
RVIEW,2011-07-01,3.0000,3.0800,3.0000,3.0800,27200
RVIEW,2011-07-07,3.0800,3.1000,3.0800,3.1000,10000
RVIEW,2011-07-08,3.0000,3.0400,3.0000,3.0400,3100
RVIEW,2011-07-11,3.0400,3.0400,3.0000,3.0000,6000
RVIEW,2011-07-12,3.0000,3.0300,3.0000,3.0300,17000
RVIEW,2011-07-13,3.0000,3.0000,2.9900,3.0000,16000
RVIEW,2011-07-14,2.9900,2.9900,2.9900,2.9900,28500
RVIEW,2011-07-15,2.9900,3.0000,2.9900,3.0000,13400
RVIEW,2011-07-18,2.9900,2.9900,2.9900,2.9900,10000
RVIEW,2011-07-19,2.9900,2.9900,2.9900,2.9900,1000
RVIEW,2011-07-21,2.9500,2.9900,2.9500,2.9900,4900
RVIEW,2011-07-22,2.9500,2.9900,2.9500,2.9900,8000
RVIEW,2011-07-29,3.0000,3.0000,2.9500,2.9600,5600
RVIEW,2011-08-01,2.9900,2.9900,2.9900,2.9900,1000
RVIEW,2011-08-02,2.9900,2.9900,2.9900,2.9900,1500
RVIEW,2011-08-05,2.9600,2.9600,2.9500,2.9500,31700
RVIEW,2011-08-08,2.9300,2.9300,2.8600,2.9000,91500
RVIEW,2011-08-09,2.8000,2.9000,2.8000,2.8800,59000
RVIEW,2011-08-10,3.0000,3.0000,3.0000,3.0000,2000
RVIEW,2011-08-11,2.9400,2.9900,2.8400,2.9900,8800
RVIEW,2011-08-12,2.9800,3.0000,2.9800,2.9900,6000
RVIEW,2011-08-15,2.9600,2.9800,2.9300,2.9500,18200
RVIEW,2011-08-16,2.9600,2.9600,2.9500,2.9500,5000
RVIEW,2011-08-17,2.9600,2.9900,2.9500,2.9900,2600
RVIEW,2011-08-18,2.9500,2.9600,2.9400,2.9400,21000
RVIEW,2011-08-19,2.9300,2.9300,2.9200,2.9200,18000
RVIEW,2011-08-22,2.9000,2.9000,2.9000,2.9000,4200
RVIEW,2011-08-23,2.9000,2.9000,2.9000,2.9000,13300
RVIEW,2011-08-24,2.9000,2.9100,2.9000,2.9100,15000
RVIEW,2011-08-25,2.8800,3.0000,2.8800,3.0000,1300
RVIEW,2011-08-26,2.8800,2.8800,2.8800,2.8800,10000
RVIEW,2011-08-29,2.8800,2.9500,2.8800,2.9500,9000
RVIEW,2011-09-05,2.9500,2.9500,2.8800,2.9300,9100
RVIEW,2011-09-06,2.9000,2.9200,2.9000,2.9000,14500
RVIEW,2011-09-07,2.9000,2.9000,2.9000,2.9000,11500
RVIEW,2011-09-08,2.9200,2.9400,2.9200,2.9400,4000
RVIEW,2011-09-12,2.9000,2.9000,2.9000,2.9000,5000
RVIEW,2011-09-14,2.9000,2.9000,2.9000,2.9000,26000
RVIEW,2011-09-15,2.8900,2.8900,2.8900,2.8900,3500
RVIEW,2011-09-20,2.8800,2.8800,2.8800,2.8800,2000
RVIEW,2011-09-23,2.8000,2.8800,2.8000,2.8500,6200
RVIEW,2011-09-26,2.7000,2.7000,2.6800,2.6900,20100
RVIEW,2011-09-27,2.7500,2.7500,2.7500,2.7500,6100
RVIEW,2011-09-28,2.7100,2.7100,2.7000,2.7000,14000
RVIEW,2011-09-29,2.8000,2.8000,2.8000,2.8000,1000
RVIEW,2011-10-03,2.8000,2.8000,2.8000,2.8000,1000
RVIEW,2011-10-06,2.8100,2.8100,2.8100,2.8100,7000
RVIEW,2011-10-11,2.8200,2.8700,2.8100,2.8700,6000
RVIEW,2011-10-12,2.8500,2.8500,2.8300,2.8300,2000
RVIEW,2011-10-13,2.8500,2.8800,2.8500,2.8500,2400
RVIEW,2011-10-21,2.8700,2.8700,2.8700,2.8700,6000
RVIEW,2011-11-02,2.9000,2.9000,2.9000,2.9000,100
RVIEW,2011-11-03,2.9100,2.9500,2.9100,2.9400,7000
RVIEW,2011-11-08,2.9600,3.0700,2.9600,3.0500,1000
RVIEW,2011-11-11,2.9600,2.9600,2.9600,2.9600,2000
RVIEW,2011-11-14,3.1500,3.1500,3.0600,3.0600,17600
RVIEW,2011-11-15,3.0600,3.0900,3.0500,3.0600,15300
RVIEW,2011-11-17,3.0400,3.0400,3.0300,3.0300,4000
RVIEW,2011-11-21,3.0700,3.2300,3.0600,3.1000,6200
RVIEW,2011-11-22,3.1000,3.1000,3.1000,3.1000,9900
RVIEW,2011-11-23,3.1000,3.1400,3.1000,3.1400,10500
RVIEW,2011-11-24,3.1400,3.1500,3.1300,3.1300,6500
RVIEW,2011-11-25,3.1500,3.1500,3.1500,3.1500,1000
RVIEW,2011-11-29,3.1600,3.2000,3.1600,3.1800,3500
RVIEW,2011-11-30,3.2000,3.2000,3.1300,3.1300,16000
RVIEW,2011-12-01,3.1600,3.1600,3.1600,3.1600,8000
RVIEW,2011-12-02,3.1600,3.2000,3.1600,3.2000,25000
RVIEW,2011-12-05,3.3000,3.3000,3.3000,3.3000,1400
RVIEW,2011-12-06,3.2800,3.2800,3.2500,3.2600,15600
RVIEW,2011-12-08,2.9100,2.9100,2.9100,2.9100,400
RVIEW,2011-12-09,3.0000,3.0000,2.9000,2.9000,400
RVIEW,2011-12-16,2.9400,2.9400,2.9400,2.9400,3000
RVIEW,2011-12-20,2.9600,2.9600,2.9500,2.9500,8000
RVIEW,2011-12-21,2.9600,2.9600,2.9600,2.9600,9000
RVIEW,2011-12-22,3.0000,3.0000,3.0000,3.0000,31000
RVIEW,2011-12-30,3.0000,3.0000,3.0000,3.0000,5000
RVIEW,2012-01-03,3.0000,3.0800,3.0000,3.0300,22000
RVIEW,2012-01-04,3.0600,3.0800,3.0400,3.0400,9000
RVIEW,2012-01-05,3.0800,3.1000,3.0600,3.0600,12000
RVIEW,2012-01-06,3.0400,3.0400,3.0400,3.0400,5000
RVIEW,2012-01-09,3.0400,3.0400,3.0400,3.0400,600
RVIEW,2012-01-10,3.0600,3.0600,3.0400,3.0600,5600
RVIEW,2012-01-11,3.0500,3.0600,3.0400,3.0600,24900
RVIEW,2012-01-12,3.0600,3.0600,3.0600,3.0600,6000
RVIEW,2012-01-13,3.0600,3.0600,3.0500,3.0500,6400
RVIEW,2012-01-17,3.0500,3.0500,3.0500,3.0500,2400
RVIEW,2012-01-20,3.0500,3.0500,3.0500,3.0500,5000
RVIEW,2012-01-27,3.1000,3.1000,3.1000,3.1000,51000
RVIEW,2012-01-30,3.1500,3.1700,3.1500,3.1600,23200
RVIEW,2012-01-31,3.1600,3.1600,3.0800,3.1500,18800
RVIEW,2012-02-02,3.1800,3.1800,3.1300,3.1300,40600
RVIEW,2012-02-03,3.1300,3.1400,3.1300,3.1400,6000
RVIEW,2012-02-08,3.1600,3.1600,3.1400,3.1500,33400
RVIEW,2012-02-09,3.1800,3.1800,3.1600,3.1600,5000
RVIEW,2012-02-10,3.1800,3.1800,3.1800,3.1800,15400
RVIEW,2012-02-13,3.1800,3.1900,3.1800,3.1900,13000
RVIEW,2012-02-14,3.1500,3.1500,3.1500,3.1500,10000
RVIEW,2012-02-15,3.1500,3.1500,3.1500,3.1500,11100
RVIEW,2012-02-17,3.1500,3.1500,3.1500,3.1500,19000
RVIEW,2012-02-20,3.1600,3.1600,3.1600,3.1600,3000
RVIEW,2012-02-21,3.1700,3.1700,3.1600,3.1600,11000
RVIEW,2012-02-22,3.1200,3.1200,3.1100,3.1100,23800
RVIEW,2012-02-23,3.1200,3.1200,3.1000,3.1200,21000
RVIEW,2012-02-24,3.0600,3.0600,3.0600,3.0600,2100
RVIEW,2012-02-27,3.1200,3.1200,3.1200,3.1200,23200
RVIEW,2012-02-28,3.1300,3.1700,3.1300,3.1500,21800
RVIEW,2012-02-29,3.1500,3.1600,3.1400,3.1400,10100
RVIEW,2012-03-01,3.1700,3.1700,3.1700,3.1700,9000
RVIEW,2012-03-02,3.1700,3.1800,3.1700,3.1800,9000
RVIEW,2012-03-05,3.1500,3.1800,3.1500,3.1700,14000
RVIEW,2012-03-06,3.1400,3.1500,3.1400,3.1500,8000
RVIEW,2012-03-07,3.1500,3.1500,3.1500,3.1500,2000
RVIEW,2012-03-08,3.1700,3.1700,3.1700,3.1700,10000
RVIEW,2012-03-09,3.1700,3.1700,3.1400,3.1500,11000
RVIEW,2012-03-12,3.1800,3.1800,3.1400,3.1400,10000
RVIEW,2012-03-13,3.1400,3.1400,3.1400,3.1400,6000
RVIEW,2012-03-14,3.1500,3.1800,3.1400,3.1400,36000
RVIEW,2012-03-15,3.1400,3.1400,3.1300,3.1400,20700
RVIEW,2012-03-16,3.1300,3.1400,3.1200,3.1400,18200
RVIEW,2012-03-19,3.1200,3.1200,3.1200,3.1200,1000
RVIEW,2012-03-21,3.1500,3.1500,3.1500,3.1500,2000
RVIEW,2012-03-22,3.1500,3.1500,3.1500,3.1500,1800
RVIEW,2012-03-23,3.1400,3.1400,3.1200,3.1200,5600
RVIEW,2012-03-26,3.1500,3.1600,3.1400,3.1400,7000
RVIEW,2012-03-27,3.1400,3.1400,3.1400,3.1400,3000
RVIEW,2012-03-28,3.1600,3.1600,3.1600,3.1600,2600
RVIEW,2012-03-29,3.1500,3.1500,3.1500,3.1500,2000
RVIEW,2012-03-30,3.1500,3.1500,3.1500,3.1500,2000
RVIEW,2012-04-02,3.1500,3.1600,3.1500,3.1600,11000
RVIEW,2012-04-03,3.1500,3.1500,3.1500,3.1500,3000
RVIEW,2012-04-04,3.1700,3.1700,3.1700,3.1700,4000
RVIEW,2012-04-05,3.1700,3.1700,3.1700,3.1700,4000
RVIEW,2012-04-06,3.1700,3.1900,3.1700,3.1900,8000
RVIEW,2012-04-09,3.1900,3.1900,3.1500,3.1500,7000
RVIEW,2012-04-10,3.1500,3.1500,3.1500,3.1500,2000
RVIEW,2012-04-16,3.1500,3.1500,3.1500,3.1500,11000
RVIEW,2012-04-17,3.1700,3.1800,3.1700,3.1700,16900
RVIEW,2012-04-18,3.1700,3.1900,3.1700,3.1900,101100
RVIEW,2012-04-19,3.1900,3.2000,3.1800,3.2000,24500
RVIEW,2012-04-20,3.1800,3.2000,3.1800,3.2000,19500
RVIEW,2012-04-23,3.2000,3.2100,3.2000,3.2000,15000
RVIEW,2012-04-24,3.2000,3.2200,3.2000,3.2200,22400
RVIEW,2012-04-25,3.2200,3.2200,3.2200,3.2200,1000
RVIEW,2012-04-26,3.2000,3.2000,3.1800,3.1800,4900
RVIEW,2012-04-27,3.1800,3.1900,3.1800,3.1900,1500
RVIEW,2012-04-30,3.1900,3.2000,3.1900,3.1900,7600
RVIEW,2012-05-02,3.2100,3.2100,3.2100,3.2100,3000
RVIEW,2012-05-03,3.2000,3.2100,3.2000,3.2100,16500
RVIEW,2012-05-04,3.2200,3.2200,3.2000,3.2100,16000
RVIEW,2012-05-07,3.2000,3.2100,3.2000,3.2100,4000
RVIEW,2012-05-08,3.2100,3.2200,3.2100,3.2200,50400
RVIEW,2012-05-09,3.2300,3.2300,3.2200,3.2300,52000
RVIEW,2012-05-10,3.2000,3.2000,3.2000,3.2000,2000
RVIEW,2012-05-14,3.1800,3.1800,3.1800,3.1800,13000
RVIEW,2012-05-15,3.1200,3.1200,3.1200,3.1200,3000
RVIEW,2012-05-16,3.0500,3.0500,3.0500,3.0500,26000
RVIEW,2012-05-18,3.0500,3.0500,3.0000,3.0200,14000
RVIEW,2012-05-21,3.0100,3.0100,3.0000,3.0000,9000
RVIEW,2012-05-22,3.2200,3.2200,3.0400,3.0400,1000
RVIEW,2012-05-23,3.0600,3.0600,3.0600,3.0600,2000
RVIEW,2012-05-24,3.0400,3.1000,3.0400,3.1000,2000
RVIEW,2012-05-25,3.1200,3.1400,3.1200,3.1400,2000
RVIEW,2012-05-28,3.1600,3.2100,3.1600,3.2100,225000
RVIEW,2012-05-29,3.2200,3.2200,3.2000,3.2000,8000
RVIEW,2012-05-30,3.2100,3.2100,3.2000,3.2000,21000
RVIEW,2012-05-31,3.1800,3.1900,3.1800,3.1800,6000
RVIEW,2012-06-01,3.1700,3.1900,3.1600,3.1600,42000
RVIEW,2012-06-04,3.1800,3.1800,3.1700,3.1800,15000
RVIEW,2012-06-05,3.1400,3.1800,3.1400,3.1800,16300
RVIEW,2012-06-06,3.1800,3.1800,3.1800,3.1800,4200
RVIEW,2012-06-07,3.1800,3.1800,3.1800,3.1800,3000
RVIEW,2012-06-08,3.1800,3.1800,3.1800,3.1800,2500
RVIEW,2012-06-11,3.1800,3.1800,3.1800,3.1800,12000
RVIEW,2012-06-12,3.1800,3.1900,3.1800,3.1800,14200
RVIEW,2012-06-13,3.2000,3.2000,3.2000,3.2000,5000
RVIEW,2012-06-14,3.2500,3.2500,3.1400,3.1400,2300
RVIEW,2012-06-19,3.2000,3.2100,3.1800,3.2100,21000
RVIEW,2012-06-20,3.2400,3.2500,3.2200,3.2500,22000
RVIEW,2012-06-21,3.2400,3.2400,3.2300,3.2400,9000
RVIEW,2012-06-22,3.2400,3.2400,3.2400,3.2400,19800
RVIEW,2012-06-25,3.2500,3.2500,3.2000,3.2300,22000
RVIEW,2012-06-26,3.2500,3.2600,3.2300,3.2500,30200
RVIEW,2012-06-29,3.1600,3.1600,3.1600,3.1600,3000
RVIEW,2012-07-04,3.1200,3.1200,3.1200,3.1200,8000
RVIEW,2012-07-05,3.1500,3.1500,3.1500,3.1500,2000
RVIEW,2012-07-06,3.1600,3.1800,3.1600,3.1600,6200
RVIEW,2012-07-10,3.1700,3.1700,3.1700,3.1700,6000
RVIEW,2012-07-11,3.2000,3.2000,3.2000,3.2000,5000
RVIEW,2012-07-12,3.2200,3.2200,3.1900,3.2200,4000
RVIEW,2012-07-17,3.2200,3.2200,3.2100,3.2200,20000
RVIEW,2012-07-18,3.2200,3.2400,3.2200,3.2400,7000
RVIEW,2012-07-19,3.2500,3.2500,3.2400,3.2400,6500
RVIEW,2012-07-20,3.2200,3.2200,3.2200,3.2200,20000
RVIEW,2012-07-23,3.2200,3.2200,3.2200,3.2200,12000
RVIEW,2012-07-24,3.2200,3.2200,3.2200,3.2200,16000
RVIEW,2012-07-25,3.2000,3.2000,3.2000,3.2000,14000
RVIEW,2012-07-26,3.2000,3.2000,3.1800,3.1800,9600
RVIEW,2012-07-27,3.1800,3.1800,3.1700,3.1700,10700
RVIEW,2012-07-30,3.1700,3.1700,3.1700,3.1700,4000
RVIEW,2012-07-31,3.2000,3.2000,3.2000,3.2000,3000
RVIEW,2012-08-02,3.1700,3.2000,3.1700,3.2000,2000
RVIEW,2012-08-06,3.2000,3.2000,3.2000,3.2000,3500
RVIEW,2012-08-07,3.1400,3.1500,3.1400,3.1400,8000
RVIEW,2012-08-14,3.1600,3.2000,3.1600,3.1700,18000
RVIEW,2012-08-15,3.1600,3.2000,3.1600,3.2000,3600
RVIEW,2012-08-16,3.1600,3.1600,3.1600,3.1600,4000
RVIEW,2012-08-17,3.2000,3.2000,3.2000,3.2000,4000
RVIEW,2012-08-22,3.2000,3.2100,3.2000,3.2100,3000
RVIEW,2012-08-23,3.2100,3.2100,3.1800,3.1800,1000
RVIEW,2012-08-24,3.2000,3.2200,3.2000,3.2200,7000
RVIEW,2012-08-27,3.2000,3.2000,3.2000,3.2000,8300
RVIEW,2012-08-28,3.1800,3.1800,3.1600,3.1600,1000
RVIEW,2012-08-30,3.1600,3.1600,3.1600,3.1600,6000
RVIEW,2012-09-04,3.2200,3.2200,3.1600,3.1600,13000
RVIEW,2012-09-05,3.2000,3.2200,3.2000,3.2000,36000
RVIEW,2012-09-06,3.1800,3.2000,3.1700,3.2000,11700
RVIEW,2012-09-10,3.1800,3.1800,3.1600,3.1600,9000
RVIEW,2012-09-11,3.1600,3.1800,3.1600,3.1600,14100
RVIEW,2012-09-12,3.1700,3.1700,3.1700,3.1700,1000
RVIEW,2012-09-13,3.1800,3.1800,3.1800,3.1800,2000
RVIEW,2012-09-14,3.1800,3.1800,3.1600,3.1700,5000
RVIEW,2012-09-18,3.1700,3.1700,3.1600,3.1600,11000
RVIEW,2012-09-19,3.1600,3.1600,3.1600,3.1600,10000
RVIEW,2012-09-20,3.1800,3.1800,3.1800,3.1800,12100
RVIEW,2012-09-21,3.1800,3.1800,3.1600,3.1600,93000
RVIEW,2012-09-24,3.1500,3.1500,3.1500,3.1500,15500
RVIEW,2012-09-25,3.1600,3.1600,3.1600,3.1600,10000
RVIEW,2012-09-26,3.1600,3.1800,3.1600,3.1800,1800
RVIEW,2012-09-27,3.1600,3.1600,3.1500,3.1500,36000
RVIEW,2012-09-28,3.1500,3.1500,3.1200,3.1200,16000
RVIEW,2012-10-01,3.1000,3.1000,3.1000,3.1000,10800
RVIEW,2012-10-03,3.1000,3.1000,3.0000,3.0000,2500
RVIEW,2012-10-08,3.1500,3.1500,3.1500,3.1500,1000
RVIEW,2012-10-09,3.1500,3.1500,3.1500,3.1500,900
RVIEW,2012-10-10,3.0500,3.0500,3.0000,3.0100,18000
RVIEW,2012-10-11,3.0500,3.0500,3.0100,3.0200,67500
RVIEW,2012-10-12,3.0500,3.0600,3.0000,3.0100,92000
RVIEW,2012-10-15,3.0400,3.0400,3.0100,3.0100,13000
RVIEW,2012-10-16,3.0100,3.0100,3.0100,3.0100,5500
RVIEW,2012-10-18,3.0200,3.0200,3.0200,3.0200,2000
RVIEW,2012-10-29,3.0500,3.1100,3.0500,3.1100,6000
RVIEW,2012-10-31,3.1000,3.1000,3.1000,3.1000,3000
RVIEW,2012-11-02,3.1000,3.1000,3.1000,3.1000,4000
RVIEW,2012-11-05,3.1200,3.1200,3.0500,3.0500,10400
RVIEW,2012-11-06,3.1000,3.1900,3.1000,3.1900,800
RVIEW,2012-11-07,3.1500,3.1500,3.1300,3.1300,7000
RVIEW,2012-11-08,3.1800,3.1800,3.0700,3.0700,1100
RVIEW,2012-11-12,3.2000,3.2200,3.2000,3.2000,58100
RVIEW,2012-11-14,3.2000,3.2400,3.2000,3.2200,28000
RVIEW,2012-11-16,3.2200,3.2300,3.2000,3.2100,36000
RVIEW,2012-11-19,3.2200,3.2200,3.2200,3.2200,6000
RVIEW,2012-11-20,3.2200,3.2500,3.2200,3.2500,20200
RVIEW,2012-11-21,3.2200,3.2200,3.2200,3.2200,7000
RVIEW,2012-11-22,3.2200,3.2600,3.2200,3.2600,10000
RVIEW,2012-11-23,3.2600,3.2600,3.2300,3.2600,21000
RVIEW,2012-11-26,3.2400,3.2400,3.2200,3.2200,5900
RVIEW,2012-11-27,3.2800,3.2800,3.2200,3.2200,18100
RVIEW,2012-11-28,3.2200,3.2400,3.2200,3.2400,10000
RVIEW,2012-11-29,3.2100,3.2500,3.2100,3.2500,15400
RVIEW,2012-11-30,3.2500,3.2500,3.2200,3.2400,26300
RVIEW,2012-12-03,3.2600,3.2700,3.2500,3.2600,33900
RVIEW,2012-12-04,3.2600,3.2600,3.2500,3.2500,32200
RVIEW,2012-12-05,3.2500,3.2800,3.2500,3.2800,38000
RVIEW,2012-12-06,3.2100,3.2100,3.0100,3.0100,15200
RVIEW,2012-12-07,3.0300,3.0400,3.0300,3.0400,14300
RVIEW,2012-12-11,3.0500,3.1000,3.0500,3.0900,17000
RVIEW,2012-12-12,3.0900,3.1000,3.0900,3.1000,6000
RVIEW,2012-12-13,3.0300,3.0300,3.0300,3.0300,1000
RVIEW,2012-12-14,3.0300,3.0300,3.0300,3.0300,100
RVIEW,2012-12-17,3.0400,3.0400,3.0400,3.0400,3000
RVIEW,2012-12-18,3.0400,3.0500,3.0300,3.0400,17400
RVIEW,2012-12-20,3.0500,3.0500,3.0400,3.0400,6000
RVIEW,2012-12-21,3.0500,3.0800,3.0500,3.0800,3000
RVIEW,2012-12-24,3.0900,3.0900,3.0900,3.0900,2000
RVIEW,2012-12-26,3.1100,3.1100,3.1100,3.1100,2100
RVIEW,2012-12-27,3.0900,3.0900,3.0700,3.0700,6000
RVIEW,2012-12-28,3.0700,3.0700,3.0700,3.0700,4000
RVIEW,2012-12-31,3.1000,3.1000,3.1000,3.1000,17000
RVIEW,2013-01-02,3.1000,3.1000,3.1000,3.1000,2000
RVIEW,2013-01-03,3.2000,3.2000,3.2000,3.2000,1000
RVIEW,2013-01-04,3.2000,3.2000,3.1100,3.1500,6000
RVIEW,2013-01-07,3.1500,3.1700,3.1500,3.1700,14200
RVIEW,2013-01-08,3.1300,3.1300,3.1300,3.1300,2000
RVIEW,2013-01-09,3.1400,3.1400,3.1400,3.1400,18000
RVIEW,2013-01-10,3.1500,3.1500,3.1500,3.1500,23800
RVIEW,2013-01-11,3.1500,3.1600,3.1300,3.1300,11000
RVIEW,2013-01-14,3.1400,3.1400,3.1400,3.1400,4000
RVIEW,2013-01-15,3.1200,3.1200,3.1100,3.1100,900
RVIEW,2013-01-16,3.1800,3.2000,3.1800,3.1800,9800
RVIEW,2013-01-17,3.1800,3.1800,3.1600,3.1600,30000
RVIEW,2013-01-18,3.1200,3.1200,3.1200,3.1200,3100
RVIEW,2013-01-21,3.1300,3.1300,3.0800,3.1200,19200
RVIEW,2013-01-22,3.1200,3.1200,3.0600,3.1200,26000
RVIEW,2013-01-23,3.3000,3.3000,3.1300,3.1300,8600
RVIEW,2013-01-25,3.1700,3.1800,3.1700,3.1800,16000
RVIEW,2013-01-30,3.1200,3.1300,3.1200,3.1300,1400
RVIEW,2013-02-04,3.1100,3.1500,3.1100,3.1500,26000
RVIEW,2013-02-05,3.1600,3.1600,3.1600,3.1600,9300
RVIEW,2013-02-06,3.1500,3.1500,3.1500,3.1500,10000
RVIEW,2013-02-07,3.1500,3.1700,3.1500,3.1700,25300
RVIEW,2013-02-08,3.1200,3.1200,3.1200,3.1200,1200
RVIEW,2013-02-13,3.2000,3.2000,3.2000,3.2000,3000
RVIEW,2013-02-15,3.1300,3.1300,3.1300,3.1300,200
RVIEW,2013-02-19,3.1000,3.1300,3.1000,3.1300,24000
RVIEW,2013-02-20,3.1300,3.1300,3.1300,3.1300,1000
RVIEW,2013-02-21,3.2400,3.2400,3.2400,3.2400,300
RVIEW,2013-02-22,3.1000,3.1000,3.1000,3.1000,5000
RVIEW,2013-02-26,3.1500,3.1500,3.1500,3.1500,3000
RVIEW,2013-02-27,3.1500,3.1500,3.1400,3.1400,15000
RVIEW,2013-02-28,3.1200,3.2300,3.1200,3.2000,17100
RVIEW,2013-03-01,3.2100,3.2500,3.2100,3.2500,35500
RVIEW,2013-03-04,3.2400,3.2400,3.2200,3.2200,47000
RVIEW,2013-03-05,3.2300,3.2500,3.2300,3.2300,15000
RVIEW,2013-03-06,3.2300,3.2400,3.2300,3.2300,14400
RVIEW,2013-03-07,3.2500,3.2900,3.2500,3.2900,20900
RVIEW,2013-03-11,3.2200,3.2500,3.2200,3.2500,10100
RVIEW,2013-03-12,3.2800,3.2800,3.2800,3.2800,6000
RVIEW,2013-03-13,3.2500,3.3100,3.2500,3.3100,58700
RVIEW,2013-03-14,3.2900,3.3200,3.2900,3.3100,24200
RVIEW,2013-03-15,3.3000,3.3100,3.3000,3.3100,17000
RVIEW,2013-03-18,3.2600,3.2600,3.2600,3.2600,1000
RVIEW,2013-03-19,3.2600,3.2700,3.2600,3.2600,19000
RVIEW,2013-03-20,3.2600,3.3200,3.2600,3.3200,22300
RVIEW,2013-03-21,3.2600,3.2600,3.2600,3.2600,1000
RVIEW,2013-03-22,3.2600,3.2800,3.2600,3.2800,15200
RVIEW,2013-03-25,3.3200,3.3600,3.3000,3.3500,25100
RVIEW,2013-03-26,3.3500,3.3600,3.3500,3.3500,9000
RVIEW,2013-03-27,3.3500,3.3500,3.3300,3.3300,8000
RVIEW,2013-03-28,3.3200,3.3200,3.3200,3.3200,8000
RVIEW,2013-03-29,3.3400,3.3400,3.3300,3.3300,45500
RVIEW,2013-04-02,3.3600,3.3600,3.3300,3.3300,9400
RVIEW,2013-04-03,3.3300,3.3300,3.3200,3.3200,12400
RVIEW,2013-04-04,3.3500,3.3600,3.3300,3.3600,25000
RVIEW,2013-04-05,3.3500,3.3800,3.3500,3.3700,11000
RVIEW,2013-04-08,3.3800,3.3900,3.3700,3.3800,39300
RVIEW,2013-04-09,3.3800,3.3900,3.3800,3.3900,7100
RVIEW,2013-04-10,3.4000,3.8800,3.4000,3.8000,251500
RVIEW,2013-04-11,3.8200,4.0000,3.8200,3.8300,114500
RVIEW,2013-04-12,3.7500,3.7500,3.3500,3.5000,31600
RVIEW,2013-04-15,3.5500,3.6000,3.5500,3.6000,1100
RVIEW,2013-04-16,3.5500,3.7000,3.5200,3.6600,13300
RVIEW,2013-04-17,3.7000,3.7000,3.6000,3.6000,9300
RVIEW,2013-04-18,3.5400,3.5400,3.5300,3.5300,4000
RVIEW,2013-04-19,3.7600,3.7600,3.6800,3.7200,300
RVIEW,2013-04-22,3.7000,3.7000,3.6000,3.7000,16000
RVIEW,2013-04-23,3.7000,3.7100,3.6600,3.6600,25000
RVIEW,2013-04-24,3.7400,3.8000,3.7000,3.7600,25200
RVIEW,2013-04-25,3.7600,3.8000,3.7500,3.8000,22000
RVIEW,2013-04-26,3.8500,3.9900,3.8500,3.9400,81500
RVIEW,2013-04-29,3.6100,3.8400,3.6100,3.8000,14600
RVIEW,2013-04-30,3.8000,3.8000,3.7600,3.7600,7000
RVIEW,2013-05-02,3.6200,3.6200,3.6000,3.6000,8000
RVIEW,2013-05-03,3.6600,3.6600,3.6000,3.6600,40600
RVIEW,2013-05-06,3.6200,3.8000,3.6100,3.7200,11000
RVIEW,2013-05-07,3.7200,3.7200,3.7000,3.7000,3000
RVIEW,2013-05-08,3.7200,3.7400,3.7000,3.7300,12000
RVIEW,2013-05-09,3.7200,3.7200,3.7200,3.7200,1000
RVIEW,2013-05-10,3.7500,3.8000,3.7200,3.8000,8600
RVIEW,2013-05-13,3.8000,3.8000,3.8000,3.8000,9400
RVIEW,2013-05-14,3.9000,3.9200,3.8500,3.9200,102000
RVIEW,2013-05-15,3.9000,3.9000,3.8800,3.9000,261200
RVIEW,2013-05-16,3.9000,3.9400,3.9000,3.9100,27300
RVIEW,2013-05-17,3.9100,3.9900,3.9100,3.9900,32300
RVIEW,2013-05-20,3.9100,3.9300,3.9100,3.9300,8700
RVIEW,2013-05-21,4.0000,4.0000,3.9800,4.0000,16500
RVIEW,2013-05-22,3.9700,3.9700,3.9400,3.9400,7000
RVIEW,2013-05-23,3.9400,3.9400,3.9100,3.9400,20000
RVIEW,2013-05-27,3.9500,3.9500,3.9500,3.9500,8000
RVIEW,2013-05-28,3.9200,3.9200,3.9200,3.9200,1200
RVIEW,2013-05-29,4.0000,4.0900,4.0000,4.0500,32500
RVIEW,2013-05-30,4.0000,4.0500,4.0000,4.0500,11900
RVIEW,2013-05-31,4.0200,4.0400,4.0100,4.0400,22000
RVIEW,2013-06-03,4.0300,4.1000,4.0300,4.0500,22000
RVIEW,2013-06-04,4.0600,4.1100,4.0600,4.0700,28100
RVIEW,2013-06-05,4.0800,4.0800,4.0600,4.0600,8000
RVIEW,2013-06-06,4.0600,4.1200,4.0600,4.1200,7300
RVIEW,2013-06-07,4.1200,4.2000,4.1200,4.2000,6400
RVIEW,2013-06-10,4.2400,4.3000,4.2000,4.3000,20500
RVIEW,2013-06-11,4.3000,4.3800,4.3000,4.3800,30000
RVIEW,2013-06-12,4.3800,4.4100,4.3400,4.3400,48100
RVIEW,2013-06-13,4.3200,4.3200,4.1600,4.2200,6500
RVIEW,2013-06-14,4.2200,4.2600,4.2200,4.2600,3200
RVIEW,2013-06-17,4.2800,4.3600,4.2600,4.3600,5500
RVIEW,2013-06-18,4.2800,4.3000,4.2800,4.3000,9500
RVIEW,2013-06-19,4.2000,4.2000,4.1200,4.1200,28400
RVIEW,2013-06-20,4.1000,4.1500,4.1000,4.1500,6300
RVIEW,2013-06-21,4.1500,4.1500,4.1500,4.1500,7000
RVIEW,2013-06-24,4.1400,4.2000,4.0000,4.0000,56100
RVIEW,2013-06-25,4.0000,4.0000,4.0000,4.0000,14000
RVIEW,2013-06-27,4.0000,4.0100,4.0000,4.0000,13200
RVIEW,2013-06-28,4.0600,4.0600,4.0600,4.0600,2000
RVIEW,2013-07-01,4.0700,4.0700,4.0700,4.0700,4000
RVIEW,2013-07-02,4.0700,4.0700,4.0700,4.0700,9000
RVIEW,2013-07-03,4.0700,4.0800,4.0700,4.0800,6500
RVIEW,2013-07-10,4.0800,4.0800,4.0200,4.0200,13000
RVIEW,2013-07-11,4.0200,4.0200,4.0200,4.0200,14000
RVIEW,2013-07-12,4.0200,4.0200,4.0200,4.0200,5200
RVIEW,2013-07-15,4.0200,4.0400,4.0200,4.0300,32500
RVIEW,2013-07-16,4.1000,4.1000,4.1000,4.1000,3000
RVIEW,2013-07-17,4.0600,4.0600,4.0200,4.0200,2000
RVIEW,2013-07-18,4.0500,4.0500,4.0500,4.0500,5000
RVIEW,2013-07-19,4.0400,4.0400,4.0200,4.0200,43500
RVIEW,2013-07-22,4.0300,4.0300,4.0300,4.0300,13000
RVIEW,2013-07-23,4.0600,4.0600,4.0600,4.0600,1000
RVIEW,2013-07-24,4.3300,4.3300,4.3300,4.3300,3000
RVIEW,2013-07-25,4.2000,4.2000,4.1600,4.1600,12500
RVIEW,2013-07-26,4.0800,4.1000,4.0600,4.0800,12000
RVIEW,2013-07-29,4.1000,4.1000,4.1000,4.1000,2000
RVIEW,2013-07-30,4.1200,4.1200,4.0800,4.0800,14100
RVIEW,2013-07-31,4.0500,4.0500,4.0400,4.0400,4000
RVIEW,2013-08-01,4.0600,4.0600,4.0600,4.0600,2000
RVIEW,2013-08-02,4.0000,4.1600,4.0000,4.1600,11200
RVIEW,2013-08-12,4.1600,4.1600,4.1100,4.1100,2000
RVIEW,2013-08-13,4.1500,4.1500,4.1500,4.1500,7000
RVIEW,2013-08-14,4.0800,4.0800,4.0800,4.0800,1000
RVIEW,2013-08-15,4.0300,4.0800,4.0300,4.0800,6300
RVIEW,2013-08-16,4.1100,4.1100,4.0600,4.1000,24600
RVIEW,2013-08-20,4.2000,4.2000,4.1000,4.1000,2800
RVIEW,2013-08-21,4.0900,4.1600,4.0900,4.1000,16000
RVIEW,2013-08-22,4.0600,4.0600,4.0500,4.0500,5600
RVIEW,2013-08-23,4.0600,4.0800,4.0600,4.0600,11500
RVIEW,2013-08-26,4.0600,4.0600,4.0200,4.0200,14400
RVIEW,2013-08-27,4.0000,4.0300,4.0000,4.0100,32700
RVIEW,2013-08-28,3.8000,4.0000,3.8000,4.0000,26600
RVIEW,2013-08-29,4.0000,4.0000,4.0000,4.0000,9800
RVIEW,2013-09-02,4.0000,4.0000,4.0000,4.0000,10400
RVIEW,2013-09-03,4.0500,4.0500,4.0100,4.0100,2000
RVIEW,2013-09-05,4.0000,4.0000,4.0000,4.0000,2000
RVIEW,2013-09-06,4.0000,4.0000,4.0000,4.0000,5000
RVIEW,2013-09-09,4.0000,4.0000,4.0000,4.0000,4000
RVIEW,2013-09-10,4.0000,4.0000,4.0000,4.0000,5000
RVIEW,2013-09-11,4.0000,4.0000,4.0000,4.0000,800
RVIEW,2013-09-12,4.0400,4.0400,4.0200,4.0200,2200
RVIEW,2013-09-13,4.0400,4.0400,4.0400,4.0400,8000
RVIEW,2013-09-17,4.0200,4.0300,4.0000,4.0000,11900
RVIEW,2013-09-18,4.0100,4.0100,4.0000,4.0000,4000
RVIEW,2013-09-19,4.0100,4.0200,4.0100,4.0100,4200
RVIEW,2013-09-20,4.0400,4.1000,4.0300,4.1000,11000
RVIEW,2013-09-23,4.0100,4.1100,4.0100,4.1100,7500
RVIEW,2013-09-24,4.0300,4.1000,4.0300,4.1000,2000
RVIEW,2013-09-26,4.1000,4.1000,4.1000,4.1000,12000
RVIEW,2013-09-30,4.1000,4.1000,4.1000,4.1000,2000
RVIEW,2013-10-01,4.0500,4.0500,4.0500,4.0500,1500
RVIEW,2013-10-02,4.0500,4.0500,4.0500,4.0500,18500
RVIEW,2013-10-09,4.0600,4.0600,4.0600,4.0600,5000
RVIEW,2013-10-10,4.0000,4.0600,4.0000,4.0600,1600
RVIEW,2013-10-11,4.0800,4.0800,4.0800,4.0800,3000
RVIEW,2013-10-18,4.0400,4.0400,4.0300,4.0300,3000
RVIEW,2013-10-22,4.0500,4.1000,4.0500,4.1000,5000
RVIEW,2013-10-23,4.0500,4.0700,4.0500,4.0600,25000
RVIEW,2013-10-25,4.1000,4.1000,4.1000,4.1000,7200
RVIEW,2013-10-28,4.1000,4.1000,4.1000,4.1000,19000
RVIEW,2013-10-29,4.1000,4.1000,4.0800,4.0800,19200
RVIEW,2013-10-30,4.0800,4.0800,4.0800,4.0800,30000
RVIEW,2013-10-31,4.1000,4.1000,4.1000,4.1000,15500
RVIEW,2013-11-01,4.1000,4.1000,4.1000,4.1000,3000
RVIEW,2013-11-04,4.1000,4.1000,4.1000,4.1000,5500
RVIEW,2013-11-06,4.1000,4.1000,4.1000,4.1000,3000
RVIEW,2013-11-07,4.1000,4.1000,4.1000,4.1000,10000
RVIEW,2013-11-08,4.1000,4.1000,4.0800,4.0800,11800
RVIEW,2013-11-11,4.0900,4.0900,4.0500,4.0500,3200
RVIEW,2013-11-12,4.0600,4.0600,4.0500,4.0500,7000
RVIEW,2013-11-13,4.1300,4.1300,4.1300,4.1300,1000
RVIEW,2013-11-14,4.1300,4.1300,4.1300,4.1300,1000
RVIEW,2013-11-15,4.1300,4.1300,4.1300,4.1300,1000
RVIEW,2013-11-18,4.1300,4.1300,4.1300,4.1300,1000
RVIEW,2013-11-19,4.1300,4.1300,4.1200,4.1200,20900
RVIEW,2013-11-20,4.1400,4.1500,4.1200,4.1400,49600
RVIEW,2013-11-21,4.1400,4.1400,4.1400,4.1400,1000
RVIEW,2013-11-22,4.1400,4.1400,4.1400,4.1400,41000
RVIEW,2013-11-25,4.1400,4.1400,4.1400,4.1400,39500
RVIEW,2013-11-26,4.1200,4.1200,4.1200,4.1200,2000
RVIEW,2013-11-27,4.1200,4.1200,4.1200,4.1200,15400
RVIEW,2013-11-28,4.1200,4.1300,4.1200,4.1200,32000
RVIEW,2013-11-29,4.1200,4.1200,4.1000,4.1200,83000
RVIEW,2013-12-02,4.1000,4.1300,4.1000,4.1200,40400
RVIEW,2013-12-03,4.3000,4.3000,4.1200,4.1200,66200
RVIEW,2013-12-04,4.1200,4.1200,4.1200,4.1200,95000
RVIEW,2013-12-05,4.0600,4.0600,4.0200,4.0200,26200
RVIEW,2013-12-06,4.0200,4.0200,4.0200,4.0200,5000
RVIEW,2013-12-09,4.0600,4.0800,4.0600,4.0800,9200
RVIEW,2013-12-10,4.0100,4.0500,4.0100,4.0500,4000
RVIEW,2013-12-16,4.1000,4.1000,4.1000,4.1000,4700
RVIEW,2013-12-19,4.0600,4.0800,4.0600,4.0800,4000
RVIEW,2013-12-20,4.0700,4.0800,4.0700,4.0800,1100
RVIEW,2013-12-23,4.0500,4.3000,4.0500,4.3000,12000
RVIEW,2013-12-26,4.2600,4.2600,4.2600,4.2600,1000
RVIEW,2013-12-27,4.2600,4.2600,4.2600,4.2600,500
RVIEW,2013-12-30,4.2600,4.2600,4.2600,4.2600,1000
RVIEW,2013-12-31,4.2600,4.2600,4.2600,4.2600,4000
RVIEW,2014-01-02,4.2600,4.2600,4.2600,4.2600,1000
RVIEW,2014-01-06,4.2600,4.2600,4.2500,4.2600,3800
RVIEW,2014-01-08,4.2600,4.2600,4.2600,4.2600,27500
RVIEW,2014-01-09,4.2600,4.2600,4.2600,4.2600,3200
RVIEW,2014-01-10,4.2500,4.2600,4.2000,4.2000,11500
RVIEW,2014-01-13,4.2000,4.2100,4.2000,4.2000,13800
RVIEW,2014-01-15,4.1800,4.2200,4.1800,4.2200,4000
RVIEW,2014-01-16,4.2000,4.2000,4.2000,4.2000,3400
RVIEW,2014-01-20,4.1200,4.1200,4.1200,4.1200,500
RVIEW,2014-01-21,4.2400,4.2500,4.1800,4.1800,30400
RVIEW,2014-01-22,4.1800,4.2300,4.1800,4.2300,5800
RVIEW,2014-01-23,4.2000,4.2400,4.2000,4.2400,2200
RVIEW,2014-01-24,4.2400,4.2400,4.2400,4.2400,5800
RVIEW,2014-01-27,4.2000,4.2500,4.2000,4.2500,16000
RVIEW,2014-01-28,4.2100,4.2400,4.2100,4.2400,10000
RVIEW,2014-01-29,4.2500,4.2500,4.2500,4.2500,7000
RVIEW,2014-02-04,4.1600,4.1600,4.1600,4.1600,3000
RVIEW,2014-02-11,4.2100,4.2100,4.1200,4.1200,3200
RVIEW,2014-02-12,4.1300,4.1300,4.1300,4.1300,15000
RVIEW,2014-02-13,4.1200,4.1200,4.1200,4.1200,1500
RVIEW,2014-02-14,4.1500,4.1500,4.1500,4.1500,5200
RVIEW,2014-02-17,4.1500,4.1700,4.1500,4.1700,12700
RVIEW,2014-02-18,4.1600,4.1600,4.1500,4.1600,29000
RVIEW,2014-02-19,4.1600,4.1600,4.1300,4.1600,30000
RVIEW,2014-02-20,4.1600,4.2700,4.1500,4.2700,10100
RVIEW,2014-02-21,4.2600,4.2600,4.2600,4.2600,1000
RVIEW,2014-02-25,4.1600,4.2000,4.1600,4.2000,5000
RVIEW,2014-02-27,4.2000,4.2000,4.2000,4.2000,3800
RVIEW,2014-02-28,4.2000,4.2000,4.2000,4.2000,13000
RVIEW,2014-03-03,4.1600,4.1600,4.1500,4.1600,30200
RVIEW,2014-03-04,4.1600,4.1700,4.1600,4.1700,32000
RVIEW,2014-03-05,4.1800,4.1800,4.1600,4.1600,3000
RVIEW,2014-03-06,4.1700,4.1700,4.1700,4.1700,6000
RVIEW,2014-03-10,4.1700,4.2000,4.1700,4.2000,7500
RVIEW,2014-03-12,4.2000,4.2000,4.2000,4.2000,5700
RVIEW,2014-03-13,4.2000,4.2800,4.2000,4.2800,58200
RVIEW,2014-03-14,4.3000,4.3000,4.2000,4.2000,17300
RVIEW,2014-03-19,4.2100,4.2100,4.2100,4.2100,10000
RVIEW,2014-03-20,4.2200,4.2200,4.2200,4.2200,1000
RVIEW,2014-03-21,4.2000,4.2000,4.2000,4.2000,2200
RVIEW,2014-03-25,4.2100,4.2500,4.2100,4.2500,14000
RVIEW,2014-03-28,4.2300,4.2500,4.2200,4.2200,15000
RVIEW,2014-03-31,4.2200,4.2200,4.2000,4.2200,7000
RVIEW,2014-04-01,4.2000,4.2000,4.2000,4.2000,1200
RVIEW,2014-04-02,4.2400,4.2400,4.2100,4.2100,2200
RVIEW,2014-04-03,4.2400,4.2600,4.2100,4.2100,17200
RVIEW,2014-04-04,4.2500,4.2500,4.2400,4.2400,5000
RVIEW,2014-04-07,4.2600,4.2700,4.2600,4.2700,10000
RVIEW,2014-04-09,4.2700,4.2700,4.2600,4.2600,8400
RVIEW,2014-04-10,4.2900,4.2900,4.2900,4.2900,100
RVIEW,2014-04-11,4.2900,4.2900,4.2800,4.2800,1200
RVIEW,2014-04-14,4.2900,4.2900,4.2600,4.2600,8000
RVIEW,2014-04-15,4.2900,4.3300,4.2700,4.2700,2400
RVIEW,2014-04-17,4.2700,4.2700,4.2700,4.2700,1000
RVIEW,2014-04-18,4.2700,4.2700,4.2700,4.2700,4700
RVIEW,2014-04-21,4.2600,4.2700,4.2600,4.2700,15500
RVIEW,2014-04-22,4.2600,4.2700,4.2600,4.2700,23600
RVIEW,2014-04-23,4.2800,4.2800,4.2700,4.2800,18000
RVIEW,2014-04-24,4.2800,4.2800,4.2500,4.2500,25600
RVIEW,2014-04-25,4.2500,4.2500,4.2000,4.2000,10400
RVIEW,2014-04-28,4.3000,4.3300,4.3000,4.3000,9000
RVIEW,2014-04-29,4.2500,4.2500,4.2500,4.2500,6000
RVIEW,2014-04-30,4.2100,4.2100,4.2000,4.2000,9900
RVIEW,2014-05-02,4.2400,4.2400,4.2400,4.2400,7400
RVIEW,2014-05-05,4.2300,4.3000,4.2300,4.3000,8700
RVIEW,2014-05-06,4.2600,4.2600,4.2600,4.2600,2200
RVIEW,2014-05-07,4.2000,4.2600,4.2000,4.2600,28400
RVIEW,2014-05-08,4.3000,4.3000,4.2800,4.3000,1400
RVIEW,2014-05-12,4.3000,4.3000,4.3000,4.3000,10000
RVIEW,2014-05-14,4.2000,4.2500,4.2000,4.2500,5300
RVIEW,2014-05-16,4.3000,4.3000,4.2500,4.2500,2300
RVIEW,2014-05-19,4.3000,4.3000,4.3000,4.3000,9000
RVIEW,2014-05-21,4.3000,4.3000,4.3000,4.3000,3000
RVIEW,2014-05-22,4.3000,4.3000,4.3000,4.3000,6700
RVIEW,2014-05-23,4.2800,4.2900,4.2600,4.2900,4400
RVIEW,2014-05-26,4.2900,4.2900,4.2800,4.2800,9300
RVIEW,2014-05-27,4.3000,4.3100,4.3000,4.3000,4200
RVIEW,2014-05-28,4.3400,4.3400,4.3000,4.3000,3000
RVIEW,2014-06-17,4.5500,4.5500,4.5500,4.5500,13000
RVIEW,2014-06-18,4.5200,4.5200,4.5200,4.5200,1000
RVIEW,2014-06-20,4.4800,4.4800,4.4700,4.4700,500
RVIEW,2014-06-23,4.3900,4.3900,4.3800,4.3800,8000
RVIEW,2014-06-24,4.3800,4.3900,4.3800,4.3900,5500
RVIEW,2014-06-25,4.4000,4.4500,4.3900,4.3900,11000
RVIEW,2014-06-26,4.4000,4.4300,4.3900,4.4300,19800
RVIEW,2014-06-27,4.4000,4.4100,4.4000,4.4000,6000
RVIEW,2014-06-30,4.3900,4.4000,4.3900,4.4000,1500
RVIEW,2014-07-01,4.3900,4.4400,4.3800,4.3800,22300
RVIEW,2014-07-02,4.3900,4.3900,4.3800,4.3800,10000
RVIEW,2014-07-03,4.4000,4.4700,4.3800,4.4700,28200
RVIEW,2014-07-04,4.4700,4.4700,4.3800,4.3800,5200
RVIEW,2014-07-08,4.3800,4.4600,4.3800,4.4500,4000
RVIEW,2014-07-09,4.4500,4.4600,4.4500,4.4600,6100
RVIEW,2014-07-10,4.4300,4.4300,4.4300,4.4300,1000
RVIEW,2014-07-11,4.3900,4.4400,4.3900,4.4400,6000
RVIEW,2014-07-14,4.4500,4.4600,4.4500,4.4600,3100
RVIEW,2014-07-16,4.4600,4.4700,4.4500,4.4600,15800
RVIEW,2014-07-17,4.4600,4.4600,4.4600,4.4600,9000
RVIEW,2014-07-18,4.4600,4.4600,4.4600,4.4600,1000
RVIEW,2014-07-21,4.4100,4.4100,4.3800,4.3800,16200
RVIEW,2014-07-22,4.3800,4.3800,4.3800,4.3800,3000
RVIEW,2014-07-23,4.4000,4.4000,4.4000,4.4000,5000
RVIEW,2014-07-24,4.4600,4.4800,4.4000,4.4800,14000
RVIEW,2014-07-25,4.4900,4.4900,4.4900,4.4900,1100
RVIEW,2014-07-30,4.4000,4.4000,4.4000,4.4000,1000
RVIEW,2014-07-31,4.4000,4.4100,4.3800,4.4100,14500
RVIEW,2014-08-01,4.4100,4.4200,4.4100,4.4100,5500
RVIEW,2014-08-04,4.3800,4.3800,4.3500,4.3800,11000
RVIEW,2014-08-05,4.3800,4.3800,4.3800,4.3800,2000
RVIEW,2014-08-06,4.3800,4.3800,4.3800,4.3800,5000
RVIEW,2014-08-07,4.3800,4.3800,4.3800,4.3800,7000
RVIEW,2014-08-08,4.3600,4.3800,4.3600,4.3800,4000
RVIEW,2014-08-12,4.3800,4.3800,4.3800,4.3800,3000
RVIEW,2014-08-13,4.3800,4.3800,4.3500,4.3500,4000
RVIEW,2014-08-14,4.3900,4.4400,4.3900,4.4400,8000
RVIEW,2014-08-15,4.4500,4.4700,4.4500,4.4700,4000
RVIEW,2014-08-19,4.4000,4.4000,4.4000,4.4000,2000
RVIEW,2014-08-21,4.3700,4.3700,4.3700,4.3700,400
RVIEW,2014-08-25,4.3800,4.3800,4.3800,4.3800,6000
RVIEW,2014-08-26,4.3700,4.3800,4.3700,4.3800,5300
RVIEW,2014-09-03,4.3400,4.3400,4.3400,4.3400,2000
RVIEW,2014-09-04,4.3600,4.3800,4.3600,4.3600,4500
RVIEW,2014-09-09,4.3600,4.3600,4.3500,4.3500,3000
RVIEW,2014-09-10,4.3400,4.3500,4.3400,4.3500,6700
RVIEW,2014-09-11,4.3300,4.3300,4.3100,4.3100,22000
RVIEW,2014-09-15,4.3100,4.3100,4.3100,4.3100,7000
RVIEW,2014-09-18,4.3600,4.3600,4.3400,4.3400,900
RVIEW,2014-09-19,4.3400,4.3400,4.2600,4.2600,31500
RVIEW,2014-09-22,4.2600,4.2600,4.2400,4.2400,43100
RVIEW,2014-09-23,4.2400,4.2400,4.2000,4.2000,14000
RVIEW,2014-09-24,4.2000,4.2000,4.1900,4.1900,7000
RVIEW,2014-09-25,4.1700,4.1700,4.1600,4.1600,26200
RVIEW,2014-09-26,4.1500,4.1500,4.1500,4.1500,2800
RVIEW,2014-09-29,4.1500,4.1500,4.1500,4.1500,1400
RVIEW,2014-09-30,4.1200,4.1300,4.1200,4.1300,74000
RVIEW,2014-10-01,4.1300,4.1300,4.1300,4.1300,33000
RVIEW,2014-10-03,4.1300,4.1300,4.1200,4.1200,24000
RVIEW,2014-10-07,4.1500,4.1500,4.0600,4.0600,11600
RVIEW,2014-10-10,4.0500,4.0500,4.0000,4.0000,16000
RVIEW,2014-10-13,3.9800,4.0000,3.9800,4.0000,7000
RVIEW,2014-10-14,4.0000,4.0000,4.0000,4.0000,1000
RVIEW,2014-10-15,4.0100,4.0100,4.0000,4.0000,11000
RVIEW,2014-10-16,3.9000,3.9000,3.9000,3.9000,3000
RVIEW,2014-10-17,3.8500,3.9500,3.8500,3.9500,6000
RVIEW,2014-10-24,4.0000,4.0000,3.9500,3.9500,15000
RVIEW,2014-10-28,3.9600,3.9700,3.9500,3.9700,42000
RVIEW,2014-10-29,4.0000,4.0000,4.0000,4.0000,11700
RVIEW,2014-10-30,4.0000,4.0000,4.0000,4.0000,24000
RVIEW,2014-10-31,3.9600,4.0000,3.9600,4.0000,104000
RVIEW,2014-11-03,4.0100,4.0100,4.0000,4.0100,44800
RVIEW,2014-11-04,4.0100,4.0100,4.0100,4.0100,4100
RVIEW,2014-11-05,4.0100,4.0100,4.0100,4.0100,7000
RVIEW,2014-11-10,4.0000,4.0100,4.0000,4.0100,16000
RVIEW,2014-11-11,4.0000,4.0000,3.9000,3.9100,6200
RVIEW,2014-11-14,3.9600,3.9800,3.9600,3.9800,3000
RVIEW,2014-11-17,3.9800,3.9800,3.9200,3.9200,2100
RVIEW,2014-11-19,3.9000,4.0000,3.8500,3.8500,45800
RVIEW,2014-11-20,4.0000,4.0000,4.0000,4.0000,15000
RVIEW,2014-11-21,3.8500,3.8500,3.7100,3.7100,12000
RVIEW,2014-11-24,3.7500,3.7500,3.7500,3.7500,5000
RVIEW,2014-11-25,3.7600,3.7600,3.7500,3.7500,5000
RVIEW,2014-11-27,3.9500,3.9900,3.7600,3.7600,27900
RVIEW,2014-11-28,3.8000,3.8000,3.7600,3.7600,92500
RVIEW,2014-12-01,3.6100,3.6100,3.6100,3.6100,1000
RVIEW,2014-12-02,3.6200,3.6500,3.5200,3.5200,89500
RVIEW,2014-12-03,3.6000,3.6200,3.6000,3.6200,5000
RVIEW,2014-12-04,3.6000,3.6200,3.6000,3.6200,14000
RVIEW,2014-12-05,3.6200,3.6200,3.6200,3.6200,2000
RVIEW,2014-12-09,3.6200,3.6200,3.6000,3.6100,5000
RVIEW,2014-12-11,3.6000,3.7000,3.6000,3.7000,12000
RVIEW,2014-12-15,3.7000,3.7000,3.6500,3.6500,24200
RVIEW,2014-12-16,3.6900,3.7000,3.6800,3.7000,29200
RVIEW,2014-12-26,3.7500,3.7500,3.7500,3.7500,1000
RVIEW,2014-12-29,3.8000,3.8000,3.7500,3.8000,8200
RVIEW,2014-12-30,3.7500,3.8000,3.7500,3.7500,4800
RVIEW,2014-12-31,3.7500,3.8000,3.7500,3.8000,1800
RVIEW,2015-01-05,3.7000,3.7000,3.6000,3.6000,3000
RVIEW,2015-01-07,3.6000,3.6000,3.6000,3.6000,2000
RVIEW,2015-01-08,3.6200,3.6200,3.6200,3.6200,1000
RVIEW,2015-01-09,3.6800,3.6800,3.6800,3.6800,2000
RVIEW,2015-01-23,3.8500,3.8500,3.8500,3.8500,5000
RVIEW,2015-01-26,4.0000,4.0000,3.9000,3.9000,11000
RVIEW,2015-01-27,3.9000,4.1000,3.9000,4.0000,125300
RVIEW,2015-01-29,4.0500,4.0500,3.9500,4.0500,81000
RVIEW,2015-01-30,4.0500,4.0500,4.0500,4.0500,1000
RVIEW,2015-02-05,3.9000,3.9000,3.9000,3.9000,1000
RVIEW,2015-02-06,4.0000,4.0000,4.0000,4.0000,1000
RVIEW,2015-02-11,4.0100,4.0200,4.0100,4.0100,6000
RVIEW,2015-02-13,3.9000,3.9000,3.9000,3.9000,1700
RVIEW,2015-02-16,3.9100,3.9100,3.9100,3.9100,3000
RVIEW,2015-02-17,4.0100,4.0100,4.0000,4.0000,5000
RVIEW,2015-02-18,4.0100,4.0100,4.0100,4.0100,4000
RVIEW,2015-03-02,4.0000,4.0000,3.9300,3.9300,4000
RVIEW,2015-03-03,3.9300,3.9300,3.9300,3.9300,6000
RVIEW,2015-03-10,3.9500,3.9600,3.9500,3.9600,2000
RVIEW,2015-03-11,3.9500,3.9500,3.9500,3.9500,5000
RVIEW,2015-03-12,3.9600,3.9600,3.9600,3.9600,1000
RVIEW,2015-03-13,3.9600,3.9600,3.9400,3.9400,11700
RVIEW,2015-03-16,3.9500,3.9500,3.9400,3.9400,11000
RVIEW,2015-03-17,3.9400,3.9400,3.9400,3.9400,8000
RVIEW,2015-03-18,3.9900,4.0400,3.9900,4.0400,56400
RVIEW,2015-03-23,3.9400,3.9400,3.9400,3.9400,3000
RVIEW,2015-03-25,4.0200,4.0400,3.9900,4.0400,50000
RVIEW,2015-03-26,4.0400,4.0400,4.0400,4.0400,5000
RVIEW,2015-03-31,4.0000,4.0000,4.0000,4.0000,2200
RVIEW,2015-04-01,4.0000,4.0000,4.0000,4.0000,4500
RVIEW,2015-04-09,3.9800,3.9800,3.9600,3.9600,16000
RVIEW,2015-04-10,3.9600,3.9600,3.9600,3.9600,2000
RVIEW,2015-04-14,4.0100,4.0100,4.0100,4.0100,3000
RVIEW,2015-04-17,4.0000,4.0000,4.0000,4.0000,14200
RVIEW,2015-04-21,3.9900,3.9900,3.9900,3.9900,16000
RVIEW,2015-04-22,4.0500,4.0500,3.9600,3.9600,20700
RVIEW,2015-04-23,3.9800,3.9800,3.9700,3.9700,24400
RVIEW,2015-04-27,3.9700,4.0100,3.9700,4.0100,13800
RVIEW,2015-04-29,4.0700,4.0800,4.0700,4.0700,18000
RVIEW,2015-05-05,4.0600,4.0600,4.0000,4.0000,5000
RVIEW,2015-05-06,4.0000,4.0000,4.0000,4.0000,1000
RVIEW,2015-05-08,4.0000,4.0000,4.0000,4.0000,9000
RVIEW,2015-05-11,3.9200,3.9200,3.9200,3.9200,1000
RVIEW,2015-05-13,3.9200,4.0400,3.9200,4.0400,400
RVIEW,2015-05-18,3.9800,3.9800,3.9800,3.9800,23000
RVIEW,2015-05-19,3.9800,3.9800,3.9800,3.9800,5000
RVIEW,2015-05-20,4.0000,4.0000,3.9800,4.0000,2800
RVIEW,2015-05-21,3.9800,4.0000,3.9800,4.0000,11000
RVIEW,2015-05-22,4.0000,4.0000,4.0000,4.0000,11000
RVIEW,2015-05-25,4.0000,4.0000,3.9000,3.9000,6100
RVIEW,2015-05-26,3.8800,3.8800,3.8800,3.8800,6000
RVIEW,2015-05-28,3.9000,4.0000,3.9000,3.9000,11300
RVIEW,2015-06-01,3.8500,3.8500,3.8500,3.8500,4800
RVIEW,2015-06-04,3.9000,3.9000,3.9000,3.9000,1000
RVIEW,2015-06-08,4.0000,4.0000,4.0000,4.0000,21000
RVIEW,2015-06-22,4.0000,4.0300,4.0000,4.0300,15000
RVIEW,2015-06-25,3.8200,3.8200,3.8200,3.8200,200
RVIEW,2015-07-31,3.8500,3.8500,3.8500,3.8500,11000
RVIEW,2015-08-04,3.8500,3.8500,3.8500,3.8500,2000
RVIEW,2015-08-07,3.8500,3.8500,3.8500,3.8500,9000
RVIEW,2015-08-14,3.7000,3.7500,3.7000,3.7500,11500
RVIEW,2015-08-26,3.5000,3.5000,3.5000,3.5000,1000
RVIEW,2015-08-27,3.5100,3.7000,3.5100,3.7000,11000
RVIEW,2015-09-02,3.5200,3.5200,3.5200,3.5200,1000
RVIEW,2015-09-07,3.5500,3.5500,3.5100,3.5100,1300
RVIEW,2015-09-08,3.5000,3.5000,3.5000,3.5000,4500
RVIEW,2015-09-09,3.5000,3.5100,3.5000,3.5100,14000
RVIEW,2015-09-10,3.5100,3.5100,3.5100,3.5100,5000
RVIEW,2015-09-11,3.5100,3.5100,3.5100,3.5100,1000
RVIEW,2015-09-22,3.6000,3.6000,3.5500,3.5500,6000
RVIEW,2015-09-30,3.6000,3.6000,3.6000,3.6000,1800
RVIEW,2015-10-01,3.6000,3.6000,3.6000,3.6000,1000
RVIEW,2015-10-07,3.6000,3.6000,3.6000,3.6000,27800
RVIEW,2015-10-08,3.6200,3.6200,3.6200,3.6200,4000
RVIEW,2015-10-13,3.6100,3.6100,3.6000,3.6000,5900
RVIEW,2015-10-15,3.6000,3.6300,3.6000,3.6000,130200
RVIEW,2015-10-19,3.6500,3.6500,3.6000,3.6000,20800
RVIEW,2015-10-20,3.6000,3.6000,3.6000,3.6000,13400
RVIEW,2015-10-28,3.6000,3.6000,3.6000,3.6000,6000
RVIEW,2015-10-29,3.6000,3.6000,3.6000,3.6000,14000
RVIEW,2015-11-06,3.5800,3.5800,3.5800,3.5800,3500
RVIEW,2015-11-09,3.6500,3.6500,3.6500,3.6500,3000
RVIEW,2015-11-11,3.6000,3.6500,3.6000,3.6100,182800
RVIEW,2015-11-17,3.6100,3.6100,3.6100,3.6100,2000
RVIEW,2015-11-18,3.5800,3.5800,3.5800,3.5800,4500
RVIEW,2015-11-19,3.5800,3.5800,3.5100,3.5100,6500
RVIEW,2015-11-20,3.5200,3.5200,3.5200,3.5200,2500
RVIEW,2015-11-24,3.5100,3.5100,3.5000,3.5000,7000
RVIEW,2015-11-25,3.5000,3.5500,3.5000,3.5300,21500
RVIEW,2015-11-26,3.5200,3.5200,3.5200,3.5200,1000
RVIEW,2015-11-27,3.5500,3.5500,3.5500,3.5500,117000
RVIEW,2015-11-30,3.5500,3.5500,3.5000,3.5000,19000
RVIEW,2015-12-02,3.5000,3.5000,3.5000,3.5000,15000
RVIEW,2015-12-03,3.5000,3.5000,3.5000,3.5000,13800
RVIEW,2015-12-04,3.5000,3.5000,3.5000,3.5000,8000
RVIEW,2015-12-08,3.5700,3.6000,3.5600,3.6000,8000
RVIEW,2015-12-10,3.6000,3.6000,3.6000,3.6000,1000
RVIEW,2015-12-11,3.6000,3.6000,3.5300,3.5300,200
RVIEW,2015-12-14,3.6000,3.6000,3.5500,3.5500,11300
RVIEW,2015-12-15,3.6000,3.6100,3.6000,3.6100,17400
RVIEW,2015-12-17,3.5600,3.6300,3.5600,3.6300,1300
RVIEW,2015-12-18,3.6300,3.6300,3.6000,3.6200,9700
RVIEW,2015-12-21,3.5000,3.5000,3.5000,3.5000,39800
RVIEW,2015-12-22,3.5000,3.5000,3.5000,3.5000,6000
RVIEW,2015-12-23,3.5000,3.5000,3.5000,3.5000,44000
RVIEW,2015-12-28,3.5300,3.5300,3.5300,3.5300,2000
RVIEW,2015-12-29,3.5000,3.5000,3.5000,3.5000,2000
RVIEW,2015-12-30,3.5000,3.5000,3.5000,3.5000,28000
RVIEW,2015-12-31,3.5000,3.5000,3.5000,3.5000,13500
RVIEW,2016-01-04,3.5000,3.5000,3.5000,3.5000,10000
RVIEW,2016-01-05,3.5000,3.5000,3.4800,3.4800,5000
RVIEW,2016-01-06,3.5900,3.5900,3.5000,3.5100,18000
RVIEW,2016-01-07,3.5000,3.5000,3.5000,3.5000,5000
RVIEW,2016-01-08,3.5000,3.6200,3.5000,3.6200,77400
RVIEW,2016-01-11,3.6200,3.7200,3.6200,3.7200,105400
RVIEW,2016-01-12,3.7000,3.7200,3.6700,3.6800,57000
RVIEW,2016-01-13,3.6800,3.7800,3.6800,3.7800,60600
RVIEW,2016-01-14,3.8000,3.8200,3.7800,3.8000,34100
RVIEW,2016-01-15,3.7800,3.8000,3.7800,3.8000,11000
RVIEW,2016-01-18,3.7600,3.8000,3.7400,3.7400,16300
RVIEW,2016-01-19,3.7000,3.8000,3.7000,3.8000,8000
RVIEW,2016-01-20,3.6000,3.6000,3.6000,3.6000,100
RVIEW,2016-01-21,3.6000,3.6000,3.6000,3.6000,13000
RVIEW,2016-01-22,3.7000,3.8000,3.6400,3.8000,26000
RVIEW,2016-01-26,3.7600,3.8000,3.7600,3.8000,52000
RVIEW,2016-01-27,3.8300,3.9000,3.8000,3.9000,72000
RVIEW,2016-01-29,3.7600,4.0000,3.7600,4.0000,69600
RVIEW,2016-02-02,4.0000,4.0500,3.9100,4.0500,34600
RVIEW,2016-02-03,4.0000,4.0000,4.0000,4.0000,1000
RVIEW,2016-02-04,4.0000,4.0500,4.0000,4.0500,24900
RVIEW,2016-02-05,3.9300,3.9300,3.9300,3.9300,3000
RVIEW,2016-02-17,4.0000,4.0500,4.0000,4.0500,53000
RVIEW,2016-02-18,4.0500,4.0800,4.0100,4.0100,38300
RVIEW,2016-02-24,3.9500,3.9500,3.9500,3.9500,8000
RVIEW,2016-02-26,3.9000,4.0400,3.9000,3.9800,431700
RVIEW,2016-02-29,4.0000,4.0400,4.0000,4.0400,8000
RVIEW,2016-03-01,4.0000,4.0400,4.0000,4.0400,28900
RVIEW,2016-03-02,4.0400,4.0500,4.0400,4.0500,17400
RVIEW,2016-03-03,4.0500,4.0600,4.0500,4.0600,7000
RVIEW,2016-03-04,4.0500,4.0700,4.0500,4.0700,15000
RVIEW,2016-03-07,4.0100,4.0500,4.0100,4.0500,33000
RVIEW,2016-03-08,4.0000,4.0000,4.0000,4.0000,2000
RVIEW,2016-03-09,4.0100,4.0500,4.0100,4.0500,11000
RVIEW,2016-03-10,4.0400,4.0700,4.0400,4.0700,2000
RVIEW,2016-03-11,3.9800,3.9800,3.9800,3.9800,1000
RVIEW,2016-03-23,3.7600,3.7600,3.7600,3.7600,1000
RVIEW,2016-03-29,3.9000,3.9000,3.9000,3.9000,1000
RVIEW,2016-04-01,3.7500,3.7500,3.7500,3.7500,100
RVIEW,2016-04-12,3.8500,3.8500,3.8000,3.8000,2000
RVIEW,2016-04-19,3.8100,3.8100,3.8100,3.8100,2700
RVIEW,2016-04-20,3.8100,3.8100,3.7600,3.7600,6000
RVIEW,2016-04-21,3.8000,3.8000,3.8000,3.8000,17000
RVIEW,2016-04-22,3.8000,3.8000,3.8000,3.8000,36000
RVIEW,2016-04-28,3.8000,3.8000,3.8000,3.8000,1000
RVIEW,2016-04-29,3.8200,3.8200,3.8200,3.8200,1000
RVIEW,2016-05-05,3.8200,3.9000,3.8200,3.8200,3000
RVIEW,2016-05-16,3.8200,3.8200,3.8200,3.8200,2000
RVIEW,2016-05-18,3.8000,3.8000,3.8000,3.8000,4000
RVIEW,2016-05-20,3.8000,3.8000,3.8000,3.8000,1000
RVIEW,2016-05-23,3.8200,3.8200,3.8200,3.8200,1000
RVIEW,2016-05-24,3.8200,3.8200,3.8200,3.8200,5000
RVIEW,2016-05-26,3.8300,3.8300,3.8300,3.8300,5000
RVIEW,2016-05-27,3.8000,3.8000,3.8000,3.8000,5000
RVIEW,2016-06-07,3.7500,3.7500,3.7500,3.7500,3000
RVIEW,2016-06-09,3.8500,3.8500,3.8500,3.8500,1700
RVIEW,2016-06-14,3.8000,3.8000,3.7500,3.8000,5900
RVIEW,2016-06-17,3.6200,3.6200,3.6200,3.6200,100
RVIEW,2016-06-20,3.6200,3.6200,3.6000,3.6000,5000
RVIEW,2016-06-24,3.6000,3.6100,3.6000,3.6100,4000
RVIEW,2016-06-27,3.6500,3.7500,3.6500,3.7500,3000
RVIEW,2016-06-30,3.7000,3.7000,3.7000,3.7000,3000
RVIEW,2016-07-01,3.6000,3.6300,3.6000,3.6000,7000
RVIEW,2016-07-04,3.6100,3.6100,3.6100,3.6100,1300
RVIEW,2016-07-12,3.6200,3.6200,3.6100,3.6100,3000
RVIEW,2016-07-13,3.6100,3.6100,3.6100,3.6100,1000
RVIEW,2016-07-15,3.6300,3.6300,3.6000,3.6000,6000
RVIEW,2016-07-18,3.6100,3.6100,3.6000,3.6000,2000
RVIEW,2016-07-19,3.6200,3.6500,3.6200,3.6400,29000
RVIEW,2016-07-20,3.6300,3.6300,3.6300,3.6300,3000
RVIEW,2016-07-21,3.6200,3.6200,3.6000,3.6000,12000
RVIEW,2016-07-22,3.6000,3.6400,3.6000,3.6400,3000
RVIEW,2016-07-26,3.6000,3.6000,3.6000,3.6000,3800
RVIEW,2016-07-27,3.5700,3.5700,3.5700,3.5700,3000
RVIEW,2016-07-29,3.6000,3.6000,3.6000,3.6000,3000
RVIEW,2016-08-02,3.6800,3.7000,3.6800,3.7000,10000
RVIEW,2016-08-04,3.6800,3.7000,3.6800,3.7000,4000
RVIEW,2016-08-08,3.6400,3.6400,3.6400,3.6400,4000
RVIEW,2016-08-11,3.7000,3.7000,3.7000,3.7000,5000
RVIEW,2016-08-15,3.7800,3.8000,3.7800,3.8000,68200
RVIEW,2016-08-23,3.6600,3.8000,3.6600,3.8000,11300
RVIEW,2016-08-25,3.7000,3.8000,3.6800,3.8000,4000
RVIEW,2016-08-26,3.7000,3.7000,3.7000,3.7000,2300
RVIEW,2016-08-29,3.6800,3.6800,3.6800,3.6800,3000
RVIEW,2016-08-30,3.6800,3.6800,3.6300,3.6300,21000
RVIEW,2016-09-07,3.6200,3.6300,3.6200,3.6200,8000
RVIEW,2016-09-14,3.6200,3.6200,3.6200,3.6200,5000
RVIEW,2016-09-21,3.4000,3.5500,3.4000,3.5500,3300
RVIEW,2016-09-26,3.5200,3.5200,3.5200,3.5200,7100
RVIEW,2016-09-27,3.5200,3.5200,3.5200,3.5200,41600
RVIEW,2016-09-29,3.5900,3.5900,3.5900,3.5900,3000
RVIEW,2016-10-04,3.5600,3.5600,3.5400,3.5400,10000
RVIEW,2016-10-05,3.5400,3.5800,3.5400,3.5400,12000
RVIEW,2016-10-06,3.5400,3.5400,3.5400,3.5400,18000
RVIEW,2016-10-07,3.5400,3.5400,3.5400,3.5400,2000
RVIEW,2016-10-10,3.5300,3.5300,3.5300,3.5300,7000
RVIEW,2016-10-11,3.5200,3.5200,3.5200,3.5200,12000
RVIEW,2016-10-13,3.5800,3.5800,3.5800,3.5800,8000
RVIEW,2016-10-14,3.5200,3.5200,3.5200,3.5200,300
RVIEW,2016-10-17,3.5200,3.5200,3.5200,3.5200,10000
RVIEW,2016-10-19,3.5200,3.5200,3.5200,3.5200,10700
RVIEW,2016-10-20,3.5900,3.5900,3.5100,3.5400,29000
RVIEW,2016-10-25,3.5400,3.5400,3.5400,3.5400,2000
RVIEW,2016-10-26,3.5200,3.5200,3.5200,3.5200,1000
RVIEW,2016-10-27,3.5100,3.5100,3.5000,3.5000,6000
RVIEW,2016-10-28,3.5800,3.5800,3.5800,3.5800,200
RVIEW,2016-11-09,3.5100,3.5100,3.5100,3.5100,1300
RVIEW,2016-11-10,3.5100,3.5100,3.5100,3.5100,1000
RVIEW,2016-11-15,3.5500,3.5500,3.5500,3.5500,1000
RVIEW,2016-11-17,3.5000,3.5000,3.5000,3.5000,8000
RVIEW,2016-11-23,3.6000,3.6000,3.6000,3.6000,1000
RVIEW,2016-11-28,3.5700,3.6000,3.5700,3.5900,9000
RVIEW,2016-11-29,3.6000,3.6000,3.6000,3.6000,16000
RVIEW,2016-11-30,3.5900,3.6000,3.5900,3.6000,7000
RVIEW,2016-12-05,3.6000,3.6000,3.5800,3.5800,5500
RVIEW,2016-12-08,3.6000,3.6000,3.6000,3.6000,10000
RVIEW,2016-12-13,3.6000,3.6300,3.6000,3.6300,9000
RVIEW,2016-12-14,3.5200,3.5200,3.5200,3.5200,6000
RVIEW,2016-12-20,3.6000,3.6000,3.5600,3.5600,2000
RVIEW,2016-12-28,3.5600,3.5600,3.5600,3.5600,300
RVIEW,2016-12-30,3.6800,3.7100,3.6800,3.7100,78400
RVIEW,2017-01-09,3.7200,3.7200,3.7200,3.7200,3000
RVIEW,2017-01-10,3.7700,3.8400,3.7300,3.7700,15000
RVIEW,2017-01-11,3.7100,3.8000,3.7100,3.8000,6800
RVIEW,2017-01-12,3.8400,3.8500,3.8400,3.8500,3000
RVIEW,2017-01-18,3.7400,3.8500,3.7400,3.8500,20100
RVIEW,2017-01-19,3.8200,3.8500,3.8200,3.8500,4000
RVIEW,2017-01-20,3.8500,3.8500,3.8500,3.8500,12000
RVIEW,2017-01-23,3.8000,3.8200,3.8000,3.8200,6400
RVIEW,2017-01-25,3.9000,3.9100,3.9000,3.9100,4500
RVIEW,2017-02-02,3.7600,3.9500,3.7600,3.9500,1500
RVIEW,2017-02-06,3.9500,3.9500,3.9500,3.9500,1000
RVIEW,2017-02-08,3.8600,3.8800,3.8600,3.8800,5000
RVIEW,2017-02-13,3.8900,3.8900,3.8900,3.8900,8000
RVIEW,2017-02-14,3.8900,3.9800,3.8900,3.9600,46600
RVIEW,2017-02-15,3.9500,3.9500,3.9500,3.9500,2000
RVIEW,2017-02-16,3.9500,3.9600,3.9500,3.9600,12000
RVIEW,2017-02-20,3.9600,3.9600,3.9200,3.9200,8500
RVIEW,2017-02-22,3.9300,3.9300,3.9300,3.9300,16000
RVIEW,2017-02-23,3.9500,3.9500,3.9400,3.9400,12000
RVIEW,2017-02-24,3.9400,3.9800,3.9400,3.9800,19600
RVIEW,2017-02-27,3.9100,3.9100,3.9000,3.9000,7000
RVIEW,2017-03-01,3.8600,3.8600,3.8400,3.8400,5000
RVIEW,2017-03-02,3.9800,4.1000,3.9800,4.1000,10000
RVIEW,2017-03-20,3.8800,3.9200,3.8800,3.9100,18400
RVIEW,2017-03-21,3.8800,3.8800,3.8800,3.8800,3000
RVIEW,2017-03-23,3.9100,3.9100,3.9100,3.9100,10000
RVIEW,2017-03-24,3.9000,3.9100,3.9000,3.9100,10200
RVIEW,2017-03-27,4.0000,4.0000,4.0000,4.0000,1400
RVIEW,2017-03-28,3.9000,3.9000,3.9000,3.9000,2000
RVIEW,2017-04-03,3.95,3.95,3.95,3.95,15400.0
RVIEW,2017-04-05,3.95,3.95,3.91,3.91,2000.0
RVIEW,2017-04-06,3.93,3.93,3.93,3.93,163100.0
RVIEW,2017-04-07,3.92,3.93,3.92,3.93,2000.0
RVIEW,2017-04-10,3.92,3.92,3.92,3.92,1000.0
RVIEW,2017-04-11,3.93,3.97,3.93,3.97,41700.0
RVIEW,2017-04-12,3.94,3.94,3.94,3.94,1000.0
RVIEW,2017-04-13,3.94,3.96,3.94,3.94,24000.0
RVIEW,2017-04-25,3.93,3.93,3.93,3.93,1000.0
RVIEW,2017-04-26,3.95,3.95,3.95,3.95,2000.0
RVIEW,2017-05-02,4.0,4.02,3.96,3.96,50000.0
RVIEW,2017-05-03,3.93,4.0,3.93,4.0,6400.0
RVIEW,2017-05-04,3.96,3.96,3.96,3.96,2000.0
RVIEW,2017-05-05,3.96,3.96,3.96,3.96,1000.0
RVIEW,2017-05-08,3.97,3.97,3.97,3.97,1000.0
RVIEW,2017-05-15,3.97,3.97,3.97,3.97,4300.0
RVIEW,2017-05-16,3.95,3.95,3.95,3.95,500.0
RVIEW,2017-05-23,3.95,3.95,3.95,3.95,1000.0
RVIEW,2017-05-24,3.9,3.95,3.9,3.95,800.0
RVIEW,2017-05-25,3.95,3.95,3.95,3.95,900.0
RVIEW,2017-05-30,3.96,3.96,3.96,3.96,100.0
RVIEW,2017-05-31,3.8,3.8,3.8,3.8,1800.0
RVIEW,2017-06-07,3.81,3.81,3.8,3.8,6000.0
RVIEW,2017-06-08,3.81,3.94,3.81,3.94,400.0
RVIEW,2017-06-09,3.94,3.94,3.94,3.94,300.0
RVIEW,2017-06-15,3.8,3.8,3.8,3.8,100.0
RVIEW,2017-06-20,3.91,3.91,3.81,3.81,5000.0
RVIEW,2017-06-21,3.91,3.91,3.91,3.91,4400.0
RVIEW,2017-06-22,3.82,3.82,3.82,3.82,4000.0
RVIEW,2017-06-23,3.82,3.82,3.82,3.82,15000.0
RVIEW,2017-06-28,3.81,3.81,3.81,3.81,1000.0
RVIEW,2017-06-30,3.81,3.81,3.81,3.81,100.0
RVIEW,2017-07-04,3.81,3.81,3.81,3.81,1300.0
RVIEW,2017-07-05,3.81,3.81,3.81,3.81,5600.0
RVIEW,2017-07-06,3.81,3.85,3.81,3.85,2000.0
RVIEW,2017-07-07,3.81,3.81,3.81,3.81,20000.0
RVIEW,2017-07-10,3.81,3.81,3.81,3.81,600.0
RVIEW,2017-07-11,3.81,3.81,3.81,3.81,6000.0
RVIEW,2017-07-12,3.81,3.81,3.8,3.8,7000.0
RVIEW,2017-07-13,3.8,3.8,3.8,3.8,2000.0
RVIEW,2017-07-17,3.8,3.8,3.78,3.78,41900.0
RVIEW,2017-07-19,3.78,3.78,3.78,3.78,2000.0
RVIEW,2017-07-21,3.7,3.7,3.7,3.7,2000.0
RVIEW,2017-07-24,3.68,3.68,3.68,3.68,3000.0
RVIEW,2017-07-25,3.66,3.66,3.66,3.66,3000.0
RVIEW,2017-07-31,3.66,3.66,3.66,3.66,12000.0
RVIEW,2017-08-08,3.66,3.66,3.66,3.66,3000.0
RVIEW,2017-08-10,3.68,3.68,3.68,3.68,3000.0
RVIEW,2017-08-11,3.68,3.7,3.66,3.66,32800.0
RVIEW,2017-08-14,3.7,3.7,3.7,3.7,3000.0
RVIEW,2017-08-16,3.67,3.67,3.66,3.66,3000.0
RVIEW,2017-08-17,3.66,3.66,3.66,3.66,2200.0
RVIEW,2017-08-21,3.68,3.68,3.68,3.68,1000.0
RVIEW,2017-08-24,3.68,3.7,3.68,3.7,4200.0
RVIEW,2017-09-05,3.66,3.66,3.66,3.66,10000.0
RVIEW,2017-09-06,3.66,3.7,3.66,3.7,9200.0
RVIEW,2017-09-11,3.65,3.65,3.65,3.65,5000.0
RVIEW,2017-09-12,3.65,3.65,3.65,3.65,3000.0
RVIEW,2017-09-20,3.66,3.66,3.66,3.66,2000.0
RVIEW,2017-09-25,3.65,3.65,3.65,3.65,1000.0
RVIEW,2017-09-26,3.66,3.66,3.66,3.66,1000.0
RVIEW,2017-10-02,3.68,3.68,3.68,3.68,4000.0
RVIEW,2017-10-03,3.66,3.66,3.66,3.66,800.0
RVIEW,2017-10-04,3.68,3.68,3.66,3.66,45200.0
RVIEW,2017-10-05,3.65,3.65,3.59,3.59,21800.0
RVIEW,2017-10-06,3.5,3.5,3.5,3.5,7000.0
RVIEW,2017-10-09,3.52,3.52,3.52,3.52,1700.0
RVIEW,2017-10-10,3.52,3.57,3.52,3.57,4000.0
RVIEW,2017-10-12,3.52,3.53,3.52,3.53,8000.0
RVIEW,2017-10-13,3.54,3.54,3.54,3.54,1000.0
RVIEW,2017-10-16,3.54,3.54,3.54,3.54,6000.0
RVIEW,2017-10-17,3.57,3.57,3.57,3.57,7000.0
RVIEW,2017-10-19,3.57,3.57,3.57,3.57,8000.0
RVIEW,2017-10-23,3.58,3.6,3.58,3.58,49000.0
RVIEW,2017-10-24,3.58,3.6,3.55,3.55,8000.0
RVIEW,2017-10-25,3.55,3.55,3.55,3.55,1200.0
RVIEW,2017-10-30,3.62,3.62,3.62,3.62,1000.0
RVIEW,2017-10-31,3.65,3.65,3.65,3.65,2000.0
RVIEW,2017-11-01,3.7,3.7,3.7,3.7,2500.0
RVIEW,2017-11-02,3.7,3.7,3.7,3.7,2000.0
RVIEW,2017-11-06,3.7,3.7,3.62,3.7,5000.0
RVIEW,2017-11-07,3.73,3.73,3.73,3.73,1000.0
RVIEW,2017-11-09,3.7,3.7,3.7,3.7,17600.0
RVIEW,2017-11-10,3.7,3.7,3.67,3.67,5000.0
RVIEW,2017-11-13,3.62,3.62,3.62,3.62,6000.0
RVIEW,2017-11-15,3.65,3.65,3.65,3.65,23400.0
RVIEW,2017-11-16,3.64,3.64,3.64,3.64,1200.0
RVIEW,2017-11-17,3.64,3.64,3.64,3.64,700.0
RVIEW,2017-11-20,3.64,3.64,3.63,3.63,13000.0
RVIEW,2017-11-21,3.63,3.63,3.63,3.63,2000.0
RVIEW,2017-11-22,3.63,3.63,3.62,3.62,73000.0
RVIEW,2017-11-24,3.62,3.63,3.62,3.63,4000.0
RVIEW,2017-11-27,3.62,3.62,3.62,3.62,7000.0
RVIEW,2017-11-30,3.62,3.62,3.62,3.62,29100.0
RVIEW,2017-12-04,3.62,3.62,3.59,3.61,37000.0
RVIEW,2017-12-05,3.6,3.6,3.6,3.6,22600.0
RVIEW,2017-12-11,3.78,3.87,3.78,3.87,10600.0
RVIEW,2017-12-12,3.782,3.792,3.782,3.782,5000.0
RVIEW,2017-12-13,3.782,3.85,3.782,3.85,15000.0
RVIEW,2017-12-14,3.88,3.8989999999999996,3.86,3.8989999999999996,18000.0
RVIEW,2017-12-19,3.88,3.928,3.87,3.928,17400.0
RVIEW,2017-12-20,3.938,3.938,3.88,3.938,12100.0
RVIEW,2017-12-22,3.86,3.86,3.86,3.86,1000.0
RVIEW,2017-12-26,3.86,3.86,3.86,3.86,2000.0
RVIEW,2017-12-27,3.85,3.85,3.85,3.85,5000.0
RVIEW,2018-01-08,3.8,3.8,3.8,3.8,13300.0
RVIEW,2018-01-10,3.85,3.85,3.85,3.85,7000.0
RVIEW,2018-01-11,3.8,3.8,3.8,3.8,2000.0
RVIEW,2018-01-12,3.85,3.95,3.85,3.95,25500.0
RVIEW,2018-01-15,4.0,4.0,3.94,3.94,11000.0
RVIEW,2018-01-16,3.9,3.9,3.9,3.9,2000.0
RVIEW,2018-01-17,3.92,3.92,3.92,3.92,1000.0
RVIEW,2018-01-18,3.75,3.75,3.75,3.75,4000.0
RVIEW,2018-01-19,3.7,3.7,3.7,3.7,500.0
RVIEW,2018-01-23,3.7,3.7,3.7,3.7,3000.0
RVIEW,2018-01-24,3.7,3.7,3.7,3.7,7500.0
RVIEW,2018-01-26,3.7,3.7,3.7,3.7,4500.0
RVIEW,2018-01-29,3.9,3.9,3.7,3.7,5000.0
RVIEW,2018-01-30,3.72,3.72,3.7,3.7,3000.0
RVIEW,2018-02-06,3.6,3.6,3.58,3.58,7000.0
RVIEW,2018-02-07,3.6,3.6,3.6,3.6,1000.0
RVIEW,2018-02-09,3.58,3.58,3.58,3.58,6400.0
RVIEW,2018-02-12,3.58,3.58,3.58,3.58,1000.0
RVIEW,2018-02-14,3.5,3.5,3.5,3.5,2200.0
RVIEW,2018-02-19,3.52,3.52,3.52,3.52,2000.0
RVIEW,2018-02-22,3.53,3.55,3.53,3.55,4000.0
RVIEW,2018-02-23,3.55,3.55,3.55,3.55,300.0
RVIEW,2018-02-27,3.7,3.7,3.7,3.7,1000.0
RVIEW,2018-03-05,3.6,3.6,3.6,3.6,2000.0
RVIEW,2018-03-15,3.6,3.6,3.6,3.6,11700.0
RVIEW,2018-03-26,3.5,3.6,3.5,3.6,6000.0
RVIEW,2018-03-28,3.6,3.6,3.52,3.54,3200.0
