STONE,2007-01-03,0.2093,0.2093,0.2093,0.2093,8957
STONE,2007-01-05,0.3628,0.3628,0.2400,0.2400,1791
STONE,2007-01-08,0.2400,0.2400,0.2400,0.2400,1791
STONE,2007-01-12,0.3349,0.3349,0.2233,0.2651,41741
STONE,2007-01-15,0.3573,0.3573,0.2624,0.2624,19885
STONE,2007-01-16,0.2344,0.2484,0.2121,0.2233,154602
STONE,2007-01-17,0.2261,0.2261,0.2177,0.2261,195447
STONE,2007-01-18,0.2233,0.2233,0.2177,0.2177,125401
STONE,2007-01-19,0.2177,0.2177,0.2149,0.2149,26872
STONE,2007-01-22,0.2512,0.2512,0.2065,0.2289,250802
STONE,2007-01-23,0.2177,0.2177,0.1954,0.1954,411853
STONE,2007-01-24,0.2010,0.2121,0.1954,0.2121,1119652
STONE,2007-01-25,0.2093,0.2093,0.1954,0.1982,263342
STONE,2007-01-26,0.2010,0.2065,0.1982,0.1982,126297
STONE,2007-01-29,0.2037,0.2037,0.1982,0.2010,125043
STONE,2007-01-30,0.2010,0.2037,0.1982,0.2010,70404
STONE,2007-01-31,0.2010,0.2037,0.1982,0.2010,52489
STONE,2007-02-02,0.1982,0.2010,0.1982,0.2010,53743
STONE,2007-02-05,0.2065,0.2121,0.2010,0.2010,56430
STONE,2007-02-06,0.1982,0.2065,0.1954,0.2010,77032
STONE,2007-02-08,0.2037,0.2065,0.2037,0.2065,17019
STONE,2007-02-09,0.2093,0.2121,0.2065,0.2065,111070
STONE,2007-02-12,0.2093,0.2093,0.2065,0.2065,32246
STONE,2007-02-13,0.2065,0.2121,0.2065,0.2121,77032
STONE,2007-02-14,0.2121,0.2121,0.2121,0.2121,26872
STONE,2007-02-15,0.2149,0.2233,0.2149,0.2233,32246
STONE,2007-02-16,0.2177,0.2205,0.2177,0.2205,19706
STONE,2007-02-21,0.2289,0.2428,0.2289,0.2400,123789
STONE,2007-02-22,0.2372,0.2512,0.2289,0.2428,258864
STONE,2007-02-23,0.2400,0.2456,0.2317,0.2456,97096
STONE,2007-02-26,0.2344,0.2484,0.2344,0.2400,28663
STONE,2007-02-27,0.2344,0.2512,0.2261,0.2289,163201
STONE,2007-02-28,0.2233,0.2233,0.2177,0.2233,118235
STONE,2007-03-01,0.2233,0.2233,0.2177,0.2177,130775
STONE,2007-03-02,0.2177,0.2177,0.2121,0.2177,44786
STONE,2007-03-05,0.2010,0.2093,0.1954,0.2093,46757
STONE,2007-03-06,0.2093,0.2093,0.1954,0.2093,10749
STONE,2007-03-07,0.2121,0.2121,0.2121,0.2121,19706
STONE,2007-03-13,0.2121,0.2121,0.2121,0.2121,59118
STONE,2007-03-14,0.1954,0.1954,0.1898,0.1898,26872
STONE,2007-03-15,0.1954,0.1954,0.1954,0.1954,5374
STONE,2007-03-16,0.2010,0.2010,0.2010,0.2010,5374
STONE,2007-03-22,0.2010,0.2121,0.2010,0.2121,17914
STONE,2007-03-23,0.2093,0.2093,0.2037,0.2037,22751
STONE,2007-03-26,0.1926,0.1982,0.1926,0.1982,32246
STONE,2007-03-29,0.1982,0.2121,0.1954,0.1954,44786
STONE,2007-03-30,0.1954,0.2205,0.1954,0.2065,98529
STONE,2007-04-02,0.1954,0.1954,0.1954,0.1954,8957
STONE,2007-04-04,0.1926,0.1926,0.1898,0.1898,10749
STONE,2007-04-05,0.1870,0.2010,0.1870,0.2010,41203
STONE,2007-04-06,0.2010,0.2010,0.2010,0.2010,5374
STONE,2007-04-10,0.2121,0.2121,0.2037,0.2121,44786
STONE,2007-04-11,0.2093,0.2093,0.2010,0.2010,70225
STONE,2007-04-12,0.2010,0.2037,0.2010,0.2037,73449
STONE,2007-04-13,0.2010,0.2037,0.2010,0.2037,126655
STONE,2007-04-16,0.2065,0.2065,0.2065,0.2065,8957
STONE,2007-04-17,0.2037,0.2065,0.1954,0.1954,85989
STONE,2007-04-18,0.2093,0.2093,0.2093,0.2093,8957
STONE,2007-04-20,0.2121,0.2121,0.2121,0.2121,9136
STONE,2007-04-23,0.2205,0.2233,0.2205,0.2233,3583
STONE,2007-04-25,0.2289,0.2289,0.2289,0.2289,1791
STONE,2007-05-03,0.2010,0.2233,0.2010,0.2233,19706
STONE,2007-05-04,0.2065,0.2065,0.2065,0.2065,3583
STONE,2007-05-07,0.2065,0.2065,0.2065,0.2065,25080
STONE,2007-05-08,0.2065,0.2065,0.1954,0.1982,23289
STONE,2007-05-10,0.1926,0.1982,0.1898,0.1982,66283
STONE,2007-05-11,0.1954,0.1954,0.1954,0.1954,8957
STONE,2007-05-15,0.1870,0.1870,0.1870,0.1870,8957
STONE,2007-05-16,0.1982,0.1982,0.1870,0.1982,55535
STONE,2007-05-17,0.1898,0.1898,0.1898,0.1898,3583
STONE,2007-05-18,0.1898,0.1898,0.1898,0.1898,19706
STONE,2007-05-22,0.1926,0.1926,0.1926,0.1926,8957
STONE,2007-05-23,0.1842,0.1842,0.1842,0.1842,80615
STONE,2007-05-24,0.1786,0.1898,0.1786,0.1898,13078
STONE,2007-05-28,0.1870,0.1870,0.1870,0.1870,10749
STONE,2007-05-29,0.1842,0.1842,0.1842,0.1842,12540
STONE,2007-05-30,0.1842,0.1842,0.1842,0.1842,8957
STONE,2007-05-31,0.1814,0.1814,0.1814,0.1814,10749
STONE,2007-06-04,0.1814,0.1814,0.1675,0.1675,17914
STONE,2007-06-05,0.1675,0.1675,0.1675,0.1675,5374
STONE,2007-06-06,0.1675,0.1675,0.1675,0.1675,1791
STONE,2007-06-11,0.1703,0.1703,0.1703,0.1703,7166
STONE,2007-06-12,0.1870,0.1898,0.1870,0.1898,7166
STONE,2007-06-13,0.1926,0.1926,0.1898,0.1898,3583
STONE,2007-06-14,0.1926,0.1926,0.1898,0.1898,4
STONE,2007-06-15,0.1954,0.1954,0.1954,0.1954,8957
STONE,2007-06-18,0.1898,0.1898,0.1898,0.1898,17914
STONE,2007-06-21,0.2177,0.2177,0.2121,0.2121,12540
STONE,2007-06-22,0.1954,0.2121,0.1954,0.2121,8957
STONE,2007-06-25,0.2010,0.2010,0.1982,0.2010,25080
STONE,2007-06-27,0.1842,0.1842,0.1842,0.1842,8957
STONE,2007-06-28,0.1870,0.1954,0.1870,0.1898,57326
STONE,2007-06-29,0.1842,0.1842,0.1842,0.1842,17914
STONE,2007-07-02,0.1842,0.1842,0.1842,0.1842,17914
STONE,2007-07-04,0.1954,0.1954,0.1954,0.1954,3583
STONE,2007-07-06,0.1898,0.1898,0.1898,0.1898,8957
STONE,2007-07-10,0.1954,0.1954,0.1954,0.1954,1791
STONE,2007-07-11,0.1898,0.1898,0.1898,0.1898,8957
STONE,2007-07-12,0.1926,0.2010,0.1926,0.2010,66463
STONE,2007-07-13,0.2010,0.2010,0.2010,0.2010,14332
STONE,2007-07-16,0.2010,0.2010,0.2010,0.2010,28663
STONE,2007-07-17,0.2010,0.2010,0.2010,0.2010,57505
STONE,2007-07-18,0.1954,0.1954,0.1954,0.1954,19706
STONE,2007-07-19,0.1954,0.1954,0.1954,0.1954,7166
STONE,2007-07-20,0.1954,0.1954,0.1954,0.1954,8957
STONE,2007-07-23,0.1954,0.1982,0.1898,0.1982,100321
STONE,2007-07-24,0.2205,0.2205,0.1954,0.2205,215
STONE,2007-07-25,0.2177,0.2177,0.2065,0.2065,118414
STONE,2007-07-26,0.2149,0.2149,0.2065,0.2065,17914
STONE,2007-07-27,0.1954,0.2037,0.1954,0.1982,46578
STONE,2007-07-30,0.2010,0.2010,0.2010,0.2010,14332
STONE,2007-07-31,0.2010,0.2010,0.1982,0.1982,50160
STONE,2007-08-01,0.1954,0.1954,0.1898,0.1898,25080
STONE,2007-08-02,0.1898,0.1898,0.1898,0.1898,46578
STONE,2007-08-06,0.1786,0.1898,0.1786,0.1898,35829
STONE,2007-08-07,0.1898,0.1898,0.1870,0.1870,28663
STONE,2007-08-09,0.1898,0.1898,0.1870,0.1870,10749
STONE,2007-08-13,0.1898,0.1898,0.1814,0.1814,34
STONE,2007-08-17,0.1758,0.1758,0.1758,0.1758,34037
STONE,2007-08-20,0.1730,0.1786,0.1730,0.1786,44786
STONE,2007-08-22,0.1758,0.1758,0.1758,0.1758,8957
STONE,2007-08-23,0.1758,0.1758,0.1758,0.1758,17914
STONE,2007-08-27,0.1786,0.1786,0.1786,0.1786,12540
STONE,2007-08-28,0.1786,0.1786,0.1758,0.1758,23289
STONE,2007-08-29,0.1675,0.1675,0.1675,0.1675,16123
STONE,2007-08-30,0.1786,0.1898,0.1786,0.1898,85989
STONE,2007-09-03,0.1786,0.1786,0.1786,0.1786,39412
STONE,2007-09-04,0.1730,0.1730,0.1730,0.1730,24184
STONE,2007-09-07,0.1730,0.1730,0.1675,0.1675,87781
STONE,2007-09-10,0.1703,0.1703,0.1703,0.1703,17914
STONE,2007-09-11,0.1898,0.1898,0.1730,0.1730,32246
STONE,2007-09-12,0.1898,0.1898,0.1786,0.1786,139733
STONE,2007-09-13,0.1842,0.1870,0.1786,0.1786,107487
STONE,2007-09-14,0.1842,0.1842,0.1786,0.1786,62701
STONE,2007-09-17,0.1786,0.1842,0.1786,0.1786,53743
STONE,2007-09-18,0.1730,0.1730,0.1730,0.1730,35829
STONE,2007-09-19,0.1730,0.1730,0.1675,0.1675,42995
STONE,2007-09-20,0.1703,0.1703,0.1703,0.1703,1791
STONE,2007-09-21,0.1758,0.1758,0.1758,0.1758,17914
STONE,2007-09-24,0.1730,0.1730,0.1730,0.1730,12540
STONE,2007-09-26,0.1730,0.1730,0.1730,0.1730,17914
STONE,2007-09-28,0.1898,0.1898,0.1758,0.1758,46578
STONE,2007-10-01,0.1786,0.1786,0.1786,0.1786,3583
STONE,2007-10-02,0.1786,0.1786,0.1786,0.1786,26872
STONE,2007-10-03,0.1730,0.1730,0.1730,0.1730,5374
STONE,2007-10-04,0.1730,0.1730,0.1730,0.1730,8957
STONE,2007-10-05,0.1758,0.1758,0.1758,0.1758,7166
STONE,2007-10-08,0.1870,0.1870,0.1786,0.1786,16123
STONE,2007-10-10,0.1814,0.1898,0.1814,0.1898,46040
STONE,2007-10-11,0.1814,0.1814,0.1814,0.1814,8957
STONE,2007-10-16,0.1842,0.1842,0.1842,0.1842,75241
STONE,2007-10-17,0.1954,0.1954,0.1954,0.1954,17914
STONE,2007-10-19,0.1898,0.1898,0.1870,0.1870,17914
STONE,2007-10-22,0.1870,0.1870,0.1842,0.1842,17914
STONE,2007-10-23,0.1842,0.1842,0.1842,0.1842,23289
STONE,2007-10-24,0.1842,0.1842,0.1842,0.1842,1791
STONE,2007-10-25,0.1870,0.1870,0.1870,0.1870,10749
STONE,2007-10-26,0.1842,0.1842,0.1814,0.1814,25080
STONE,2007-10-29,0.1954,0.1954,0.1954,0.1954,3583
STONE,2007-10-30,0.1870,0.1870,0.1842,0.1842,12540
STONE,2007-10-31,0.1842,0.1842,0.1842,0.1842,8957
STONE,2007-11-01,0.1814,0.1814,0.1814,0.1814,8957
STONE,2007-11-06,0.1758,0.1758,0.1758,0.1758,17914
STONE,2007-11-14,0.1898,0.1898,0.1898,0.1898,1791
STONE,2007-11-15,0.1870,0.1870,0.1870,0.1870,1791
STONE,2007-11-19,0.1284,0.1870,0.1284,0.1870,3762
STONE,2007-11-22,0.1758,0.1758,0.1758,0.1758,16123
STONE,2007-11-29,0.1730,0.1758,0.1730,0.1758,7166
STONE,2007-12-05,0.1730,0.1730,0.1730,0.1730,10749
STONE,2007-12-06,0.1619,0.1619,0.1619,0.1619,17914
STONE,2007-12-07,0.1730,0.1730,0.1730,0.1730,17914
STONE,2007-12-13,0.1563,0.1563,0.1563,0.1563,8957
STONE,2007-12-24,0.1451,0.1563,0.1451,0.1563,28663
STONE,2007-12-28,0.1479,0.1675,0.1479,0.1675,18094
STONE,2008-01-31,0.1675,0.1675,0.1675,0.1675,5374
STONE,2008-02-29,0.1284,0.1284,0.1284,0.1284,16123
STONE,2008-03-03,0.1507,0.1507,0.1507,0.1507,269
STONE,2008-03-04,0.1675,0.1675,0.1675,0.1675,21497
STONE,2008-03-05,0.1228,0.1675,0.1228,0.1675,17914
STONE,2008-03-06,0.1563,0.1563,0.1563,0.1563,44786
STONE,2008-03-11,0.1451,0.1451,0.1451,0.1451,8957
STONE,2008-03-24,0.1451,0.1507,0.1451,0.1507,17914
STONE,2008-05-05,0.1451,0.1451,0.1451,0.1451,5374
STONE,2008-05-12,0.1451,0.1451,0.1396,0.1396,10749
STONE,2008-05-13,0.1396,0.1451,0.1396,0.1451,14332
STONE,2008-05-14,0.1396,0.1396,0.1396,0.1396,8957
STONE,2008-05-15,0.1396,0.1396,0.1368,0.1368,17914
STONE,2008-05-20,0.1396,0.1396,0.1284,0.1396,18273
STONE,2008-06-04,0.1116,0.1200,0.1061,0.1200,78824
STONE,2008-06-05,0.1005,0.1005,0.1005,0.1005,8061
STONE,2008-06-09,0.0837,0.0837,0.0837,0.0837,8061
STONE,2008-06-10,0.0670,0.0893,0.0670,0.0837,135254
STONE,2008-06-11,0.0698,0.0726,0.0698,0.0726,35829
STONE,2008-06-12,0.0837,0.0893,0.0837,0.0893,35829
STONE,2008-06-13,0.1116,0.1116,0.0949,0.0949,43890
STONE,2008-06-16,0.0837,0.0893,0.0781,0.0781,59118
STONE,2008-06-18,0.0754,0.0754,0.0754,0.0754,17914
STONE,2008-06-24,0.0754,0.1005,0.0056,0.0698,14690
STONE,2008-06-26,0.0698,0.0698,0.0698,0.0698,9136
STONE,2008-07-10,0.0865,0.0865,0.0865,0.0865,35829
STONE,2008-07-11,0.0670,0.0670,0.0670,0.0670,3583
STONE,2008-07-15,0.0614,0.0837,0.0614,0.0670,10928
STONE,2008-07-18,0.0670,0.0670,0.0670,0.0670,18989
STONE,2008-09-04,0.1116,0.1116,0.0558,0.0558,18452
STONE,2008-09-22,0.0837,0.0837,0.0670,0.0670,53743
STONE,2008-10-17,0.0558,0.0558,0.0558,0.0558,1791
STONE,2008-10-20,0.0558,0.1116,0.0558,0.1116,143674
STONE,2009-03-23,0.0781,0.0781,0.0558,0.0558,21676
STONE,2009-04-02,0.0558,0.0558,0.0084,0.0084,537
STONE,2009-04-03,0.0586,0.0586,0.0586,0.0586,20781
STONE,2009-04-06,0.0670,0.0670,0.0670,0.0670,44786
STONE,2009-04-22,0.0558,0.0558,0.0558,0.0558,71658
STONE,2009-04-24,0.1005,0.1116,0.1005,0.1116,34396
STONE,2009-06-01,0.0614,0.0614,0.0614,0.0614,3583
STONE,2009-06-02,0.0893,0.0949,0.0893,0.0949,10749
STONE,2009-06-10,0.0865,0.1116,0.0865,0.1116,19706
STONE,2009-06-17,0.0977,0.0977,0.0977,0.0977,35829
STONE,2009-09-24,0.0558,0.0558,0.0558,0.0558,3583
STONE,2009-09-30,0.0670,0.0670,0.0670,0.0670,7166
STONE,2009-10-02,0.0781,0.0781,0.0781,0.0781,2687
STONE,2009-10-05,0.0809,0.0809,0.0809,0.0809,17914
STONE,2009-10-22,0.0977,0.0977,0.0977,0.0977,17914
STONE,2009-10-23,0.0865,0.0865,0.0865,0.0865,5374
STONE,2009-11-02,0.0726,0.0726,0.0726,0.0726,21497
STONE,2009-11-03,0.0893,0.0977,0.0893,0.0977,107487
STONE,2009-11-04,0.1116,0.1116,0.1116,0.1116,44786
STONE,2009-11-06,0.0837,0.0837,0.0837,0.0837,71658
STONE,2009-11-09,0.1005,0.1089,0.1005,0.1033,10749
STONE,2009-11-10,0.1033,0.1033,0.1033,0.1033,42278
STONE,2009-11-11,0.1116,0.1116,0.1116,0.1116,1791
STONE,2009-12-31,0.0893,0.0893,0.0893,0.0893,53743
STONE,2010-01-07,0.0949,0.0949,0.0809,0.0809,37620
STONE,2010-01-08,0.0865,0.0865,0.0865,0.0865,1791
STONE,2010-02-24,0.0781,0.0781,0.0781,0.0781,35471
STONE,2010-03-02,0.0837,0.0837,0.0837,0.0837,26872
STONE,2010-03-17,0.0837,0.0837,0.0837,0.0837,17914
STONE,2010-03-19,0.0837,0.0837,0.0837,0.0837,3583
STONE,2010-06-22,0.0837,0.0837,0.0837,0.0837,8957
STONE,2010-06-25,0.1116,0.1116,0.0837,0.0837,25618
STONE,2010-06-29,0.0726,0.0726,0.0726,0.0726,27767
STONE,2010-07-01,0.0809,0.0809,0.0809,0.0809,53743
STONE,2010-07-06,0.0809,0.0809,0.0809,0.0809,26872
STONE,2010-07-14,0.1033,0.1033,0.1033,0.1033,16123
STONE,2010-07-15,0.0809,0.0809,0.0809,0.0809,1791
STONE,2010-07-16,0.0809,0.0837,0.0809,0.0809,42995
STONE,2010-07-20,0.0809,0.0809,0.0809,0.0809,22035
STONE,2010-07-21,0.0809,0.0809,0.0809,0.0809,32246
STONE,2010-07-23,0.0837,0.0837,0.0781,0.0781,110532
STONE,2010-07-26,0.0781,0.0781,0.0781,0.0781,107487
STONE,2010-07-27,0.0809,0.0809,0.0781,0.0781,104441
STONE,2010-07-28,0.0809,0.0809,0.0809,0.0809,44786
STONE,2010-07-29,0.0837,0.0837,0.0837,0.0837,3583
STONE,2010-08-04,0.0865,0.0865,0.0865,0.0865,15765
STONE,2010-08-19,0.1061,0.1061,0.1061,0.1061,90468
STONE,2010-08-20,0.1116,0.1284,0.1116,0.1284,72195
STONE,2010-08-24,0.1144,0.1144,0.1144,0.1144,1791
STONE,2010-09-01,0.1089,0.1089,0.1089,0.1089,8957
STONE,2010-09-03,0.1172,0.1172,0.1172,0.1172,12898
STONE,2010-09-08,0.1116,0.1396,0.1116,0.1396,120027
STONE,2010-09-20,0.1116,0.1144,0.1116,0.1116,179144
STONE,2010-09-21,0.1172,0.1172,0.1116,0.1116,179144
STONE,2010-09-23,0.1116,0.1116,0.1116,0.1116,3583
STONE,2010-09-24,0.1116,0.1116,0.1116,0.1116,98529
STONE,2010-09-27,0.1116,0.1116,0.1116,0.1116,162305
STONE,2010-09-28,0.1116,0.1116,0.1116,0.1116,35829
STONE,2010-09-29,0.1144,0.1284,0.1144,0.1284,53743
STONE,2010-09-30,0.1284,0.1284,0.1200,0.1200,107487
STONE,2010-10-01,0.1228,0.1368,0.1228,0.1368,32246
STONE,2010-10-05,0.1368,0.1368,0.1368,0.1368,1791
STONE,2010-10-11,0.1368,0.1368,0.1368,0.1368,143316
STONE,2010-10-13,0.1340,0.1340,0.1340,0.1340,55535
STONE,2010-10-14,0.1368,0.1368,0.1368,0.1368,7166
STONE,2010-10-15,0.1368,0.1396,0.1368,0.1396,21139
STONE,2010-10-18,0.1396,0.1396,0.1368,0.1368,15586
STONE,2010-10-19,0.1368,0.1368,0.1368,0.1368,1791
STONE,2010-10-25,0.1396,0.1396,0.1396,0.1396,3583
STONE,2010-10-27,0.1396,0.1396,0.1396,0.1396,17914
STONE,2010-10-28,0.1423,0.1423,0.1423,0.1423,17914
STONE,2010-11-03,0.1451,0.1451,0.1451,0.1451,41203
STONE,2010-11-04,0.1396,0.1423,0.1396,0.1423,103904
STONE,2010-11-08,0.1396,0.1396,0.1396,0.1396,154064
STONE,2010-11-10,0.1228,0.1396,0.1228,0.1284,160872
STONE,2010-11-11,0.1284,0.1284,0.1284,0.1284,17914
STONE,2010-11-15,0.1396,0.1396,0.1396,0.1396,10749
STONE,2010-11-16,0.1396,0.1396,0.1396,0.1396,8957
STONE,2010-11-18,0.1172,0.1172,0.1172,0.1172,1791
STONE,2010-11-22,0.1396,0.1396,0.1396,0.1396,21497
STONE,2010-11-24,0.1675,0.1675,0.1619,0.1619,376203
STONE,2010-11-25,0.1451,0.3740,0.1451,0.3517,3040618
STONE,2010-11-29,0.3600,0.3907,0.2512,0.2819,1405030
STONE,2010-11-30,0.2428,0.2847,0.2428,0.2568,468463
STONE,2010-12-01,0.2484,0.2763,0.2484,0.2624,286810
STONE,2010-12-02,0.2456,0.2624,0.2456,0.2540,181294
STONE,2010-12-03,0.2679,0.2679,0.2428,0.2428,103008
STONE,2010-12-06,0.2512,0.2568,0.2317,0.2568,151198
STONE,2010-12-08,0.2568,0.2568,0.2484,0.2512,129342
STONE,2010-12-09,0.2233,0.2512,0.2233,0.2484,56789
STONE,2010-12-10,0.2456,0.2791,0.2456,0.2791,101037
STONE,2010-12-13,0.2540,0.2651,0.2512,0.2651,72016
STONE,2010-12-14,0.2624,0.2735,0.2624,0.2679,77032
STONE,2010-12-15,0.2791,0.2903,0.2679,0.2847,32604
STONE,2010-12-16,0.2735,0.2763,0.2707,0.2763,118952
STONE,2010-12-17,0.2735,0.3014,0.2707,0.3014,184160
STONE,2010-12-20,0.2903,0.2986,0.2903,0.2986,115548
STONE,2010-12-21,0.3014,0.3182,0.3014,0.3182,282869
STONE,2010-12-22,0.3210,0.3349,0.3210,0.3238,415973
STONE,2010-12-23,0.3293,0.3293,0.3042,0.3042,211390
STONE,2010-12-24,0.3182,0.3266,0.3126,0.3126,96201
STONE,2010-12-27,0.3126,0.3126,0.3042,0.3042,17914
STONE,2010-12-28,0.3182,0.3210,0.3070,0.3098,48369
STONE,2010-12-29,0.3182,0.3182,0.3070,0.3070,91722
STONE,2010-12-30,0.3126,0.3182,0.3098,0.3182,35829
STONE,2011-01-03,0.3098,0.3126,0.3098,0.3126,63775
STONE,2011-01-04,0.3070,0.3154,0.3070,0.3070,136329
STONE,2011-01-05,0.3154,0.4187,0.3154,0.3880,1942642
STONE,2011-01-06,0.4019,0.4019,0.3712,0.3740,261909
STONE,2011-01-07,0.3963,0.3963,0.3628,0.3880,420989
STONE,2011-01-10,0.3991,0.4159,0.3935,0.4075,582757
STONE,2011-01-11,0.4075,0.4745,0.4075,0.4605,1372067
STONE,2011-01-12,0.4745,0.5805,0.4745,0.5163,2902677
STONE,2011-01-13,0.5163,0.5191,0.4829,0.4829,599596
STONE,2011-01-14,0.4745,0.5247,0.4494,0.5163,557139
STONE,2011-01-17,0.5387,0.5694,0.5247,0.5554,1098155
STONE,2011-01-18,0.5582,0.5638,0.5135,0.5359,845382
STONE,2011-01-19,0.5135,0.5415,0.5080,0.5191,329626
STONE,2011-01-21,0.5191,0.5247,0.5108,0.5247,326939
STONE,2011-01-24,0.5331,0.5331,0.5024,0.5135,494439
STONE,2011-01-25,0.5135,0.5470,0.5108,0.5387,972396
STONE,2011-01-26,0.5470,0.5470,0.5080,0.5080,453235
STONE,2011-01-27,0.5191,0.5191,0.4745,0.4968,244532
STONE,2011-01-28,0.4856,0.4856,0.4410,0.4466,606404
STONE,2011-01-31,0.4354,0.4354,0.3628,0.4270,599059
STONE,2011-02-02,0.3907,0.4242,0.3907,0.4242,144928
STONE,2011-02-07,0.4187,0.4298,0.4187,0.4214,171979
STONE,2011-02-08,0.4187,0.4187,0.3935,0.3963,222139
STONE,2011-02-09,0.4103,0.4103,0.4075,0.4075,272299
STONE,2011-02-10,0.4075,0.4075,0.3963,0.4047,34037
STONE,2011-02-11,0.3991,0.4187,0.3935,0.3935,66283
STONE,2011-02-14,0.3907,0.3935,0.3907,0.3935,120027
STONE,2011-02-16,0.3907,0.3907,0.3852,0.3880,75241
STONE,2011-02-17,0.3880,0.3907,0.3880,0.3907,78824
STONE,2011-02-18,0.3935,0.4633,0.3935,0.4633,61447
STONE,2011-02-21,0.4633,0.4745,0.4214,0.4410,398775
STONE,2011-02-22,0.4354,0.4577,0.4075,0.4577,269612
STONE,2011-02-23,0.4019,0.4187,0.4019,0.4103,103904
STONE,2011-02-24,0.4075,0.4187,0.4075,0.4103,153885
STONE,2011-02-25,0.4131,0.4131,0.4019,0.4131,137941
STONE,2011-02-28,0.3935,0.4075,0.3907,0.3907,88318
STONE,2011-03-01,0.3907,0.3907,0.3628,0.3684,73807
STONE,2011-03-02,0.3433,0.3433,0.2791,0.3070,499275
STONE,2011-03-03,0.3014,0.3014,0.3014,0.3014,8957
STONE,2011-03-04,0.3210,0.3517,0.3126,0.3517,57505
STONE,2011-03-07,0.3321,0.3405,0.3266,0.3266,25439
STONE,2011-03-09,0.3293,0.3293,0.3293,0.3293,12540
STONE,2011-03-10,0.3070,0.3321,0.3070,0.3126,137941
STONE,2011-03-11,0.3070,0.3349,0.3042,0.3349,44965
STONE,2011-03-15,0.2959,0.2986,0.2791,0.2986,98529
STONE,2011-03-16,0.2847,0.2847,0.2847,0.2847,1791
STONE,2011-03-17,0.2875,0.3126,0.2847,0.2903,12898
STONE,2011-03-21,0.2903,0.2959,0.2791,0.2791,77032
STONE,2011-03-22,0.4466,0.4466,0.2735,0.2735,96738
STONE,2011-03-23,0.2791,0.2791,0.2791,0.2791,1791
STONE,2011-03-24,0.2791,0.2791,0.2791,0.2791,6628
STONE,2011-03-25,0.2847,0.2903,0.2791,0.2791,103904
STONE,2011-03-28,0.2791,0.3628,0.2568,0.3628,9136
STONE,2011-03-29,0.3600,0.3600,0.2875,0.2931,62880
STONE,2011-03-30,0.2875,0.2875,0.2819,0.2819,73449
STONE,2011-03-31,0.2819,0.2819,0.2791,0.2791,116444
STONE,2011-04-04,0.2791,0.2819,0.2791,0.2791,136150
STONE,2011-04-05,0.2847,0.2959,0.2819,0.2959,152273
STONE,2011-04-06,0.2875,0.2903,0.2875,0.2903,26872
STONE,2011-04-07,0.2903,0.2903,0.2903,0.2903,1791
STONE,2011-04-08,0.2903,0.2903,0.2903,0.2903,41203
STONE,2011-04-11,0.2903,0.2903,0.2903,0.2903,17735
STONE,2011-04-13,0.2791,0.2791,0.2679,0.2679,44786
STONE,2011-04-18,0.2568,0.2568,0.2317,0.2484,246503
STONE,2011-04-19,0.2261,0.2400,0.2233,0.2233,132746
STONE,2011-04-20,0.2010,0.2093,0.1842,0.1842,320668
STONE,2011-04-21,0.1842,0.1954,0.1758,0.1786,408808
STONE,2011-04-22,0.1870,0.2344,0.1842,0.1982,1650457
STONE,2011-04-25,0.1954,0.1954,0.1703,0.1786,1720682
STONE,2011-04-26,0.1758,0.1786,0.1730,0.1786,161230
STONE,2011-04-27,0.1730,0.1786,0.1675,0.1730,328013
STONE,2011-04-28,0.1703,0.1842,0.1675,0.1730,279286
STONE,2011-04-29,0.1675,0.1730,0.1675,0.1730,349869
STONE,2011-05-03,0.1703,0.1703,0.1647,0.1647,229305
STONE,2011-05-04,0.1619,0.1619,0.1507,0.1591,86168
STONE,2011-05-05,0.1563,0.1703,0.1563,0.1675,259759
STONE,2011-05-06,0.1675,0.1703,0.1675,0.1675,53922
STONE,2011-05-09,0.1619,0.1619,0.1507,0.1563,290214
STONE,2011-05-10,0.1563,0.1591,0.1563,0.1563,48369
STONE,2011-05-11,0.1563,0.1619,0.1563,0.1619,232709
STONE,2011-05-12,0.1675,0.1675,0.1535,0.1647,107666
STONE,2011-05-13,0.1535,0.1563,0.1535,0.1563,35829
STONE,2011-05-16,0.1647,0.1675,0.1619,0.1619,223930
STONE,2011-05-18,0.1647,0.1675,0.1619,0.1647,272837
STONE,2011-05-20,0.1619,0.1619,0.1591,0.1591,73449
STONE,2011-05-23,0.1451,0.1451,0.1451,0.1451,8957
STONE,2011-05-24,0.1563,0.1563,0.1451,0.1451,17914
STONE,2011-05-27,0.1451,0.1451,0.1451,0.1451,278749
STONE,2011-05-30,0.1451,0.1451,0.1451,0.1451,23289
STONE,2011-05-31,0.1396,0.1563,0.1396,0.1563,116981
STONE,2011-06-01,0.1563,0.1563,0.1563,0.1563,8957
STONE,2011-06-07,0.1703,0.1870,0.1703,0.1842,348257
STONE,2011-06-08,0.1954,0.2177,0.1954,0.2149,434067
STONE,2011-06-09,0.2065,0.2177,0.2065,0.2177,154064
STONE,2011-06-10,0.2121,0.2205,0.2121,0.2205,109278
STONE,2011-06-13,0.2233,0.2233,0.2205,0.2205,57505
STONE,2011-06-17,0.1870,0.2177,0.1842,0.2177,59118
STONE,2011-06-20,0.1842,0.1842,0.1842,0.1842,17914
STONE,2011-06-21,0.2093,0.2093,0.2093,0.2093,1791
STONE,2011-06-22,0.1842,0.1954,0.1703,0.1954,55893
STONE,2011-06-27,0.1954,0.2065,0.1954,0.2065,36008
STONE,2011-06-28,0.1954,0.2010,0.1954,0.2010,20960
STONE,2011-06-29,0.2317,0.2317,0.1954,0.2177,18273
STONE,2011-06-30,0.2233,0.2233,0.2010,0.2093,9495
STONE,2011-07-01,0.2205,0.2205,0.2205,0.2205,179
STONE,2011-07-04,0.2233,0.2233,0.1954,0.1982,14690
STONE,2011-07-05,0.2149,0.2149,0.1703,0.1703,717
STONE,2011-07-06,0.2317,0.2317,0.1786,0.1786,1075
STONE,2011-07-07,0.2289,0.2289,0.2289,0.2289,179
STONE,2011-07-11,0.1954,0.1954,0.1954,0.1954,17914
STONE,2011-07-12,0.2289,0.2289,0.1954,0.1954,39591
STONE,2011-07-13,0.2289,0.2289,0.1730,0.1954,25259
STONE,2011-07-14,0.2289,0.2289,0.2289,0.2289,179
STONE,2011-07-15,0.2317,0.2317,0.2317,0.2317,358
STONE,2011-07-18,0.2344,0.2344,0.2344,0.2344,358
STONE,2011-07-20,0.1786,0.2093,0.1786,0.2093,27051
STONE,2011-07-21,0.1814,0.2065,0.1814,0.2010,18452
STONE,2011-07-22,0.2344,0.2344,0.1814,0.2121,45503
STONE,2011-07-25,0.2372,0.2372,0.1730,0.2010,537
STONE,2011-07-26,0.1786,0.1786,0.1786,0.1786,25080
STONE,2011-07-27,0.2261,0.2261,0.1675,0.1730,54281
STONE,2011-07-28,0.2233,0.2233,0.2233,0.2233,179
STONE,2011-07-29,0.1675,0.1675,0.1647,0.1647,10749
STONE,2011-08-01,0.2177,0.2177,0.1842,0.2010,27051
STONE,2011-08-02,0.1786,0.1786,0.1786,0.1786,35829
STONE,2011-08-03,0.2344,0.2344,0.2344,0.2344,179
STONE,2011-08-04,0.2233,0.2233,0.1842,0.1842,84914
STONE,2011-08-05,0.1982,0.1982,0.1591,0.1842,180398
STONE,2011-08-08,0.1870,0.1870,0.1591,0.1591,128447
STONE,2011-08-09,0.1675,0.1675,0.1451,0.1451,109457
STONE,2011-08-11,0.1786,0.1786,0.1786,0.1786,179
STONE,2011-08-12,0.1675,0.1730,0.1507,0.1675,56789
STONE,2011-08-15,0.1842,0.1842,0.1396,0.1396,358
STONE,2011-08-16,0.1451,0.1647,0.1451,0.1451,12719
STONE,2011-08-18,0.1619,0.1619,0.1535,0.1535,78644
STONE,2011-08-24,0.2289,0.2289,0.2289,0.2289,179
STONE,2011-08-26,0.1423,0.1423,0.1423,0.1423,17914
STONE,2011-09-02,0.3098,0.3098,0.3098,0.3098,179
STONE,2011-09-15,0.2456,0.2456,0.1786,0.1786,233246
STONE,2011-09-20,0.1786,0.1786,0.1786,0.1786,89572
STONE,2011-09-21,0.1898,0.1898,0.1898,0.1898,50160
STONE,2011-09-22,0.1898,0.1898,0.1842,0.1898,102471
STONE,2011-09-23,0.3042,0.3042,0.1954,0.2037,14511
STONE,2011-09-26,0.1675,0.1675,0.1563,0.1563,17914
STONE,2011-09-27,0.1954,0.1954,0.1675,0.1675,358
STONE,2011-09-28,0.2791,0.2791,0.1786,0.1786,120027
STONE,2011-09-29,0.1675,0.1730,0.1675,0.1675,100321
STONE,2011-09-30,0.1619,0.1619,0.1591,0.1591,10749
STONE,2011-10-03,0.1675,0.1675,0.1675,0.1675,17914
STONE,2011-10-05,0.1730,0.1730,0.1730,0.1730,35829
STONE,2011-10-06,0.1675,0.1675,0.1675,0.1675,30455
STONE,2011-10-10,0.1675,0.1730,0.1675,0.1675,25080
STONE,2011-10-11,0.1675,0.1675,0.1675,0.1675,8957
STONE,2011-10-13,0.1675,0.1675,0.1675,0.1675,14332
STONE,2011-10-17,0.2763,0.2763,0.2763,0.2763,179
STONE,2011-10-24,0.1675,0.1842,0.1675,0.1786,141524
STONE,2011-10-25,0.1786,0.1786,0.1786,0.1786,60909
STONE,2011-10-27,0.1898,0.1898,0.1730,0.1730,18273
STONE,2011-10-28,0.1730,0.1842,0.1730,0.1842,21676
STONE,2011-10-31,0.1842,0.1898,0.1842,0.1898,132567
STONE,2011-11-02,0.1730,0.1842,0.1730,0.1842,37441
STONE,2011-11-03,0.1758,0.1758,0.1758,0.1758,896
STONE,2011-11-04,0.1842,0.1842,0.1842,0.1842,26872
STONE,2011-11-08,0.1758,0.1758,0.1758,0.1758,16660
STONE,2011-11-09,0.1703,0.1758,0.1703,0.1758,18452
STONE,2011-11-10,0.1786,0.1786,0.1786,0.1786,71658
STONE,2011-11-11,0.1730,0.1786,0.1703,0.1786,59118
STONE,2011-11-14,0.1675,0.1758,0.1675,0.1730,146898
STONE,2011-11-15,0.1730,0.1786,0.1703,0.1703,168396
STONE,2011-11-16,0.1675,0.1675,0.1675,0.1675,17914
STONE,2011-11-17,0.1675,0.1675,0.1675,0.1675,6270
STONE,2011-11-18,0.1898,0.1898,0.1675,0.1675,11107
STONE,2011-11-21,0.1675,0.1675,0.1675,0.1675,29559
STONE,2011-11-22,0.1675,0.1675,0.1675,0.1675,113757
STONE,2011-11-23,0.1730,0.1730,0.1730,0.1730,17914
STONE,2011-11-24,0.2763,0.2763,0.2763,0.2763,179
STONE,2011-12-06,0.2679,0.2679,0.2679,0.2679,8957
STONE,2011-12-07,0.1758,0.1786,0.1758,0.1758,44786
STONE,2011-12-14,0.1563,0.1703,0.1563,0.1703,35829
STONE,2011-12-15,0.1563,0.1563,0.1563,0.1563,35829
STONE,2011-12-21,0.1396,0.1451,0.1396,0.1451,39591
STONE,2011-12-22,0.1284,0.1368,0.1256,0.1368,19706
STONE,2011-12-23,0.1228,0.1228,0.1172,0.1172,62701
STONE,2011-12-27,0.1144,0.1144,0.1144,0.1144,8957
STONE,2011-12-30,0.1172,0.1172,0.1172,0.1172,14152
STONE,2012-01-03,0.1451,0.1451,0.1172,0.1423,27051
STONE,2012-01-05,0.1200,0.1200,0.1200,0.1200,17914
STONE,2012-01-06,0.1730,0.1730,0.1730,0.1730,179
STONE,2012-01-11,0.1396,0.1423,0.1312,0.1423,92259
STONE,2012-01-12,0.1451,0.1591,0.1451,0.1451,108024
STONE,2012-01-13,0.1675,0.1675,0.1451,0.1451,181652
STONE,2012-01-17,0.1312,0.1563,0.1228,0.1563,132029
STONE,2012-01-26,0.1340,0.1396,0.1340,0.1396,44786
STONE,2012-02-02,0.1368,0.1563,0.1368,0.1368,50877
STONE,2012-02-08,0.1396,0.1396,0.1368,0.1368,46578
STONE,2012-02-10,0.1368,0.1368,0.1368,0.1368,35829
STONE,2012-02-13,0.1368,0.1368,0.1368,0.1368,1791
STONE,2012-02-14,0.1368,0.1368,0.1368,0.1368,35829
STONE,2012-02-15,0.1368,0.1368,0.1368,0.1368,35829
STONE,2012-02-16,0.1368,0.1396,0.1368,0.1396,35829
STONE,2012-02-17,0.1451,0.1451,0.1396,0.1396,18094
STONE,2012-02-20,0.1396,0.1396,0.1368,0.1368,71658
STONE,2012-02-21,0.1340,0.1340,0.1340,0.1340,80615
STONE,2012-02-23,0.1284,0.1284,0.1284,0.1284,28484
STONE,2012-02-28,0.1228,0.1228,0.1228,0.1228,17914
STONE,2012-03-02,0.1116,0.1228,0.1116,0.1228,98529
STONE,2012-03-07,0.1172,0.1228,0.1172,0.1228,35829
STONE,2012-03-08,0.1228,0.1228,0.1228,0.1228,28663
STONE,2012-03-13,0.1507,0.1507,0.1507,0.1507,1791
STONE,2012-03-15,0.1228,0.1340,0.1228,0.1256,130775
STONE,2012-03-19,0.1228,0.1368,0.1228,0.1368,10749
STONE,2012-03-20,0.1256,0.1256,0.1144,0.1228,73449
STONE,2012-03-22,0.1396,0.1396,0.1228,0.1284,71658
STONE,2012-03-26,0.1172,0.1200,0.1172,0.1200,39412
STONE,2012-04-02,0.1200,0.1200,0.1200,0.1200,21676
STONE,2012-04-03,0.1172,0.1172,0.1172,0.1172,7166
STONE,2012-04-04,0.1172,0.1172,0.1172,0.1172,46578
STONE,2012-04-05,0.1144,0.1144,0.1144,0.1144,10749
STONE,2012-04-10,0.1172,0.1172,0.1172,0.1172,8957
STONE,2012-04-12,0.1172,0.1172,0.1172,0.1172,51952
STONE,2012-04-13,0.1200,0.1200,0.1200,0.1200,25259
STONE,2012-04-17,0.1200,0.1200,0.1200,0.1200,39412
STONE,2012-04-18,0.1284,0.1284,0.1284,0.1284,152273
STONE,2012-04-19,0.1284,0.1284,0.1284,0.1284,26872
STONE,2012-04-20,0.1312,0.1312,0.1312,0.1312,35829
STONE,2012-04-23,0.1396,0.1563,0.1396,0.1451,428513
STONE,2012-04-24,0.1368,0.1368,0.1368,0.1368,8957
STONE,2012-04-25,0.1479,0.1479,0.1228,0.1256,43174
STONE,2012-04-30,0.1228,0.1228,0.1228,0.1228,8957
STONE,2012-05-02,0.1312,0.1312,0.1312,0.1312,35829
STONE,2012-05-08,0.1312,0.1312,0.1312,0.1312,17735
STONE,2012-05-10,0.1312,0.1312,0.1312,0.1312,14332
STONE,2012-05-11,0.1340,0.1368,0.1340,0.1368,54997
STONE,2012-05-14,0.1368,0.1368,0.1368,0.1368,77032
STONE,2012-05-16,0.1312,0.1312,0.1312,0.1312,68971
STONE,2012-05-25,0.1312,0.1423,0.1312,0.1423,91364
STONE,2012-05-28,0.1340,0.1340,0.1340,0.1340,10749
STONE,2012-05-30,0.1368,0.1368,0.1368,0.1368,53743
STONE,2012-05-31,0.1368,0.1368,0.1368,0.1368,91364
STONE,2012-06-08,0.1340,0.1340,0.1340,0.1340,8957
STONE,2012-06-11,0.1312,0.1312,0.1312,0.1312,13794
STONE,2012-06-14,0.1284,0.1284,0.1284,0.1284,8957
STONE,2012-06-15,0.1284,0.1284,0.1284,0.1284,8957
STONE,2012-06-20,0.1368,0.1675,0.1368,0.1675,46936
STONE,2012-06-21,0.1368,0.2205,0.1368,0.2205,455027
STONE,2012-06-22,0.1758,0.2177,0.1758,0.2121,679674
STONE,2012-06-25,0.2149,0.2400,0.1786,0.1870,10070602
STONE,2012-06-26,0.1786,0.1786,0.1675,0.1758,255639
STONE,2012-06-27,0.1591,0.1591,0.1451,0.1451,805792
STONE,2012-06-28,0.1423,0.1535,0.1423,0.1535,48548
STONE,2012-06-29,0.1507,0.1563,0.1396,0.1563,677345
STONE,2012-07-02,0.1479,0.1535,0.1396,0.1396,214078
STONE,2012-07-03,0.1479,0.1591,0.1479,0.1591,195088
STONE,2012-07-04,0.1479,0.1563,0.1423,0.1423,21497
STONE,2012-07-05,0.1423,0.1675,0.1340,0.1340,359901
STONE,2012-07-06,0.1368,0.1451,0.1340,0.1451,437112
STONE,2012-07-09,0.1451,0.1479,0.1423,0.1423,197417
STONE,2012-07-10,0.1284,0.1340,0.1256,0.1284,432813
STONE,2012-07-11,0.1312,0.1312,0.1200,0.1284,263342
STONE,2012-07-12,0.1200,0.1312,0.1200,0.1284,183981
STONE,2012-07-13,0.1256,0.1284,0.1228,0.1256,261909
STONE,2012-07-17,0.1284,0.1312,0.1284,0.1312,36366
STONE,2012-07-18,0.1228,0.1284,0.1200,0.1200,133642
STONE,2012-07-19,0.1228,0.1256,0.1172,0.1256,125401
STONE,2012-07-20,0.1144,0.1172,0.1144,0.1172,118235
STONE,2012-07-23,0.1228,0.1256,0.1061,0.1172,108741
STONE,2012-07-24,0.0642,0.1172,0.0642,0.1172,39053
STONE,2012-07-25,0.0949,0.1172,0.0949,0.1172,61088
STONE,2012-07-26,0.1172,0.1284,0.1061,0.1284,55356
STONE,2012-07-30,0.1116,0.1144,0.1116,0.1144,100858
STONE,2012-07-31,0.1144,0.1172,0.1116,0.1116,49086
STONE,2012-08-06,0.1033,0.1172,0.1033,0.1172,58043
STONE,2012-08-07,0.1005,0.1172,0.1005,0.1172,17914
STONE,2012-08-08,0.1005,0.1005,0.1005,0.1005,12540
STONE,2012-08-09,0.1033,0.1089,0.1033,0.1033,84198
STONE,2012-08-10,0.1172,0.1172,0.1005,0.1172,54102
STONE,2012-08-13,0.1089,0.1144,0.1005,0.1005,91184
STONE,2012-08-15,0.1005,0.1005,0.1005,0.1005,17914
STONE,2012-08-16,0.1033,0.1089,0.1033,0.1089,43353
STONE,2012-08-17,0.1005,0.1005,0.1005,0.1005,1791
STONE,2012-08-24,0.1005,0.1284,0.1005,0.1116,19885
STONE,2012-08-27,0.1116,0.1116,0.1116,0.1116,26872
STONE,2012-08-30,0.1200,0.1200,0.1172,0.1172,19348
STONE,2012-09-05,0.1005,0.1116,0.1005,0.1116,79003
STONE,2012-09-10,0.1089,0.1089,0.0977,0.0977,80615
STONE,2012-09-11,0.0977,0.0977,0.0977,0.0977,26872
STONE,2012-10-03,0.0893,0.0893,0.0893,0.0893,3583
STONE,2012-10-08,0.0893,0.0893,0.0893,0.0893,8957
STONE,2012-10-11,0.0893,0.1144,0.0893,0.1144,89930
STONE,2012-10-12,0.1033,0.1033,0.0949,0.0949,125401
STONE,2012-10-15,0.0893,0.1033,0.0893,0.1033,93693
STONE,2012-10-18,0.0921,0.0949,0.0921,0.0949,71658
STONE,2012-10-19,0.0977,0.0977,0.0837,0.0837,40666
STONE,2012-10-22,0.0893,0.0893,0.0865,0.0865,39412
STONE,2012-10-24,0.1005,0.1005,0.0865,0.0865,89930
STONE,2012-11-20,0.1061,0.1061,0.1005,0.1005,9136
STONE,2012-11-21,0.0949,0.0949,0.0921,0.0921,98709
STONE,2012-11-23,0.0921,0.0921,0.0893,0.0893,156035
STONE,2012-11-27,0.0949,0.0949,0.0949,0.0949,89572
STONE,2012-12-04,0.0949,0.0949,0.0949,0.0949,17914
STONE,2012-12-05,0.0949,0.0949,0.0949,0.0949,23289
STONE,2012-12-06,0.0949,0.0949,0.0949,0.0949,8061
STONE,2012-12-17,0.0921,0.1730,0.0921,0.1563,4120
STONE,2012-12-18,0.1005,0.1005,0.1005,0.1005,41203
STONE,2012-12-19,0.1061,0.1061,0.1061,0.1061,35829
STONE,2012-12-20,0.1116,0.1256,0.1005,0.1005,26693
STONE,2012-12-21,0.1116,0.1451,0.1116,0.1116,640979
STONE,2012-12-24,0.1451,0.1591,0.1284,0.1312,406837
STONE,2012-12-26,0.1340,0.1535,0.1340,0.1451,132567
STONE,2012-12-27,0.1479,0.1786,0.1451,0.1786,685406
STONE,2012-12-28,0.1758,0.1842,0.1647,0.1675,362051
STONE,2012-12-31,0.1758,0.1758,0.1647,0.1675,193655
STONE,2013-01-02,0.1647,0.1647,0.0837,0.1563,191685
STONE,2013-01-03,0.1396,0.1535,0.1396,0.1535,282152
STONE,2013-01-04,0.1423,0.1423,0.1368,0.1368,121997
STONE,2013-01-07,0.1423,0.1451,0.1340,0.1340,105874
STONE,2013-01-08,0.1396,0.1396,0.1396,0.1396,17914
STONE,2013-01-09,0.1396,0.1396,0.1340,0.1368,101037
STONE,2013-01-11,0.1396,0.1396,0.1396,0.1396,3583
STONE,2013-01-17,0.1396,0.1396,0.1396,0.1396,37799
STONE,2013-01-18,0.1396,0.1396,0.1396,0.1396,107487
STONE,2013-01-21,0.1312,0.1312,0.1172,0.1172,109099
STONE,2013-01-22,0.1396,0.1870,0.1228,0.1228,216586
STONE,2013-01-31,0.1116,0.1116,0.1116,0.1116,17914
STONE,2013-02-05,0.1172,0.1172,0.1172,0.1172,49265
STONE,2013-02-06,0.1423,0.1423,0.1144,0.1423,211211
STONE,2013-02-07,0.1396,0.1396,0.1200,0.1200,40307
STONE,2013-02-22,0.1396,0.1563,0.1284,0.1284,468821
STONE,2013-02-25,0.1340,0.1451,0.1312,0.1312,214973
STONE,2013-02-27,0.1563,0.1591,0.1228,0.1479,55714
STONE,2013-02-28,0.1312,0.1340,0.1228,0.1284,183802
STONE,2013-03-01,0.1396,0.1396,0.1284,0.1284,111070
STONE,2013-03-05,0.1284,0.1284,0.1284,0.1284,1791
STONE,2013-03-06,0.1368,0.1368,0.1368,0.1368,35829
STONE,2013-03-07,0.1284,0.1312,0.1256,0.1312,17914
STONE,2013-03-12,0.1228,0.1284,0.1228,0.1284,534209
STONE,2013-03-15,0.1228,0.1228,0.1228,0.1228,5374
STONE,2013-03-18,0.1396,0.1396,0.1396,0.1396,89572
STONE,2013-03-19,0.1228,0.1228,0.1228,0.1228,7166
STONE,2013-03-21,0.1228,0.1228,0.1228,0.1228,5374
STONE,2013-03-22,0.1228,0.1396,0.1228,0.1396,154064
STONE,2013-03-26,0.1284,0.1284,0.1284,0.1284,44786
STONE,2013-03-28,0.1340,0.1423,0.1340,0.1423,207808
STONE,2013-03-29,0.1284,0.1340,0.1284,0.1312,250802
STONE,2013-04-03,0.1284,0.1284,0.1228,0.1284,462193
STONE,2013-04-05,0.1228,0.1284,0.1228,0.1284,179324
STONE,2013-04-08,0.1228,0.1284,0.1228,0.1228,75241
STONE,2013-04-09,0.1256,0.1256,0.1256,0.1256,322460
STONE,2013-04-10,0.1228,0.1396,0.1228,0.1396,36008
STONE,2013-04-15,0.1256,0.1256,0.1256,0.1256,216586
STONE,2013-04-18,0.1256,0.1256,0.1256,0.1256,17735
STONE,2013-04-19,0.1256,0.1256,0.1256,0.1256,198850
STONE,2013-04-22,0.1116,0.1116,0.1116,0.1116,25080
STONE,2013-04-23,0.1061,0.1228,0.1061,0.1228,35829
STONE,2013-04-25,0.1200,0.1200,0.1061,0.1061,299529
STONE,2013-04-29,0.1228,0.1228,0.1228,0.1228,1791
STONE,2013-05-02,0.1256,0.1284,0.1228,0.1228,313861
STONE,2013-05-03,0.1061,0.1061,0.1005,0.1005,107487
STONE,2013-05-06,0.1116,0.1116,0.1116,0.1116,17914
STONE,2013-05-07,0.1005,0.1340,0.1005,0.1340,53743
STONE,2013-05-08,0.1061,0.1284,0.1061,0.1284,460222
STONE,2013-05-10,0.1172,0.1172,0.1172,0.1172,35829
STONE,2013-05-13,0.1144,0.1172,0.1144,0.1172,107487
STONE,2013-05-14,0.1284,0.1284,0.1284,0.1284,268717
STONE,2013-05-16,0.1200,0.1200,0.1172,0.1200,77032
STONE,2013-05-20,0.1256,0.1451,0.1256,0.1451,583832
STONE,2013-05-21,0.1451,0.1451,0.1451,0.1451,89572
STONE,2013-05-22,0.1396,0.1507,0.1396,0.1451,243636
STONE,2013-05-23,0.1451,0.1451,0.1451,0.1451,327476
STONE,2013-05-27,0.1451,0.1619,0.1396,0.1396,219094
STONE,2013-05-28,0.1619,0.1619,0.1451,0.1619,158185
STONE,2013-05-29,0.1619,0.2233,0.1619,0.2233,2624824
STONE,2013-05-30,0.2400,0.2596,0.2317,0.2568,2944238
STONE,2013-05-31,0.2679,0.3293,0.2596,0.3182,8534798
STONE,2013-06-03,0.3154,0.3154,0.2568,0.2875,1899647
STONE,2013-06-04,0.2959,0.3098,0.2791,0.2847,10216605
STONE,2013-06-05,0.2986,0.2986,0.2512,0.2735,1080957
STONE,2013-06-06,0.2735,0.2931,0.2568,0.2596,1182174
STONE,2013-06-07,0.2596,0.2791,0.2568,0.2707,541912
STONE,2013-06-10,0.2679,0.2847,0.2679,0.2847,6468367
STONE,2013-06-11,0.2735,0.2763,0.2624,0.2651,678241
STONE,2013-06-12,0.2624,0.2651,0.2596,0.2596,374412
STONE,2013-06-13,0.2512,0.2568,0.2484,0.2568,221064
STONE,2013-06-14,0.2679,0.2903,0.2679,0.2679,5742832
STONE,2013-06-17,0.2679,0.2735,0.2651,0.2735,1275508
STONE,2013-06-18,0.2679,0.2791,0.2624,0.2791,396088
STONE,2013-06-19,0.2679,0.2959,0.2679,0.2903,6372704
STONE,2013-06-20,0.2791,0.2875,0.2791,0.2875,8198902
STONE,2013-06-21,0.2707,0.2735,0.2707,0.2735,35829
STONE,2013-06-24,0.2847,0.2847,0.2679,0.2679,450369
STONE,2013-06-25,0.2791,0.2791,0.2651,0.2651,8224519
STONE,2013-06-26,0.2651,0.2679,0.2624,0.2679,8983196
STONE,2013-06-27,0.2679,0.2679,0.2651,0.2651,84556
STONE,2013-06-28,0.2651,0.2679,0.2568,0.2568,453235
STONE,2013-07-01,0.2624,0.2679,0.2568,0.2679,9642268
STONE,2013-07-02,0.2735,0.2931,0.2735,0.2903,9453987
STONE,2013-07-03,0.2986,0.3321,0.2986,0.3266,3990621
STONE,2013-07-04,0.3321,0.3600,0.3321,0.3545,3792845
STONE,2013-07-05,0.3573,0.3963,0.3545,0.3600,18051665
STONE,2013-07-08,0.3545,0.3712,0.3405,0.3684,8212517
STONE,2013-07-09,0.3684,0.3684,0.3517,0.3684,1924369
STONE,2013-07-10,0.3684,0.3852,0.3684,0.3768,8016174
STONE,2013-07-11,0.3824,0.3824,0.3684,0.3796,5547923
STONE,2013-07-12,0.3824,0.3852,0.3740,0.3768,7470680
STONE,2013-07-15,0.3768,0.3768,0.3712,0.3740,1825123
STONE,2013-07-16,0.3712,0.3907,0.3628,0.3880,8732752
STONE,2013-07-17,0.3852,0.4047,0.3824,0.3907,8116137
STONE,2013-07-18,0.3907,0.3963,0.3852,0.3880,8731498
STONE,2013-07-19,0.3852,0.3852,0.3712,0.3852,2584158
STONE,2013-07-22,0.3852,0.3852,0.3628,0.3824,8165223
STONE,2013-07-23,0.3768,0.3880,0.3768,0.3852,6957789
STONE,2013-07-24,0.3740,0.3935,0.3740,0.3852,7890415
STONE,2013-07-25,0.3768,0.3852,0.3768,0.3824,1336596
STONE,2013-07-26,0.3768,0.3852,0.3768,0.3852,7435030
STONE,2013-07-29,0.3768,0.3824,0.3740,0.3768,5591813
STONE,2013-07-30,0.3768,0.3824,0.3768,0.3824,7901880
STONE,2013-07-31,0.3824,0.3824,0.3740,0.3796,3027540
STONE,2013-08-01,0.3768,0.3963,0.3740,0.3963,7180645
STONE,2013-08-02,0.3963,0.4019,0.3907,0.3963,5925022
STONE,2013-08-05,0.3963,0.3963,0.3852,0.3935,6423043
STONE,2013-08-06,0.3907,0.3907,0.3852,0.3852,4412506
STONE,2013-08-12,0.3852,0.3963,0.3740,0.3852,6227955
STONE,2013-08-13,0.3880,0.3935,0.3852,0.3935,2031318
STONE,2013-08-14,0.3880,0.3935,0.3768,0.3852,5194471
STONE,2013-08-15,0.3852,0.3852,0.3768,0.3768,1159064
STONE,2013-08-16,0.3768,0.3880,0.3740,0.3796,5520335
STONE,2013-08-19,0.3796,0.3852,0.3768,0.3824,1206717
STONE,2013-08-20,0.3545,0.3852,0.2986,0.3796,3429899
STONE,2013-08-21,0.3796,0.3796,0.3573,0.3628,986727
STONE,2013-08-22,0.3461,0.3824,0.3461,0.3628,6206995
STONE,2013-08-23,0.3740,0.3768,0.3684,0.3684,1198476
STONE,2013-08-26,0.3768,0.3796,0.3656,0.3796,3025032
STONE,2013-08-27,0.3768,0.3768,0.3517,0.3545,970963
STONE,2013-08-28,0.3461,0.3796,0.3461,0.3796,6371808
STONE,2013-08-29,0.3656,0.3768,0.3656,0.3684,1178770
STONE,2013-08-30,0.3768,0.3768,0.3628,0.3768,3078955
STONE,2013-09-02,0.3628,0.3740,0.3628,0.3740,905038
STONE,2013-09-03,0.3628,0.3796,0.3628,0.3796,6325589
STONE,2013-09-04,0.3656,0.3768,0.3656,0.3768,1200267
STONE,2013-09-05,0.3684,0.3768,0.3684,0.3740,3106901
STONE,2013-09-06,0.3712,0.3712,0.3573,0.3573,967380
STONE,2013-09-09,0.3684,0.3824,0.3684,0.3824,14333702
STONE,2013-09-10,0.3712,0.3824,0.3712,0.3796,217660
STONE,2013-09-11,0.3684,0.3796,0.3656,0.3796,2798236
STONE,2013-09-12,0.3712,0.3796,0.3712,0.3796,781070
STONE,2013-09-13,0.3712,0.3796,0.3684,0.3796,9939469
STONE,2013-09-17,0.3768,0.3768,0.3768,0.3768,199746
STONE,2013-09-18,0.3768,0.3824,0.3768,0.3824,2774947
STONE,2013-09-19,0.3768,0.3796,0.3684,0.3796,807941
STONE,2013-09-20,0.3712,0.3824,0.3684,0.3824,8264469
STONE,2013-09-23,0.3712,0.3768,0.3573,0.3768,264238
STONE,2013-09-24,0.3684,0.3907,0.3684,0.3852,3377230
STONE,2013-09-25,0.3796,0.3796,0.3740,0.3740,1078449
STONE,2013-09-26,0.3712,0.3796,0.3712,0.3796,4607057
STONE,2013-09-27,0.3796,0.3824,0.3684,0.3824,256176
STONE,2013-09-30,0.3768,0.3824,0.3768,0.3824,3336744
STONE,2013-10-01,0.3768,0.3768,0.3768,0.3768,764947
STONE,2013-10-02,0.3796,0.3852,0.3796,0.3824,5178527
STONE,2013-10-03,0.3712,0.3796,0.3712,0.3768,3426316
STONE,2013-10-04,0.3405,0.3768,0.3405,0.3768,179144
STONE,2013-10-07,0.3768,0.3768,0.3628,0.3656,3919500
STONE,2013-10-08,0.3545,0.3684,0.3545,0.3656,3629645
STONE,2013-10-09,0.3712,0.3712,0.3573,0.3573,3363078
STONE,2013-10-10,0.3628,0.3684,0.3628,0.3684,19706
STONE,2013-10-11,0.3656,0.3684,0.3573,0.3656,6708779
STONE,2013-10-14,0.3684,0.3684,0.3684,0.3684,2658503
STONE,2013-10-16,0.3684,0.3712,0.3684,0.3712,2796086
STONE,2013-10-18,0.3656,0.3656,0.3545,0.3545,7153952
STONE,2013-10-21,0.3517,0.3573,0.3517,0.3545,2300393
STONE,2013-10-22,0.3573,0.3600,0.3545,0.3600,2974514
STONE,2013-10-23,0.3517,0.3712,0.3517,0.3712,3209372
STONE,2013-10-24,0.3573,0.3628,0.3461,0.3628,3380097
STONE,2013-10-25,0.3600,0.3656,0.3600,0.3656,2863623
STONE,2013-10-28,0.3656,0.3656,0.3600,0.3600,3224241
STONE,2013-10-29,0.3600,0.3600,0.3489,0.3600,4091121
STONE,2013-10-30,0.3600,0.3600,0.3517,0.3573,2810059
STONE,2013-10-31,0.3517,0.3573,0.3517,0.3573,3123383
STONE,2013-11-01,0.3600,0.3628,0.3573,0.3628,3564436
STONE,2013-11-04,0.3600,0.3628,0.3573,0.3600,3979335
STONE,2013-11-06,0.3600,0.3600,0.3600,0.3600,3186083
STONE,2013-11-07,0.3573,0.3600,0.3573,0.3600,2982933
STONE,2013-11-08,0.3600,0.3628,0.3517,0.3517,3301094
STONE,2013-11-11,0.3600,0.3628,0.3573,0.3600,4021792
STONE,2013-11-12,0.3600,0.3628,0.3600,0.3600,3642901
STONE,2013-11-13,0.3600,0.3600,0.3545,0.3545,2861115
STONE,2013-11-14,0.3573,0.3573,0.3517,0.3573,3811835
STONE,2013-11-15,0.3600,0.3600,0.3600,0.3600,3819179
STONE,2013-11-18,0.3600,0.3600,0.3433,0.3433,4646468
STONE,2013-11-19,0.3545,0.3600,0.3405,0.3405,2713321
STONE,2013-11-20,0.3573,0.3573,0.3349,0.3349,3884746
STONE,2013-11-21,0.3573,0.3573,0.3517,0.3545,4283880
STONE,2013-11-22,0.3545,0.3628,0.3489,0.3628,7427685
STONE,2013-11-25,0.3573,0.3628,0.3573,0.3600,3200594
STONE,2013-11-26,0.3573,0.3573,0.3573,0.3573,2166931
STONE,2013-11-27,0.3545,0.3600,0.3517,0.3517,3822941
STONE,2013-11-28,0.3517,0.3545,0.3489,0.3517,6275249
STONE,2013-11-29,0.3545,0.3545,0.3517,0.3545,3283359
STONE,2013-12-02,0.3545,0.3545,0.3517,0.3517,3538818
STONE,2013-12-03,0.3517,0.3545,0.3489,0.3517,3789800
STONE,2013-12-04,0.3517,0.3656,0.3517,0.3600,8070634
STONE,2013-12-05,0.3628,0.3684,0.3628,0.3684,3721367
STONE,2013-12-06,0.3684,0.3684,0.3628,0.3628,3805385
STONE,2013-12-09,0.3656,0.3684,0.3656,0.3684,4784768
STONE,2013-12-10,0.3656,0.3740,0.3628,0.3628,7530514
STONE,2013-12-11,0.3656,0.3740,0.3628,0.3712,4492942
STONE,2013-12-12,0.3684,0.3712,0.3628,0.3628,2360765
STONE,2013-12-13,0.3656,0.3712,0.3656,0.3712,5234420
STONE,2013-12-16,0.3712,0.3740,0.3600,0.3740,6978570
STONE,2013-12-17,0.3740,0.3740,0.3684,0.3684,4569974
STONE,2013-12-18,0.3740,0.3740,0.3712,0.3712,2393369
STONE,2013-12-19,0.3684,0.3712,0.3684,0.3712,6779362
STONE,2013-12-20,0.3712,0.3712,0.3656,0.3712,4960329
STONE,2013-12-23,0.3684,0.3740,0.3684,0.3740,5472861
STONE,2013-12-24,0.3740,0.3740,0.3712,0.3740,2860936
STONE,2013-12-26,0.3740,0.3740,0.3628,0.3740,7400993
STONE,2013-12-27,0.3712,0.3740,0.3712,0.3740,5625134
STONE,2013-12-30,0.3712,0.3740,0.3712,0.3740,4037019
STONE,2013-12-31,0.3740,0.3768,0.3740,0.3740,4998129
STONE,2014-01-02,0.3740,0.3768,0.3600,0.3768,6318065
STONE,2014-01-03,0.3740,0.3768,0.3573,0.3768,4294270
STONE,2014-01-06,0.3768,0.3796,0.3656,0.3796,4260054
STONE,2014-01-07,0.3796,0.3907,0.3796,0.3907,5673503
STONE,2014-01-08,0.3852,0.3852,0.3824,0.3852,5948669
STONE,2014-01-09,0.3824,0.3852,0.3824,0.3852,3749671
STONE,2014-01-10,0.3824,0.4466,0.3824,0.4466,4936324
STONE,2014-01-13,0.4466,0.4466,0.3991,0.4019,5675295
STONE,2014-01-15,0.4019,0.4075,0.4019,0.4075,6620102
STONE,2014-01-16,0.3963,0.4019,0.3963,0.4019,4251455
STONE,2014-01-20,0.3963,0.3963,0.3963,0.3963,5255201
STONE,2014-01-21,0.3963,0.4019,0.3963,0.3991,4532712
STONE,2014-01-22,0.4075,0.4075,0.3963,0.3963,5369853
STONE,2014-01-23,0.4019,0.4019,0.3907,0.3907,6680653
STONE,2014-01-24,0.3880,0.3907,0.3852,0.3907,4477177
STONE,2014-01-27,0.3796,0.4019,0.3796,0.3880,5277236
STONE,2014-01-28,0.4019,0.4019,0.3991,0.3991,4770974
STONE,2014-01-29,0.3991,0.3991,0.3935,0.3935,10712835
STONE,2014-02-04,0.4019,0.4019,0.3880,0.3880,4628733
STONE,2014-02-05,0.3880,0.4019,0.3880,0.3963,7006158
STONE,2014-02-06,0.3991,0.3991,0.3852,0.3880,9783076
STONE,2014-02-10,0.3824,0.3935,0.3824,0.3935,5782423
STONE,2014-02-11,0.3935,0.3935,0.3880,0.3935,10727704
STONE,2014-02-12,0.3963,0.3991,0.3963,0.3963,4964987
STONE,2014-02-13,0.3963,0.3991,0.3963,0.3991,4081626
STONE,2014-02-14,0.3935,0.3963,0.3935,0.3935,4897091
STONE,2014-02-17,0.3935,0.3935,0.3852,0.3880,9990167
STONE,2014-02-18,0.3880,0.3991,0.3880,0.3963,8889683
STONE,2014-02-19,0.3963,0.3991,0.3852,0.3852,5135712
STONE,2014-02-20,0.3880,0.3935,0.3880,0.3935,4148268
STONE,2014-02-21,0.3935,0.3935,0.3880,0.3880,9159116
STONE,2014-02-24,0.3907,0.3907,0.3852,0.3880,7631910
STONE,2014-02-25,0.3880,0.3880,0.3852,0.3880,4305557
STONE,2014-02-26,0.3880,0.3907,0.3880,0.3880,4798562
STONE,2014-02-27,0.3880,0.3880,0.3852,0.3880,6078369
STONE,2014-02-28,0.3880,0.3880,0.3880,0.3880,6466396
STONE,2014-03-03,0.3628,0.3880,0.3628,0.3880,4880431
STONE,2014-03-04,0.3880,0.3880,0.3824,0.3880,4765958
STONE,2014-03-05,0.3880,0.3880,0.3796,0.3852,4428987
STONE,2014-03-06,0.3852,0.3880,0.3852,0.3880,5662575
STONE,2014-03-07,0.3852,0.3852,0.3796,0.3824,4869503
STONE,2014-03-10,0.3852,0.3852,0.3852,0.3852,4578214
STONE,2014-03-11,0.3880,0.3880,0.3796,0.3852,5574615
STONE,2014-03-12,0.3852,0.3852,0.3852,0.3852,6270233
STONE,2014-03-13,0.3824,0.3824,0.3796,0.3824,3444947
STONE,2014-03-14,0.3824,0.3824,0.3796,0.3796,3866832
STONE,2014-03-17,0.3740,0.3796,0.3740,0.3796,5701091
STONE,2014-03-18,0.3796,0.3824,0.3768,0.3768,5995605
STONE,2014-03-19,0.3768,0.3768,0.3768,0.3768,3061578
STONE,2014-03-20,0.3768,0.3768,0.3740,0.3768,4848364
STONE,2014-03-21,0.3684,0.3740,0.3656,0.3740,7172942
STONE,2014-03-24,0.3740,0.3740,0.3712,0.3740,4610460
STONE,2014-03-25,0.3740,0.3740,0.3712,0.3712,3887433
STONE,2014-03-26,0.3740,0.3740,0.3712,0.3740,5517827
STONE,2014-03-27,0.3712,0.3740,0.3712,0.3712,6176720
STONE,2014-03-28,0.3740,0.3740,0.3684,0.3712,5198233
STONE,2014-03-31,0.3740,0.3740,0.3740,0.3740,4415909
STONE,2014-04-01,0.3712,0.3712,0.3684,0.3712,5392963
STONE,2014-04-02,0.3712,0.3740,0.3712,0.3740,4557434
STONE,2014-04-03,0.3712,0.3712,0.3712,0.3712,5732083
STONE,2014-04-04,0.3712,0.3712,0.3712,0.3712,9068290
STONE,2014-04-07,0.3712,0.3740,0.3712,0.3712,4956388
STONE,2014-04-08,0.3768,0.3768,0.3712,0.3712,6295134
STONE,2014-04-09,0.3712,0.3712,0.3656,0.3656,6932530
STONE,2014-04-10,0.3768,0.3768,0.3684,0.3712,9521525
STONE,2014-04-11,0.3684,0.3712,0.3684,0.3712,6801575
STONE,2014-04-14,0.3712,0.3712,0.3656,0.3712,7052557
STONE,2014-04-15,0.3712,0.3712,0.3712,0.3712,9899520
STONE,2014-04-16,0.3740,0.3768,0.3712,0.3768,11078111
STONE,2014-04-17,0.3796,0.3796,0.3796,0.3796,7066709
STONE,2014-04-18,0.3796,0.3796,0.3740,0.3768,8049137
STONE,2014-04-21,0.3768,0.3768,0.3684,0.3684,3960166
STONE,2014-04-22,0.3684,0.3852,0.3684,0.3852,12030263
STONE,2014-04-23,0.3852,0.3852,0.3824,0.3852,9698878
STONE,2014-04-24,0.3852,0.3907,0.3824,0.3907,7180466
STONE,2014-04-25,0.3852,0.3880,0.3852,0.3880,6999530
STONE,2014-04-28,0.3852,0.3907,0.3182,0.3182,4254680
STONE,2014-04-29,0.2791,0.2791,0.1563,0.1870,17020330
STONE,2014-04-30,0.2010,0.2149,0.1591,0.1730,9539977
STONE,2014-05-02,0.1675,0.1730,0.1591,0.1675,5519797
STONE,2014-05-05,0.1647,0.1730,0.1591,0.1647,4104736
STONE,2014-05-06,0.1591,0.1730,0.1591,0.1675,6790468
STONE,2014-05-07,0.1647,0.1786,0.1647,0.1730,7505613
STONE,2014-05-08,0.1730,0.1758,0.1675,0.1758,594759
STONE,2014-05-09,0.1730,0.1730,0.1703,0.1703,383369
STONE,2014-05-12,0.1675,0.1703,0.1675,0.1675,4162778
STONE,2014-05-14,0.1675,0.1730,0.1675,0.1675,7270396
STONE,2014-05-15,0.1703,0.1703,0.1703,0.1703,70045
STONE,2014-05-16,0.1675,0.1730,0.1647,0.1730,1101917
STONE,2014-05-19,0.1730,0.1730,0.1675,0.1730,3104572
STONE,2014-05-20,0.1703,0.1758,0.1647,0.1730,7562760
STONE,2014-05-21,0.1647,0.1647,0.1647,0.1647,107487
STONE,2014-05-22,0.1675,0.1758,0.1647,0.1730,2156182
STONE,2014-05-23,0.1730,0.1730,0.1703,0.1730,2984546
STONE,2014-05-26,0.1730,0.1842,0.1730,0.1786,8607888
STONE,2014-05-27,0.1786,0.1786,0.1786,0.1786,139733
STONE,2014-05-28,0.1786,0.1814,0.1786,0.1786,4707019
STONE,2014-05-29,0.1786,0.1786,0.1675,0.1786,3397474
STONE,2014-05-30,0.1730,0.1786,0.1675,0.1703,3652396
STONE,2014-06-02,0.1703,0.1758,0.1647,0.1758,788056
STONE,2014-06-03,0.1758,0.1758,0.1675,0.1758,4502078
STONE,2014-06-04,0.1730,0.1786,0.1675,0.1786,4430778
STONE,2014-06-05,0.1758,0.1814,0.1758,0.1786,1123056
STONE,2014-06-09,0.1730,0.1786,0.1730,0.1786,3663503
STONE,2014-06-10,0.1786,0.1842,0.1730,0.1842,817257
STONE,2014-06-11,0.1842,0.1842,0.1814,0.1814,304904
STONE,2014-06-12,0.1758,0.1786,0.1758,0.1786,84198
STONE,2014-06-13,0.1730,0.1786,0.1703,0.1786,304545
STONE,2014-06-16,0.1730,0.1786,0.1703,0.1786,304545
STONE,2014-06-17,0.1730,0.1786,0.1730,0.1786,226080
STONE,2014-06-18,0.1730,0.1814,0.1730,0.1814,480465
STONE,2014-06-19,0.1814,0.1982,0.1758,0.1982,11730375
STONE,2014-06-20,0.2010,0.2037,0.1814,0.1926,222318
STONE,2014-06-23,0.1870,0.1926,0.1870,0.1926,125759
STONE,2014-06-24,0.1926,0.2010,0.1926,0.1982,853086
STONE,2014-06-25,0.1982,0.2010,0.1926,0.1926,7381287
STONE,2014-06-26,0.1926,0.1926,0.1926,0.1926,95842
STONE,2014-06-27,0.1926,0.1926,0.1926,0.1926,89572
STONE,2014-06-30,0.1926,0.2037,0.1898,0.1982,3751284
STONE,2014-07-01,0.1954,0.2010,0.1954,0.2010,2339626
STONE,2014-07-02,0.2010,0.2010,0.1982,0.1982,220348
STONE,2014-07-03,0.2010,0.2037,0.1982,0.2037,373337
STONE,2014-07-04,0.2010,0.2037,0.2010,0.2037,2134147
STONE,2014-07-07,0.1982,0.2010,0.1982,0.2010,1474358
STONE,2014-07-08,0.1954,0.2010,0.1954,0.1982,492826
STONE,2014-07-09,0.2010,0.2037,0.2010,0.2037,1616062
STONE,2014-07-10,0.2065,0.2261,0.2065,0.2233,2791249
STONE,2014-07-11,0.2233,0.2903,0.2233,0.2903,6887923
STONE,2014-07-14,0.2903,0.3377,0.2763,0.3266,8810322
STONE,2014-07-16,0.3126,0.3628,0.3098,0.3433,3506752
STONE,2014-07-17,0.3433,0.3545,0.3405,0.3433,4056008
STONE,2014-07-18,0.3238,0.3349,0.3210,0.3349,88139
STONE,2014-07-21,0.3293,0.3349,0.3014,0.3238,3293212
STONE,2014-07-22,0.3238,0.3238,0.2791,0.2986,1589190
STONE,2014-07-23,0.3154,0.3405,0.3126,0.3293,6040391
STONE,2014-07-24,0.3349,0.3517,0.3321,0.3405,517548
STONE,2014-07-25,0.3405,0.3461,0.3182,0.3405,2111933
STONE,2014-07-30,0.3461,0.3461,0.3238,0.3238,5061367
STONE,2014-07-31,0.3321,0.3405,0.3321,0.3349,5545236
STONE,2014-08-01,0.3349,0.4466,0.3349,0.4466,33269086
STONE,2014-08-04,0.4354,0.4661,0.4159,0.4242,7752653
STONE,2014-08-05,0.4270,0.4466,0.4187,0.4354,8790974
STONE,2014-08-06,0.4382,0.4577,0.4354,0.4521,20873189
STONE,2014-08-07,0.4549,0.4577,0.4354,0.4521,1812583
STONE,2014-08-08,0.4494,0.4494,0.4242,0.4382,1253653
STONE,2014-08-11,0.4382,0.4382,0.4131,0.4187,504112
STONE,2014-08-12,0.4131,0.4438,0.4103,0.4298,3375439
STONE,2014-08-13,0.4214,0.4270,0.4159,0.4214,343778
STONE,2014-08-14,0.4214,0.4298,0.4187,0.4298,715861
STONE,2014-08-15,0.4298,0.4745,0.4270,0.4605,3615313
STONE,2014-08-18,0.4549,0.4689,0.4466,0.4521,1077554
STONE,2014-08-19,0.4494,0.4521,0.4438,0.4466,363663
STONE,2014-08-20,0.4494,0.4494,0.4382,0.4382,1312233
STONE,2014-08-21,0.4382,0.4661,0.4382,0.4466,1744508
STONE,2014-08-22,0.4466,0.4466,0.4438,0.4466,1861310
STONE,2014-08-25,0.4521,0.4801,0.4521,0.4661,841800
STONE,2014-08-26,0.4549,0.4689,0.4549,0.4577,887661
STONE,2014-08-27,0.4577,0.4605,0.4549,0.4549,304187
STONE,2014-08-28,0.4577,0.4577,0.4410,0.4521,1491556
STONE,2014-08-29,0.4521,0.4633,0.4494,0.4633,561976
STONE,2014-09-02,0.4549,0.4549,0.4549,0.4549,91184
STONE,2014-09-03,0.4577,0.5443,0.4521,0.5443,1493169
STONE,2014-09-04,0.5443,0.6419,0.5415,0.5973,2841230
STONE,2014-09-05,0.5805,0.5861,0.5582,0.5805,692035
STONE,2014-09-08,0.5750,0.5805,0.5582,0.5582,199925
STONE,2014-09-09,0.5582,0.5582,0.5498,0.5554,872433
STONE,2014-09-10,0.5470,0.5750,0.5331,0.5582,1499797
STONE,2014-09-11,0.5638,0.5638,0.5415,0.5415,65388
STONE,2014-09-12,0.5470,0.5638,0.5387,0.5415,72553
STONE,2014-09-15,0.5415,0.5750,0.5415,0.5526,709949
STONE,2014-09-17,0.5498,0.5750,0.5443,0.5750,265671
STONE,2014-09-18,0.5750,0.7201,0.5750,0.6419,893035
STONE,2014-09-19,0.6587,0.6587,0.6029,0.6419,727147
STONE,2014-09-22,0.5917,0.6475,0.5917,0.6085,1413091
STONE,2014-09-23,0.5917,0.6364,0.5917,0.5917,293797
STONE,2014-09-24,0.6029,0.6252,0.5917,0.5917,1254548
STONE,2014-09-25,0.5973,0.6364,0.5973,0.6364,142599
STONE,2014-09-26,0.6029,0.6308,0.5973,0.6308,23289
STONE,2014-09-29,0.6029,0.6085,0.5973,0.6085,69866
STONE,2014-09-30,0.6196,0.6308,0.5861,0.6140,275882
STONE,2014-10-01,0.5973,0.6140,0.5917,0.6140,64492
STONE,2014-10-02,0.5917,0.6085,0.5750,0.6085,119489
STONE,2014-10-03,0.5805,0.5917,0.5582,0.5917,78824
STONE,2014-10-07,0.5582,0.5917,0.5582,0.5917,231992
STONE,2014-10-08,0.5582,0.5582,0.5135,0.5247,212644
STONE,2014-10-09,0.5275,0.5526,0.5024,0.5470,99783
STONE,2014-10-10,0.5247,0.5415,0.5247,0.5415,28663
STONE,2014-10-13,0.5024,0.5331,0.5024,0.5052,30813
STONE,2014-10-14,0.5024,0.5275,0.4996,0.4996,747211
STONE,2014-10-15,0.5275,0.5275,0.5275,0.5275,9316
STONE,2014-10-16,0.4912,0.5275,0.4856,0.5275,1374217
STONE,2014-10-20,0.5415,0.5526,0.5359,0.5526,75599
STONE,2014-10-24,0.5331,0.5387,0.5331,0.5387,46578
STONE,2014-10-28,0.5387,0.5805,0.5387,0.5750,781428
STONE,2014-10-29,0.5554,0.5554,0.5387,0.5415,779278
STONE,2014-10-30,0.5554,0.5582,0.5359,0.5359,34754
STONE,2014-10-31,0.5443,0.5470,0.5443,0.5470,197059
STONE,2014-11-03,0.5443,0.5554,0.5415,0.5526,421885
STONE,2014-11-04,0.5443,0.5443,0.5443,0.5443,513607
STONE,2014-11-05,0.5443,0.5470,0.5443,0.5470,34037
STONE,2014-11-06,0.5526,0.5582,0.5498,0.5498,602463
STONE,2014-11-07,0.5638,0.5750,0.5582,0.5750,534925
STONE,2014-11-11,0.5638,0.5750,0.5638,0.5750,277674
STONE,2014-11-12,0.5526,0.5750,0.5470,0.5470,389460
STONE,2014-11-13,0.5638,0.5638,0.5359,0.5387,426185
STONE,2014-11-14,0.5331,0.5638,0.5331,0.5554,288602
STONE,2014-11-17,0.5694,0.5694,0.5303,0.5303,32783
STONE,2014-11-18,0.5582,0.5582,0.5582,0.5582,508770
STONE,2014-11-19,0.5554,0.5582,0.5554,0.5582,417406
STONE,2014-11-20,0.5443,0.5582,0.5443,0.5582,490856
STONE,2014-11-21,0.5582,0.5582,0.5582,0.5582,575233
STONE,2014-11-24,0.5554,0.5582,0.5303,0.5582,854160
STONE,2014-11-25,0.5554,0.5582,0.5247,0.5247,259759
STONE,2014-11-26,0.5498,0.5582,0.5247,0.5303,1762781
STONE,2014-11-27,0.5303,0.5554,0.5303,0.5554,650652
STONE,2014-11-28,0.5526,0.5526,0.5303,0.5303,657460
STONE,2014-12-01,0.5024,0.5470,0.5024,0.5080,471329
STONE,2014-12-02,0.5135,0.5415,0.5080,0.5415,672508
STONE,2014-12-03,0.5470,0.5498,0.5135,0.5415,604433
STONE,2014-12-04,0.5359,0.5415,0.5359,0.5387,675554
STONE,2014-12-05,0.5387,0.5387,0.5387,0.5387,460401
STONE,2014-12-08,0.5331,0.5331,0.5331,0.5331,844128
STONE,2014-12-09,0.5052,0.5275,0.5052,0.5275,666596
STONE,2014-12-10,0.5275,0.5275,0.5275,0.5275,747032
STONE,2014-12-11,0.5303,0.5331,0.5247,0.5303,489423
STONE,2014-12-12,0.5024,0.5331,0.5024,0.5331,702246
STONE,2014-12-15,0.5024,0.5275,0.4745,0.5219,764947
STONE,2014-12-16,0.5163,0.5191,0.5163,0.5191,666417
STONE,2014-12-17,0.5024,0.5191,0.5024,0.5191,503754
STONE,2014-12-18,0.5247,0.5247,0.5080,0.5247,748824
STONE,2014-12-19,0.5191,0.5219,0.5191,0.5219,795401
STONE,2014-12-22,0.5191,0.5191,0.5191,0.5191,657460
STONE,2014-12-23,0.5303,0.5303,0.5080,0.5080,501963
STONE,2014-12-24,0.5080,0.5303,0.5080,0.5080,896080
STONE,2014-12-26,0.5108,0.5163,0.5024,0.5024,1083107
STONE,2014-12-29,0.5163,0.5219,0.5024,0.5024,747032
STONE,2014-12-30,0.5135,0.5163,0.5135,0.5163,515936
STONE,2014-12-31,0.5163,0.5303,0.5080,0.5303,745599
STONE,2015-01-02,0.5219,0.5219,0.5080,0.5080,854519
STONE,2015-01-05,0.5219,0.5247,0.5219,0.5247,714428
STONE,2015-01-06,0.5219,0.5219,0.5219,0.5219,800775
STONE,2015-01-07,0.5024,0.5275,0.4912,0.5163,1083824
STONE,2015-01-08,0.5163,0.5191,0.5135,0.5191,761364
STONE,2015-01-09,0.5135,0.5135,0.5024,0.5135,682540
STONE,2015-01-12,0.5135,0.5303,0.5135,0.5303,899305
STONE,2015-01-13,0.5275,0.5275,0.5275,0.5275,469358
STONE,2015-01-14,0.5247,0.5247,0.5247,0.5247,727326
STONE,2015-01-15,0.5219,0.5219,0.5219,0.5219,664626
STONE,2015-01-16,0.5219,0.5219,0.5219,0.5219,852727
STONE,2015-01-19,0.5191,0.5191,0.5135,0.5135,496230
STONE,2015-01-20,0.5275,0.5303,0.5275,0.5303,736283
STONE,2015-01-21,0.5247,0.5247,0.5247,0.5247,997834
STONE,2015-01-22,0.5275,0.5275,0.5275,0.5275,1069492
STONE,2015-01-23,0.5191,0.5191,0.5191,0.5191,503396
STONE,2015-01-26,0.5191,0.5191,0.5024,0.5024,854519
STONE,2015-01-27,0.5024,0.5275,0.4996,0.5024,802388
STONE,2015-01-28,0.5080,0.5108,0.5024,0.5108,1061431
STONE,2015-01-29,0.5052,0.5163,0.5052,0.5135,899663
STONE,2015-01-30,0.5108,0.5108,0.5108,0.5108,508233
STONE,2015-02-04,0.5135,0.5163,0.4745,0.5108,831230
STONE,2015-02-05,0.5080,0.5080,0.5052,0.5080,861685
STONE,2015-02-06,0.5024,0.5052,0.5024,0.5052,829439
STONE,2015-02-09,0.4996,0.5024,0.4801,0.5024,807404
STONE,2015-02-10,0.5024,0.5024,0.5024,0.5024,625214
STONE,2015-02-11,0.4996,0.5024,0.4996,0.5024,881390
STONE,2015-02-12,0.5024,0.5135,0.5024,0.5135,831230
STONE,2015-02-13,0.5052,0.5135,0.5052,0.5135,730013
STONE,2015-02-16,0.5108,0.5108,0.5108,0.5108,1395535
STONE,2015-02-17,0.5052,0.5052,0.5024,0.5052,881390
STONE,2015-02-18,0.5024,0.5024,0.5024,0.5024,26872
STONE,2015-02-23,0.5052,0.5191,0.5052,0.5163,1415241
STONE,2015-02-24,0.5135,0.5135,0.5135,0.5135,772112
STONE,2015-02-25,0.5108,0.5108,0.5108,0.5108,1271925
STONE,2015-02-26,0.5108,0.5108,0.5108,0.5108,596551
STONE,2015-02-27,0.5080,0.5080,0.5080,0.5080,791818
STONE,2015-03-02,0.5052,0.5163,0.4968,0.5135,1363826
STONE,2015-03-03,0.5024,0.5080,0.5024,0.5080,501604
STONE,2015-03-04,0.5024,0.5080,0.5024,0.5080,623243
STONE,2015-03-05,0.4745,0.5108,0.4745,0.5108,813316
STONE,2015-03-06,0.5024,0.5024,0.4996,0.5024,2287674
STONE,2015-03-09,0.4996,0.4996,0.4996,0.4996,499813
STONE,2015-03-10,0.4996,0.4996,0.4996,0.4996,1216390
STONE,2015-03-11,0.4996,0.4996,0.4996,0.4996,1169813
STONE,2015-03-12,0.4996,0.4996,0.4996,0.4996,1492273
STONE,2015-03-13,0.4996,0.4996,0.4996,0.4996,499813
STONE,2015-03-16,0.4996,0.4996,0.4996,0.4996,1039038
STONE,2015-03-17,0.4996,0.4996,0.4996,0.4996,1180562
STONE,2015-03-18,0.4996,0.4996,0.4996,0.4996,1438530
STONE,2015-03-19,0.4996,0.4996,0.4996,0.4996,874225
STONE,2015-03-20,0.4996,0.4996,0.4996,0.4996,863476
STONE,2015-03-23,0.4996,0.4996,0.4996,0.4996,560722
STONE,2015-03-24,0.4996,0.5024,0.4968,0.5024,599596
STONE,2015-03-25,0.4996,0.4996,0.4996,0.4996,754198
STONE,2015-03-26,0.4996,0.4996,0.4996,0.4996,946778
STONE,2015-03-27,0.5024,0.5024,0.4996,0.5024,852727
STONE,2015-03-30,0.5024,0.5024,0.5024,0.5024,481898
STONE,2015-03-31,0.5024,0.5024,0.5024,0.5024,781070
STONE,2015-04-01,0.4996,0.5024,0.4689,0.4856,1511262
STONE,2015-04-02,0.4856,0.4856,0.4856,0.4856,8957
STONE,2015-04-03,0.4912,0.5024,0.4801,0.4801,590639
STONE,2015-04-06,0.4801,0.4884,0.4577,0.4633,632380
STONE,2015-04-07,0.4940,0.4940,0.4940,0.4940,17914
STONE,2015-04-08,0.4940,0.4940,0.4940,0.4940,17914
STONE,2015-04-09,0.4801,0.4801,0.4745,0.4745,759035
STONE,2015-04-10,0.4633,0.4745,0.4633,0.4745,444278
STONE,2015-04-15,0.4801,0.4801,0.4801,0.4801,53743
STONE,2015-04-16,0.4745,0.4745,0.4745,0.4745,474733
STONE,2015-04-17,0.4521,0.4745,0.4521,0.4745,127193
STONE,2015-04-22,0.4912,0.4912,0.4884,0.4884,2644171
STONE,2015-04-23,0.4856,0.4856,0.4856,0.4856,85989
STONE,2015-04-28,0.4940,0.4968,0.4856,0.4940,518802
STONE,2015-04-29,0.4968,0.4968,0.4968,0.4968,68075
STONE,2015-04-30,0.4745,0.5024,0.4689,0.5024,243636
STONE,2015-05-06,0.4912,0.4940,0.4856,0.4940,352914
STONE,2015-05-07,0.4912,0.4912,0.4801,0.4801,129701
STONE,2015-05-08,0.4829,0.4829,0.4829,0.4829,168575
STONE,2015-05-11,0.4661,0.4661,0.4633,0.4633,24184
STONE,2015-05-12,0.4773,0.4773,0.4745,0.4773,164813
STONE,2015-05-14,0.4773,0.4773,0.4773,0.4773,168575
STONE,2015-05-18,0.4829,0.4829,0.4577,0.4577,275703
STONE,2015-05-19,0.4466,0.4689,0.4466,0.4466,10032
STONE,2015-05-20,0.4521,0.4521,0.4410,0.4410,252952
STONE,2015-05-21,0.4438,0.4438,0.4410,0.4438,33321
STONE,2015-05-22,0.4438,0.4438,0.4187,0.4270,193655
STONE,2015-05-25,0.4075,0.4075,0.3405,0.3628,445174
STONE,2015-05-26,0.3628,0.3963,0.3405,0.3740,1626094
STONE,2015-05-29,0.3650,0.4000,0.3500,0.4000,354300
STONE,2015-06-01,0.3500,0.4050,0.3500,0.3800,910600
STONE,2015-06-05,0.3050,0.3150,0.3000,0.3000,4632700
STONE,2015-06-08,0.3000,0.3050,0.2850,0.3000,1699700
STONE,2015-06-09,0.2950,0.2950,0.2650,0.2650,2230900
STONE,2015-06-10,0.2650,0.2750,0.2650,0.2750,653000
STONE,2015-06-11,0.2800,0.2800,0.2600,0.2650,910500
STONE,2015-06-15,0.2750,0.2750,0.2650,0.2650,1146600
STONE,2015-06-18,0.2600,0.2600,0.2400,0.2400,442500
STONE,2015-06-22,0.2400,0.2700,0.2400,0.2700,648700
STONE,2015-06-23,0.2700,0.2750,0.2600,0.2750,505900
STONE,2015-06-24,0.2650,0.2700,0.2600,0.2700,1127900
STONE,2015-06-25,0.2650,0.2650,0.2500,0.2550,399200
STONE,2015-06-29,0.2450,0.2500,0.2400,0.2450,2114400
STONE,2015-07-02,0.2500,0.2500,0.2400,0.2400,609500
STONE,2015-07-06,0.2350,0.2350,0.2250,0.2250,352000
STONE,2015-07-07,0.2300,0.2400,0.2300,0.2400,456500
STONE,2015-07-08,0.2300,0.2350,0.2300,0.2350,170700
STONE,2015-07-09,0.2300,0.2400,0.2300,0.2400,213000
STONE,2015-07-10,0.2350,0.2350,0.2350,0.2350,110000
STONE,2015-07-13,0.2350,0.2400,0.2350,0.2350,439000
STONE,2015-07-14,0.2350,0.2500,0.2350,0.2450,212400
STONE,2015-07-15,0.2450,0.2500,0.2400,0.2500,290800
STONE,2015-07-16,0.2500,0.2500,0.2500,0.2500,80000
STONE,2015-07-20,0.2500,0.2500,0.2450,0.2450,437000
STONE,2015-07-21,0.2500,0.2750,0.2500,0.2700,1034300
STONE,2015-07-22,0.2650,0.2750,0.2650,0.2700,401100
STONE,2015-07-23,0.2700,0.2750,0.2600,0.2700,535700
STONE,2015-07-24,0.2700,0.2700,0.2650,0.2650,626700
STONE,2015-07-27,0.2600,0.2650,0.2600,0.2650,380700
STONE,2015-07-28,0.2600,0.2600,0.2500,0.2500,116000
STONE,2015-07-29,0.2500,0.2550,0.2500,0.2500,50000
STONE,2015-07-30,0.2500,0.2550,0.2500,0.2500,215000
STONE,2015-07-31,0.2500,0.2550,0.2500,0.2550,240000
STONE,2015-08-03,0.2550,0.2700,0.2550,0.2700,254200
STONE,2015-08-04,0.2700,0.2700,0.2650,0.2650,205000
STONE,2015-08-05,0.2650,0.3050,0.2650,0.3000,3323200
STONE,2015-08-06,0.3150,0.3200,0.2800,0.2800,4645700
STONE,2015-08-07,0.2800,0.2800,0.2550,0.2700,738000
STONE,2015-08-11,0.2600,0.2700,0.2400,0.2400,673400
STONE,2015-08-12,0.2350,0.2350,0.2200,0.2250,834600
STONE,2015-08-13,0.2350,0.2550,0.2350,0.2550,67000
STONE,2015-08-14,0.2500,0.2500,0.2350,0.2450,172500
STONE,2015-08-17,0.2350,0.2350,0.2000,0.2050,1087900
STONE,2015-08-18,0.2250,0.2300,0.2050,0.2250,288300
STONE,2015-08-19,0.2250,0.2250,0.2100,0.2200,246000
STONE,2015-08-21,0.2250,0.2300,0.2250,0.2300,288000
STONE,2015-08-24,0.2150,0.2150,0.2000,0.2050,931800
STONE,2015-08-25,0.2000,0.2200,0.2000,0.2200,113300
STONE,2015-08-26,0.2100,0.2100,0.2000,0.2050,159700
STONE,2015-08-27,0.2100,0.2150,0.2100,0.2150,328300
STONE,2015-08-28,0.2150,0.2150,0.2100,0.2150,75100
STONE,2015-09-01,0.2200,0.2450,0.2200,0.2250,147300
STONE,2015-09-02,0.2200,0.2350,0.2200,0.2350,25000
STONE,2015-09-03,0.2200,0.2350,0.2200,0.2200,285000
STONE,2015-09-04,0.2350,0.2350,0.2250,0.2250,286900
STONE,2015-09-07,0.2350,0.2350,0.2350,0.2350,5000
STONE,2015-09-08,0.2300,0.2350,0.2300,0.2350,71000
STONE,2015-09-09,0.2350,0.2400,0.2350,0.2400,326100
STONE,2015-09-11,0.2400,0.2400,0.2400,0.2400,42000
STONE,2015-09-15,0.2300,0.2550,0.2300,0.2550,500200
STONE,2015-09-17,0.2550,0.2650,0.2550,0.2650,463200
STONE,2015-09-21,0.2500,0.2500,0.2400,0.2400,57000
STONE,2015-09-22,0.2500,0.2550,0.2450,0.2500,525000
STONE,2015-09-23,0.2500,0.2550,0.2500,0.2550,161600
STONE,2015-09-25,0.2550,0.2550,0.2450,0.2450,15000
STONE,2015-09-28,0.2450,0.2450,0.2450,0.2450,35000
STONE,2015-09-29,0.2350,0.2600,0.2350,0.2500,421000
STONE,2015-10-02,0.2500,0.2500,0.2500,0.2500,20000
STONE,2015-10-05,0.2550,0.2550,0.2550,0.2550,495000
STONE,2015-10-06,0.2500,0.2550,0.2500,0.2500,90000
STONE,2015-10-07,0.2550,0.2550,0.2500,0.2500,323000
STONE,2015-10-08,0.2500,0.2500,0.2450,0.2500,117000
STONE,2015-10-09,0.2500,0.2500,0.2500,0.2500,525000
STONE,2015-10-12,0.2450,0.2500,0.2450,0.2500,50000
STONE,2015-10-15,0.2500,0.2500,0.2400,0.2400,75000
STONE,2015-10-16,0.2400,0.2500,0.2400,0.2450,450000
STONE,2015-10-19,0.2400,0.2500,0.2400,0.2450,248700
STONE,2015-10-20,0.2450,0.2500,0.2450,0.2500,142000
STONE,2015-10-21,0.2500,0.2500,0.2500,0.2500,30000
STONE,2015-10-22,0.2500,0.2500,0.2450,0.2450,385000
STONE,2015-10-23,0.2450,0.2450,0.2450,0.2450,28500
STONE,2015-10-27,0.2450,0.2500,0.2450,0.2500,61000
STONE,2015-10-28,0.2450,0.2500,0.2450,0.2500,313000
STONE,2015-10-29,0.2550,0.2900,0.2550,0.2900,453000
STONE,2015-10-30,0.2850,0.2950,0.2700,0.2700,854400
STONE,2015-11-02,0.2800,0.2800,0.2650,0.2650,165000
STONE,2015-11-03,0.2650,0.2750,0.2650,0.2750,492000
STONE,2015-11-04,0.2750,0.2750,0.2650,0.2750,206000
STONE,2015-11-05,0.2650,0.2850,0.2600,0.2750,417000
STONE,2015-11-06,0.2900,0.2900,0.2700,0.2800,133000
STONE,2015-11-09,0.2700,0.2800,0.2700,0.2700,544400
STONE,2015-11-11,0.2700,0.2700,0.2700,0.2700,70000
STONE,2015-11-12,0.2700,0.2700,0.2650,0.2650,185000
STONE,2015-11-13,0.2750,0.3050,0.2750,0.2900,1311200
STONE,2015-11-16,0.2900,0.3000,0.2900,0.2950,872900
STONE,2015-11-17,0.2950,0.3050,0.2900,0.3000,1043600
STONE,2015-11-18,0.3100,0.3100,0.3000,0.3000,978200
STONE,2015-11-19,0.3050,0.3550,0.3000,0.3400,7570700
STONE,2015-11-20,0.3400,0.3700,0.3400,0.3600,2426000
STONE,2015-11-23,0.3650,0.4050,0.3650,0.4050,5503200
STONE,2015-11-24,0.4100,0.4250,0.3900,0.4000,3597100
STONE,2015-11-25,0.3900,0.4000,0.3500,0.3650,1586300
STONE,2015-11-26,0.3650,0.3650,0.3400,0.3400,1712500
STONE,2015-11-27,0.3300,0.3300,0.3000,0.3200,3131400
STONE,2015-11-30,0.3200,0.3700,0.3050,0.3500,2488200
STONE,2015-12-01,0.3550,0.3800,0.3300,0.3450,2511900
STONE,2015-12-02,0.3450,0.3600,0.3400,0.3500,1291700
STONE,2015-12-03,0.3400,0.3450,0.3250,0.3400,664000
STONE,2015-12-04,0.3350,0.3400,0.3200,0.3400,1002200
STONE,2015-12-07,0.3500,0.3900,0.3500,0.3650,2548700
STONE,2015-12-08,0.3700,0.3750,0.3650,0.3700,1387700
STONE,2015-12-09,0.3650,0.3650,0.3400,0.3400,1721700
STONE,2015-12-10,0.3500,0.3500,0.3350,0.3400,958900
STONE,2015-12-11,0.3400,0.3400,0.3300,0.3350,1457600
STONE,2015-12-14,0.3300,0.3350,0.3250,0.3300,544500
STONE,2015-12-15,0.3300,0.3400,0.3300,0.3350,156000
STONE,2015-12-16,0.3400,0.3600,0.3400,0.3550,910800
STONE,2015-12-17,0.3550,0.3550,0.3400,0.3500,638000
STONE,2015-12-18,0.3550,0.3750,0.3500,0.3750,1789900
STONE,2015-12-21,0.3750,0.3800,0.3700,0.3750,1099100
STONE,2015-12-22,0.3750,0.3800,0.3700,0.3800,251400
STONE,2015-12-23,0.3800,0.4100,0.3750,0.4000,5224800
STONE,2015-12-28,0.4000,0.4050,0.3850,0.3900,951300
STONE,2015-12-29,0.3900,0.4250,0.3900,0.4100,1898500
STONE,2015-12-30,0.4150,0.4150,0.3950,0.4150,1788300
STONE,2015-12-31,0.4050,0.4200,0.4000,0.4050,2239200
STONE,2016-01-04,0.4000,0.4000,0.3700,0.3800,1428500
STONE,2016-01-05,0.3800,0.3900,0.3800,0.3900,1412200
STONE,2016-01-06,0.3900,0.3900,0.3850,0.3850,247200
STONE,2016-01-07,0.3900,0.4050,0.3850,0.3900,1763400
STONE,2016-01-08,0.3900,0.3950,0.3800,0.3800,915400
STONE,2016-01-11,0.3850,0.3850,0.3700,0.3750,795400
STONE,2016-01-12,0.3800,0.3800,0.3750,0.3750,322200
STONE,2016-01-13,0.3750,0.4000,0.3700,0.3900,2511000
STONE,2016-01-14,0.3800,0.3950,0.3800,0.3900,320700
STONE,2016-01-15,0.4000,0.4100,0.3800,0.3900,1761000
STONE,2016-01-18,0.3850,0.3850,0.3700,0.3850,702100
STONE,2016-01-19,0.3850,0.4050,0.3850,0.3950,1054600
STONE,2016-01-20,0.3950,0.4000,0.3800,0.3800,906000
STONE,2016-01-21,0.3800,0.3800,0.3500,0.3650,547100
STONE,2016-01-22,0.3650,0.3850,0.3650,0.3800,531500
STONE,2016-01-26,0.3800,0.3800,0.3750,0.3750,954600
STONE,2016-01-27,0.3750,0.3950,0.3750,0.3800,1045300
STONE,2016-01-28,0.3800,0.3800,0.3750,0.3800,177800
STONE,2016-01-29,0.3900,0.3900,0.3700,0.3750,507100
STONE,2016-02-02,0.3800,0.3850,0.3800,0.3850,795300
STONE,2016-02-03,0.3850,0.3900,0.3800,0.3900,1129600
STONE,2016-02-04,0.3900,0.3900,0.3850,0.3850,159700
STONE,2016-02-05,0.3900,0.4000,0.3900,0.3950,491400
STONE,2016-02-10,0.3900,0.4000,0.3900,0.3950,505000
STONE,2016-02-11,0.3950,0.4150,0.3750,0.3750,4254400
STONE,2016-02-12,0.3750,0.3800,0.3750,0.3750,212900
STONE,2016-02-15,0.3850,0.3850,0.3700,0.3800,578800
STONE,2016-02-16,0.3750,0.3750,0.3700,0.3700,458900
STONE,2016-02-17,0.3800,0.3850,0.3650,0.3650,1307900
STONE,2016-02-18,0.3700,0.3800,0.3700,0.3800,382000
STONE,2016-02-19,0.3750,0.3800,0.3750,0.3800,275000
STONE,2016-02-22,0.3800,0.4000,0.3800,0.4000,907400
STONE,2016-02-23,0.4000,0.4050,0.3900,0.3900,1873700
STONE,2016-02-24,0.3900,0.4000,0.3900,0.4000,320000
STONE,2016-02-25,0.3950,0.3950,0.3900,0.3950,371000
STONE,2016-02-26,0.3900,0.3900,0.3750,0.3800,426100
STONE,2016-02-29,0.3800,0.3800,0.3750,0.3800,285000
STONE,2016-03-01,0.3800,0.3800,0.3750,0.3750,104000
STONE,2016-03-02,0.3750,0.3750,0.3750,0.3750,30000
STONE,2016-03-03,0.3800,0.3800,0.3750,0.3750,162000
STONE,2016-03-04,0.3750,0.3750,0.3600,0.3650,667000
STONE,2016-03-07,0.3700,0.3700,0.3600,0.3600,305000
STONE,2016-03-08,0.3600,0.3600,0.3250,0.3350,572200
STONE,2016-03-09,0.3350,0.3400,0.3300,0.3400,197900
STONE,2016-03-10,0.3500,0.3500,0.3500,0.3500,48000
STONE,2016-03-11,0.3550,0.3550,0.3550,0.3550,50000
STONE,2016-03-14,0.3500,0.3500,0.3400,0.3400,55000
STONE,2016-03-15,0.3400,0.3550,0.3400,0.3550,20000
STONE,2016-03-16,0.3550,0.3650,0.3550,0.3650,85000
STONE,2016-03-17,0.3650,0.3650,0.3650,0.3650,70000
STONE,2016-03-18,0.3650,0.3650,0.3500,0.3550,170000
STONE,2016-03-21,0.3600,0.3750,0.3600,0.3750,326500
STONE,2016-03-22,0.3750,0.3950,0.3750,0.3850,596000
STONE,2016-03-23,0.3900,0.3950,0.3800,0.3950,112100
STONE,2016-03-24,0.3950,0.3950,0.3750,0.3750,492000
STONE,2016-03-25,0.3850,0.3900,0.3850,0.3850,190000
STONE,2016-03-28,0.3850,0.3850,0.3700,0.3700,147000
STONE,2016-03-29,0.3750,0.3750,0.2900,0.2900,999000
STONE,2016-03-30,0.3300,0.3850,0.3300,0.3600,884800
STONE,2016-03-31,0.3600,0.3800,0.3600,0.3600,368300
STONE,2016-04-01,0.3600,0.3850,0.3600,0.3850,442000
STONE,2016-04-04,0.3800,0.3800,0.3600,0.3600,528700
STONE,2016-04-05,0.3550,0.3600,0.3500,0.3550,531200
STONE,2016-04-06,0.3600,0.3600,0.3600,0.3600,50000
STONE,2016-04-07,0.3700,0.3700,0.3600,0.3600,130000
STONE,2016-04-08,0.3600,0.3950,0.3600,0.3750,1169400
STONE,2016-04-11,0.3750,0.3750,0.3700,0.3750,59600
STONE,2016-04-12,0.3750,0.3750,0.3700,0.3700,10000
STONE,2016-04-13,0.3650,0.3700,0.3600,0.3700,260000
STONE,2016-04-14,0.3600,0.3650,0.3600,0.3650,38500
STONE,2016-04-15,0.3550,0.3550,0.3550,0.3550,147200
STONE,2016-04-18,0.3500,0.3550,0.3500,0.3550,110400
STONE,2016-04-19,0.3550,0.3600,0.3500,0.3550,818900
STONE,2016-04-20,0.3550,0.3550,0.3500,0.3550,520000
STONE,2016-04-21,0.3550,0.3600,0.3550,0.3600,115000
STONE,2016-04-22,0.3650,0.3650,0.3600,0.3600,197500
STONE,2016-04-25,0.3600,0.3650,0.3600,0.3600,301600
STONE,2016-04-26,0.3650,0.3700,0.3650,0.3700,109200
STONE,2016-04-27,0.3700,0.3700,0.3650,0.3700,155400
STONE,2016-04-28,0.3650,0.3700,0.3650,0.3700,15000
STONE,2016-04-29,0.3650,0.3650,0.3650,0.3650,130000
STONE,2016-05-03,0.3600,0.3600,0.3500,0.3550,106100
STONE,2016-05-04,0.3550,0.3550,0.3550,0.3550,25000
STONE,2016-05-05,0.3600,0.3650,0.3600,0.3650,212200
STONE,2016-05-06,0.3650,0.3650,0.3600,0.3650,255000
STONE,2016-05-09,0.3650,0.3700,0.3600,0.3600,161100
STONE,2016-05-10,0.3600,0.3700,0.3600,0.3700,161500
STONE,2016-05-11,0.3700,0.3700,0.3600,0.3600,104000
STONE,2016-05-12,0.3650,0.3650,0.3650,0.3650,51000
STONE,2016-05-13,0.3650,0.3650,0.3650,0.3650,67000
STONE,2016-05-16,0.3700,0.3700,0.3550,0.3550,230000
STONE,2016-05-19,0.3550,0.3550,0.3500,0.3500,45600
STONE,2016-05-20,0.3550,0.3650,0.3550,0.3650,50000
STONE,2016-05-23,0.3600,0.3600,0.3600,0.3600,40000
STONE,2016-05-25,0.3550,0.3550,0.3550,0.3550,97000
STONE,2016-05-26,0.3550,0.3550,0.3500,0.3500,170000
STONE,2016-05-27,0.3500,0.3500,0.3400,0.3400,265400
STONE,2016-05-30,0.3300,0.3400,0.3300,0.3400,50000
STONE,2016-05-31,0.3400,0.3450,0.3350,0.3400,112600
STONE,2016-06-01,0.3400,0.3500,0.3350,0.3500,218500
STONE,2016-06-02,0.3500,0.3500,0.3500,0.3500,10000
STONE,2016-06-03,0.3450,0.3500,0.3450,0.3500,64000
STONE,2016-06-06,0.3450,0.3450,0.3400,0.3400,93600
STONE,2016-06-07,0.3400,0.3400,0.3400,0.3400,10500
STONE,2016-06-08,0.3400,0.3400,0.3250,0.3250,80000
STONE,2016-06-09,0.3400,0.3600,0.3400,0.3600,291500
STONE,2016-06-10,0.3550,0.3600,0.3550,0.3600,25000
STONE,2016-06-13,0.3550,0.3550,0.3500,0.3500,36000
STONE,2016-06-14,0.3350,0.3450,0.3350,0.3450,56000
STONE,2016-06-16,0.3450,0.3550,0.3350,0.3500,25000
STONE,2016-06-17,0.3350,0.3500,0.3350,0.3500,84900
STONE,2016-06-20,0.3400,0.3450,0.3350,0.3450,86000
STONE,2016-06-21,0.3450,0.3450,0.3450,0.3450,50000
STONE,2016-06-23,0.3500,0.3500,0.3400,0.3500,100000
STONE,2016-06-24,0.3500,0.3550,0.3500,0.3550,689500
STONE,2016-06-27,0.3500,0.3500,0.3500,0.3500,131000
STONE,2016-06-29,0.3500,0.3500,0.3500,0.3500,30000
STONE,2016-06-30,0.3500,0.3500,0.3500,0.3500,160000
STONE,2016-07-01,0.3500,0.3500,0.3500,0.3500,121500
STONE,2016-07-04,0.3500,0.3500,0.3500,0.3500,116000
STONE,2016-07-08,0.3500,0.3500,0.3450,0.3450,10000
STONE,2016-07-11,0.3400,0.3500,0.3400,0.3500,92000
STONE,2016-07-12,0.3500,0.3500,0.3500,0.3500,70000
STONE,2016-07-13,0.3450,0.3500,0.3450,0.3450,106500
STONE,2016-07-15,0.3500,0.3500,0.3400,0.3400,208800
STONE,2016-07-18,0.3400,0.3400,0.3350,0.3350,280000
STONE,2016-07-19,0.3350,0.3400,0.3300,0.3300,36200
STONE,2016-07-21,0.3300,0.3300,0.3300,0.3300,50000
STONE,2016-07-22,0.3200,0.3250,0.3200,0.3200,184000
STONE,2016-07-26,0.3200,0.3250,0.3200,0.3250,25000
STONE,2016-07-27,0.3250,0.3250,0.3200,0.3200,17600
STONE,2016-07-28,0.3200,0.3200,0.3200,0.3200,10000
STONE,2016-08-01,0.3300,0.3300,0.3150,0.3150,112000
STONE,2016-08-02,0.3100,0.3100,0.3050,0.3050,110000
STONE,2016-08-03,0.3050,0.3100,0.3050,0.3100,64000
STONE,2016-08-04,0.3000,0.3000,0.3000,0.3000,1000
STONE,2016-08-05,0.3200,0.3200,0.3200,0.3200,1500
STONE,2016-08-09,0.3000,0.3100,0.3000,0.3100,105000
STONE,2016-08-10,0.3100,0.3250,0.3100,0.3200,363300
STONE,2016-08-11,0.3050,0.3050,0.3050,0.3050,159000
STONE,2016-08-12,0.3150,0.3150,0.3150,0.3150,54000
STONE,2016-08-15,0.3050,0.3050,0.3050,0.3050,10000
STONE,2016-08-17,0.3050,0.3050,0.3000,0.3000,140000
STONE,2016-08-18,0.3000,0.3100,0.2950,0.3100,91000
STONE,2016-08-19,0.3000,0.3050,0.3000,0.3050,59500
STONE,2016-08-22,0.3000,0.3050,0.3000,0.3000,152000
STONE,2016-08-24,0.3000,0.3050,0.3000,0.3050,58000
STONE,2016-08-25,0.3050,0.3050,0.2950,0.3050,101000
STONE,2016-08-26,0.2850,0.3000,0.2850,0.3000,7000
STONE,2016-08-30,0.3000,0.3050,0.3000,0.3000,375000
STONE,2016-09-01,0.3000,0.3000,0.3000,0.3000,458000
STONE,2016-09-02,0.3000,0.3000,0.2850,0.3000,193100
STONE,2016-09-05,0.2950,0.2950,0.2950,0.2950,101500
STONE,2016-09-06,0.2950,0.2950,0.2950,0.2950,13000
STONE,2016-09-07,0.2900,0.2900,0.2900,0.2900,94000
STONE,2016-09-08,0.2900,0.2900,0.2900,0.2900,60000
STONE,2016-09-13,0.2850,0.2950,0.2850,0.2950,21000
STONE,2016-09-14,0.2950,0.2950,0.2950,0.2950,41000
STONE,2016-09-15,0.2900,0.2900,0.2900,0.2900,20000
STONE,2016-09-19,0.2800,0.2900,0.2750,0.2900,474500
STONE,2016-09-21,0.2750,0.2750,0.2700,0.2700,50000
STONE,2016-09-22,0.2800,0.2800,0.2800,0.2800,149500
STONE,2016-09-23,0.2800,0.2900,0.2800,0.2900,373000
STONE,2016-09-26,0.2750,0.2750,0.2750,0.2750,25900
STONE,2016-09-27,0.2750,0.2750,0.2750,0.2750,28700
STONE,2016-09-28,0.2700,0.2700,0.2700,0.2700,21000
STONE,2016-09-29,0.2700,0.2700,0.2700,0.2700,10000
STONE,2016-09-30,0.2800,0.2800,0.2800,0.2800,11000
STONE,2016-10-06,0.2900,0.2900,0.2900,0.2900,375500
STONE,2016-10-07,0.2700,0.2700,0.2700,0.2700,1800
STONE,2016-10-10,0.2900,0.2900,0.2900,0.2900,29500
STONE,2016-10-12,0.2750,0.2850,0.2750,0.2850,430000
STONE,2016-10-13,0.2800,0.2800,0.2700,0.2700,221900
STONE,2016-10-14,0.2600,0.2600,0.2450,0.2450,415500
STONE,2016-10-17,0.2300,0.2300,0.1750,0.2150,873800
STONE,2016-10-18,0.2100,0.2300,0.2050,0.2300,673600
STONE,2016-10-19,0.2200,0.2200,0.2200,0.2200,192800
STONE,2016-10-20,0.2200,0.2300,0.2200,0.2200,287500
STONE,2016-10-21,0.2400,0.2800,0.2400,0.2400,236000
STONE,2016-10-24,0.2400,0.2400,0.2400,0.2400,25000
STONE,2016-10-25,0.2400,0.2400,0.2400,0.2400,8000
STONE,2016-10-26,0.2400,0.2500,0.2400,0.2500,541200
STONE,2016-10-27,0.2450,0.2450,0.2000,0.2000,394000
STONE,2016-10-28,0.2150,0.2150,0.2150,0.2150,18000
STONE,2016-10-31,0.2250,0.2250,0.2250,0.2250,15000
STONE,2016-11-01,0.2150,0.2150,0.2150,0.2150,42500
STONE,2016-11-02,0.2200,0.2200,0.2150,0.2150,164000
STONE,2016-11-07,0.2150,0.2200,0.2150,0.2200,34000
STONE,2016-11-08,0.2150,0.2150,0.2150,0.2150,5000
STONE,2016-11-09,0.2150,0.2150,0.2100,0.2150,136000
STONE,2016-11-10,0.2200,0.2200,0.2200,0.2200,2000
STONE,2016-11-11,0.2100,0.2100,0.2100,0.2100,6600
STONE,2016-11-14,0.2100,0.2100,0.2100,0.2100,8000
STONE,2016-11-15,0.2000,0.2000,0.2000,0.2000,76000
STONE,2016-11-18,0.2000,0.2200,0.2000,0.2200,74600
STONE,2016-11-23,0.2200,0.2200,0.2200,0.2200,60500
STONE,2016-11-24,0.2100,0.2100,0.2100,0.2100,50000
STONE,2016-11-25,0.2100,0.2100,0.2100,0.2100,50000
STONE,2016-11-28,0.2000,0.2000,0.2000,0.2000,75000
STONE,2016-11-29,0.2000,0.2000,0.1800,0.1800,117000
STONE,2016-11-30,0.1800,0.1950,0.1800,0.1950,100000
STONE,2016-12-01,0.1850,0.1950,0.1800,0.1900,246000
STONE,2016-12-02,0.1850,0.1900,0.1850,0.1900,164000
STONE,2016-12-07,0.1700,0.1700,0.0800,0.0850,5887500
STONE,2016-12-08,0.0850,0.0900,0.0750,0.0900,816800
STONE,2016-12-09,0.0800,0.0900,0.0700,0.0750,787400
STONE,2016-12-13,0.0750,0.0850,0.0750,0.0800,573800
STONE,2016-12-14,0.0800,0.0850,0.0750,0.0800,924400
STONE,2016-12-15,0.0800,0.0850,0.0800,0.0850,230000
STONE,2016-12-16,0.0850,0.0850,0.0800,0.0800,352200
STONE,2016-12-19,0.0800,0.0800,0.0800,0.0800,641500
STONE,2016-12-20,0.0750,0.0750,0.0750,0.0750,126500
STONE,2016-12-21,0.0750,0.0750,0.0750,0.0750,243600
STONE,2016-12-22,0.0750,0.0800,0.0750,0.0800,43000
STONE,2016-12-23,0.0750,0.0800,0.0750,0.0800,220000
STONE,2016-12-29,0.0800,0.0800,0.0750,0.0750,1015800
STONE,2016-12-30,0.0750,0.0750,0.0700,0.0700,130200
STONE,2017-01-03,0.0750,0.0750,0.0750,0.0750,25500
STONE,2017-01-04,0.0750,0.0750,0.0750,0.0750,265000
STONE,2017-01-05,0.0700,0.0700,0.0700,0.0700,500000
STONE,2017-01-06,0.0750,0.0750,0.0700,0.0700,340000
STONE,2017-01-10,0.0650,0.0750,0.0650,0.0750,681100
STONE,2017-01-11,0.0750,0.0750,0.0750,0.0750,10000
STONE,2017-01-13,0.0750,0.0750,0.0700,0.0750,444200
STONE,2017-01-16,0.0800,0.0800,0.0700,0.0750,500000
STONE,2017-01-17,0.0750,0.0750,0.0750,0.0750,6000
STONE,2017-01-18,0.0750,0.0750,0.0750,0.0750,20000
STONE,2017-01-19,0.0700,0.0750,0.0700,0.0750,60000
STONE,2017-01-20,0.0700,0.0700,0.0700,0.0700,10000
STONE,2017-01-23,0.0750,0.1000,0.0750,0.1000,5321700
STONE,2017-01-24,0.1250,0.1600,0.1250,0.1350,6459900
STONE,2017-01-25,0.1400,0.1400,0.1050,0.1300,1896500
STONE,2017-01-26,0.1100,0.1150,0.1050,0.1050,1913800
STONE,2017-01-27,0.1000,0.1100,0.1000,0.1100,559200
STONE,2017-01-31,0.1000,0.1150,0.0950,0.0950,1808400
STONE,2017-02-02,0.0950,0.1050,0.0850,0.1000,687000
STONE,2017-02-03,0.1000,0.1100,0.0900,0.1100,1185700
STONE,2017-02-06,0.1100,0.1150,0.1050,0.1100,743800
STONE,2017-02-07,0.1100,0.1100,0.1050,0.1050,1241600
STONE,2017-02-08,0.1000,0.1100,0.1000,0.1100,664400
STONE,2017-02-10,0.1100,0.1100,0.1000,0.1050,550100
STONE,2017-02-13,0.1000,0.1000,0.1000,0.1000,200100
STONE,2017-02-14,0.1000,0.1300,0.1000,0.1200,3094800
STONE,2017-02-15,0.1200,0.1250,0.1150,0.1200,1201900
STONE,2017-02-16,0.1200,0.1200,0.1150,0.1150,214000
STONE,2017-02-17,0.1150,0.1200,0.1150,0.1200,207500
STONE,2017-02-20,0.1200,0.1250,0.1150,0.1250,630100
STONE,2017-02-21,0.1200,0.1250,0.1200,0.1200,265000
STONE,2017-02-22,0.1200,0.1450,0.1200,0.1450,1835900
STONE,2017-02-23,0.1500,0.1600,0.1450,0.1500,1035800
STONE,2017-02-24,0.1500,0.1500,0.1300,0.1450,230000
STONE,2017-02-28,0.1400,0.1400,0.1200,0.1300,1431200
STONE,2017-03-01,0.1400,0.1450,0.1300,0.1450,283200
STONE,2017-03-02,0.1450,0.1700,0.1450,0.1550,806000
STONE,2017-03-03,0.1450,0.1450,0.1450,0.1450,80000
STONE,2017-03-06,0.1450,0.1650,0.1450,0.1550,490400
STONE,2017-03-07,0.1550,0.1700,0.1550,0.1600,941100
STONE,2017-03-08,0.1650,0.1650,0.1550,0.1550,235000
STONE,2017-03-09,0.1600,0.1800,0.1600,0.1600,691700
STONE,2017-03-10,0.1650,0.1750,0.1650,0.1750,110000
STONE,2017-03-13,0.1700,0.1750,0.1700,0.1750,70000
STONE,2017-03-14,0.1800,0.2100,0.1800,0.2100,879100
STONE,2017-03-15,0.2100,0.2200,0.2100,0.2100,185100
STONE,2017-03-16,0.2000,0.2300,0.2000,0.2300,775000
STONE,2017-03-17,0.2350,0.2450,0.1900,0.2400,1565800
STONE,2017-03-20,0.2400,0.2400,0.2200,0.2200,530600
STONE,2017-03-21,0.2200,0.2500,0.2200,0.2300,491000
STONE,2017-03-22,0.2100,0.2200,0.2100,0.2200,141000
STONE,2017-03-23,0.2200,0.2200,0.2050,0.2100,479500
STONE,2017-03-24,0.2150,0.2300,0.2100,0.2100,170900
STONE,2017-03-27,0.2300,0.2350,0.2100,0.2150,446000
STONE,2017-03-28,0.2150,0.2500,0.2150,0.2500,1126800
STONE,2017-03-29,0.2350,0.2400,0.2350,0.2350,273000
STONE,2017-03-31,0.2600,0.2600,0.2500,0.2600,494500
STONE,2017-04-03,0.25,0.26,0.25,0.25,317000.0
STONE,2017-04-04,0.255,0.255,0.24,0.24,189000.0
STONE,2017-04-05,0.24,0.255,0.24,0.24,219000.0
STONE,2017-04-06,0.245,0.255,0.245,0.25,395000.0
STONE,2017-04-07,0.25,0.255,0.245,0.255,131100.0
STONE,2017-04-10,0.255,0.27,0.255,0.27,1390000.0
STONE,2017-04-11,0.275,0.285,0.27,0.27,621600.0
STONE,2017-04-12,0.26,0.275,0.255,0.275,338200.0
STONE,2017-04-13,0.265,0.265,0.265,0.265,200000.0
STONE,2017-04-14,0.26,0.27,0.245,0.255,931600.0
STONE,2017-04-17,0.26,0.27,0.245,0.26,176800.0
STONE,2017-04-18,0.265,0.27,0.245,0.245,116000.0
STONE,2017-04-19,0.255,0.265,0.245,0.265,117000.0
STONE,2017-04-20,0.25,0.265,0.25,0.265,216000.0
STONE,2017-04-21,0.255,0.27,0.255,0.255,116800.0
STONE,2017-04-25,0.265,0.27,0.265,0.27,25000.0
STONE,2017-04-26,0.26,0.265,0.255,0.265,476800.0
STONE,2017-04-27,0.255,0.265,0.255,0.255,187500.0
STONE,2017-04-28,0.26,0.26,0.255,0.26,388000.0
STONE,2017-05-02,0.27,0.28,0.27,0.27,436000.0
STONE,2017-05-03,0.26,0.26,0.26,0.26,225000.0
STONE,2017-05-04,0.27,0.28,0.26,0.26,114200.0
STONE,2017-05-05,0.255,0.255,0.25,0.255,150000.0
STONE,2017-05-08,0.255,0.255,0.255,0.255,11000.0
STONE,2017-05-09,0.255,0.275,0.25,0.275,857300.0
STONE,2017-05-11,0.275,0.275,0.26,0.26,101000.0
STONE,2017-05-12,0.255,0.26,0.255,0.26,99000.0
STONE,2017-05-15,0.25,0.26,0.245,0.255,130000.0
STONE,2017-05-16,0.25,0.255,0.25,0.255,43000.0
STONE,2017-05-18,0.25,0.26,0.25,0.255,284100.0
STONE,2017-05-19,0.26,0.26,0.245,0.245,378800.0
STONE,2017-05-22,0.255,0.265,0.255,0.265,45000.0
STONE,2017-05-23,0.25,0.26,0.25,0.26,20100.0
STONE,2017-05-24,0.26,0.26,0.245,0.26,400900.0
STONE,2017-05-25,0.245,0.26,0.245,0.26,94100.0
STONE,2017-05-26,0.255,0.255,0.255,0.255,60000.0
STONE,2017-05-29,0.255,0.26,0.25,0.26,227300.0
STONE,2017-05-30,0.25,0.295,0.25,0.295,1080000.0
STONE,2017-05-31,0.295,0.295,0.265,0.285,796300.0
STONE,2017-06-01,0.285,0.3,0.27,0.28,171300.0
STONE,2017-06-02,0.265,0.3,0.265,0.29,228600.0
STONE,2017-06-05,0.275,0.28,0.27,0.28,113500.0
STONE,2017-06-06,0.285,0.285,0.27,0.285,499200.0
STONE,2017-06-07,0.285,0.29,0.28,0.28,181400.0
STONE,2017-06-08,0.275,0.285,0.265,0.28,440600.0
STONE,2017-06-09,0.27,0.275,0.27,0.275,24300.0
STONE,2017-06-13,0.27,0.29,0.27,0.285,129800.00000000001
STONE,2017-06-14,0.27,0.295,0.27,0.29,478900.0
STONE,2017-06-15,0.27,0.28,0.27,0.28,174000.0
STONE,2017-06-16,0.27,0.28,0.27,0.28,70600.0
STONE,2017-06-19,0.28,0.285,0.28,0.285,50000.0
STONE,2017-06-21,0.265,0.28,0.265,0.28,144600.0
STONE,2017-06-22,0.27,0.27,0.27,0.27,35000.0
STONE,2017-06-23,0.28,0.28,0.28,0.28,1000.0
STONE,2017-06-28,0.26,0.275,0.26,0.275,30000.0
STONE,2017-06-29,0.26,0.26,0.26,0.26,10000.0
STONE,2017-06-30,0.27,0.275,0.27,0.275,27000.0
STONE,2017-07-03,0.26,0.275,0.255,0.275,199000.0
STONE,2017-07-04,0.275,0.28,0.26,0.27,42700.0
STONE,2017-07-05,0.275,0.275,0.265,0.265,6000.0
STONE,2017-07-06,0.265,0.275,0.265,0.275,51000.0
STONE,2017-07-07,0.275,0.28,0.275,0.275,108500.0
STONE,2017-07-10,0.265,0.275,0.255,0.275,180700.0
STONE,2017-07-11,0.28,0.28,0.26,0.275,34300.0
STONE,2017-07-17,0.26,0.27,0.26,0.27,75000.0
STONE,2017-07-18,0.27,0.275,0.27,0.275,125100.0
STONE,2017-07-19,0.265,0.28,0.26,0.26,212000.0
STONE,2017-07-20,0.27,0.275,0.27,0.275,26800.0
STONE,2017-07-24,0.265,0.28,0.265,0.28,22200.0
STONE,2017-07-25,0.275,0.28,0.275,0.28,36000.0
STONE,2017-07-26,0.265,0.275,0.265,0.275,35000.0
STONE,2017-07-27,0.26,0.27,0.26,0.265,122100.0
STONE,2017-07-28,0.25,0.27,0.25,0.27,174900.0
STONE,2017-07-31,0.265,0.265,0.255,0.265,42000.0
STONE,2017-08-02,0.245,0.245,0.24,0.245,138000.0
STONE,2017-08-03,0.255,0.26,0.255,0.26,22000.0
STONE,2017-08-04,0.245,0.26,0.245,0.26,45100.0
STONE,2017-08-07,0.24,0.25,0.24,0.25,132600.0
STONE,2017-08-08,0.245,0.25,0.245,0.245,60000.0
STONE,2017-08-09,0.255,0.255,0.255,0.255,1000.0
STONE,2017-08-10,0.26,0.26,0.26,0.26,3000.0
STONE,2017-08-11,0.24,0.255,0.24,0.255,52000.0
STONE,2017-08-17,0.26,0.26,0.26,0.26,3000.0
STONE,2017-08-24,0.24,0.255,0.24,0.255,60100.0
STONE,2017-08-25,0.235,0.24,0.235,0.235,40000.0
STONE,2017-08-28,0.245,0.25,0.23,0.25,65000.0
STONE,2017-08-29,0.23,0.23,0.23,0.23,80000.0
STONE,2017-08-30,0.24,0.255,0.24,0.25,45600.0
STONE,2017-09-05,0.23,0.23,0.23,0.23,41100.0
STONE,2017-09-07,0.24,0.25,0.24,0.25,53100.0
STONE,2017-09-11,0.235,0.235,0.235,0.235,10000.0
STONE,2017-09-12,0.245,0.26,0.245,0.25,70100.0
STONE,2017-09-15,0.24,0.25,0.24,0.25,11000.0
STONE,2017-09-19,0.25,0.25,0.25,0.25,13000.0
STONE,2017-09-20,0.24,0.24,0.24,0.24,10000.0
STONE,2017-09-21,0.24,0.245,0.235,0.245,62000.0
STONE,2017-09-26,0.245,0.245,0.245,0.245,50000.0
STONE,2017-10-02,0.23,0.245,0.23,0.245,99000.0
STONE,2017-10-03,0.25,0.25,0.25,0.25,2000.0
STONE,2017-10-04,0.235,0.24,0.225,0.24,136000.0
STONE,2017-10-10,0.22,0.24,0.22,0.24,96000.0
STONE,2017-10-11,0.245,0.25,0.23,0.245,55000.0
STONE,2017-10-12,0.25,0.25,0.25,0.25,1000.0
STONE,2017-10-19,0.24,0.24,0.23,0.24,60000.0
STONE,2017-10-23,0.225,0.23,0.22,0.225,186400.0
STONE,2017-10-24,0.23,0.23,0.215,0.22,38800.0
STONE,2017-10-25,0.215,0.225,0.215,0.225,45000.0
STONE,2017-10-26,0.2,0.215,0.2,0.215,15000.0
STONE,2017-10-27,0.215,0.225,0.215,0.225,30000.0
STONE,2017-10-30,0.23,0.23,0.21,0.21,32000.0
STONE,2017-10-31,0.225,0.225,0.215,0.215,2800.0
STONE,2017-11-01,0.205,0.23,0.205,0.215,31000.0
STONE,2017-11-02,0.2,0.21,0.2,0.21,17000.0
STONE,2017-11-03,0.2,0.23,0.2,0.23,60000.0
STONE,2017-11-06,0.205,0.205,0.205,0.205,25000.0
STONE,2017-11-07,0.205,0.215,0.2,0.205,182800.0
STONE,2017-11-08,0.22,0.22,0.22,0.22,5000.0
STONE,2017-11-09,0.215,0.215,0.215,0.215,20000.0
STONE,2017-11-10,0.21,0.22,0.19,0.19,352000.0
STONE,2017-11-13,0.2,0.2,0.19,0.2,24000.0
STONE,2017-11-14,0.185,0.2,0.185,0.2,28600.0
STONE,2017-11-16,0.18,0.195,0.18,0.195,80000.0
STONE,2017-11-17,0.18,0.19,0.18,0.19,102000.0
STONE,2017-11-20,0.17,0.215,0.165,0.215,211800.0
STONE,2017-11-21,0.195,0.195,0.195,0.195,25000.0
STONE,2017-11-22,0.2,0.2,0.175,0.185,12000.0
STONE,2017-11-23,0.195,0.2,0.195,0.2,8000.0
STONE,2017-11-27,0.19,0.19,0.19,0.19,30000.0
STONE,2017-11-28,0.2,0.2,0.19,0.19,51000.0
STONE,2017-11-29,0.195,0.195,0.19,0.19,34000.0
STONE,2017-12-04,0.17,0.195,0.17,0.195,52000.0
STONE,2017-12-05,0.185,0.195,0.185,0.195,21000.0
STONE,2017-12-06,0.2,0.2,0.19,0.195,41100.0
STONE,2017-12-07,0.2,0.2,0.2,0.2,1000.0
STONE,2017-12-08,0.18,0.2,0.18,0.2,2000.0
STONE,2017-12-11,0.17,0.19,0.17,0.185,37000.0
STONE,2017-12-12,0.19,0.19,0.19,0.19,1000.0
STONE,2017-12-13,0.18,0.19,0.18,0.19,95500.0
STONE,2017-12-15,0.195,0.2,0.195,0.2,4000.0
STONE,2017-12-18,0.17,0.17,0.17,0.17,1000.0
STONE,2017-12-20,0.19,0.19,0.19,0.19,1000.0
STONE,2017-12-27,0.19,0.19,0.18,0.18,11000.0
STONE,2017-12-28,0.19,0.19,0.19,0.19,35000.0
STONE,2017-12-29,0.18,0.19,0.18,0.19,14300.0
STONE,2018-01-02,0.19,0.2,0.19,0.2,209800.0
STONE,2018-01-05,0.195,0.215,0.195,0.215,297000.0
STONE,2018-01-09,0.22,0.22,0.21,0.21,130000.0
STONE,2018-01-10,0.22,0.22,0.195,0.22,44000.0
STONE,2018-01-17,0.19,0.19,0.19,0.19,20000.0
STONE,2018-01-19,0.19,0.19,0.19,0.19,40000.0
STONE,2018-01-22,0.18,0.18,0.18,0.18,5000.0
STONE,2018-01-24,0.18,0.18,0.18,0.18,1000.0
STONE,2018-01-25,0.195,0.195,0.185,0.185,20000.0
STONE,2018-01-29,0.205,0.205,0.175,0.205,3600.0
STONE,2018-01-30,0.205,0.205,0.195,0.195,6400.0
STONE,2018-02-02,0.2,0.2,0.17,0.18,20400.0
STONE,2018-02-05,0.18,0.19,0.18,0.19,6500.0
STONE,2018-02-06,0.19,0.19,0.17,0.18,15200.0
STONE,2018-02-12,0.16,0.16,0.16,0.16,10000.0
STONE,2018-02-13,0.16,0.16,0.16,0.16,10000.0
STONE,2018-02-14,0.15,0.2,0.15,0.185,147600.0
STONE,2018-02-15,0.195,0.195,0.195,0.195,19600.0
STONE,2018-02-19,0.17,0.17,0.17,0.17,5000.0
STONE,2018-02-20,0.19,0.19,0.19,0.19,7000.0
STONE,2018-02-22,0.175,0.175,0.175,0.175,5000.0
STONE,2018-02-23,0.165,0.175,0.165,0.175,50000.0
STONE,2018-02-26,0.19,0.2,0.19,0.19,220400.0
STONE,2018-02-27,0.195,0.205,0.195,0.205,350300.0
STONE,2018-03-01,0.22,0.22,0.2,0.2,25000.0
STONE,2018-03-02,0.2,0.2,0.2,0.2,50000.0
STONE,2018-03-05,0.18,0.18,0.18,0.18,5000.0
STONE,2018-03-07,0.2,0.2,0.2,0.2,30000.0
STONE,2018-03-08,0.18,0.205,0.18,0.205,61900.0
STONE,2018-03-09,0.18,0.205,0.18,0.195,7500.0
STONE,2018-03-13,0.19,0.205,0.19,0.2,152500.0
STONE,2018-03-14,0.2,0.2,0.2,0.2,25000.0
STONE,2018-03-15,0.18,0.18,0.175,0.175,38000.0
STONE,2018-03-16,0.195,0.195,0.19,0.195,26000.0
STONE,2018-03-19,0.19,0.19,0.19,0.19,20000.0
STONE,2018-03-21,0.185,0.19,0.185,0.19,4500.0
STONE,2018-03-22,0.185,0.185,0.185,0.185,1000.0
STONE,2018-03-27,0.175,0.175,0.175,0.175,15000.0
STONE,2018-03-28,0.185,0.185,0.185,0.185,1000.0
