TAMBUN,2011-01-18,0.7651,0.8273,0.7651,0.7699,43370139
TAMBUN,2011-01-19,0.7795,0.7890,0.7460,0.7556,9832749
TAMBUN,2011-01-21,0.7508,0.7699,0.7508,0.7508,2105360
TAMBUN,2011-01-24,0.7556,0.7603,0.7077,0.7125,1924267
TAMBUN,2011-01-25,0.7173,0.7269,0.6838,0.6934,5604673
TAMBUN,2011-01-26,0.6934,0.7077,0.6838,0.7030,1085720
TAMBUN,2011-01-27,0.7077,0.7077,0.6934,0.6982,922506
TAMBUN,2011-01-28,0.6982,0.6982,0.6838,0.6838,1135698
TAMBUN,2011-01-31,0.6791,0.6791,0.6504,0.6552,3185747
TAMBUN,2011-02-02,0.6695,0.6886,0.6695,0.6886,692167
TAMBUN,2011-02-07,0.6886,0.6982,0.6791,0.6838,667596
TAMBUN,2011-02-08,0.6886,0.6934,0.6886,0.6886,689658
TAMBUN,2011-02-09,0.6886,0.6982,0.6886,0.6886,358317
TAMBUN,2011-02-10,0.6886,0.6886,0.6791,0.6791,625355
TAMBUN,2011-02-11,0.6791,0.6886,0.6743,0.6791,621800
TAMBUN,2011-02-14,0.6791,0.6838,0.6743,0.6791,746955
TAMBUN,2011-02-16,0.6838,0.6838,0.6695,0.6791,543696
TAMBUN,2011-02-17,0.6791,0.7269,0.6791,0.7030,2457717
TAMBUN,2011-02-18,0.7030,0.7125,0.7030,0.7030,971544
TAMBUN,2011-02-21,0.7077,0.7077,0.6886,0.6982,385188
TAMBUN,2011-02-22,0.7030,0.7030,0.6695,0.6791,766403
TAMBUN,2011-02-23,0.6695,0.6791,0.6695,0.6695,717575
TAMBUN,2011-02-24,0.6838,0.6934,0.6599,0.6743,1134757
TAMBUN,2011-02-25,0.6695,0.6743,0.6599,0.6743,268398
TAMBUN,2011-02-28,0.6695,0.6695,0.6647,0.6695,214446
TAMBUN,2011-03-01,0.6695,0.6743,0.6599,0.6743,549238
TAMBUN,2011-03-02,0.6695,0.6695,0.6599,0.6695,851408
TAMBUN,2011-03-03,0.6647,0.6695,0.6504,0.6647,421574
TAMBUN,2011-03-04,0.6647,0.6791,0.6647,0.6695,503965
TAMBUN,2011-03-07,0.6504,0.6695,0.6408,0.6695,313880
TAMBUN,2011-03-08,0.6599,0.6695,0.6552,0.6647,299660
TAMBUN,2011-03-09,0.6695,0.6838,0.6599,0.6647,599321
TAMBUN,2011-03-10,0.6599,0.6695,0.6599,0.6695,140106
TAMBUN,2011-03-11,0.6695,0.6695,0.6504,0.6599,357062
TAMBUN,2011-03-14,0.6408,0.6504,0.6408,0.6504,276240
TAMBUN,2011-03-15,0.6504,0.6599,0.6264,0.6599,298406
TAMBUN,2011-03-16,0.6504,0.6599,0.6360,0.6552,618768
TAMBUN,2011-03-17,0.6360,0.6504,0.6360,0.6504,98284
TAMBUN,2011-03-18,0.6504,0.6504,0.6312,0.6456,267666
TAMBUN,2011-03-21,0.6456,0.6456,0.6360,0.6456,630479
TAMBUN,2011-03-22,0.6552,0.6552,0.6408,0.6504,617095
TAMBUN,2011-03-23,0.6504,0.6504,0.6408,0.6456,121809
TAMBUN,2011-03-24,0.6504,0.6647,0.6504,0.6599,379228
TAMBUN,2011-03-25,0.6599,0.6647,0.6552,0.6647,236717
TAMBUN,2011-03-28,0.6647,0.6647,0.6599,0.6647,122645
TAMBUN,2011-03-29,0.6599,0.6647,0.6408,0.6599,642085
TAMBUN,2011-03-30,0.6599,0.6838,0.6599,0.6743,672720
TAMBUN,2011-03-31,0.6743,0.6791,0.6599,0.6599,331446
TAMBUN,2011-04-01,0.6647,0.6743,0.6647,0.6695,168337
TAMBUN,2011-04-04,0.6791,0.6791,0.6695,0.6743,205350
TAMBUN,2011-04-05,0.6695,0.6695,0.6552,0.6695,349220
TAMBUN,2011-04-06,0.6695,0.6791,0.6647,0.6791,346920
TAMBUN,2011-04-07,0.6886,0.7460,0.6886,0.7173,3731639
TAMBUN,2011-04-08,0.7221,0.7364,0.7173,0.7173,1604113
TAMBUN,2011-04-11,0.7269,0.7269,0.6982,0.7077,892289
TAMBUN,2011-04-12,0.7077,0.7077,0.6886,0.6934,472702
TAMBUN,2011-04-13,0.6934,0.7030,0.6886,0.7030,453359
TAMBUN,2011-04-14,0.6982,0.6982,0.6838,0.6886,151608
TAMBUN,2011-04-15,0.6886,0.6886,0.6695,0.6838,228248
TAMBUN,2011-04-18,0.6886,0.7030,0.6886,0.6982,182557
TAMBUN,2011-04-19,0.6934,0.6934,0.6791,0.6934,279167
TAMBUN,2011-04-20,0.6886,0.6982,0.6838,0.6886,128814
TAMBUN,2011-04-21,0.6934,0.6982,0.6838,0.6838,132787
TAMBUN,2011-04-22,0.6982,0.6982,0.6838,0.6934,126828
TAMBUN,2011-04-25,0.6886,0.6886,0.6791,0.6791,184334
TAMBUN,2011-04-26,0.6838,0.6934,0.6791,0.6886,72144
TAMBUN,2011-04-27,0.6886,0.6886,0.6791,0.6791,60539
TAMBUN,2011-04-28,0.6838,0.6838,0.6743,0.6791,209950
TAMBUN,2011-04-29,0.6791,0.6838,0.6743,0.6838,103511
TAMBUN,2011-05-03,0.6838,0.6838,0.6695,0.6695,594407
TAMBUN,2011-05-04,0.6743,0.6743,0.6695,0.6743,280840
TAMBUN,2011-05-05,0.6791,0.6791,0.6743,0.6743,182452
TAMBUN,2011-05-06,0.6743,0.6791,0.6695,0.6743,133938
TAMBUN,2011-05-09,0.6695,0.6695,0.6599,0.6695,221138
TAMBUN,2011-05-10,0.6695,0.6695,0.6647,0.6695,137388
TAMBUN,2011-05-11,0.6647,0.6743,0.6647,0.6743,232848
TAMBUN,2011-05-12,0.6743,0.6791,0.6695,0.6791,58552
TAMBUN,2011-05-13,0.6791,0.6791,0.6791,0.6791,128605
TAMBUN,2011-05-16,0.6791,0.6791,0.6743,0.6791,56461
TAMBUN,2011-05-18,0.6743,0.6791,0.6695,0.6743,42868
TAMBUN,2011-05-19,0.6791,0.6791,0.6743,0.6743,150562
TAMBUN,2011-05-20,0.6791,0.6791,0.6743,0.6743,123377
TAMBUN,2011-05-23,0.6743,0.6743,0.6695,0.6743,168650
TAMBUN,2011-05-24,0.6743,0.6743,0.6695,0.6743,70053
TAMBUN,2011-05-25,0.6743,0.6743,0.6695,0.6743,95879
TAMBUN,2011-05-26,0.6743,0.6791,0.6743,0.6743,129755
TAMBUN,2011-05-27,0.6743,0.6791,0.6743,0.6743,210787
TAMBUN,2011-05-30,0.6791,0.6838,0.6743,0.6791,139374
TAMBUN,2011-05-31,0.6838,0.6838,0.6695,0.6791,288577
TAMBUN,2011-06-01,0.6743,0.6791,0.6743,0.6791,33981
TAMBUN,2011-06-02,0.6743,0.6743,0.6695,0.6743,413000
TAMBUN,2011-06-03,0.6743,0.6743,0.6695,0.6743,130278
TAMBUN,2011-06-06,0.6695,0.6743,0.6695,0.6695,41823
TAMBUN,2011-06-07,0.6695,0.6743,0.6695,0.6743,232117
TAMBUN,2011-06-08,0.6695,0.6743,0.6695,0.6743,89919
TAMBUN,2011-06-09,0.6743,0.6982,0.6743,0.6982,239017
TAMBUN,2011-06-10,0.7125,0.7173,0.7030,0.7077,837502
TAMBUN,2011-06-13,0.7030,0.7030,0.6934,0.6982,117522
TAMBUN,2011-06-14,0.7030,0.7030,0.6982,0.6982,81136
TAMBUN,2011-06-15,0.6982,0.7030,0.6982,0.7030,76431
TAMBUN,2011-06-16,0.7030,0.7030,0.6934,0.6934,126514
TAMBUN,2011-06-17,0.6982,0.7030,0.6982,0.7030,151712
TAMBUN,2011-06-20,0.7077,0.7125,0.7077,0.7125,303320
TAMBUN,2011-06-21,0.7125,0.7125,0.6934,0.7030,291087
TAMBUN,2011-06-22,0.7030,0.7077,0.6982,0.6982,47051
TAMBUN,2011-06-23,0.6982,0.6982,0.6934,0.6934,92428
TAMBUN,2011-06-24,0.6982,0.7030,0.6934,0.7030,106125
TAMBUN,2011-06-27,0.7077,0.7173,0.7077,0.7077,518603
TAMBUN,2011-06-28,0.7077,0.7125,0.7077,0.7077,334373
TAMBUN,2011-06-29,0.7077,0.7077,0.7030,0.7077,144811
TAMBUN,2011-06-30,0.7077,0.7269,0.7077,0.7269,932648
TAMBUN,2011-07-01,0.7317,0.7603,0.7317,0.7364,1511581
TAMBUN,2011-07-04,0.7364,0.7412,0.7269,0.7317,629433
TAMBUN,2011-07-05,0.7317,0.7317,0.7269,0.7269,181929
TAMBUN,2011-07-06,0.7317,0.7412,0.7125,0.7125,1254161
TAMBUN,2011-07-07,0.7173,0.7269,0.7125,0.7125,476362
TAMBUN,2011-07-08,0.7173,0.7221,0.7125,0.7221,388534
TAMBUN,2011-07-11,0.7221,0.7269,0.7125,0.7173,285963
TAMBUN,2011-07-12,0.7173,0.7173,0.6982,0.6982,641039
TAMBUN,2011-07-13,0.7030,0.7125,0.7030,0.7030,185066
TAMBUN,2011-07-14,0.7125,0.7125,0.7030,0.7125,89396
TAMBUN,2011-07-15,0.7077,0.7125,0.7077,0.7125,69426
TAMBUN,2011-07-18,0.7125,0.7125,0.6982,0.7077,301647
TAMBUN,2011-07-19,0.7030,0.7077,0.7030,0.7030,226784
TAMBUN,2011-07-20,0.7030,0.7125,0.7030,0.7125,68903
TAMBUN,2011-07-21,0.7077,0.7269,0.7030,0.7173,272789
TAMBUN,2011-07-22,0.7173,0.7269,0.7173,0.7221,214133
TAMBUN,2011-07-25,0.7269,0.7364,0.7221,0.7364,192385
TAMBUN,2011-07-26,0.7269,0.7364,0.7269,0.7269,117208
TAMBUN,2011-07-27,0.7221,0.7317,0.7221,0.7221,140106
TAMBUN,2011-07-28,0.7221,0.7269,0.7173,0.7173,175447
TAMBUN,2011-07-29,0.7221,0.7221,0.7173,0.7173,100375
TAMBUN,2011-08-01,0.7221,0.7317,0.7125,0.7269,88873
TAMBUN,2011-08-02,0.7269,0.7269,0.7173,0.7221,60539
TAMBUN,2011-08-03,0.7173,0.7221,0.7173,0.7221,127560
TAMBUN,2011-08-04,0.7269,0.7269,0.7221,0.7269,209637
TAMBUN,2011-08-05,0.7173,0.7221,0.7030,0.7077,902641
TAMBUN,2011-08-08,0.7077,0.7077,0.6695,0.6838,695304
TAMBUN,2011-08-09,0.6695,0.6982,0.6599,0.6838,867509
TAMBUN,2011-08-10,0.6886,0.7077,0.6886,0.6886,388534
TAMBUN,2011-08-11,0.6408,0.6504,0.6217,0.6408,242049
TAMBUN,2011-08-12,0.6456,0.6456,0.6217,0.6360,480126
TAMBUN,2011-08-15,0.6360,0.6360,0.6264,0.6312,165932
TAMBUN,2011-08-16,0.6312,0.6408,0.6312,0.6312,287532
TAMBUN,2011-08-17,0.6264,0.6360,0.6264,0.6312,58029
TAMBUN,2011-08-18,0.6312,0.6360,0.6312,0.6360,60643
TAMBUN,2011-08-19,0.6312,0.6312,0.6264,0.6312,94938
TAMBUN,2011-08-22,0.6312,0.6312,0.6217,0.6217,39836
TAMBUN,2011-08-23,0.6217,0.6217,0.6121,0.6169,99225
TAMBUN,2011-08-24,0.6217,0.6264,0.6121,0.6121,46319
TAMBUN,2011-08-25,0.6121,0.6121,0.6025,0.6025,65871
TAMBUN,2011-08-26,0.6025,0.6025,0.5786,0.5786,38163
TAMBUN,2011-08-29,0.6264,0.6264,0.5834,0.5834,7319
TAMBUN,2011-09-02,0.5978,0.6025,0.5978,0.5978,44750
TAMBUN,2011-09-05,0.5978,0.5978,0.5930,0.5930,70053
TAMBUN,2011-09-06,0.5930,0.5978,0.5930,0.5930,84796
TAMBUN,2011-09-07,0.5930,0.6217,0.5930,0.6217,75281
TAMBUN,2011-09-08,0.6408,0.6408,0.6312,0.6312,102780
TAMBUN,2011-09-09,0.6312,0.6408,0.6169,0.6408,12024
TAMBUN,2011-09-12,0.6121,0.6264,0.6025,0.6025,62734
TAMBUN,2011-09-13,0.6121,0.6217,0.6073,0.6073,86782
TAMBUN,2011-09-14,0.6025,0.6025,0.5930,0.5978,71099
TAMBUN,2011-09-15,0.5978,0.5978,0.5930,0.5930,12129
TAMBUN,2011-09-20,0.5978,0.6169,0.5930,0.6169,47051
TAMBUN,2011-09-21,0.5978,0.5978,0.5978,0.5978,14638
TAMBUN,2011-09-22,0.5978,0.5978,0.5882,0.5882,160495
TAMBUN,2011-09-23,0.5882,0.5882,0.5786,0.5786,253028
TAMBUN,2011-09-26,0.5786,0.5786,0.5738,0.5786,339183
TAMBUN,2011-09-27,0.5786,0.5786,0.5738,0.5738,135924
TAMBUN,2011-09-28,0.5786,0.5786,0.5738,0.5738,35549
TAMBUN,2011-09-29,0.5786,0.5834,0.5786,0.5834,73190
TAMBUN,2011-09-30,0.5834,0.5834,0.5834,0.5834,38686
TAMBUN,2011-10-03,0.5786,0.5786,0.5738,0.5738,47051
TAMBUN,2011-10-04,0.5738,0.5786,0.5738,0.5786,35027
TAMBUN,2011-10-05,0.5786,0.5786,0.5786,0.5786,20911
TAMBUN,2011-10-06,0.5834,0.5834,0.5834,0.5834,15684
TAMBUN,2011-10-07,0.5786,0.5786,0.5786,0.5786,31367
TAMBUN,2011-10-10,0.5786,0.5786,0.5786,0.5786,25094
TAMBUN,2011-10-11,0.5834,0.5930,0.5786,0.5930,54788
TAMBUN,2011-10-12,0.5882,0.5930,0.5882,0.5930,37222
TAMBUN,2011-10-13,0.6121,0.6121,0.5834,0.5834,3241
TAMBUN,2011-10-14,0.6169,0.6169,0.5834,0.6025,23107
TAMBUN,2011-10-17,0.6025,0.6073,0.6025,0.6073,16729
TAMBUN,2011-10-18,0.6073,0.6073,0.5834,0.5834,56461
TAMBUN,2011-10-19,0.5978,0.5978,0.5978,0.5978,2928
TAMBUN,2011-10-20,0.5930,0.5930,0.5930,0.5930,9828
TAMBUN,2011-10-21,0.5930,0.5930,0.5882,0.5882,14638
TAMBUN,2011-10-24,0.5930,0.6217,0.5930,0.6217,1777
TAMBUN,2011-10-25,0.6025,0.6025,0.6025,0.6025,20389
TAMBUN,2011-10-27,0.6121,0.6121,0.6121,0.6121,8365
TAMBUN,2011-10-28,0.6121,0.6121,0.6121,0.6121,42450
TAMBUN,2011-10-31,0.6121,0.6264,0.6073,0.6073,53533
TAMBUN,2011-11-01,0.6121,0.6121,0.5978,0.5978,29276
TAMBUN,2011-11-02,0.5834,0.5834,0.5834,0.5834,5228
TAMBUN,2011-11-04,0.5978,0.6121,0.5978,0.5978,40777
TAMBUN,2011-11-08,0.6025,0.6025,0.6025,0.6025,17775
TAMBUN,2011-11-09,0.6121,0.6121,0.6025,0.6025,84691
TAMBUN,2011-11-10,0.5882,0.6025,0.5882,0.5930,21957
TAMBUN,2011-11-11,0.6121,0.6121,0.6121,0.6121,5228
TAMBUN,2011-11-14,0.6025,0.6025,0.5882,0.5882,77372
TAMBUN,2011-11-15,0.5930,0.6121,0.5930,0.6121,68799
TAMBUN,2011-11-16,0.6121,0.6217,0.5978,0.6169,138120
TAMBUN,2011-11-17,0.6025,0.6025,0.6025,0.6025,7214
TAMBUN,2011-11-18,0.5978,0.6025,0.5930,0.5930,32517
TAMBUN,2011-11-22,0.5930,0.5930,0.5930,0.5930,9828
TAMBUN,2011-11-24,0.5882,0.5882,0.5834,0.5834,2928
TAMBUN,2011-11-25,0.5882,0.5930,0.5882,0.5882,23003
TAMBUN,2011-11-29,0.5882,0.5882,0.5882,0.5882,36595
TAMBUN,2011-12-01,0.5882,0.5930,0.5882,0.5882,8887
TAMBUN,2011-12-02,0.5882,0.5882,0.5882,0.5882,47051
TAMBUN,2011-12-05,0.5882,0.5882,0.5882,0.5882,84691
TAMBUN,2011-12-06,0.5882,0.5882,0.5882,0.5882,54370
TAMBUN,2011-12-07,0.5834,0.5882,0.5834,0.5882,12024
TAMBUN,2011-12-09,0.5930,0.5930,0.5882,0.5882,32517
TAMBUN,2011-12-12,0.5882,0.5978,0.5882,0.5978,29799
TAMBUN,2011-12-13,0.6025,0.6025,0.5978,0.6025,4182
TAMBUN,2011-12-14,0.5930,0.5978,0.5930,0.5978,10769
TAMBUN,2011-12-15,0.5882,0.5882,0.5882,0.5882,23212
TAMBUN,2011-12-19,0.5882,0.5882,0.5834,0.5882,60643
TAMBUN,2011-12-20,0.6025,0.6025,0.6025,0.6025,1046
TAMBUN,2011-12-23,0.5930,0.5930,0.5882,0.5882,6273
TAMBUN,2011-12-27,0.5882,0.5882,0.5882,0.5882,15684
TAMBUN,2011-12-28,0.5834,0.5834,0.5786,0.5786,20911
TAMBUN,2011-12-29,0.5834,0.5834,0.5834,0.5834,14638
TAMBUN,2011-12-30,0.5882,0.5930,0.5882,0.5882,23003
TAMBUN,2012-01-03,0.5882,0.5882,0.5834,0.5882,143243
TAMBUN,2012-01-04,0.5834,0.5882,0.5834,0.5834,37118
TAMBUN,2012-01-05,0.5882,0.6025,0.5882,0.5882,19866
TAMBUN,2012-01-06,0.5882,0.5882,0.5882,0.5882,38686
TAMBUN,2012-01-09,0.5834,0.5930,0.5738,0.5882,392612
TAMBUN,2012-01-10,0.5834,0.5930,0.5834,0.5930,86782
TAMBUN,2012-01-11,0.5930,0.5978,0.5930,0.5978,23003
TAMBUN,2012-01-12,0.5978,0.5978,0.5930,0.5930,78941
TAMBUN,2012-01-13,0.5930,0.5930,0.5882,0.5882,86155
TAMBUN,2012-01-16,0.5882,0.5978,0.5882,0.5978,89292
TAMBUN,2012-01-17,0.5930,0.6025,0.5882,0.6025,12547
TAMBUN,2012-01-18,0.6025,0.6073,0.6025,0.6073,72563
TAMBUN,2012-01-19,0.6025,0.6025,0.5882,0.6025,63466
TAMBUN,2012-01-20,0.6025,0.6121,0.6025,0.6121,108426
TAMBUN,2012-01-25,0.6121,0.6121,0.6073,0.6121,15684
TAMBUN,2012-01-26,0.6073,0.6169,0.6073,0.6169,54892
TAMBUN,2012-01-27,0.6121,0.6121,0.6073,0.6121,69008
TAMBUN,2012-01-30,0.6121,0.6217,0.6121,0.6217,92951
TAMBUN,2012-01-31,0.6217,0.6217,0.6217,0.6217,18193
TAMBUN,2012-02-02,0.6217,0.6312,0.6121,0.6121,150667
TAMBUN,2012-02-03,0.6121,0.6121,0.6121,0.6121,62839
TAMBUN,2012-02-08,0.6217,0.6312,0.6169,0.6312,193430
TAMBUN,2012-02-09,0.6217,0.6264,0.6121,0.6264,120241
TAMBUN,2012-02-10,0.6264,0.6599,0.6264,0.6456,4163146
TAMBUN,2012-02-13,0.6504,0.6743,0.6504,0.6552,2978411
TAMBUN,2012-02-14,0.6599,0.6743,0.6504,0.6504,3036440
TAMBUN,2012-02-15,0.6504,0.6552,0.6360,0.6408,885075
TAMBUN,2012-02-16,0.6360,0.6408,0.6264,0.6264,508356
TAMBUN,2012-02-17,0.6312,0.6408,0.6312,0.6312,601203
TAMBUN,2012-02-20,0.6360,0.6456,0.6312,0.6312,546415
TAMBUN,2012-02-21,0.6360,0.6408,0.6312,0.6312,160390
TAMBUN,2012-02-22,0.6360,0.6360,0.6217,0.6217,364904
TAMBUN,2012-02-23,0.6217,0.6264,0.6169,0.6169,228980
TAMBUN,2012-02-24,0.6169,0.6217,0.6169,0.6217,169487
TAMBUN,2012-02-27,0.6217,0.6312,0.6217,0.6217,116058
TAMBUN,2012-02-28,0.6217,0.6264,0.6217,0.6217,19866
TAMBUN,2012-02-29,0.6169,0.6312,0.6169,0.6312,14115
TAMBUN,2012-03-01,0.6264,0.6264,0.6169,0.6217,130696
TAMBUN,2012-03-02,0.6312,0.6360,0.6217,0.6360,70785
TAMBUN,2012-03-05,0.6408,0.6456,0.6360,0.6360,87828
TAMBUN,2012-03-06,0.6312,0.6312,0.6217,0.6217,37641
TAMBUN,2012-03-07,0.6264,0.6264,0.6169,0.6169,23003
TAMBUN,2012-03-08,0.6217,0.6360,0.6217,0.6217,79568
TAMBUN,2012-03-09,0.6217,0.6217,0.6217,0.6217,25094
TAMBUN,2012-03-12,0.6217,0.6264,0.6217,0.6264,46528
TAMBUN,2012-03-13,0.6217,0.6217,0.6169,0.6169,86260
TAMBUN,2012-03-14,0.6169,0.6217,0.6169,0.6169,77372
TAMBUN,2012-03-15,0.6169,0.6169,0.6121,0.6121,98806
TAMBUN,2012-03-16,0.6121,0.6217,0.6121,0.6217,132787
TAMBUN,2012-03-19,0.6217,0.6217,0.6217,0.6217,1046
TAMBUN,2012-03-20,0.6217,0.6264,0.6169,0.6169,166873
TAMBUN,2012-03-21,0.6169,0.6264,0.6169,0.6264,107694
TAMBUN,2012-03-22,0.6169,0.6217,0.6169,0.6217,69008
TAMBUN,2012-03-23,0.6121,0.6217,0.6121,0.6169,54370
TAMBUN,2012-03-26,0.6169,0.6217,0.6169,0.6217,113026
TAMBUN,2012-03-27,0.6217,0.6217,0.6121,0.6121,93369
TAMBUN,2012-03-28,0.6121,0.6121,0.6025,0.6025,59597
TAMBUN,2012-03-29,0.6025,0.6073,0.5930,0.5930,53951
TAMBUN,2012-03-30,0.6217,0.6217,0.5930,0.5930,15997
TAMBUN,2012-04-02,0.5930,0.6025,0.5930,0.6025,17775
TAMBUN,2012-04-03,0.5930,0.6025,0.5786,0.5930,52488
TAMBUN,2012-04-04,0.5930,0.6025,0.5930,0.5978,40150
TAMBUN,2012-04-05,0.5930,0.5978,0.5930,0.5978,34922
TAMBUN,2012-04-06,0.5930,0.6121,0.5930,0.6121,116058
TAMBUN,2012-04-09,0.6025,0.6121,0.6025,0.6121,98702
TAMBUN,2012-04-10,0.5978,0.6121,0.5930,0.6121,27708
TAMBUN,2012-04-12,0.6121,0.6121,0.6121,0.6121,15233641
TAMBUN,2012-04-13,0.6169,0.6169,0.5978,0.6073,1701456
TAMBUN,2012-04-16,0.6121,0.6121,0.5978,0.6025,401499
TAMBUN,2012-04-17,0.6025,0.6025,0.5882,0.5882,669269
TAMBUN,2012-04-18,0.5930,0.5930,0.5834,0.5882,2488247
TAMBUN,2012-04-19,0.5930,0.5978,0.5882,0.5978,587610
TAMBUN,2012-04-20,0.5930,0.5978,0.5882,0.5882,299242
TAMBUN,2012-04-23,0.5930,0.5930,0.5834,0.5834,513061
TAMBUN,2012-04-24,0.5882,0.5882,0.5738,0.5834,881834
TAMBUN,2012-04-25,0.5882,0.5930,0.5786,0.5786,126514
TAMBUN,2012-04-26,0.5834,0.5834,0.5786,0.5786,371909
TAMBUN,2012-04-27,0.5882,0.5882,0.5738,0.5786,257733
TAMBUN,2012-04-30,0.5834,0.6073,0.5691,0.5691,4431335
TAMBUN,2012-05-02,0.5691,0.5738,0.5547,0.5643,2316774
TAMBUN,2012-05-03,0.5500,0.5500,0.5200,0.5300,430900
TAMBUN,2012-05-04,0.5300,0.5350,0.5250,0.5300,246500
TAMBUN,2012-05-07,0.5300,0.5300,0.5200,0.5300,547000
TAMBUN,2012-05-08,0.5300,0.5350,0.5150,0.5200,442600
TAMBUN,2012-05-09,0.5200,0.5300,0.5200,0.5300,339300
TAMBUN,2012-05-10,0.5300,0.5450,0.5200,0.5350,965800
TAMBUN,2012-05-11,0.5250,0.5350,0.5250,0.5300,104200
TAMBUN,2012-05-14,0.5300,0.5300,0.5150,0.5150,454500
TAMBUN,2012-05-15,0.5150,0.5400,0.5150,0.5300,172300
TAMBUN,2012-05-16,0.5250,0.5250,0.5100,0.5250,377000
TAMBUN,2012-05-17,0.5200,0.5300,0.5200,0.5300,149000
TAMBUN,2012-05-18,0.5200,0.5300,0.5150,0.5300,325900
TAMBUN,2012-05-21,0.5200,0.5200,0.5100,0.5200,410700
TAMBUN,2012-05-22,0.5200,0.5200,0.5150,0.5150,95900
TAMBUN,2012-05-23,0.5250,0.5250,0.5150,0.5150,275600
TAMBUN,2012-05-24,0.5200,0.5250,0.5200,0.5250,83000
TAMBUN,2012-05-25,0.5250,0.5300,0.5250,0.5300,229000
TAMBUN,2012-05-28,0.5300,0.5500,0.5300,0.5500,357100
TAMBUN,2012-05-29,0.5450,0.5450,0.5400,0.5400,82000
TAMBUN,2012-05-30,0.5400,0.5400,0.5250,0.5300,420000
TAMBUN,2012-05-31,0.5250,0.5250,0.5150,0.5200,820900
TAMBUN,2012-06-01,0.5250,0.5300,0.5250,0.5300,227400
TAMBUN,2012-06-04,0.5100,0.5150,0.5050,0.5050,1577800
TAMBUN,2012-06-05,0.5100,0.5150,0.5050,0.5050,446000
TAMBUN,2012-06-06,0.5100,0.5250,0.5100,0.5250,592700
TAMBUN,2012-06-07,0.5300,0.5450,0.5150,0.5200,1805200
TAMBUN,2012-06-08,0.5250,0.5250,0.5200,0.5200,243600
TAMBUN,2012-06-11,0.5200,0.5250,0.5200,0.5250,216000
TAMBUN,2012-06-12,0.5200,0.5250,0.5200,0.5200,209100
TAMBUN,2012-06-13,0.5250,0.5300,0.5250,0.5300,352600
TAMBUN,2012-06-14,0.5300,0.5350,0.5300,0.5350,309000
TAMBUN,2012-06-15,0.5350,0.5400,0.5300,0.5400,1118100
TAMBUN,2012-06-18,0.5450,0.5450,0.5400,0.5450,822400
TAMBUN,2012-06-19,0.5450,0.5450,0.5350,0.5400,462500
TAMBUN,2012-06-20,0.5400,0.5450,0.5400,0.5400,592100
TAMBUN,2012-06-21,0.5450,0.5450,0.5400,0.5400,223500
TAMBUN,2012-06-22,0.5400,0.5450,0.5400,0.5400,300100
TAMBUN,2012-06-25,0.5400,0.5500,0.5400,0.5500,979700
TAMBUN,2012-06-26,0.5500,0.5650,0.5500,0.5650,849300
TAMBUN,2012-06-27,0.5650,0.5650,0.5550,0.5600,503500
TAMBUN,2012-06-28,0.5650,0.5750,0.5600,0.5650,1012000
TAMBUN,2012-06-29,0.5650,0.5750,0.5650,0.5750,378900
TAMBUN,2012-07-02,0.5750,0.6050,0.5700,0.5850,3176700
TAMBUN,2012-07-03,0.5900,0.5950,0.5800,0.5850,998100
TAMBUN,2012-07-04,0.5850,0.5900,0.5800,0.5850,847300
TAMBUN,2012-07-05,0.5800,0.5900,0.5800,0.5850,688800
TAMBUN,2012-07-06,0.5850,0.5950,0.5850,0.5900,432700
TAMBUN,2012-07-09,0.5900,0.5950,0.5900,0.5900,138000
TAMBUN,2012-07-10,0.5900,0.5950,0.5850,0.5900,220300
TAMBUN,2012-07-11,0.5900,0.5950,0.5850,0.5900,261900
TAMBUN,2012-07-12,0.5900,0.5900,0.5800,0.5800,277700
TAMBUN,2012-07-13,0.5850,0.5850,0.5800,0.5850,214200
TAMBUN,2012-07-16,0.5900,0.5950,0.5900,0.5900,344600
TAMBUN,2012-07-17,0.5900,0.6100,0.5900,0.6100,1309100
TAMBUN,2012-07-18,0.6100,0.6200,0.6050,0.6150,987100
TAMBUN,2012-07-19,0.6150,0.6150,0.5900,0.5900,992200
TAMBUN,2012-07-20,0.6000,0.6050,0.6000,0.6050,318800
TAMBUN,2012-07-23,0.6050,0.6050,0.5950,0.5950,370600
TAMBUN,2012-07-24,0.5900,0.5950,0.5900,0.5950,518200
TAMBUN,2012-07-25,0.5900,0.6000,0.5900,0.6000,328500
TAMBUN,2012-07-26,0.6000,0.6050,0.5950,0.6000,674200
TAMBUN,2012-07-27,0.6000,0.6050,0.5950,0.6050,153000
TAMBUN,2012-07-30,0.6050,0.6050,0.6000,0.6050,150000
TAMBUN,2012-07-31,0.6050,0.6150,0.6000,0.6150,882100
TAMBUN,2012-08-01,0.6100,0.6150,0.6100,0.6150,493900
TAMBUN,2012-08-02,0.6100,0.6150,0.6100,0.6150,196300
TAMBUN,2012-08-03,0.6100,0.6150,0.6100,0.6100,400000
TAMBUN,2012-08-06,0.6150,0.6250,0.6150,0.6250,614700
TAMBUN,2012-08-07,0.6250,0.6400,0.6250,0.6350,1182100
TAMBUN,2012-08-08,0.6350,0.6400,0.6350,0.6400,697000
TAMBUN,2012-08-09,0.6400,0.6400,0.6300,0.6350,333000
TAMBUN,2012-08-10,0.6350,0.6350,0.6300,0.6300,190000
TAMBUN,2012-08-13,0.6350,0.6500,0.6300,0.6500,1603300
TAMBUN,2012-08-14,0.6500,0.6600,0.6500,0.6600,1044300
TAMBUN,2012-08-15,0.6600,0.6600,0.6500,0.6550,746000
TAMBUN,2012-08-16,0.6550,0.6700,0.6500,0.6700,1859700
TAMBUN,2012-08-17,0.6750,0.6800,0.6700,0.6750,1371700
TAMBUN,2012-08-22,0.6800,0.6800,0.6700,0.6750,1591600
TAMBUN,2012-08-23,0.6700,0.6750,0.6700,0.6750,793900
TAMBUN,2012-08-24,0.6650,0.6700,0.6600,0.6650,1236800
TAMBUN,2012-08-27,0.6650,0.6700,0.6550,0.6600,776700
TAMBUN,2012-08-28,0.6300,0.6300,0.6100,0.6150,415600
TAMBUN,2012-08-29,0.6200,0.6450,0.6150,0.6450,1682800
TAMBUN,2012-08-30,0.6450,0.6450,0.6250,0.6350,665100
TAMBUN,2012-09-03,0.6300,0.6350,0.6200,0.6200,227500
TAMBUN,2012-09-04,0.6250,0.6250,0.6100,0.6150,469100
TAMBUN,2012-09-05,0.6200,0.6250,0.6000,0.6050,1425800
TAMBUN,2012-09-06,0.6000,0.6000,0.5750,0.5900,1294100
TAMBUN,2012-09-07,0.5850,0.6100,0.5850,0.6100,1107900
TAMBUN,2012-09-10,0.6050,0.6050,0.5950,0.6000,243000
TAMBUN,2012-09-11,0.5900,0.5950,0.5850,0.5900,182000
TAMBUN,2012-09-12,0.6000,0.6050,0.5900,0.5950,266300
TAMBUN,2012-09-13,0.5950,0.6000,0.5950,0.6000,110200
TAMBUN,2012-09-14,0.6050,0.6100,0.5900,0.6100,291100
TAMBUN,2012-09-18,0.6050,0.6100,0.6050,0.6100,138500
TAMBUN,2012-09-19,0.6050,0.6100,0.6050,0.6100,171100
TAMBUN,2012-09-20,0.6100,0.6100,0.6000,0.6050,384700
TAMBUN,2012-09-21,0.6100,0.6250,0.6050,0.6250,385500
TAMBUN,2012-09-24,0.6300,0.6300,0.6100,0.6100,370000
TAMBUN,2012-09-25,0.6100,0.6100,0.6050,0.6100,79700
TAMBUN,2012-09-26,0.6100,0.6100,0.6050,0.6100,99900
TAMBUN,2012-09-27,0.6050,0.6100,0.6050,0.6100,136000
TAMBUN,2012-09-28,0.6100,0.6100,0.6050,0.6050,396200
TAMBUN,2012-10-01,0.6050,0.6050,0.6000,0.6000,697400
TAMBUN,2012-10-02,0.6000,0.6100,0.6000,0.6100,201300
TAMBUN,2012-10-03,0.6100,0.6100,0.6050,0.6050,47600
TAMBUN,2012-10-04,0.6100,0.6100,0.6000,0.6000,317400
TAMBUN,2012-10-05,0.6000,0.6100,0.6000,0.6100,12000
TAMBUN,2012-10-08,0.6100,0.6150,0.6050,0.6050,56000
TAMBUN,2012-10-09,0.6050,0.6050,0.6000,0.6000,55500
TAMBUN,2012-10-10,0.6050,0.6050,0.6000,0.6000,112500
TAMBUN,2012-10-11,0.6050,0.6250,0.6050,0.6250,714600
TAMBUN,2012-10-12,0.6300,0.6700,0.6300,0.6700,2621400
TAMBUN,2012-10-15,0.6950,0.7100,0.6850,0.7000,4452900
TAMBUN,2012-10-16,0.7000,0.7100,0.6900,0.6950,1275900
TAMBUN,2012-10-17,0.7050,0.7050,0.6900,0.6950,915400
TAMBUN,2012-10-18,0.6950,0.6950,0.6900,0.6950,642400
TAMBUN,2012-10-19,0.6900,0.6900,0.6800,0.6850,578700
TAMBUN,2012-10-22,0.6800,0.6850,0.6700,0.6700,639300
TAMBUN,2012-10-23,0.6700,0.6950,0.6700,0.6900,1641000
TAMBUN,2012-10-24,0.6850,0.6900,0.6800,0.6850,687700
TAMBUN,2012-10-25,0.6900,0.7000,0.6900,0.7000,609300
TAMBUN,2012-10-29,0.7250,0.7450,0.7100,0.7150,2509100
TAMBUN,2012-10-30,0.7150,0.7200,0.7000,0.7150,2317400
TAMBUN,2012-10-31,0.7100,0.7100,0.7000,0.7050,2771700
TAMBUN,2012-11-01,0.7050,0.7150,0.7000,0.7000,971700
TAMBUN,2012-11-02,0.7100,0.7150,0.7050,0.7100,899000
TAMBUN,2012-11-05,0.7100,0.7150,0.7050,0.7050,622300
TAMBUN,2012-11-06,0.7100,0.7100,0.7050,0.7100,658400
TAMBUN,2012-11-07,0.7100,0.7150,0.7050,0.7050,751400
TAMBUN,2012-11-08,0.7050,0.7100,0.7000,0.7000,743300
TAMBUN,2012-11-09,0.7050,0.7050,0.6950,0.7000,814000
TAMBUN,2012-11-12,0.7000,0.7150,0.6950,0.7000,541800
TAMBUN,2012-11-14,0.7000,0.7050,0.7000,0.7000,175300
TAMBUN,2012-11-16,0.7050,0.7050,0.7000,0.7000,588800
TAMBUN,2012-11-19,0.7000,0.7050,0.6950,0.7000,384800
TAMBUN,2012-11-20,0.7000,0.7100,0.7000,0.7100,651100
TAMBUN,2012-11-21,0.7100,0.7100,0.7000,0.7050,901500
TAMBUN,2012-11-22,0.7050,0.7100,0.7000,0.7050,786400
TAMBUN,2012-11-23,0.7050,0.7100,0.7050,0.7100,362700
TAMBUN,2012-11-26,0.7100,0.7200,0.7050,0.7200,1166900
TAMBUN,2012-11-27,0.7200,0.7200,0.7000,0.7050,519500
TAMBUN,2012-11-28,0.7150,0.7250,0.7100,0.7250,1959300
TAMBUN,2012-11-29,0.7350,0.7500,0.7350,0.7500,3833000
TAMBUN,2012-11-30,0.7500,0.7550,0.7400,0.7500,965500
TAMBUN,2012-12-03,0.7500,0.7700,0.7500,0.7650,1091700
TAMBUN,2012-12-04,0.7650,0.7650,0.7450,0.7550,1165200
TAMBUN,2012-12-05,0.7600,0.7600,0.7450,0.7500,1028400
TAMBUN,2012-12-06,0.7500,0.7550,0.7500,0.7500,507700
TAMBUN,2012-12-07,0.7500,0.7500,0.7450,0.7500,631200
TAMBUN,2012-12-10,0.7450,0.7500,0.7450,0.7500,217000
TAMBUN,2012-12-11,0.7500,0.7500,0.7400,0.7500,247200
TAMBUN,2012-12-12,0.7500,0.7600,0.7450,0.7600,787400
TAMBUN,2012-12-13,0.7550,0.7600,0.7550,0.7600,149800
TAMBUN,2012-12-14,0.7550,0.7600,0.7550,0.7550,237200
TAMBUN,2012-12-17,0.7600,0.7600,0.7550,0.7600,358000
TAMBUN,2012-12-18,0.7600,0.7650,0.7600,0.7600,423100
TAMBUN,2012-12-19,0.7650,0.7650,0.7550,0.7650,247800
TAMBUN,2012-12-20,0.7600,0.7600,0.7500,0.7550,262300
TAMBUN,2012-12-21,0.7550,0.7550,0.7450,0.7500,469200
TAMBUN,2012-12-24,0.7500,0.7600,0.7450,0.7600,295700
TAMBUN,2012-12-26,0.7550,0.7550,0.7500,0.7500,65000
TAMBUN,2012-12-27,0.7500,0.7500,0.7450,0.7500,236000
TAMBUN,2012-12-28,0.7500,0.7550,0.7500,0.7500,291700
TAMBUN,2012-12-31,0.7500,0.7550,0.7500,0.7550,440700
TAMBUN,2013-01-02,0.7550,0.7800,0.7550,0.7800,716600
TAMBUN,2013-01-03,0.7850,0.8300,0.7850,0.8250,2501400
TAMBUN,2013-01-04,0.8250,0.8300,0.8150,0.8200,732100
TAMBUN,2013-01-07,0.8250,0.8250,0.8150,0.8200,732900
TAMBUN,2013-01-08,0.8200,0.8200,0.8100,0.8100,524800
TAMBUN,2013-01-09,0.8150,0.8150,0.8100,0.8150,259500
TAMBUN,2013-01-10,0.8200,0.8250,0.8150,0.8200,408300
TAMBUN,2013-01-11,0.8200,0.8500,0.8200,0.8450,1667800
TAMBUN,2013-01-14,0.8450,0.8850,0.8450,0.8550,2077200
TAMBUN,2013-01-15,0.8550,0.8700,0.8550,0.8600,662900
TAMBUN,2013-01-16,0.8650,0.8700,0.8600,0.8700,518500
TAMBUN,2013-01-17,0.8700,0.8700,0.8550,0.8550,603900
TAMBUN,2013-01-18,0.8500,0.8600,0.8500,0.8600,667100
TAMBUN,2013-01-21,0.8500,0.8500,0.7950,0.7950,2223100
TAMBUN,2013-01-22,0.7950,0.8150,0.7700,0.8100,2305400
TAMBUN,2013-01-23,0.8050,0.8050,0.7950,0.7950,679700
TAMBUN,2013-01-25,0.8000,0.8000,0.7850,0.7850,812400
TAMBUN,2013-01-29,0.7800,0.7850,0.7600,0.7650,742000
TAMBUN,2013-01-30,0.7600,0.7600,0.7300,0.7500,909900
TAMBUN,2013-01-31,0.7500,0.7500,0.7300,0.7350,661000
TAMBUN,2013-02-04,0.7400,0.7450,0.7350,0.7400,451600
TAMBUN,2013-02-05,0.7350,0.7400,0.7350,0.7400,253200
TAMBUN,2013-02-06,0.7400,0.7400,0.7000,0.7100,949400
TAMBUN,2013-02-07,0.7150,0.7450,0.7050,0.7350,811900
TAMBUN,2013-02-08,0.7400,0.7500,0.7300,0.7400,291400
TAMBUN,2013-02-13,0.7450,0.7450,0.7400,0.7450,116600
TAMBUN,2013-02-14,0.7450,0.7500,0.7450,0.7450,193000
TAMBUN,2013-02-15,0.7450,0.7450,0.7400,0.7450,306800
TAMBUN,2013-02-18,0.7500,0.7500,0.7450,0.7450,222100
TAMBUN,2013-02-19,0.7500,0.7500,0.7450,0.7500,358400
TAMBUN,2013-02-20,0.7550,0.7550,0.7500,0.7550,370300
TAMBUN,2013-02-21,0.7550,0.7600,0.7450,0.7600,439900
TAMBUN,2013-02-22,0.7750,0.7950,0.7700,0.7900,829300
TAMBUN,2013-02-25,0.7950,0.8150,0.7950,0.8100,1322800
TAMBUN,2013-02-26,0.8100,0.8100,0.7900,0.7900,518000
TAMBUN,2013-02-27,0.7900,0.7950,0.7900,0.7950,209300
TAMBUN,2013-02-28,0.7950,0.7950,0.7800,0.7850,917500
TAMBUN,2013-03-01,0.7850,0.8000,0.7850,0.8000,404000
TAMBUN,2013-03-04,0.8000,0.8000,0.7850,0.7900,194000
TAMBUN,2013-03-05,0.7900,0.8000,0.7900,0.8000,582100
TAMBUN,2013-03-06,0.8000,0.8350,0.7950,0.8350,1604800
TAMBUN,2013-03-07,0.8350,0.8450,0.8200,0.8300,624100
TAMBUN,2013-03-08,0.8250,0.8400,0.8200,0.8400,1055900
TAMBUN,2013-03-11,0.8450,0.8750,0.8350,0.8650,4179200
TAMBUN,2013-03-12,0.8650,0.8700,0.8550,0.8550,767700
TAMBUN,2013-03-13,0.8600,0.8600,0.8300,0.8300,725500
TAMBUN,2013-03-14,0.8300,0.8400,0.8250,0.8400,348000
TAMBUN,2013-03-15,0.8350,0.8450,0.8300,0.8350,429500
TAMBUN,2013-03-18,0.8450,0.8550,0.8300,0.8350,708600
TAMBUN,2013-03-19,0.8350,0.8750,0.8350,0.8750,2259200
TAMBUN,2013-03-20,0.8750,0.9150,0.8700,0.9000,6573800
TAMBUN,2013-03-21,0.9000,0.9050,0.8950,0.9000,966600
TAMBUN,2013-03-22,0.9000,0.9450,0.8900,0.8950,6722300
TAMBUN,2013-03-25,0.9000,0.9000,0.8750,0.8850,760400
TAMBUN,2013-03-26,0.8850,0.9000,0.8750,0.8900,1167400
TAMBUN,2013-03-27,0.8950,0.8950,0.8850,0.8900,285200
TAMBUN,2013-03-28,0.8900,0.9150,0.8800,0.9100,1501600
TAMBUN,2013-03-29,0.9100,0.9200,0.8950,0.9000,845300
TAMBUN,2013-04-01,0.8950,0.9050,0.8900,0.9000,356900
TAMBUN,2013-04-02,0.9050,0.9200,0.9050,0.9100,1445000
TAMBUN,2013-04-03,0.9100,0.9150,0.8750,0.8950,1932600
TAMBUN,2013-04-04,0.8950,0.9100,0.8900,0.9050,1123200
TAMBUN,2013-04-05,0.9050,0.9200,0.9050,0.9050,1645000
TAMBUN,2013-04-08,0.9100,0.9500,0.9050,0.9450,4443000
TAMBUN,2013-04-09,0.9550,1.0000,0.9550,0.9700,3474800
TAMBUN,2013-04-10,0.9700,0.9700,0.9450,0.9450,2449200
TAMBUN,2013-04-11,0.9500,1.0000,0.9450,0.9800,5243100
TAMBUN,2013-04-12,0.9900,0.9900,0.9600,0.9750,2795500
TAMBUN,2013-04-15,0.9750,0.9800,0.9700,0.9750,1662800
TAMBUN,2013-04-16,0.9700,0.9700,0.9550,0.9600,813700
TAMBUN,2013-04-17,0.9650,0.9850,0.9650,0.9800,897900
TAMBUN,2013-04-18,0.9800,0.9800,0.9650,0.9700,595300
TAMBUN,2013-04-19,0.9700,0.9700,0.9500,0.9650,853400
TAMBUN,2013-04-22,0.9650,0.9650,0.9400,0.9400,1082300
TAMBUN,2013-04-23,0.9400,0.9400,0.9200,0.9300,1066100
TAMBUN,2013-04-24,0.9300,0.9450,0.9300,0.9450,476600
TAMBUN,2013-04-25,0.9550,0.9650,0.9500,0.9550,1322800
TAMBUN,2013-04-26,0.9650,0.9700,0.9550,0.9600,712000
TAMBUN,2013-04-29,0.9550,0.9550,0.9300,0.9400,472300
TAMBUN,2013-04-30,0.9350,0.9500,0.9300,0.9350,496200
TAMBUN,2013-05-02,0.9400,0.9450,0.9300,0.9350,852200
TAMBUN,2013-05-03,0.9350,0.9400,0.9350,0.9400,867000
TAMBUN,2013-05-06,0.9650,1.0300,0.9650,1.0200,4190100
TAMBUN,2013-05-07,1.0300,1.0700,1.0100,1.0600,3719500
TAMBUN,2013-05-08,1.0700,1.0800,1.0400,1.0700,1345300
TAMBUN,2013-05-09,1.0700,1.1300,1.0700,1.1000,3803900
TAMBUN,2013-05-10,1.1200,1.1800,1.1100,1.1600,3718000
TAMBUN,2013-05-13,1.1800,1.2700,1.1800,1.2200,4916300
TAMBUN,2013-05-14,1.2400,1.2400,1.1700,1.2200,2715000
TAMBUN,2013-05-15,1.2000,1.2600,1.2000,1.2300,1510600
TAMBUN,2013-05-16,1.2500,1.2500,1.2000,1.2200,710000
TAMBUN,2013-05-17,1.2200,1.2700,1.2200,1.2500,2102600
TAMBUN,2013-05-20,1.2600,1.3700,1.2500,1.3500,3712400
TAMBUN,2013-05-21,1.3800,1.4100,1.3700,1.3900,3628800
TAMBUN,2013-05-22,1.4000,1.4000,1.3200,1.3400,2708200
TAMBUN,2013-05-23,1.3400,1.3400,1.2600,1.2600,3073200
TAMBUN,2013-05-27,1.2800,1.3500,1.2800,1.3500,1967500
TAMBUN,2013-05-28,1.3700,1.3900,1.3600,1.3700,1532800
TAMBUN,2013-05-29,1.3900,1.4000,1.3600,1.3700,2222700
TAMBUN,2013-05-30,1.3700,1.3800,1.3500,1.3500,1071800
TAMBUN,2013-05-31,1.3700,1.3700,1.3300,1.3400,1291300
TAMBUN,2013-06-03,1.3400,1.3400,1.2900,1.3000,1651400
TAMBUN,2013-06-04,1.3000,1.3300,1.3000,1.3300,570200
TAMBUN,2013-06-05,1.3300,1.3300,1.3000,1.3300,557100
TAMBUN,2013-06-06,1.3200,1.3200,1.2900,1.2900,734800
TAMBUN,2013-06-07,1.2900,1.3400,1.2900,1.3400,727300
TAMBUN,2013-06-10,1.3600,1.3900,1.3600,1.3900,1259400
TAMBUN,2013-06-11,1.3900,1.4000,1.3200,1.3400,1557000
TAMBUN,2013-06-12,1.3400,1.3400,1.3000,1.3300,917900
TAMBUN,2013-06-13,1.3300,1.3300,1.2900,1.3200,1356500
TAMBUN,2013-06-14,1.3300,1.3400,1.2900,1.3100,1114500
TAMBUN,2013-06-17,1.3100,1.3200,1.3000,1.3200,445800
TAMBUN,2013-06-18,1.3300,1.3700,1.3300,1.3600,927600
TAMBUN,2013-06-19,1.3800,1.3900,1.3300,1.3700,1485100
TAMBUN,2013-06-20,1.3600,1.3900,1.3400,1.3700,2705600
TAMBUN,2013-06-24,1.3900,1.3900,1.2800,1.3100,2144900
TAMBUN,2013-06-25,1.2800,1.3100,1.2300,1.2700,2316500
TAMBUN,2013-06-26,1.2600,1.2900,1.2300,1.2700,1341600
TAMBUN,2013-06-27,1.2700,1.3000,1.2600,1.2800,756000
TAMBUN,2013-06-28,1.2800,1.3000,1.2800,1.2800,527400
TAMBUN,2013-07-01,1.2900,1.2900,1.2700,1.2800,542800
TAMBUN,2013-07-02,1.2800,1.2900,1.2800,1.2800,429500
TAMBUN,2013-07-03,1.2800,1.2900,1.2600,1.2700,371100
TAMBUN,2013-07-04,1.2800,1.2800,1.2600,1.2800,192600
TAMBUN,2013-07-05,1.2800,1.3500,1.2800,1.3300,842600
TAMBUN,2013-07-08,1.3200,1.3400,1.2900,1.3100,516300
TAMBUN,2013-07-09,1.3100,1.3200,1.3100,1.3100,112200
TAMBUN,2013-07-10,1.3200,1.3200,1.3000,1.3100,215500
TAMBUN,2013-07-11,1.3100,1.3100,1.2900,1.3100,294000
TAMBUN,2013-07-12,1.3100,1.3300,1.3100,1.3300,366400
TAMBUN,2013-07-15,1.3300,1.3400,1.3100,1.3400,369200
TAMBUN,2013-07-16,1.3300,1.3300,1.3100,1.3200,499600
TAMBUN,2013-07-17,1.3200,1.3300,1.3000,1.3300,539200
TAMBUN,2013-07-18,1.3200,1.4300,1.3200,1.3900,3592900
TAMBUN,2013-07-19,1.4200,1.4600,1.4200,1.4300,2742500
TAMBUN,2013-07-22,1.4400,1.5000,1.4300,1.4700,2264300
TAMBUN,2013-07-23,1.4800,1.4900,1.4400,1.4700,970200
TAMBUN,2013-07-24,1.4700,1.4800,1.4400,1.4600,1229900
TAMBUN,2013-07-25,1.4700,1.5000,1.4600,1.4600,940600
TAMBUN,2013-07-26,1.4600,1.4600,1.4400,1.4400,393200
TAMBUN,2013-07-29,1.4400,1.4400,1.3800,1.3800,1080400
TAMBUN,2013-07-30,1.3800,1.4000,1.3700,1.4000,207200
TAMBUN,2013-07-31,1.4000,1.4000,1.3400,1.3700,780600
TAMBUN,2013-08-01,1.3700,1.3900,1.3700,1.3800,161300
TAMBUN,2013-08-02,1.4000,1.4300,1.4000,1.4000,949500
TAMBUN,2013-08-05,1.4100,1.4300,1.4000,1.4200,280200
TAMBUN,2013-08-06,1.4200,1.4300,1.4100,1.4300,262800
TAMBUN,2013-08-12,1.4700,1.5100,1.4600,1.5000,1368500
TAMBUN,2013-08-13,1.5100,1.5600,1.5100,1.5300,1335600
TAMBUN,2013-08-14,1.5500,1.5500,1.4800,1.5100,948800
TAMBUN,2013-08-15,1.4900,1.5100,1.4900,1.4900,423300
TAMBUN,2013-08-16,1.4900,1.5400,1.4900,1.5300,682900
TAMBUN,2013-08-19,1.5300,1.5400,1.5200,1.5400,523800
TAMBUN,2013-08-20,1.5800,1.5900,1.5000,1.5200,2577900
TAMBUN,2013-08-21,1.5100,1.5600,1.5100,1.5300,833600
TAMBUN,2013-08-22,1.5300,1.5300,1.4400,1.4800,1517400
TAMBUN,2013-08-23,1.5000,1.5200,1.4800,1.5000,748800
TAMBUN,2013-08-26,1.4900,1.4900,1.4500,1.4600,975400
TAMBUN,2013-08-27,1.4300,1.4300,1.2800,1.2800,3026100
TAMBUN,2013-08-28,1.2400,1.2800,1.1600,1.2500,3546000
TAMBUN,2013-08-29,1.2800,1.3100,1.2700,1.2800,1440100
TAMBUN,2013-08-30,1.3100,1.3100,1.2600,1.2700,926500
TAMBUN,2013-09-02,1.2700,1.2800,1.2500,1.2800,466600
TAMBUN,2013-09-03,1.2800,1.2900,1.2600,1.2600,363400
TAMBUN,2013-09-04,1.2600,1.2600,1.2500,1.2500,366900
TAMBUN,2013-09-05,1.2600,1.2700,1.2500,1.2700,249800
TAMBUN,2013-09-06,1.2800,1.2800,1.2600,1.2800,263000
TAMBUN,2013-09-09,1.2700,1.2900,1.2700,1.2900,654100
TAMBUN,2013-09-10,1.3000,1.3300,1.3000,1.3300,744200
TAMBUN,2013-09-11,1.3400,1.3900,1.3400,1.3600,1192700
TAMBUN,2013-09-12,1.3700,1.3800,1.3600,1.3600,430200
TAMBUN,2013-09-13,1.3700,1.3700,1.3500,1.3500,293000
TAMBUN,2013-09-17,1.3600,1.3800,1.3400,1.3600,241300
TAMBUN,2013-09-18,1.3400,1.3600,1.3300,1.3300,264600
TAMBUN,2013-09-19,1.3700,1.4100,1.3700,1.4000,945300
TAMBUN,2013-09-20,1.4100,1.4200,1.4000,1.4100,1146600
TAMBUN,2013-09-23,1.4000,1.4000,1.3800,1.3900,153300
TAMBUN,2013-09-24,1.3700,1.3900,1.3700,1.3700,156000
TAMBUN,2013-09-25,1.3600,1.3900,1.3600,1.3800,393200
TAMBUN,2013-09-26,1.4400,1.4800,1.4300,1.4500,2683400
TAMBUN,2013-09-27,1.4600,1.4900,1.4600,1.4800,776300
TAMBUN,2013-09-30,1.4700,1.4700,1.4300,1.4300,596800
TAMBUN,2013-10-01,1.4300,1.4700,1.4200,1.4700,398000
TAMBUN,2013-10-02,1.4800,1.4800,1.4200,1.4500,722800
TAMBUN,2013-10-03,1.4300,1.4400,1.4300,1.4400,226900
TAMBUN,2013-10-04,1.4400,1.4500,1.4300,1.4400,150900
TAMBUN,2013-10-07,1.4300,1.4400,1.4200,1.4300,164500
TAMBUN,2013-10-08,1.4200,1.4400,1.4200,1.4400,300600
TAMBUN,2013-10-09,1.4300,1.4400,1.4300,1.4400,41000
TAMBUN,2013-10-10,1.4300,1.4400,1.4200,1.4400,280700
TAMBUN,2013-10-11,1.4500,1.4600,1.4500,1.4600,321000
TAMBUN,2013-10-14,1.4500,1.4500,1.4300,1.4400,356000
TAMBUN,2013-10-16,1.4400,1.4500,1.4300,1.4400,202100
TAMBUN,2013-10-17,1.4400,1.4400,1.4300,1.4400,284600
TAMBUN,2013-10-18,1.4500,1.4600,1.4400,1.4500,298900
TAMBUN,2013-10-21,1.4500,1.4500,1.4400,1.4500,141700
TAMBUN,2013-10-22,1.4500,1.4600,1.4300,1.4400,425100
TAMBUN,2013-10-23,1.4500,1.4600,1.4400,1.4600,334800
TAMBUN,2013-10-24,1.4500,1.4600,1.4400,1.4500,219300
TAMBUN,2013-10-25,1.4500,1.4500,1.4400,1.4400,202700
TAMBUN,2013-10-28,1.4300,1.4400,1.4100,1.4300,410900
TAMBUN,2013-10-29,1.4300,1.4400,1.4300,1.4300,125100
TAMBUN,2013-10-30,1.4400,1.4500,1.4300,1.4400,199800
TAMBUN,2013-10-31,1.4600,1.4600,1.4400,1.4400,132000
TAMBUN,2013-11-01,1.4400,1.4500,1.4300,1.4500,166000
TAMBUN,2013-11-04,1.4600,1.4600,1.4500,1.4600,274200
TAMBUN,2013-11-06,1.4500,1.4500,1.4400,1.4500,182000
TAMBUN,2013-11-07,1.4400,1.4500,1.4300,1.4400,186600
TAMBUN,2013-11-08,1.4400,1.4400,1.4200,1.4300,161200
TAMBUN,2013-11-11,1.4200,1.4300,1.4100,1.4100,226000
TAMBUN,2013-11-12,1.4100,1.4100,1.4000,1.4000,406700
TAMBUN,2013-11-13,1.4000,1.4000,1.3600,1.3700,318200
TAMBUN,2013-11-14,1.3800,1.4200,1.3800,1.4100,321800
TAMBUN,2013-11-15,1.4200,1.4400,1.4200,1.4400,352500
TAMBUN,2013-11-18,1.4400,1.4500,1.4100,1.4100,465200
TAMBUN,2013-11-19,1.4100,1.4200,1.4000,1.4200,385200
TAMBUN,2013-11-20,1.4500,1.4800,1.4400,1.4500,1576200
TAMBUN,2013-11-21,1.4500,1.4500,1.4200,1.4400,447000
TAMBUN,2013-11-22,1.4500,1.4500,1.4200,1.4200,684000
TAMBUN,2013-11-25,1.4200,1.4200,1.4100,1.4100,448900
TAMBUN,2013-11-26,1.4000,1.4300,1.4000,1.4100,254000
TAMBUN,2013-11-27,1.4100,1.4100,1.4000,1.4100,232400
TAMBUN,2013-11-28,1.4100,1.4200,1.4000,1.4100,136400
TAMBUN,2013-11-29,1.4100,1.4200,1.4100,1.4200,53500
TAMBUN,2013-12-02,1.4100,1.4400,1.3900,1.4000,581200
TAMBUN,2013-12-03,1.4100,1.4100,1.3900,1.4100,259700
TAMBUN,2013-12-04,1.4100,1.4200,1.3900,1.3900,408000
TAMBUN,2013-12-05,1.3800,1.4200,1.3800,1.4200,128300
TAMBUN,2013-12-06,1.4000,1.4100,1.3900,1.3900,187400
TAMBUN,2013-12-09,1.3900,1.4000,1.3900,1.4000,125300
TAMBUN,2013-12-10,1.4000,1.4200,1.3900,1.3900,156700
TAMBUN,2013-12-11,1.3900,1.4100,1.3900,1.4000,151900
TAMBUN,2013-12-12,1.3900,1.4100,1.3900,1.3900,184400
TAMBUN,2013-12-13,1.3900,1.4200,1.3900,1.4000,163600
TAMBUN,2013-12-16,1.4200,1.4300,1.4000,1.4100,251900
TAMBUN,2013-12-17,1.4200,1.4300,1.4100,1.4300,183200
TAMBUN,2013-12-18,1.4200,1.4300,1.4200,1.4200,170500
TAMBUN,2013-12-19,1.4200,1.4300,1.4100,1.4100,159200
TAMBUN,2013-12-20,1.4100,1.4200,1.4000,1.4000,206500
TAMBUN,2013-12-23,1.4200,1.4500,1.4100,1.4200,629800
TAMBUN,2013-12-24,1.4200,1.4400,1.4200,1.4200,106900
TAMBUN,2013-12-26,1.4200,1.4400,1.4100,1.4400,151700
TAMBUN,2013-12-27,1.4400,1.4500,1.4200,1.4500,132800
TAMBUN,2013-12-30,1.4500,1.5300,1.4500,1.5000,1804900
TAMBUN,2013-12-31,1.5200,1.5400,1.5000,1.5100,1758900
TAMBUN,2014-01-02,1.5100,1.5100,1.4700,1.4900,492200
TAMBUN,2014-01-03,1.4800,1.4900,1.4500,1.4600,752300
TAMBUN,2014-01-06,1.4600,1.4800,1.4500,1.4600,1432200
TAMBUN,2014-01-07,1.4700,1.5000,1.4600,1.4700,1422400
TAMBUN,2014-01-08,1.4700,1.5000,1.4700,1.4900,1330900
TAMBUN,2014-01-09,1.4900,1.5100,1.4900,1.5100,631400
TAMBUN,2014-01-10,1.5100,1.6200,1.5100,1.6100,5170800
TAMBUN,2014-01-13,1.5900,1.6000,1.5500,1.5700,1854100
TAMBUN,2014-01-15,1.5800,1.5800,1.5400,1.5400,746700
TAMBUN,2014-01-16,1.5300,1.5400,1.5200,1.5300,657000
TAMBUN,2014-01-20,1.5300,1.5400,1.4800,1.4800,458000
TAMBUN,2014-01-21,1.4800,1.5000,1.4800,1.5000,350500
TAMBUN,2014-01-22,1.4800,1.5000,1.4800,1.5000,201000
TAMBUN,2014-01-23,1.5000,1.5000,1.4700,1.4900,245900
TAMBUN,2014-01-24,1.4700,1.4900,1.4600,1.4800,447700
TAMBUN,2014-01-27,1.4500,1.4500,1.4000,1.4200,825600
TAMBUN,2014-01-28,1.4200,1.4400,1.4100,1.4300,656600
TAMBUN,2014-01-29,1.4300,1.4600,1.4200,1.4600,207400
TAMBUN,2014-01-30,1.4500,1.4500,1.4500,1.4500,19500
TAMBUN,2014-02-04,1.4200,1.4300,1.4000,1.4300,192900
TAMBUN,2014-02-05,1.4200,1.4500,1.4200,1.4500,200800
TAMBUN,2014-02-06,1.4400,1.4700,1.4400,1.4500,168600
TAMBUN,2014-02-07,1.4700,1.4700,1.4600,1.4700,144600
TAMBUN,2014-02-10,1.4800,1.5900,1.4700,1.5500,1543800
TAMBUN,2014-02-11,1.5600,1.5800,1.5500,1.5700,868200
TAMBUN,2014-02-12,1.5700,1.5700,1.5500,1.5600,512600
TAMBUN,2014-02-13,1.5600,1.6000,1.5600,1.6000,953100
TAMBUN,2014-02-14,1.6000,1.6700,1.6000,1.6400,1667900
TAMBUN,2014-02-17,1.6400,1.6700,1.6400,1.6500,580700
TAMBUN,2014-02-18,1.6600,1.6600,1.6200,1.6300,448900
TAMBUN,2014-02-19,1.6300,1.6900,1.6100,1.6700,1296500
TAMBUN,2014-02-20,1.7000,1.7800,1.6900,1.7500,1900400
TAMBUN,2014-02-21,1.7800,1.8200,1.7800,1.7800,2181500
TAMBUN,2014-02-24,1.7900,1.8000,1.7400,1.7900,1070400
TAMBUN,2014-02-25,1.7700,1.7700,1.6900,1.7000,1056400
TAMBUN,2014-02-26,1.7100,1.7600,1.7000,1.7400,938900
TAMBUN,2014-02-27,1.7800,1.7800,1.7100,1.7200,848300
TAMBUN,2014-02-28,1.7100,1.7100,1.7000,1.7100,418400
TAMBUN,2014-03-03,1.7200,1.7300,1.6500,1.6800,1225100
TAMBUN,2014-03-04,1.6700,1.7100,1.6500,1.7000,1059800
TAMBUN,2014-03-05,1.7100,1.7600,1.7100,1.7600,1269100
TAMBUN,2014-03-06,1.7700,1.8400,1.7400,1.8100,3907200
TAMBUN,2014-03-07,1.8300,1.8800,1.8100,1.8300,2108800
TAMBUN,2014-03-10,1.8200,1.8300,1.8000,1.8200,317000
TAMBUN,2014-03-11,1.8200,1.8200,1.7700,1.7800,1029200
TAMBUN,2014-03-12,1.7800,1.7900,1.7500,1.7800,573400
TAMBUN,2014-03-13,1.7800,1.7900,1.7600,1.7800,319600
TAMBUN,2014-03-14,1.7600,1.7600,1.7400,1.7600,720600
TAMBUN,2014-03-17,1.7700,1.7900,1.7400,1.7700,488600
TAMBUN,2014-03-18,1.7800,1.7900,1.7600,1.7600,365800
TAMBUN,2014-03-19,1.7600,1.7900,1.7600,1.7900,297400
TAMBUN,2014-03-20,1.7900,1.9000,1.7900,1.8600,1854800
TAMBUN,2014-03-21,1.8700,1.8800,1.8400,1.8600,620400
TAMBUN,2014-03-24,1.8400,1.8500,1.8300,1.8500,347400
TAMBUN,2014-03-25,1.8500,1.8700,1.8500,1.8700,270300
TAMBUN,2014-03-26,1.8600,1.8800,1.8500,1.8700,671600
TAMBUN,2014-03-27,1.8700,1.9400,1.8700,1.9200,1918600
TAMBUN,2014-03-28,1.9300,1.9500,1.9000,1.9400,730300
TAMBUN,2014-03-31,1.9500,1.9600,1.9300,1.9500,781000
TAMBUN,2014-04-01,1.9500,1.9700,1.9200,1.9600,1003000
TAMBUN,2014-04-02,1.9700,2.0100,1.9700,2.0000,1423200
TAMBUN,2014-04-03,2.0100,2.0100,1.9800,1.9900,484200
TAMBUN,2014-04-04,1.9900,1.9900,1.9400,1.9700,578300
TAMBUN,2014-04-07,1.9600,1.9700,1.9100,1.9600,838000
TAMBUN,2014-04-08,1.9500,1.9500,1.9200,1.9200,603400
TAMBUN,2014-04-09,1.9200,1.9500,1.9200,1.9500,387100
TAMBUN,2014-04-10,1.9300,1.9500,1.9100,1.9100,339300
TAMBUN,2014-04-11,1.9100,1.9500,1.8800,1.9200,849300
TAMBUN,2014-04-14,1.9100,1.9600,1.9100,1.9500,658200
TAMBUN,2014-04-15,1.9600,1.9700,1.9400,1.9600,644800
TAMBUN,2014-04-16,1.9800,2.0400,1.9800,2.0200,3279200
TAMBUN,2014-04-17,2.0400,2.0600,2.0100,2.0200,953000
TAMBUN,2014-04-18,2.0200,2.0500,2.0200,2.0400,532000
TAMBUN,2014-04-21,2.0400,2.0800,2.0400,2.0600,785400
TAMBUN,2014-04-22,2.0600,2.0600,2.0100,2.0400,307000
TAMBUN,2014-04-23,2.0200,2.0200,2.0000,2.0000,546200
TAMBUN,2014-04-24,1.9900,2.0100,1.9900,2.0000,513800
TAMBUN,2014-04-25,2.0100,2.0100,2.0000,2.0100,151200
TAMBUN,2014-04-28,2.0000,2.0300,1.9800,1.9800,513400
TAMBUN,2014-04-29,2.0200,2.0300,1.9500,2.0000,1761600
TAMBUN,2014-04-30,2.0000,2.0000,1.9800,1.9900,382400
TAMBUN,2014-05-02,1.9800,1.9800,1.9700,1.9800,335500
TAMBUN,2014-05-05,1.9800,2.0200,1.9800,2.0200,797900
TAMBUN,2014-05-06,2.0400,2.0400,1.9800,2.0000,461600
TAMBUN,2014-05-07,1.9900,1.9900,1.9800,1.9800,371800
TAMBUN,2014-05-08,1.9800,2.0000,1.9400,1.9800,363700
TAMBUN,2014-05-09,1.9800,1.9800,1.9500,1.9500,251200
TAMBUN,2014-05-12,1.9600,1.9700,1.9500,1.9600,226800
TAMBUN,2014-05-14,1.9700,1.9900,1.9600,1.9800,277100
TAMBUN,2014-05-15,1.9800,1.9800,1.9500,1.9500,165100
TAMBUN,2014-05-16,1.9500,1.9800,1.9400,1.9400,496600
TAMBUN,2014-05-19,1.9500,1.9800,1.9400,1.9600,389400
TAMBUN,2014-05-20,1.9600,1.9700,1.9400,1.9600,1033500
TAMBUN,2014-05-21,1.9600,1.9600,1.9300,1.9300,585700
TAMBUN,2014-05-22,1.9300,1.9600,1.9000,1.9300,1045800
TAMBUN,2014-05-23,1.9200,1.9500,1.9000,1.9500,533700
TAMBUN,2014-05-26,1.9500,1.9500,1.9300,1.9400,339700
TAMBUN,2014-05-27,1.9400,1.9500,1.9300,1.9500,73100
TAMBUN,2014-05-28,1.9500,1.9500,1.9400,1.9500,125600
TAMBUN,2014-05-29,1.9600,1.9900,1.9500,1.9800,410000
TAMBUN,2014-05-30,1.9700,1.9800,1.9700,1.9800,207400
TAMBUN,2014-06-02,1.9700,1.9900,1.9700,1.9700,121800
TAMBUN,2014-06-03,1.9700,2.0500,1.9600,2.0400,1027400
TAMBUN,2014-06-04,2.0400,2.1000,2.0400,2.0700,2099500
TAMBUN,2014-06-05,2.0700,2.0700,2.0400,2.0600,858100
TAMBUN,2014-06-06,2.0700,2.1000,2.0700,2.0800,750600
TAMBUN,2014-06-09,2.0900,2.1000,2.0700,2.0800,293600
TAMBUN,2014-06-10,2.0800,2.0800,2.0500,2.0500,196000
TAMBUN,2014-06-11,2.0500,2.0700,2.0500,2.0600,518900
TAMBUN,2014-06-12,2.0700,2.0700,2.0600,2.0600,798000
TAMBUN,2014-06-13,2.0600,2.0700,2.0500,2.0600,656100
TAMBUN,2014-06-16,2.0700,2.0700,2.0600,2.0600,1342700
TAMBUN,2014-06-17,2.0600,2.0700,2.0500,2.0600,908200
TAMBUN,2014-06-18,2.0500,2.0700,2.0400,2.0600,517900
TAMBUN,2014-06-19,2.0700,2.0800,2.0500,2.0800,1202500
TAMBUN,2014-06-20,2.0700,2.1000,2.0700,2.0800,440300
TAMBUN,2014-06-23,2.0800,2.1900,2.0800,2.1800,1034400
TAMBUN,2014-06-24,2.2000,2.2100,2.1800,2.2000,448000
TAMBUN,2014-06-25,2.2000,2.2300,2.2000,2.2300,357300
TAMBUN,2014-06-26,2.2300,2.2400,2.1900,2.1900,192100
TAMBUN,2014-06-27,2.1800,2.1900,2.1600,2.1800,433200
TAMBUN,2014-06-30,2.1800,2.1900,2.1700,2.1800,456400
TAMBUN,2014-07-01,2.1800,2.1800,2.1600,2.1700,279900
TAMBUN,2014-07-02,2.1700,2.2800,2.1700,2.2600,816800
TAMBUN,2014-07-03,2.2600,2.2600,2.2400,2.2500,332400
TAMBUN,2014-07-04,2.2600,2.3900,2.2500,2.3400,1478500
TAMBUN,2014-07-07,2.3400,2.4100,2.3300,2.4000,1798800
TAMBUN,2014-07-08,2.4000,2.4000,2.3700,2.3700,1012400
TAMBUN,2014-07-09,2.3600,2.3600,2.3300,2.3500,524700
TAMBUN,2014-07-10,2.3500,2.3800,2.3500,2.3800,655200
TAMBUN,2014-07-11,2.3800,2.3800,2.3500,2.3700,727300
TAMBUN,2014-07-14,2.3800,2.4800,2.3700,2.4800,1805700
TAMBUN,2014-07-16,2.4900,2.5600,2.4900,2.5300,1436600
TAMBUN,2014-07-17,2.5500,2.6400,2.5500,2.5600,1717500
TAMBUN,2014-07-18,2.5500,2.6000,2.4800,2.6000,850900
TAMBUN,2014-07-21,2.6000,2.6000,2.5000,2.5000,728900
TAMBUN,2014-07-22,2.5000,2.5200,2.4600,2.4600,1162100
TAMBUN,2014-07-23,2.4700,2.5400,2.4600,2.5100,915200
TAMBUN,2014-07-24,2.5000,2.5100,2.4800,2.4800,289500
TAMBUN,2014-07-25,2.4900,2.4900,2.4600,2.4900,234300
TAMBUN,2014-07-30,2.4900,2.4900,2.4700,2.4800,247000
TAMBUN,2014-07-31,2.4800,2.4800,2.4500,2.4500,608600
TAMBUN,2014-08-01,2.4200,2.4300,2.3300,2.4100,1203900
TAMBUN,2014-08-04,2.4200,2.5000,2.4200,2.4900,842700
TAMBUN,2014-08-05,2.4900,2.5100,2.4400,2.4700,1140900
TAMBUN,2014-08-06,2.4700,2.5100,2.4400,2.4700,822700
TAMBUN,2014-08-07,2.4500,2.4900,2.4400,2.4700,648300
TAMBUN,2014-08-08,2.4700,2.4700,2.3400,2.3500,2522200
TAMBUN,2014-08-11,2.3500,2.4200,2.3500,2.3800,778700
TAMBUN,2014-08-12,2.3700,2.4000,2.3300,2.3700,1121800
TAMBUN,2014-08-13,2.3600,2.3800,2.3600,2.3700,935300
TAMBUN,2014-08-14,2.3700,2.3900,2.3000,2.3000,1483100
TAMBUN,2014-08-15,2.3100,2.3700,2.3100,2.3500,950800
TAMBUN,2014-08-18,2.3800,2.4100,2.3700,2.4100,820600
TAMBUN,2014-08-19,2.4100,2.4100,2.3900,2.4000,319400
TAMBUN,2014-08-20,2.4300,2.4900,2.4300,2.4500,2217000
TAMBUN,2014-08-21,2.4500,2.5200,2.4400,2.4600,1520200
TAMBUN,2014-08-22,2.4600,2.4700,2.4300,2.4300,242900
TAMBUN,2014-08-25,2.4300,2.4600,2.4300,2.4500,873800
TAMBUN,2014-08-26,2.4600,2.5000,2.4400,2.4600,1066200
TAMBUN,2014-08-27,2.4600,2.4700,2.4500,2.4600,360500
TAMBUN,2014-08-28,2.4800,2.4900,2.4600,2.4800,911300
TAMBUN,2014-08-29,2.5000,2.5000,2.4200,2.4600,357300
TAMBUN,2014-09-02,2.4400,2.4400,2.3800,2.4300,350900
TAMBUN,2014-09-03,2.4200,2.4500,2.4100,2.4500,671900
TAMBUN,2014-09-04,2.4400,2.4600,2.4300,2.4500,545200
TAMBUN,2014-09-05,2.4700,2.4700,2.4400,2.4400,284000
TAMBUN,2014-09-08,2.4400,2.4500,2.4300,2.4400,2122900
TAMBUN,2014-09-09,2.4500,2.4700,2.4400,2.4500,1864600
TAMBUN,2014-09-10,2.4500,2.4600,2.4400,2.4400,385600
TAMBUN,2014-09-11,2.4500,2.4700,2.4500,2.4700,412500
TAMBUN,2014-09-12,2.4600,2.4700,2.4300,2.4400,150800
TAMBUN,2014-09-15,2.4200,2.4400,2.4000,2.4300,610200
TAMBUN,2014-09-17,2.4200,2.4400,2.4200,2.4300,206400
TAMBUN,2014-09-18,2.4500,2.4500,2.4200,2.4400,256300
TAMBUN,2014-09-19,2.4200,2.4600,2.4200,2.4600,518700
TAMBUN,2014-09-22,2.4600,2.4900,2.4600,2.4900,360400
TAMBUN,2014-09-23,2.4900,2.5300,2.4600,2.5000,794200
TAMBUN,2014-09-24,2.5000,2.5300,2.5000,2.5300,642000
TAMBUN,2014-09-25,2.5400,2.6000,2.5400,2.6000,764900
TAMBUN,2014-09-26,2.5800,2.5900,2.5500,2.5600,444100
TAMBUN,2014-09-29,2.5700,2.6200,2.5600,2.6200,2055300
TAMBUN,2014-09-30,2.6200,2.6200,2.5700,2.5700,519500
TAMBUN,2014-10-01,2.5700,2.6000,2.5000,2.5000,444200
TAMBUN,2014-10-02,2.4900,2.5100,2.4600,2.4700,882000
TAMBUN,2014-10-03,2.4700,2.5000,2.4700,2.4700,579500
TAMBUN,2014-10-07,2.5000,2.5000,2.3600,2.3700,1184400
TAMBUN,2014-10-08,2.3500,2.3500,2.2100,2.2200,2982400
TAMBUN,2014-10-09,2.2400,2.3100,2.2400,2.2800,1207700
TAMBUN,2014-10-10,2.2500,2.2500,2.1800,2.1900,2593700
TAMBUN,2014-10-13,2.1900,2.1900,2.0800,2.1500,3749700
TAMBUN,2014-10-14,2.0600,2.1100,2.0300,2.0700,2684900
TAMBUN,2014-10-15,2.0800,2.1400,2.0700,2.1100,1394900
TAMBUN,2014-10-16,2.0900,2.1400,2.0000,2.0600,6060800
TAMBUN,2014-10-17,2.0600,2.3200,2.0600,2.2700,1789800
TAMBUN,2014-10-20,2.3100,2.3300,2.2200,2.2400,4774600
TAMBUN,2014-10-21,2.2400,2.2600,2.1900,2.2000,673500
TAMBUN,2014-10-24,2.3100,2.4400,2.3100,2.3500,922200
TAMBUN,2014-10-27,2.3700,2.4200,2.3600,2.4100,645100
TAMBUN,2014-10-28,2.4100,2.4300,2.3900,2.4000,532200
TAMBUN,2014-10-29,2.4000,2.4100,2.3700,2.4000,750100
TAMBUN,2014-10-30,2.3800,2.4100,2.3800,2.4100,131100
TAMBUN,2014-10-31,2.4100,2.4700,2.4100,2.4600,347300
TAMBUN,2014-11-03,2.4600,2.4800,2.4300,2.4400,274200
TAMBUN,2014-11-04,2.4000,2.4000,2.3700,2.3800,346500
TAMBUN,2014-11-05,2.3900,2.4200,2.3400,2.3400,169600
TAMBUN,2014-11-06,2.3400,2.3500,2.3000,2.3100,167500
TAMBUN,2014-11-07,2.3000,2.3300,2.2900,2.3100,193000
TAMBUN,2014-11-10,2.3100,2.3100,2.2400,2.2600,240200
TAMBUN,2014-11-11,2.2700,2.3000,2.1800,2.1800,614600
TAMBUN,2014-11-12,2.1700,2.1700,2.0700,2.1300,6502700
TAMBUN,2014-11-13,2.1300,2.1600,2.1300,2.1500,198200
TAMBUN,2014-11-14,2.1600,2.1700,2.1400,2.1500,149200
TAMBUN,2014-11-17,2.1500,2.1500,2.1100,2.1100,169900
TAMBUN,2014-11-18,2.1200,2.1200,2.1100,2.1100,217200
TAMBUN,2014-11-19,2.1400,2.1700,2.1200,2.1300,554200
TAMBUN,2014-11-20,2.1200,2.1300,2.1000,2.1300,313200
TAMBUN,2014-11-21,2.1300,2.1500,2.1200,2.1400,368300
TAMBUN,2014-11-24,2.1200,2.1200,2.1100,2.1200,68000
TAMBUN,2014-11-25,2.1200,2.1800,2.1100,2.1800,388900
TAMBUN,2014-11-26,2.1800,2.2000,2.1800,2.1900,222600
TAMBUN,2014-11-27,2.1800,2.1800,2.1500,2.1600,123500
TAMBUN,2014-11-28,2.1600,2.1900,2.1600,2.1800,250500
TAMBUN,2014-12-01,2.1300,2.1400,2.0300,2.1400,652600
TAMBUN,2014-12-02,2.1000,2.1400,2.0300,2.1100,241100
TAMBUN,2014-12-03,2.1100,2.1300,2.0800,2.0900,1006900
TAMBUN,2014-12-04,2.1000,2.1100,2.0300,2.0500,1053500
TAMBUN,2014-12-05,2.0500,2.0800,2.0400,2.0700,192000
TAMBUN,2014-12-08,2.0500,2.0500,1.9600,1.9700,510900
TAMBUN,2014-12-09,1.9700,1.9700,1.7700,1.8000,2295500
TAMBUN,2014-12-10,1.8000,1.8400,1.8000,1.8200,488000
TAMBUN,2014-12-11,1.8200,1.8200,1.6700,1.6900,1279400
TAMBUN,2014-12-12,1.6500,1.6600,1.5500,1.5600,2884600
TAMBUN,2014-12-15,1.5200,1.5200,1.4000,1.4500,2687500
TAMBUN,2014-12-16,1.4300,1.5200,1.4100,1.5100,1933900
TAMBUN,2014-12-17,1.5100,1.5900,1.5100,1.5500,2289500
TAMBUN,2014-12-18,1.5900,1.7000,1.5900,1.6700,1305100
TAMBUN,2014-12-19,1.7100,1.7500,1.6700,1.6800,1070500
TAMBUN,2014-12-22,1.6900,1.7500,1.6800,1.7300,1043800
TAMBUN,2014-12-23,1.7400,1.7400,1.6900,1.7000,550600
TAMBUN,2014-12-24,1.6800,1.7000,1.6200,1.7000,645400
TAMBUN,2014-12-26,1.7000,1.7000,1.6500,1.7000,396300
TAMBUN,2014-12-29,1.6800,1.7200,1.6800,1.6800,381800
TAMBUN,2014-12-30,1.7000,1.7000,1.6200,1.6200,824500
TAMBUN,2014-12-31,1.6500,1.6700,1.6200,1.6200,1633600
TAMBUN,2015-01-02,1.6200,1.6200,1.6000,1.6000,437700
TAMBUN,2015-01-05,1.6000,1.6000,1.5200,1.5300,736100
TAMBUN,2015-01-06,1.5300,1.5300,1.4700,1.5000,946000
TAMBUN,2015-01-07,1.5000,1.5600,1.4800,1.5600,736800
TAMBUN,2015-01-08,1.5600,1.6700,1.5600,1.6700,1581400
TAMBUN,2015-01-09,1.7000,1.7500,1.6900,1.7300,1894100
TAMBUN,2015-01-12,1.7200,1.7200,1.7000,1.7000,757200
TAMBUN,2015-01-13,1.7000,1.7000,1.6800,1.6800,572700
TAMBUN,2015-01-14,1.6800,1.6800,1.5900,1.6000,1081800
TAMBUN,2015-01-15,1.6200,1.6400,1.5800,1.5800,1681600
TAMBUN,2015-01-16,1.5900,1.6400,1.5500,1.6400,2143300
TAMBUN,2015-01-19,1.6700,1.6900,1.6500,1.6800,1287200
TAMBUN,2015-01-20,1.6800,1.7100,1.6600,1.6800,527500
TAMBUN,2015-01-21,1.6800,1.7000,1.6700,1.6900,802400
TAMBUN,2015-01-22,1.7000,1.8300,1.7000,1.8100,1962800
TAMBUN,2015-01-23,1.8300,1.8500,1.7600,1.7700,1109300
TAMBUN,2015-01-26,1.7900,1.9700,1.7900,1.9400,3458800
TAMBUN,2015-01-27,1.9600,1.9900,1.9100,1.9900,1374000
TAMBUN,2015-01-28,1.9500,1.9500,1.9000,1.9300,795400
TAMBUN,2015-01-29,1.9400,1.9400,1.8700,1.8900,1268900
TAMBUN,2015-01-30,1.8700,1.8800,1.8400,1.8600,458900
TAMBUN,2015-02-04,1.8800,1.9100,1.8700,1.9000,585600
TAMBUN,2015-02-05,1.8900,1.9200,1.8900,1.9100,258400
TAMBUN,2015-02-06,1.9200,1.9500,1.9100,1.9400,595900
TAMBUN,2015-02-09,1.8900,1.9400,1.8900,1.9300,286900
TAMBUN,2015-02-10,1.9300,1.9700,1.9100,1.9300,786600
TAMBUN,2015-02-11,1.9200,1.9300,1.9200,1.9300,592400
TAMBUN,2015-02-12,1.9200,1.9200,1.8400,1.8400,484000
TAMBUN,2015-02-13,1.8500,1.9100,1.8500,1.9000,601700
TAMBUN,2015-02-16,1.8900,1.9400,1.8900,1.9400,342700
TAMBUN,2015-02-17,1.9200,1.9400,1.9200,1.9400,235300
TAMBUN,2015-02-18,1.9100,1.9300,1.9100,1.9300,17300
TAMBUN,2015-02-23,1.9300,1.9300,1.9000,1.9000,52800
TAMBUN,2015-02-24,1.9000,1.9000,1.8800,1.9000,87000
TAMBUN,2015-02-25,1.8900,1.9000,1.8800,1.8800,123500
TAMBUN,2015-02-26,1.8900,1.9100,1.8700,1.9100,256600
TAMBUN,2015-02-27,1.9000,1.9000,1.8700,1.8700,273500
TAMBUN,2015-03-02,1.8700,1.8800,1.8400,1.8800,338500
TAMBUN,2015-03-03,1.8600,1.8600,1.8300,1.8500,285700
TAMBUN,2015-03-04,1.8200,1.8400,1.7800,1.7800,199900
TAMBUN,2015-03-05,1.7800,1.7800,1.7300,1.7800,588900
TAMBUN,2015-03-06,1.7800,1.8000,1.7700,1.7900,99700
TAMBUN,2015-03-09,1.7700,1.7900,1.7700,1.7800,94200
TAMBUN,2015-03-10,1.7800,1.8700,1.7800,1.8600,333000
TAMBUN,2015-03-11,1.8500,1.8800,1.8200,1.8800,176300
TAMBUN,2015-03-12,1.8600,1.8700,1.8400,1.8600,160500
TAMBUN,2015-03-13,1.8500,1.8500,1.8400,1.8400,80400
TAMBUN,2015-03-16,1.8400,1.8500,1.8200,1.8400,292600
TAMBUN,2015-03-17,1.8500,1.9200,1.8400,1.8900,504900
TAMBUN,2015-03-18,1.8900,1.9100,1.8200,1.8400,406200
TAMBUN,2015-03-19,1.8400,1.8900,1.8400,1.8800,291600
TAMBUN,2015-03-20,1.8800,1.9100,1.8400,1.8400,517200
TAMBUN,2015-03-23,1.8400,1.8600,1.8300,1.8400,127600
TAMBUN,2015-03-24,1.8200,1.8400,1.8200,1.8400,377400
TAMBUN,2015-03-25,1.8300,1.8300,1.7700,1.8000,911100
TAMBUN,2015-03-26,1.8000,1.8400,1.8000,1.8300,311400
TAMBUN,2015-03-27,1.8000,1.8400,1.7900,1.8400,669400
TAMBUN,2015-03-30,1.8100,1.8100,1.7800,1.8100,175700
TAMBUN,2015-03-31,1.7900,1.8000,1.7800,1.8000,418600
TAMBUN,2015-04-01,1.7900,1.8000,1.7800,1.7800,68000
TAMBUN,2015-04-02,1.7800,1.8100,1.7800,1.8100,261100
TAMBUN,2015-04-03,1.8000,1.8100,1.7700,1.8100,134500
TAMBUN,2015-04-06,1.7900,1.7900,1.7800,1.7900,53200
TAMBUN,2015-04-07,1.7900,1.8200,1.7800,1.8000,124300
TAMBUN,2015-04-08,1.7800,1.8100,1.7800,1.8000,206200
TAMBUN,2015-04-09,1.7900,1.8200,1.7800,1.8100,285600
TAMBUN,2015-04-10,1.8200,1.8200,1.7900,1.8000,98600
TAMBUN,2015-04-13,1.7800,1.7900,1.7700,1.7700,168100
TAMBUN,2015-04-14,1.7700,1.7900,1.7600,1.7900,178100
TAMBUN,2015-04-15,1.7900,1.7900,1.7600,1.7600,481100
TAMBUN,2015-04-16,1.7600,1.7900,1.7600,1.7800,350900
TAMBUN,2015-04-17,1.7800,1.7900,1.7700,1.7700,136600
TAMBUN,2015-04-20,1.7700,1.7800,1.7700,1.7800,259700
TAMBUN,2015-04-21,1.7800,1.7900,1.7700,1.7900,193100
TAMBUN,2015-04-22,1.7900,1.8000,1.7800,1.8000,154000
TAMBUN,2015-04-23,1.8000,1.8000,1.7900,1.7900,143500
TAMBUN,2015-04-24,1.8000,1.8000,1.7800,1.7800,151000
TAMBUN,2015-04-27,1.7800,1.7800,1.7700,1.7800,48500
TAMBUN,2015-04-28,1.7700,1.7700,1.7500,1.7700,119500
TAMBUN,2015-04-29,1.7800,1.8000,1.7600,1.7700,217700
TAMBUN,2015-04-30,1.8000,1.9000,1.8000,1.8800,1813800
TAMBUN,2015-05-05,1.8900,1.9000,1.8600,1.8600,315400
TAMBUN,2015-05-06,1.8600,1.8600,1.8300,1.8300,242600
TAMBUN,2015-05-07,1.8200,1.8900,1.8200,1.8800,223400
TAMBUN,2015-05-08,1.8800,1.8900,1.8600,1.8600,217700
TAMBUN,2015-05-11,1.8600,1.8600,1.8200,1.8300,51900
TAMBUN,2015-05-12,1.8200,1.8600,1.8100,1.8300,52900
TAMBUN,2015-05-13,1.8300,1.8600,1.8300,1.8600,77800
TAMBUN,2015-05-14,1.8300,1.8300,1.8000,1.8000,127000
TAMBUN,2015-05-15,1.8000,1.8200,1.8000,1.8200,22900
TAMBUN,2015-05-18,1.8100,1.8300,1.8100,1.8100,58800
TAMBUN,2015-05-19,1.8000,1.8200,1.8000,1.8100,110200
TAMBUN,2015-05-25,1.8000,1.8000,1.7300,1.7300,262400
TAMBUN,2015-05-27,1.7400,1.7500,1.6900,1.7500,1030900
TAMBUN,2015-05-28,1.7500,1.7500,1.7000,1.7100,41000
TAMBUN,2015-05-29,1.7200,1.7300,1.7000,1.7000,541300
TAMBUN,2015-06-01,1.7000,1.7200,1.7000,1.7100,16600
TAMBUN,2015-06-03,1.7400,1.7500,1.7200,1.7400,106600
TAMBUN,2015-06-05,1.7200,1.7400,1.7200,1.7200,52400
TAMBUN,2015-06-08,1.7200,1.7500,1.7200,1.7200,185900
TAMBUN,2015-06-09,1.7200,1.7200,1.7000,1.7000,151500
TAMBUN,2015-06-10,1.7000,1.7000,1.6400,1.6500,808500
TAMBUN,2015-06-22,1.7000,1.7200,1.7000,1.7100,185100
TAMBUN,2015-06-24,1.7000,1.7300,1.7000,1.7200,59100
TAMBUN,2015-06-30,1.6300,1.6700,1.6300,1.6600,102900
TAMBUN,2015-07-09,1.6400,1.6700,1.6400,1.6400,268100
TAMBUN,2015-07-13,1.6500,1.6700,1.6500,1.6600,127300
TAMBUN,2015-07-14,1.6700,1.6800,1.6500,1.6600,178100
TAMBUN,2015-07-27,1.7000,1.7100,1.6800,1.6800,77400
TAMBUN,2015-07-29,1.6700,1.6800,1.6500,1.6800,155400
TAMBUN,2015-07-31,1.6700,1.6900,1.6500,1.6500,294000
TAMBUN,2015-08-05,1.6500,1.6700,1.6500,1.6500,137700
TAMBUN,2015-08-07,1.6200,1.6200,1.6000,1.6200,108700
TAMBUN,2015-08-12,1.5700,1.5700,1.4900,1.5000,353800
TAMBUN,2015-08-13,1.4900,1.5400,1.4900,1.5100,524100
TAMBUN,2015-08-14,1.5100,1.5400,1.5100,1.5100,152800
TAMBUN,2015-08-17,1.5000,1.5000,1.4400,1.4500,383200
TAMBUN,2015-08-18,1.4300,1.5100,1.4100,1.4900,187600
TAMBUN,2015-08-19,1.4700,1.4900,1.4600,1.4800,224200
TAMBUN,2015-08-20,1.4700,1.4800,1.4700,1.4700,171800
TAMBUN,2015-08-21,1.4700,1.4800,1.4600,1.4600,177400
TAMBUN,2015-08-24,1.4500,1.4500,1.3800,1.3900,663800
TAMBUN,2015-08-25,1.3800,1.4500,1.3500,1.4300,492300
TAMBUN,2015-08-26,1.4300,1.4600,1.4000,1.4300,1711500
TAMBUN,2015-08-27,1.4100,1.4100,1.3100,1.3300,10006500
TAMBUN,2015-08-28,1.3500,1.4000,1.3500,1.3800,3636400
TAMBUN,2015-09-01,1.3400,1.3400,1.2800,1.2800,320100
TAMBUN,2015-09-02,1.2600,1.2700,1.1600,1.2000,4887900
TAMBUN,2015-09-03,1.2000,1.2100,1.1800,1.1800,803900
TAMBUN,2015-09-04,1.1900,1.2200,1.1900,1.2100,1182500
TAMBUN,2015-09-07,1.2200,1.2200,1.1800,1.1900,403800
TAMBUN,2015-09-08,1.2000,1.2300,1.1900,1.2200,437600
TAMBUN,2015-09-09,1.2200,1.2400,1.2200,1.2200,378400
TAMBUN,2015-09-10,1.2200,1.2200,1.1900,1.1900,518800
TAMBUN,2015-09-11,1.2000,1.2200,1.2000,1.2100,358300
TAMBUN,2015-09-14,1.2200,1.2200,1.2000,1.2000,190200
TAMBUN,2015-09-15,1.2200,1.2900,1.2200,1.2900,1038600
TAMBUN,2015-09-17,1.3100,1.3500,1.3100,1.3200,704100
TAMBUN,2015-09-18,1.3300,1.3500,1.3200,1.3300,466200
TAMBUN,2015-09-21,1.3200,1.3600,1.3200,1.3500,329700
TAMBUN,2015-09-22,1.3600,1.3600,1.3100,1.3100,320500
TAMBUN,2015-09-23,1.3100,1.3300,1.2800,1.2900,229500
TAMBUN,2015-09-25,1.2900,1.3000,1.2900,1.2900,21000
TAMBUN,2015-09-28,1.2900,1.3100,1.2700,1.3000,113300
TAMBUN,2015-09-29,1.3000,1.3100,1.2800,1.3100,138100
TAMBUN,2015-09-30,1.3000,1.3100,1.3000,1.3000,43900
TAMBUN,2015-10-01,1.2900,1.3400,1.2900,1.3300,201400
TAMBUN,2015-10-02,1.3200,1.3400,1.3100,1.3400,153200
TAMBUN,2015-10-05,1.3100,1.3300,1.3100,1.3200,163200
TAMBUN,2015-10-06,1.3200,1.4100,1.3200,1.3700,511200
TAMBUN,2015-10-07,1.3700,1.4100,1.3600,1.4000,587700
TAMBUN,2015-10-08,1.4000,1.4400,1.3900,1.4000,840200
TAMBUN,2015-10-09,1.4100,1.4300,1.4000,1.4000,805000
TAMBUN,2015-10-12,1.4200,1.4200,1.3800,1.4000,282500
TAMBUN,2015-10-13,1.3900,1.4100,1.3800,1.4100,367400
TAMBUN,2015-10-15,1.4200,1.4200,1.3900,1.4100,409100
TAMBUN,2015-10-16,1.3900,1.4200,1.3800,1.4100,468700
TAMBUN,2015-10-19,1.4000,1.4200,1.4000,1.4200,285200
TAMBUN,2015-10-20,1.4200,1.4300,1.4100,1.4100,577700
TAMBUN,2015-10-21,1.4100,1.4800,1.4100,1.4600,1119600
TAMBUN,2015-10-22,1.4700,1.4800,1.4300,1.4600,549200
TAMBUN,2015-10-23,1.4600,1.4700,1.4500,1.4600,201300
TAMBUN,2015-10-26,1.4600,1.4900,1.4600,1.4800,226100
TAMBUN,2015-10-27,1.4600,1.4900,1.4400,1.4500,104400
TAMBUN,2015-10-28,1.4400,1.4600,1.4400,1.4500,137500
TAMBUN,2015-10-29,1.4600,1.4600,1.4400,1.4500,174700
TAMBUN,2015-10-30,1.4500,1.4500,1.4100,1.4100,400700
TAMBUN,2015-11-02,1.4200,1.4300,1.4100,1.4300,256400
TAMBUN,2015-11-03,1.4300,1.4300,1.4100,1.4200,450600
TAMBUN,2015-11-04,1.4300,1.4500,1.4100,1.4100,441100
TAMBUN,2015-11-05,1.4100,1.4100,1.3900,1.4000,212500
TAMBUN,2015-11-06,1.4000,1.4000,1.3900,1.3900,189500
TAMBUN,2015-11-09,1.3900,1.4200,1.3900,1.4000,373700
TAMBUN,2015-11-11,1.4200,1.4300,1.4000,1.4100,434700
TAMBUN,2015-11-12,1.4100,1.4200,1.4100,1.4200,156800
TAMBUN,2015-11-13,1.4300,1.4300,1.4100,1.4100,202000
TAMBUN,2015-11-16,1.4000,1.4000,1.3800,1.4000,387300
TAMBUN,2015-11-17,1.4100,1.4100,1.3900,1.4000,104500
TAMBUN,2015-11-18,1.4000,1.4000,1.3700,1.3900,328700
TAMBUN,2015-11-19,1.4000,1.4000,1.3700,1.3800,400300
TAMBUN,2015-11-20,1.3900,1.4200,1.3900,1.4000,293200
TAMBUN,2015-11-23,1.4100,1.4100,1.3900,1.3900,241700
TAMBUN,2015-11-24,1.4000,1.4000,1.3900,1.3900,71700
TAMBUN,2015-11-25,1.3900,1.3900,1.3700,1.3800,286000
TAMBUN,2015-11-26,1.3800,1.4000,1.3700,1.3800,102100
TAMBUN,2015-11-27,1.3800,1.3900,1.3800,1.3800,51000
TAMBUN,2015-11-30,1.3900,1.3900,1.3700,1.3800,29400
TAMBUN,2015-12-01,1.3800,1.4200,1.3600,1.4100,479600
TAMBUN,2015-12-02,1.4100,1.4300,1.4100,1.4300,283100
TAMBUN,2015-12-03,1.4300,1.4400,1.4300,1.4400,247000
TAMBUN,2015-12-04,1.4400,1.4400,1.4200,1.4200,544700
TAMBUN,2015-12-07,1.4200,1.4300,1.3900,1.3900,1277700
TAMBUN,2015-12-08,1.3900,1.4400,1.3900,1.4400,755000
TAMBUN,2015-12-09,1.4400,1.4400,1.4400,1.4400,286100
TAMBUN,2015-12-10,1.4400,1.4400,1.4300,1.4300,105600
TAMBUN,2015-12-11,1.4200,1.4200,1.4100,1.4100,53800
TAMBUN,2015-12-14,1.4000,1.4100,1.3900,1.4000,56600
TAMBUN,2015-12-15,1.4000,1.4000,1.3900,1.4000,34100
TAMBUN,2015-12-16,1.3900,1.4100,1.3900,1.4100,14900
TAMBUN,2015-12-17,1.4100,1.4200,1.4100,1.4100,42100
TAMBUN,2015-12-18,1.4100,1.4300,1.3900,1.4300,406400
TAMBUN,2015-12-21,1.4200,1.4300,1.4000,1.4000,85500
TAMBUN,2015-12-22,1.4100,1.4300,1.4000,1.4200,87600
TAMBUN,2015-12-23,1.4100,1.4200,1.4000,1.4100,42100
TAMBUN,2015-12-28,1.4100,1.4100,1.3900,1.3900,277500
TAMBUN,2015-12-29,1.3800,1.4100,1.3800,1.3800,134700
TAMBUN,2015-12-30,1.3900,1.3900,1.3800,1.3900,213000
TAMBUN,2015-12-31,1.3900,1.4100,1.3800,1.4100,571300
TAMBUN,2016-01-04,1.4000,1.4000,1.3600,1.3700,629900
TAMBUN,2016-01-05,1.3600,1.3800,1.3400,1.3800,387700
TAMBUN,2016-01-06,1.3800,1.3900,1.3800,1.3900,140900
TAMBUN,2016-01-07,1.4000,1.4000,1.3800,1.3800,228700
TAMBUN,2016-01-08,1.3800,1.3900,1.3800,1.3800,96300
TAMBUN,2016-01-11,1.3800,1.3900,1.3700,1.3700,150000
TAMBUN,2016-01-12,1.3800,1.3800,1.3600,1.3600,346100
TAMBUN,2016-01-13,1.3600,1.3700,1.3600,1.3600,250100
TAMBUN,2016-01-14,1.3600,1.3600,1.3400,1.3500,151200
TAMBUN,2016-01-15,1.3500,1.3600,1.3300,1.3300,349400
TAMBUN,2016-01-18,1.3200,1.3300,1.3000,1.3300,421200
TAMBUN,2016-01-19,1.3500,1.3600,1.3300,1.3500,163600
TAMBUN,2016-01-20,1.3600,1.3700,1.3400,1.3500,98800
TAMBUN,2016-01-21,1.3200,1.3400,1.3000,1.3200,170200
TAMBUN,2016-01-22,1.3400,1.3500,1.3100,1.3100,91400
TAMBUN,2016-01-26,1.3000,1.3100,1.2800,1.2800,231500
TAMBUN,2016-01-27,1.2900,1.3300,1.2500,1.2600,296300
TAMBUN,2016-01-28,1.2800,1.2800,1.2500,1.2800,60700
TAMBUN,2016-01-29,1.2600,1.2800,1.2600,1.2700,131500
TAMBUN,2016-02-02,1.2900,1.3000,1.2800,1.2800,98700
TAMBUN,2016-02-03,1.3000,1.3000,1.2600,1.2600,61100
TAMBUN,2016-02-04,1.2900,1.3000,1.2800,1.2900,104000
TAMBUN,2016-02-05,1.3000,1.3000,1.2900,1.2900,98200
TAMBUN,2016-02-10,1.3100,1.3100,1.3000,1.3100,3000
TAMBUN,2016-02-11,1.3100,1.3100,1.2900,1.3000,7200
TAMBUN,2016-02-12,1.2900,1.3000,1.2800,1.2900,46600
TAMBUN,2016-02-15,1.2900,1.2900,1.2700,1.2800,92300
TAMBUN,2016-02-16,1.2700,1.3000,1.2700,1.3000,256700
TAMBUN,2016-02-17,1.2900,1.3100,1.2900,1.3100,326000
TAMBUN,2016-02-18,1.3200,1.3200,1.3100,1.3200,258900
TAMBUN,2016-02-19,1.3200,1.3800,1.3100,1.3600,412500
TAMBUN,2016-02-22,1.3800,1.3800,1.3500,1.3500,61800
TAMBUN,2016-02-23,1.3600,1.3600,1.3400,1.3500,509000
TAMBUN,2016-02-24,1.3500,1.3600,1.3500,1.3500,97400
TAMBUN,2016-02-25,1.3500,1.3600,1.3500,1.3500,142900
TAMBUN,2016-02-26,1.3500,1.3600,1.3500,1.3600,72700
TAMBUN,2016-02-29,1.3500,1.3600,1.3500,1.3500,509300
TAMBUN,2016-03-01,1.3600,1.4000,1.3600,1.3700,257500
TAMBUN,2016-03-02,1.3900,1.3900,1.3800,1.3800,160600
TAMBUN,2016-03-03,1.3900,1.3900,1.3800,1.3800,113300
TAMBUN,2016-03-04,1.3800,1.3800,1.3600,1.3600,102900
TAMBUN,2016-03-07,1.3500,1.3600,1.3500,1.3500,259100
TAMBUN,2016-03-08,1.3500,1.3600,1.3300,1.3300,218800
TAMBUN,2016-03-09,1.3500,1.3600,1.3500,1.3500,73300
TAMBUN,2016-03-10,1.3600,1.3700,1.3600,1.3700,201600
TAMBUN,2016-03-11,1.3700,1.3800,1.3700,1.3800,83000
TAMBUN,2016-03-14,1.3800,1.3900,1.3600,1.3700,48700
TAMBUN,2016-03-15,1.3500,1.3700,1.3500,1.3700,180000
TAMBUN,2016-03-16,1.3600,1.3700,1.3500,1.3500,224700
TAMBUN,2016-03-17,1.3500,1.4400,1.3500,1.4300,936500
TAMBUN,2016-03-18,1.4500,1.5000,1.4500,1.4900,2105700
TAMBUN,2016-03-21,1.5000,1.5200,1.4700,1.4800,1598300
TAMBUN,2016-03-22,1.4900,1.5000,1.4800,1.4800,190100
TAMBUN,2016-03-23,1.4900,1.5100,1.4900,1.5100,693700
TAMBUN,2016-03-25,1.5600,1.5600,1.5100,1.5200,325200
TAMBUN,2016-03-28,1.5300,1.5300,1.4600,1.4700,1067100
TAMBUN,2016-03-29,1.4700,1.5200,1.4700,1.4700,373700
TAMBUN,2016-03-30,1.4600,1.4700,1.4600,1.4700,431900
TAMBUN,2016-03-31,1.4700,1.4700,1.4500,1.4500,327000
TAMBUN,2016-04-01,1.4600,1.4600,1.4400,1.4500,320200
TAMBUN,2016-04-04,1.4400,1.4500,1.4200,1.4200,405200
TAMBUN,2016-04-05,1.4200,1.4700,1.4200,1.4300,944600
TAMBUN,2016-04-06,1.4200,1.4300,1.4200,1.4300,679100
TAMBUN,2016-04-07,1.4400,1.4500,1.4200,1.4300,1432400
TAMBUN,2016-04-08,1.4200,1.4300,1.4200,1.4300,438600
TAMBUN,2016-04-11,1.4300,1.4300,1.3800,1.3900,1341400
TAMBUN,2016-04-12,1.3800,1.4000,1.3800,1.4000,176000
TAMBUN,2016-04-13,1.4000,1.4200,1.3900,1.3900,374600
TAMBUN,2016-04-14,1.4000,1.4600,1.4000,1.4500,532500
TAMBUN,2016-04-15,1.4600,1.4800,1.4400,1.4500,671200
TAMBUN,2016-04-18,1.4500,1.4500,1.4200,1.4200,81000
TAMBUN,2016-04-19,1.4200,1.4200,1.4000,1.4200,155200
TAMBUN,2016-04-20,1.4200,1.4200,1.3900,1.3900,250600
TAMBUN,2016-04-21,1.4000,1.4300,1.4000,1.4200,363700
TAMBUN,2016-04-22,1.4100,1.4300,1.4000,1.4100,348800
TAMBUN,2016-04-25,1.4100,1.4200,1.4000,1.4200,518400
TAMBUN,2016-04-26,1.4100,1.4100,1.3900,1.4000,251800
TAMBUN,2016-04-27,1.4000,1.4000,1.4000,1.4000,218700
TAMBUN,2016-04-28,1.3900,1.4000,1.3900,1.3900,115900
TAMBUN,2016-04-29,1.3800,1.4000,1.3800,1.3900,108600
TAMBUN,2016-05-03,1.3900,1.4000,1.3900,1.3900,25000
TAMBUN,2016-05-04,1.3800,1.4000,1.3800,1.4000,263400
TAMBUN,2016-05-05,1.3900,1.4200,1.3900,1.4200,521000
TAMBUN,2016-05-06,1.4000,1.4000,1.3800,1.3800,381800
TAMBUN,2016-05-09,1.3800,1.3800,1.3700,1.3700,203900
TAMBUN,2016-05-10,1.3700,1.3800,1.3700,1.3700,21700
TAMBUN,2016-05-11,1.3700,1.3700,1.3700,1.3700,480300
TAMBUN,2016-05-12,1.3700,1.3800,1.3400,1.3500,602800
TAMBUN,2016-05-13,1.3600,1.3800,1.3600,1.3700,120000
TAMBUN,2016-05-16,1.3600,1.3700,1.3600,1.3700,70500
TAMBUN,2016-05-17,1.3800,1.3900,1.3800,1.3800,70000
TAMBUN,2016-05-18,1.3800,1.3800,1.3700,1.3800,165200
TAMBUN,2016-05-19,1.3600,1.3900,1.3500,1.3800,702700
TAMBUN,2016-05-20,1.3800,1.3800,1.3700,1.3700,58300
TAMBUN,2016-05-23,1.3700,1.3800,1.3700,1.3800,40700
TAMBUN,2016-05-24,1.3700,1.3700,1.3700,1.3700,16600
TAMBUN,2016-05-25,1.3700,1.3700,1.3600,1.3600,54800
TAMBUN,2016-05-26,1.3600,1.3700,1.3500,1.3600,40300
TAMBUN,2016-05-27,1.3700,1.3700,1.3600,1.3700,30900
TAMBUN,2016-05-30,1.3600,1.3700,1.3600,1.3700,171600
TAMBUN,2016-05-31,1.3700,1.3800,1.3500,1.3500,13800
TAMBUN,2016-06-01,1.3600,1.3600,1.3500,1.3500,83900
TAMBUN,2016-06-02,1.3500,1.3600,1.3500,1.3500,122800
TAMBUN,2016-06-03,1.3500,1.3600,1.3500,1.3600,18000
TAMBUN,2016-06-06,1.3500,1.3600,1.3400,1.3400,107500
TAMBUN,2016-06-07,1.3400,1.3800,1.3400,1.3600,316400
TAMBUN,2016-06-08,1.3800,1.4300,1.3800,1.4100,1375800
TAMBUN,2016-06-09,1.4100,1.4200,1.4000,1.4100,367600
TAMBUN,2016-06-10,1.4200,1.4400,1.4100,1.4100,375000
TAMBUN,2016-06-13,1.4100,1.4100,1.3800,1.4100,47600
TAMBUN,2016-06-14,1.4000,1.4000,1.3700,1.3900,58100
TAMBUN,2016-06-15,1.4000,1.4000,1.3700,1.3800,72000
TAMBUN,2016-06-16,1.3900,1.3900,1.3800,1.3800,49600
TAMBUN,2016-06-17,1.3800,1.3900,1.3800,1.3800,16000
TAMBUN,2016-06-20,1.3800,1.4200,1.3800,1.3900,95000
TAMBUN,2016-06-21,1.4000,1.4100,1.3900,1.4100,325600
TAMBUN,2016-06-23,1.4100,1.4200,1.4100,1.4100,13100
TAMBUN,2016-06-24,1.4100,1.4100,1.3700,1.3800,228300
TAMBUN,2016-06-27,1.3800,1.4100,1.3700,1.4000,102800
TAMBUN,2016-06-28,1.3700,1.4000,1.3700,1.4000,17000
TAMBUN,2016-06-29,1.4000,1.4000,1.3900,1.3900,9200
TAMBUN,2016-06-30,1.3900,1.4000,1.3900,1.4000,56300
TAMBUN,2016-07-01,1.3900,1.4000,1.3800,1.4000,46000
TAMBUN,2016-07-04,1.4000,1.4100,1.4000,1.4100,155700
TAMBUN,2016-07-05,1.4100,1.4300,1.4000,1.4200,61000
TAMBUN,2016-07-08,1.4200,1.4300,1.4100,1.4300,62000
TAMBUN,2016-07-11,1.4200,1.4500,1.4200,1.4500,319600
TAMBUN,2016-07-12,1.4600,1.4600,1.4400,1.4500,292600
TAMBUN,2016-07-13,1.4500,1.5100,1.4500,1.5000,810000
TAMBUN,2016-07-14,1.5100,1.5200,1.5100,1.5100,950400
TAMBUN,2016-07-15,1.5000,1.5000,1.4800,1.4900,824900
TAMBUN,2016-07-18,1.4800,1.5000,1.4800,1.5000,1085300
TAMBUN,2016-07-19,1.5000,1.5000,1.4800,1.5000,747000
TAMBUN,2016-07-20,1.4800,1.5000,1.4800,1.4900,726700
TAMBUN,2016-07-21,1.4900,1.5500,1.4900,1.5000,792500
TAMBUN,2016-07-22,1.4900,1.5000,1.4800,1.4800,311000
TAMBUN,2016-07-25,1.5000,1.5100,1.4900,1.5000,821100
TAMBUN,2016-07-26,1.5000,1.5000,1.4900,1.4900,187400
TAMBUN,2016-07-27,1.5000,1.5000,1.4800,1.4900,358700
TAMBUN,2016-07-28,1.4900,1.5000,1.4800,1.5000,605400
TAMBUN,2016-07-29,1.4900,1.5000,1.4800,1.4900,326200
TAMBUN,2016-08-01,1.4600,1.4600,1.4100,1.4200,216200
TAMBUN,2016-08-02,1.4200,1.4200,1.4100,1.4100,98200
TAMBUN,2016-08-03,1.4100,1.4200,1.4000,1.4100,470500
TAMBUN,2016-08-04,1.4100,1.4200,1.4000,1.4200,465200
TAMBUN,2016-08-05,1.4300,1.4500,1.4000,1.4400,344700
TAMBUN,2016-08-08,1.4400,1.4700,1.4300,1.4600,670300
TAMBUN,2016-08-09,1.4700,1.4700,1.4400,1.4600,322600
TAMBUN,2016-08-10,1.4600,1.4700,1.4500,1.4700,508000
TAMBUN,2016-08-11,1.4500,1.4700,1.4500,1.4700,349000
TAMBUN,2016-08-12,1.5500,1.5800,1.5100,1.5300,5135800
TAMBUN,2016-08-15,1.5500,1.5500,1.4900,1.5000,1897000
TAMBUN,2016-08-16,1.5000,1.5400,1.5000,1.5300,637000
TAMBUN,2016-08-17,1.5300,1.5300,1.5000,1.5100,461600
TAMBUN,2016-08-18,1.5100,1.5200,1.5000,1.5200,257400
TAMBUN,2016-08-19,1.5200,1.5200,1.4900,1.4900,91600
TAMBUN,2016-08-22,1.5000,1.5000,1.4800,1.4900,117700
TAMBUN,2016-08-23,1.4900,1.5000,1.4900,1.4900,114000
TAMBUN,2016-08-24,1.4900,1.5100,1.4800,1.5000,2449800
TAMBUN,2016-08-25,1.5000,1.5100,1.4900,1.5000,331600
TAMBUN,2016-08-26,1.4900,1.5000,1.4800,1.5000,149900
TAMBUN,2016-08-29,1.4900,1.5000,1.4900,1.5000,96300
TAMBUN,2016-08-30,1.5000,1.5300,1.4800,1.5100,259400
TAMBUN,2016-09-01,1.5300,1.5300,1.5000,1.5100,430800
TAMBUN,2016-09-02,1.5100,1.5200,1.5000,1.5100,319500
TAMBUN,2016-09-05,1.5000,1.5100,1.5000,1.5100,56900
TAMBUN,2016-09-06,1.5000,1.5100,1.5000,1.5100,30700
TAMBUN,2016-09-07,1.5200,1.5300,1.5000,1.5200,272600
TAMBUN,2016-09-08,1.5300,1.5300,1.5100,1.5200,121000
TAMBUN,2016-09-09,1.5200,1.5300,1.5100,1.5300,277200
TAMBUN,2016-09-13,1.5300,1.5300,1.5000,1.5100,60300
TAMBUN,2016-09-14,1.5100,1.5100,1.4900,1.5100,454100
TAMBUN,2016-09-15,1.5100,1.5100,1.4600,1.4600,1475600
TAMBUN,2016-09-19,1.4600,1.4800,1.4600,1.4800,87200
TAMBUN,2016-09-20,1.4700,1.4800,1.4700,1.4700,548300
TAMBUN,2016-09-21,1.4600,1.5000,1.4600,1.5000,103300
TAMBUN,2016-09-22,1.5000,1.5000,1.4600,1.5000,138400
TAMBUN,2016-09-23,1.5000,1.5000,1.4800,1.5000,27800
TAMBUN,2016-09-26,1.5000,1.5000,1.4800,1.5000,132100
TAMBUN,2016-09-27,1.4700,1.5300,1.4700,1.5300,313400
TAMBUN,2016-09-28,1.5300,1.5300,1.4900,1.5100,117100
TAMBUN,2016-09-29,1.4800,1.5100,1.4800,1.4900,59900
TAMBUN,2016-09-30,1.4700,1.5200,1.4700,1.4700,173200
TAMBUN,2016-10-04,1.4700,1.5100,1.4700,1.5100,329000
TAMBUN,2016-10-05,1.4800,1.5100,1.4800,1.5100,116800
TAMBUN,2016-10-06,1.5100,1.5100,1.4800,1.5000,627300
TAMBUN,2016-10-07,1.5000,1.5000,1.4800,1.4900,521700
TAMBUN,2016-10-10,1.4800,1.4900,1.4800,1.4900,536900
TAMBUN,2016-10-11,1.4800,1.5000,1.4800,1.5000,396700
TAMBUN,2016-10-12,1.5000,1.5100,1.4800,1.5100,104200
TAMBUN,2016-10-13,1.5100,1.5100,1.4900,1.5000,150200
TAMBUN,2016-10-14,1.5000,1.5000,1.4800,1.5000,98000
TAMBUN,2016-10-17,1.5000,1.5100,1.4900,1.5000,303500
TAMBUN,2016-10-18,1.5000,1.5100,1.4900,1.5000,276900
TAMBUN,2016-10-19,1.5000,1.5100,1.4900,1.5000,114000
TAMBUN,2016-10-20,1.5000,1.5100,1.4900,1.5100,149300
TAMBUN,2016-10-21,1.5100,1.5100,1.4900,1.4900,67000
TAMBUN,2016-10-24,1.4900,1.5000,1.4800,1.5000,137300
TAMBUN,2016-10-25,1.4900,1.5000,1.4800,1.4800,101100
TAMBUN,2016-10-26,1.4800,1.4900,1.4800,1.4900,24800
TAMBUN,2016-10-27,1.4900,1.5000,1.4900,1.5000,130100
TAMBUN,2016-10-28,1.4800,1.4900,1.4700,1.4700,176000
TAMBUN,2016-10-31,1.4700,1.4900,1.4700,1.4900,32200
TAMBUN,2016-11-01,1.4900,1.5000,1.4800,1.5000,126300
TAMBUN,2016-11-02,1.4700,1.4900,1.4700,1.4700,66000
TAMBUN,2016-11-03,1.4800,1.4800,1.4600,1.4600,147100
TAMBUN,2016-11-04,1.4700,1.4700,1.4400,1.4700,185400
TAMBUN,2016-11-07,1.4700,1.4700,1.4500,1.4700,47000
TAMBUN,2016-11-08,1.4600,1.4900,1.4600,1.4900,169000
TAMBUN,2016-11-09,1.4600,1.4900,1.4300,1.4700,257900
TAMBUN,2016-11-10,1.4700,1.4800,1.4600,1.4700,284600
TAMBUN,2016-11-11,1.4500,1.4700,1.4500,1.4700,49200
TAMBUN,2016-11-14,1.4700,1.4700,1.4500,1.4700,97200
TAMBUN,2016-11-15,1.4600,1.4700,1.4600,1.4600,78000
TAMBUN,2016-11-16,1.4500,1.4600,1.4500,1.4600,73100
TAMBUN,2016-11-17,1.4500,1.4600,1.4500,1.4600,150600
TAMBUN,2016-11-18,1.4700,1.4900,1.4600,1.4700,372200
TAMBUN,2016-11-21,1.4700,1.4700,1.4600,1.4600,204400
TAMBUN,2016-11-22,1.4700,1.4700,1.4500,1.4600,87000
TAMBUN,2016-11-23,1.4600,1.4600,1.4500,1.4600,156300
TAMBUN,2016-11-24,1.4600,1.4600,1.4500,1.4500,58800
TAMBUN,2016-11-25,1.4500,1.4500,1.4400,1.4400,26300
TAMBUN,2016-11-28,1.4400,1.4400,1.4300,1.4300,65500
TAMBUN,2016-11-29,1.4300,1.4400,1.4300,1.4300,185600
TAMBUN,2016-11-30,1.4300,1.4300,1.4000,1.4100,210500
TAMBUN,2016-12-01,1.4000,1.4300,1.4000,1.4200,29000
TAMBUN,2016-12-02,1.4200,1.4200,1.4100,1.4100,15900
TAMBUN,2016-12-05,1.4100,1.4200,1.4000,1.4200,292700
TAMBUN,2016-12-06,1.4100,1.4100,1.3800,1.3800,202700
TAMBUN,2016-12-07,1.3900,1.3900,1.3800,1.3900,50000
TAMBUN,2016-12-08,1.3900,1.3900,1.3600,1.3700,287200
TAMBUN,2016-12-09,1.3700,1.3800,1.3700,1.3700,120300
TAMBUN,2016-12-13,1.3700,1.3900,1.3600,1.3800,13500
TAMBUN,2016-12-14,1.3900,1.3900,1.3800,1.3900,55900
TAMBUN,2016-12-15,1.3900,1.3900,1.3600,1.3600,64800
TAMBUN,2016-12-16,1.3700,1.3900,1.3700,1.3900,26700
TAMBUN,2016-12-19,1.4000,1.4200,1.3800,1.4200,134600
TAMBUN,2016-12-20,1.4000,1.4000,1.3900,1.3900,69800
TAMBUN,2016-12-21,1.3900,1.3900,1.3800,1.3800,5700
TAMBUN,2016-12-22,1.3800,1.4200,1.3800,1.3900,45300
TAMBUN,2016-12-23,1.3800,1.3900,1.3800,1.3900,26500
TAMBUN,2016-12-27,1.3600,1.3900,1.3600,1.3900,50900
TAMBUN,2016-12-28,1.3900,1.3900,1.3800,1.3900,8500
TAMBUN,2016-12-29,1.3900,1.3900,1.3900,1.3900,1000
TAMBUN,2016-12-30,1.3900,1.4000,1.3900,1.3900,77200
TAMBUN,2017-01-03,1.3900,1.3900,1.3800,1.3900,585700
TAMBUN,2017-01-04,1.4000,1.4000,1.3900,1.3900,42700
TAMBUN,2017-01-05,1.4000,1.4200,1.4000,1.4000,61600
TAMBUN,2017-01-06,1.4000,1.4100,1.3800,1.3800,74500
TAMBUN,2017-01-09,1.4000,1.4000,1.4000,1.4000,334900
TAMBUN,2017-01-10,1.4100,1.4200,1.4000,1.4200,172000
TAMBUN,2017-01-11,1.4400,1.4400,1.4100,1.4300,418200
TAMBUN,2017-01-12,1.4300,1.4300,1.4100,1.4100,276300
TAMBUN,2017-01-13,1.4200,1.4300,1.4200,1.4300,33300
TAMBUN,2017-01-16,1.4300,1.4300,1.4100,1.4100,69100
TAMBUN,2017-01-17,1.4200,1.4200,1.4100,1.4200,39000
TAMBUN,2017-01-18,1.4100,1.4500,1.4100,1.4300,138700
TAMBUN,2017-01-19,1.4400,1.4500,1.4300,1.4400,107900
TAMBUN,2017-01-20,1.4300,1.4400,1.4300,1.4400,86800
TAMBUN,2017-01-23,1.4400,1.4400,1.4300,1.4300,97100
TAMBUN,2017-01-24,1.4200,1.4200,1.4000,1.4000,40500
TAMBUN,2017-01-25,1.4000,1.4100,1.4000,1.4000,48000
TAMBUN,2017-01-26,1.4000,1.4000,1.3900,1.4000,36300
TAMBUN,2017-01-27,1.3900,1.4000,1.3900,1.3900,67600
TAMBUN,2017-01-31,1.3900,1.3900,1.3900,1.3900,235000
TAMBUN,2017-02-02,1.4000,1.4000,1.3900,1.3900,153800
TAMBUN,2017-02-03,1.3900,1.3900,1.3800,1.3800,21800
TAMBUN,2017-02-06,1.3900,1.4000,1.3700,1.3700,217400
TAMBUN,2017-02-07,1.3900,1.4100,1.3700,1.3700,868100
TAMBUN,2017-02-08,1.3900,1.4100,1.3900,1.4000,540300
TAMBUN,2017-02-10,1.4200,1.4200,1.3900,1.3900,216200
TAMBUN,2017-02-13,1.4000,1.4000,1.3900,1.3900,447700
TAMBUN,2017-02-14,1.4000,1.4100,1.3900,1.3900,344100
TAMBUN,2017-02-15,1.4000,1.4000,1.3900,1.3900,384600
TAMBUN,2017-02-16,1.4100,1.4100,1.3800,1.3800,316000
TAMBUN,2017-02-17,1.3800,1.4100,1.3800,1.4100,137900
TAMBUN,2017-02-20,1.4100,1.4100,1.4000,1.4000,204000
TAMBUN,2017-02-21,1.4000,1.4100,1.3900,1.3900,209900
TAMBUN,2017-02-22,1.3900,1.4100,1.3900,1.4000,228400
TAMBUN,2017-02-23,1.4200,1.4200,1.4000,1.4100,250500
TAMBUN,2017-02-24,1.4200,1.4400,1.4000,1.4100,619800
TAMBUN,2017-02-27,1.4200,1.4200,1.4000,1.4100,158200
TAMBUN,2017-02-28,1.4100,1.4100,1.3900,1.3900,88100
TAMBUN,2017-03-01,1.3800,1.4100,1.3800,1.3900,206700
TAMBUN,2017-03-02,1.4000,1.4100,1.4000,1.4100,298600
TAMBUN,2017-03-03,1.4000,1.4100,1.4000,1.4100,231400
TAMBUN,2017-03-06,1.4100,1.4100,1.4000,1.4000,173400
TAMBUN,2017-03-07,1.4100,1.4100,1.4000,1.4000,132200
TAMBUN,2017-03-08,1.4100,1.4100,1.4000,1.4000,170200
TAMBUN,2017-03-09,1.4000,1.4000,1.3900,1.3900,267300
TAMBUN,2017-03-10,1.3900,1.4200,1.3900,1.4000,630000
TAMBUN,2017-03-13,1.4000,1.4100,1.3900,1.4000,740800
TAMBUN,2017-03-14,1.4000,1.4000,1.3700,1.3800,1073600
TAMBUN,2017-03-15,1.3800,1.3900,1.3700,1.3800,557100
TAMBUN,2017-03-16,1.3800,1.4000,1.3800,1.4000,280900
TAMBUN,2017-03-17,1.4000,1.4100,1.4000,1.4100,292300
TAMBUN,2017-03-20,1.4100,1.4100,1.4000,1.4000,212400
TAMBUN,2017-03-21,1.4100,1.4700,1.4000,1.4500,1271300
TAMBUN,2017-03-22,1.4600,1.4700,1.4400,1.4600,385000
TAMBUN,2017-03-23,1.4700,1.4800,1.4600,1.4600,284300
TAMBUN,2017-03-24,1.4600,1.4600,1.4500,1.4600,150900
TAMBUN,2017-03-27,1.4700,1.4700,1.4400,1.4400,309100
TAMBUN,2017-03-28,1.4400,1.4400,1.4300,1.4400,195700
TAMBUN,2017-03-29,1.4500,1.4800,1.4300,1.4800,407400
TAMBUN,2017-03-30,1.4700,1.4900,1.4500,1.4800,554300
TAMBUN,2017-03-31,1.4800,1.4800,1.4600,1.4800,322100
TAMBUN,2017-04-03,1.46,1.47,1.45,1.47,168700.0
TAMBUN,2017-04-04,1.46,1.47,1.45,1.46,217000.0
TAMBUN,2017-04-05,1.46,1.46,1.45,1.46,266600.0
TAMBUN,2017-04-06,1.46,1.46,1.45,1.45,339200.0
TAMBUN,2017-04-07,1.45,1.46,1.44,1.44,314200.0
TAMBUN,2017-04-10,1.44,1.46,1.44,1.45,398100.0
TAMBUN,2017-04-11,1.46,1.46,1.44,1.45,271200.0
TAMBUN,2017-04-12,1.45,1.46,1.43,1.45,483600.0
TAMBUN,2017-04-13,1.45,1.46,1.44,1.44,113700.0
TAMBUN,2017-04-14,1.45,1.46,1.45,1.45,200700.0
TAMBUN,2017-04-17,1.46,1.47,1.46,1.47,179700.0
TAMBUN,2017-04-18,1.46,1.48,1.46,1.46,142800.0
TAMBUN,2017-04-19,1.48,1.48,1.46,1.47,71800.0
TAMBUN,2017-04-20,1.46,1.48,1.46,1.46,255700.0
TAMBUN,2017-04-21,1.46,1.46,1.45,1.46,98000.0
TAMBUN,2017-04-25,1.46,1.48,1.45,1.46,145500.0
TAMBUN,2017-04-26,1.46,1.46,1.45,1.45,76000.0
TAMBUN,2017-04-27,1.45,1.47,1.45,1.46,130400.0
TAMBUN,2017-04-28,1.47,1.48,1.46,1.48,170700.0
TAMBUN,2017-05-02,1.48,1.51,1.47,1.5,647400.0
TAMBUN,2017-05-03,1.5,1.51,1.5,1.5,247500.0
TAMBUN,2017-05-04,1.5,1.5,1.48,1.5,167600.0
TAMBUN,2017-05-05,1.48,1.49,1.48,1.49,59400.0
TAMBUN,2017-05-08,1.48,1.51,1.48,1.5,310300.0
TAMBUN,2017-05-09,1.5,1.51,1.49,1.51,69900.0
TAMBUN,2017-05-11,1.5,1.52,1.5,1.52,601200.0
TAMBUN,2017-05-12,1.52,1.53,1.51,1.53,170400.0
TAMBUN,2017-05-15,1.52,1.53,1.51,1.53,1140000.0
TAMBUN,2017-05-16,1.52,1.53,1.52,1.53,481300.0
TAMBUN,2017-05-17,1.53,1.53,1.51,1.52,98400.0
TAMBUN,2017-05-18,1.51,1.54,1.49,1.54,178800.0
TAMBUN,2017-05-19,1.54,1.54,1.48,1.49,2270000.0
TAMBUN,2017-05-22,1.49,1.51,1.46,1.46,412000.0
TAMBUN,2017-05-23,1.47,1.47,1.45,1.47,286200.0
TAMBUN,2017-05-24,1.47,1.5,1.46,1.5,958400.0
TAMBUN,2017-05-25,1.5,1.51,1.48,1.49,1450000.0
TAMBUN,2017-05-26,1.48,1.48,1.47,1.47,134500.0
TAMBUN,2017-05-29,1.46,1.48,1.46,1.47,47900.0
TAMBUN,2017-05-30,1.48,1.48,1.47,1.48,136200.0
TAMBUN,2017-05-31,1.47,1.49,1.47,1.47,292700.0
TAMBUN,2017-06-01,1.47,1.47,1.46,1.46,110900.0
TAMBUN,2017-06-02,1.46,1.48,1.46,1.47,74100.0
TAMBUN,2017-06-05,1.46,1.48,1.46,1.47,47500.0
TAMBUN,2017-06-06,1.47,1.49,1.46,1.47,420100.0
TAMBUN,2017-06-07,1.47,1.48,1.46,1.46,102400.0
TAMBUN,2017-06-08,1.46,1.48,1.45,1.46,487400.0
TAMBUN,2017-06-09,1.46,1.47,1.45,1.45,217800.0
TAMBUN,2017-06-13,1.46,1.48,1.45,1.45,280400.0
TAMBUN,2017-06-14,1.45,1.46,1.45,1.45,222700.0
TAMBUN,2017-06-15,1.45,1.45,1.43,1.43,355300.0
TAMBUN,2017-06-16,1.44,1.46,1.44,1.45,308700.0
TAMBUN,2017-06-19,1.45,1.46,1.43,1.43,142200.0
TAMBUN,2017-06-20,1.43,1.43,1.43,1.43,35500.0
TAMBUN,2017-06-21,1.44,1.46,1.43,1.45,616900.0
TAMBUN,2017-06-22,1.45,1.45,1.45,1.45,222000.0
TAMBUN,2017-06-23,1.44,1.45,1.44,1.44,88700.0
TAMBUN,2017-06-28,1.44,1.44,1.44,1.44,60500.0
TAMBUN,2017-06-29,1.44,1.44,1.43,1.43,542100.0
TAMBUN,2017-06-30,1.43,1.43,1.43,1.43,6600.0
TAMBUN,2017-07-03,1.43,1.44,1.42,1.42,274100.0
TAMBUN,2017-07-04,1.43,1.43,1.42,1.43,101000.0
TAMBUN,2017-07-05,1.43,1.43,1.42,1.42,79700.0
TAMBUN,2017-07-06,1.44,1.44,1.43,1.43,336700.0
TAMBUN,2017-07-07,1.46,1.48,1.45,1.46,1240000.0
TAMBUN,2017-07-10,1.47,1.47,1.46,1.46,315700.0
TAMBUN,2017-07-11,1.46,1.47,1.44,1.45,379600.0
TAMBUN,2017-07-12,1.45,1.46,1.45,1.46,185500.0
TAMBUN,2017-07-13,1.46,1.46,1.45,1.46,114000.0
TAMBUN,2017-07-14,1.46,1.46,1.45,1.46,207900.0
TAMBUN,2017-07-17,1.46,1.46,1.45,1.46,689600.0
TAMBUN,2017-07-18,1.46,1.46,1.45,1.46,333300.0
TAMBUN,2017-07-19,1.46,1.46,1.45,1.45,857400.0
TAMBUN,2017-07-20,1.45,1.46,1.44,1.44,935700.0
TAMBUN,2017-07-21,1.44,1.45,1.43,1.43,1770000.0
TAMBUN,2017-07-24,1.38,1.38,1.34,1.36,472300.0
TAMBUN,2017-07-25,1.36,1.36,1.33,1.34,253000.0
TAMBUN,2017-07-26,1.35,1.36,1.34,1.35,148000.0
TAMBUN,2017-07-27,1.35,1.35,1.33,1.33,326900.0
TAMBUN,2017-07-28,1.34,1.35,1.34,1.34,368400.0
TAMBUN,2017-07-31,1.34,1.35,1.32,1.33,287000.0
TAMBUN,2017-08-01,1.33,1.34,1.32,1.32,176300.0
TAMBUN,2017-08-02,1.32,1.33,1.32,1.33,128400.0
TAMBUN,2017-08-03,1.32,1.33,1.32,1.32,237400.0
TAMBUN,2017-08-04,1.31,1.33,1.29,1.3,418000.0
TAMBUN,2017-08-07,1.3,1.3,1.29,1.29,452000.0
TAMBUN,2017-08-08,1.29,1.29,1.27,1.29,240300.0
TAMBUN,2017-08-09,1.29,1.29,1.27,1.28,247700.0
TAMBUN,2017-08-10,1.28,1.28,1.23,1.24,576900.0
TAMBUN,2017-08-11,1.23,1.23,1.19,1.19,762200.0
TAMBUN,2017-08-14,1.2,1.22,1.2,1.2,287300.0
TAMBUN,2017-08-15,1.22,1.24,1.2,1.22,678400.0
TAMBUN,2017-08-16,1.22,1.23,1.22,1.22,108100.0
TAMBUN,2017-08-17,1.22,1.26,1.22,1.26,214800.0
TAMBUN,2017-08-18,1.26,1.26,1.21,1.23,317200.0
TAMBUN,2017-08-21,1.23,1.24,1.23,1.23,88300.0
TAMBUN,2017-08-22,1.23,1.23,1.21,1.22,122900.0
TAMBUN,2017-08-23,1.22,1.23,1.22,1.22,94800.0
TAMBUN,2017-08-24,1.21,1.23,1.21,1.22,126600.0
TAMBUN,2017-08-25,1.22,1.22,1.21,1.21,152800.0
TAMBUN,2017-08-28,1.22,1.22,1.21,1.21,128699.99999999999
TAMBUN,2017-08-29,1.21,1.22,1.21,1.21,166300.0
TAMBUN,2017-08-30,1.21,1.22,1.21,1.21,52200.0
TAMBUN,2017-09-05,1.21,1.22,1.2,1.21,93500.0
TAMBUN,2017-09-06,1.21,1.21,1.19,1.2,232600.0
TAMBUN,2017-09-07,1.2,1.22,1.19,1.2,36500.0
TAMBUN,2017-09-08,1.2,1.21,1.2,1.21,28400.0
TAMBUN,2017-09-11,1.21,1.22,1.19,1.19,297000.0
TAMBUN,2017-09-12,1.19,1.2,1.18,1.18,277200.0
TAMBUN,2017-09-13,1.19,1.2,1.18,1.18,387700.0
TAMBUN,2017-09-14,1.18,1.19,1.17,1.19,422300.0
TAMBUN,2017-09-15,1.19,1.19,1.16,1.17,465300.0
TAMBUN,2017-09-18,1.17,1.19,1.14,1.15,743200.0
TAMBUN,2017-09-19,1.15,1.15,1.13,1.14,456200.0
TAMBUN,2017-09-20,1.15,1.16,1.14,1.15,950800.0
TAMBUN,2017-09-21,1.15,1.16,1.15,1.16,177200.0
TAMBUN,2017-09-25,1.16,1.17,1.15,1.16,201000.0
TAMBUN,2017-09-26,1.16,1.16,1.14,1.14,241900.0
TAMBUN,2017-09-27,1.15,1.15,1.14,1.15,144000.0
TAMBUN,2017-09-28,1.14,1.15,1.13,1.14,172300.0
TAMBUN,2017-09-29,1.14,1.14,1.12,1.13,259300.0
TAMBUN,2017-10-02,1.14,1.14,1.13,1.13,76500.0
TAMBUN,2017-10-03,1.13,1.13,1.1,1.1,644200.0
TAMBUN,2017-10-04,1.1,1.1,1.09,1.09,460400.0
TAMBUN,2017-10-05,1.09,1.12,1.09,1.12,239300.0
TAMBUN,2017-10-06,1.11,1.11,1.09,1.1,406300.0
TAMBUN,2017-10-09,1.09,1.11,1.09,1.09,577200.0
TAMBUN,2017-10-10,1.1,1.1,1.09,1.09,104900.0
TAMBUN,2017-10-11,1.1,1.11,1.09,1.09,401200.0
TAMBUN,2017-10-12,1.1,1.1,1.09,1.1,276200.0
TAMBUN,2017-10-13,1.1,1.11,1.09,1.1,295600.0
TAMBUN,2017-10-16,1.1,1.1,1.09,1.1,171000.0
TAMBUN,2017-10-17,1.11,1.12,1.1,1.12,212500.0
TAMBUN,2017-10-19,1.11,1.16,1.11,1.16,382200.0
TAMBUN,2017-10-20,1.15,1.15,1.13,1.15,166500.0
TAMBUN,2017-10-23,1.15,1.18,1.14,1.18,450600.0
TAMBUN,2017-10-24,1.17,1.18,1.15,1.18,579800.0
TAMBUN,2017-10-25,1.17,1.17,1.15,1.16,207300.0
TAMBUN,2017-10-26,1.16,1.17,1.16,1.16,214500.0
TAMBUN,2017-10-27,1.16,1.18,1.15,1.18,295500.0
TAMBUN,2017-10-30,1.18,1.18,1.16,1.16,64900.00000000001
TAMBUN,2017-10-31,1.16,1.19,1.16,1.18,339200.0
TAMBUN,2017-11-01,1.18,1.18,1.16,1.16,124100.0
TAMBUN,2017-11-02,1.16,1.17,1.15,1.15,292000.0
TAMBUN,2017-11-03,1.16,1.17,1.13,1.14,116900.0
TAMBUN,2017-11-06,1.14,1.14,1.1,1.11,440300.0
TAMBUN,2017-11-07,1.12,1.12,1.09,1.1,522700.00000000006
TAMBUN,2017-11-08,1.1,1.11,1.09,1.09,669700.0
TAMBUN,2017-11-09,1.09,1.09,1.07,1.08,634800.0
TAMBUN,2017-11-10,1.08,1.09,1.08,1.08,353200.0
TAMBUN,2017-11-13,1.08,1.09,1.06,1.06,1320000.0
TAMBUN,2017-11-14,1.07,1.07,1.03,1.03,920600.0
TAMBUN,2017-11-15,1.03,1.05,1.03,1.04,272200.0
TAMBUN,2017-11-16,1.04,1.04,1.03,1.04,193600.0
TAMBUN,2017-11-17,1.03,1.05,1.03,1.04,317400.0
TAMBUN,2017-11-20,1.03,1.03,0.995,1.0,803800.0
TAMBUN,2017-11-21,1.01,1.02,1.0,1.01,221700.0
TAMBUN,2017-11-22,1.01,1.02,1.0,1.01,226500.0
TAMBUN,2017-11-23,1.03,1.05,1.02,1.03,665800.0
TAMBUN,2017-11-24,1.03,1.04,1.02,1.02,590000.0
TAMBUN,2017-11-27,1.02,1.04,1.02,1.02,516500.0
TAMBUN,2017-11-28,1.02,1.03,1.01,1.01,328000.0
TAMBUN,2017-11-29,1.02,1.02,1.0,1.02,241700.0
TAMBUN,2017-11-30,1.02,1.03,1.02,1.02,279200.0
TAMBUN,2017-12-04,1.02,1.02,1.02,1.02,200000.0
TAMBUN,2017-12-05,1.03,1.03,1.01,1.02,65600.0
TAMBUN,2017-12-06,1.02,1.03,1.02,1.02,244700.0
TAMBUN,2017-12-07,1.02,1.03,1.02,1.02,610700.0
TAMBUN,2017-12-08,1.02,1.03,1.02,1.03,102700.0
TAMBUN,2017-12-11,1.02,1.03,1.01,1.02,281200.0
TAMBUN,2017-12-12,1.02,1.03,1.02,1.02,493800.0
TAMBUN,2017-12-13,1.03,1.03,1.01,1.02,306900.0
TAMBUN,2017-12-14,1.02,1.02,1.01,1.02,365600.0
TAMBUN,2017-12-15,1.02,1.02,1.01,1.01,475900.0
TAMBUN,2017-12-18,1.02,1.02,1.01,1.01,405600.0
TAMBUN,2017-12-19,1.01,1.02,1.01,1.02,410100.0
TAMBUN,2017-12-20,1.02,1.02,1.01,1.01,240300.0
TAMBUN,2017-12-21,1.02,1.02,1.0,1.0,860100.0
TAMBUN,2017-12-22,1.01,1.02,1.0,1.0,654000.0
TAMBUN,2017-12-26,1.0,1.02,1.0,1.01,240200.0
TAMBUN,2017-12-27,1.01,1.02,1.0,1.01,432600.0
TAMBUN,2017-12-28,1.02,1.02,1.0,1.01,701900.0
TAMBUN,2017-12-29,1.01,1.03,1.01,1.02,453700.0
TAMBUN,2018-01-02,1.02,1.04,1.01,1.02,767400.0
TAMBUN,2018-01-03,1.02,1.04,1.01,1.03,437900.0
TAMBUN,2018-01-04,1.03,1.04,1.02,1.04,546700.0
TAMBUN,2018-01-05,1.04,1.05,1.02,1.03,1300000.0
TAMBUN,2018-01-08,1.04,1.06,1.04,1.05,978700.0
TAMBUN,2018-01-09,1.06,1.06,1.05,1.05,506500.0
TAMBUN,2018-01-10,1.06,1.07,1.04,1.04,877300.0
TAMBUN,2018-01-11,1.04,1.06,1.04,1.04,278600.0
TAMBUN,2018-01-12,1.05,1.06,1.04,1.06,326900.0
TAMBUN,2018-01-15,1.08,1.08,1.06,1.07,325800.0
TAMBUN,2018-01-16,1.06,1.07,1.05,1.06,195300.0
TAMBUN,2018-01-17,1.06,1.07,1.05,1.06,204700.0
TAMBUN,2018-01-18,1.07,1.07,1.06,1.06,271100.0
TAMBUN,2018-01-19,1.06,1.06,1.05,1.05,247600.0
TAMBUN,2018-01-22,1.03,1.03,1.01,1.02,197500.0
TAMBUN,2018-01-23,1.01,1.02,1.0,1.0,381500.0
TAMBUN,2018-01-24,1.0,1.01,1.0,1.0,233600.0
TAMBUN,2018-01-25,1.0,1.01,0.995,1.0,558400.0
TAMBUN,2018-01-26,1.0,1.0,0.975,0.975,845100.0
TAMBUN,2018-01-29,0.98,0.985,0.975,0.98,271400.0
TAMBUN,2018-01-30,0.98,0.98,0.95,0.955,797500.0
TAMBUN,2018-02-02,0.96,0.96,0.945,0.95,489300.0
TAMBUN,2018-02-05,0.95,0.95,0.94,0.94,406000.0
TAMBUN,2018-02-06,0.94,0.94,0.9,0.905,1240000.0
TAMBUN,2018-02-07,0.915,0.93,0.9,0.905,441900.0
TAMBUN,2018-02-08,0.915,0.92,0.89,0.895,977700.0
TAMBUN,2018-02-09,0.885,0.9,0.875,0.9,281200.0
TAMBUN,2018-02-12,0.9,0.9,0.89,0.89,235800.0
TAMBUN,2018-02-13,0.9,0.9,0.885,0.885,125500.0
TAMBUN,2018-02-14,0.9,0.905,0.885,0.885,353900.0
TAMBUN,2018-02-15,0.9,0.9,0.89,0.89,48500.0
TAMBUN,2018-02-19,0.895,0.92,0.885,0.89,463500.0
TAMBUN,2018-02-20,0.9,0.91,0.875,0.88,744000.0
TAMBUN,2018-02-21,0.885,0.885,0.875,0.88,906600.0
TAMBUN,2018-02-22,0.88,0.88,0.87,0.875,828600.0
TAMBUN,2018-02-23,0.88,0.89,0.88,0.885,409700.0
TAMBUN,2018-02-26,0.895,0.895,0.88,0.88,516299.99999999994
TAMBUN,2018-02-27,0.89,0.89,0.875,0.885,956400.0
TAMBUN,2018-02-28,0.875,0.875,0.865,0.865,1190000.0
TAMBUN,2018-03-01,0.865,0.87,0.855,0.855,504000.0
TAMBUN,2018-03-02,0.855,0.86,0.845,0.845,737700.0
TAMBUN,2018-03-05,0.845,0.845,0.835,0.835,482800.0
TAMBUN,2018-03-06,0.835,0.835,0.82,0.82,556000.0
TAMBUN,2018-03-07,0.82,0.82,0.8,0.8,722100.0
TAMBUN,2018-03-08,0.8,0.82,0.8,0.805,860500.0
TAMBUN,2018-03-09,0.81,0.825,0.805,0.81,386200.0
TAMBUN,2018-03-12,0.82,0.825,0.82,0.82,221200.0
TAMBUN,2018-03-13,0.82,0.83,0.82,0.83,373700.0
TAMBUN,2018-03-14,0.83,0.845,0.83,0.84,360800.0
TAMBUN,2018-03-15,0.83,0.84,0.825,0.835,167000.0
TAMBUN,2018-03-16,0.84,0.84,0.835,0.835,124000.0
TAMBUN,2018-03-19,0.84,0.845,0.83,0.835,312300.0
TAMBUN,2018-03-20,0.835,0.84,0.83,0.835,178000.0
TAMBUN,2018-03-21,0.83,0.83,0.825,0.825,67500.0
TAMBUN,2018-03-22,0.825,0.84,0.82,0.825,60100.0
TAMBUN,2018-03-23,0.825,0.83,0.82,0.82,166200.0
TAMBUN,2018-03-26,0.82,0.82,0.815,0.82,48100.0
TAMBUN,2018-03-27,0.82,0.835,0.81,0.815,106300.0
TAMBUN,2018-03-28,0.81,0.81,0.8,0.805,435300.0
