UEMS,2007-04-05,3.6936,3.7101,3.5946,3.6441,7188249
UEMS,2007-04-10,3.7925,3.7925,3.6441,3.6936,10346935
UEMS,2007-04-18,3.3968,3.3968,3.2319,3.2484,11885160
UEMS,2007-05-09,3.2649,3.2649,3.1659,3.1824,9359740
UEMS,2007-05-10,3.2154,3.2649,3.1989,3.2154,5223440
UEMS,2007-06-01,3.1659,3.2319,3.1659,3.1989,5750818
UEMS,2007-06-20,3.2978,3.2978,3.1824,3.2154,16339245
UEMS,2007-07-27,3.4462,3.5781,3.3638,3.4627,26583810
UEMS,2007-09-19,3.2154,3.2813,3.1494,3.1824,15987741
UEMS,2007-11-15,3.3638,3.4297,3.2978,3.2978,9163489
UEMS,2007-11-22,3.1494,3.1494,3.0670,3.1000,4637236
UEMS,2007-11-27,3.1329,3.1329,3.0670,3.1164,7482867
UEMS,2007-11-28,3.1164,3.1824,3.0175,3.0835,3540028
UEMS,2007-12-11,3.2319,3.2319,3.1494,3.1989,2329534
UEMS,2007-12-24,3.2154,3.2154,3.1494,3.1989,1224200
UEMS,2008-02-18,3.5452,3.5452,3.1329,3.1329,51639099
UEMS,2008-03-17,2.1848,2.2260,2.1436,2.2013,10698682
UEMS,2008-03-18,2.2013,2.4157,2.1848,2.4157,10192652
UEMS,2008-03-26,2.7372,2.7537,2.6547,2.6712,4660281
UEMS,2008-06-03,2.6547,2.7207,2.6383,2.6383,210927
UEMS,2008-06-27,2.4322,2.4404,2.4157,2.4239,664801
UEMS,2008-08-12,2.4074,2.4651,2.4074,2.4239,1581526
UEMS,2008-09-17,1.9705,2.0034,1.9375,1.9787,1106183
UEMS,2008-09-22,2.0364,2.0529,1.9869,1.9952,2009566
UEMS,2008-11-18,0.4122,0.6596,0.4122,0.4741,57984
UEMS,2008-11-19,0.4823,0.5400,0.4823,0.5153,33502
UEMS,2009-01-09,0.5606,0.5895,0.5565,0.5895,22304628
UEMS,2009-01-15,0.6678,0.7132,0.6554,0.6925,60350775
UEMS,2009-02-05,0.6060,0.6060,0.5854,0.5936,9294485
UEMS,2009-02-11,0.5936,0.6018,0.5895,0.5977,8558970
UEMS,2009-02-16,0.6390,0.6637,0.6348,0.6472,16464783
UEMS,2009-02-25,0.6266,0.6307,0.6225,0.6266,5570942
UEMS,2009-02-26,0.6266,0.6307,0.6225,0.6266,6559593
UEMS,2009-02-27,0.6225,0.6266,0.6101,0.6225,5670280
UEMS,2009-03-06,0.5854,0.5936,0.5812,0.5895,5391793
UEMS,2009-03-25,0.6060,0.6142,0.6018,0.6060,4706979
UEMS,2009-04-06,0.6431,0.6596,0.6348,0.6472,13746144
UEMS,2009-04-07,0.6472,0.6802,0.6307,0.6472,18933802
UEMS,2009-04-13,0.6761,0.6884,0.6637,0.6802,8356898
UEMS,2009-05-15,1.1295,1.1790,1.0718,1.0883,27317506
UEMS,2009-07-13,1.1625,1.1625,1.1295,1.1295,11030173
UEMS,2009-07-22,1.3686,1.3933,1.2944,1.3191,22993446
UEMS,2009-07-31,1.4510,1.4593,1.4181,1.4181,9883479
UEMS,2009-08-05,1.3768,1.4016,1.3439,1.3439,22112745
UEMS,2009-08-10,1.3686,1.3686,1.3439,1.3521,4860534
UEMS,2009-09-17,1.3521,1.3768,1.3356,1.3439,13160788
UEMS,2009-09-29,1.2944,1.3026,1.2944,1.2944,4752221
UEMS,2009-10-21,1.4593,1.4675,1.4181,1.4181,2105993
UEMS,2009-11-10,1.4510,1.4510,1.4181,1.4181,2416986
UEMS,2009-11-11,1.4263,1.4263,1.3851,1.3933,3778610
UEMS,2009-11-26,1.3686,1.3686,1.3274,1.3274,1019702
UEMS,2010-01-26,1.2449,1.2697,1.2120,1.2449,6899574
UEMS,2010-01-29,1.2284,1.2284,1.1955,1.2202,4112041
UEMS,2010-02-03,1.2449,1.2449,1.2202,1.2449,604519
UEMS,2010-03-11,1.2367,1.2449,1.1872,1.1872,2717547
UEMS,2010-03-16,1.1625,1.1955,1.1625,1.1625,386921
UEMS,2010-03-19,1.1790,1.1790,1.1707,1.1707,142
UEMS,2010-04-01,1.4100,1.5400,1.4100,1.5300,17921400
UEMS,2010-04-02,1.5300,1.5700,1.5100,1.5400,7595000
UEMS,2010-04-05,1.5400,1.5500,1.5100,1.5200,4257800
UEMS,2010-04-06,1.5200,1.5200,1.4400,1.4600,6156300
UEMS,2010-04-07,1.4500,1.4700,1.4300,1.4600,5864400
UEMS,2010-04-08,1.4400,1.4500,1.4100,1.4200,6589300
UEMS,2010-04-09,1.4200,1.5100,1.4200,1.5000,12124200
UEMS,2010-04-12,1.5100,1.5400,1.4800,1.5200,7598400
UEMS,2010-04-13,1.5300,1.5300,1.4900,1.4900,2093100
UEMS,2010-04-14,1.5000,1.5100,1.4800,1.4800,1691900
UEMS,2010-04-15,1.5100,1.5100,1.4600,1.4600,3076100
UEMS,2010-04-16,1.4700,1.4700,1.4400,1.4400,1508200
UEMS,2010-04-19,1.4300,1.4500,1.4200,1.4200,1668200
UEMS,2010-04-20,1.4500,1.4700,1.4300,1.4700,1414400
UEMS,2010-04-21,1.4800,1.4900,1.4500,1.4800,1756600
UEMS,2010-04-22,1.4800,1.5300,1.4800,1.5000,5491900
UEMS,2010-04-23,1.5000,1.5000,1.4700,1.4700,440100
UEMS,2010-04-26,1.4800,1.4900,1.4600,1.4700,943200
UEMS,2010-04-27,1.4700,1.4700,1.4400,1.4500,1157600
UEMS,2010-04-28,1.4200,1.4400,1.4100,1.4200,2663000
UEMS,2010-04-29,1.4000,1.4500,1.3900,1.4000,11809200
UEMS,2010-04-30,1.4100,1.4200,1.4000,1.4100,2914100
UEMS,2010-05-03,1.4000,1.4000,1.3500,1.3500,6610500
UEMS,2010-05-04,1.3600,1.3800,1.3200,1.3200,5385000
UEMS,2010-05-05,1.3000,1.3300,1.2700,1.2800,14066200
UEMS,2010-05-06,1.2800,1.3000,1.2500,1.2600,8687500
UEMS,2010-05-07,1.2100,1.2600,1.2100,1.2600,7217300
UEMS,2010-05-10,1.2700,1.3400,1.2600,1.3400,8156400
UEMS,2010-05-11,1.3400,1.3600,1.3000,1.3000,6867500
UEMS,2010-05-12,1.3200,1.3200,1.2900,1.3200,1337600
UEMS,2010-05-13,1.3200,1.3500,1.3100,1.3300,3765200
UEMS,2010-05-14,1.3100,1.3400,1.3100,1.3300,1488900
UEMS,2010-05-17,1.3300,1.3300,1.2700,1.2900,2722700
UEMS,2010-05-18,1.2900,1.3200,1.2800,1.3000,2053500
UEMS,2010-05-19,1.3000,1.3000,1.2200,1.2300,5565600
UEMS,2010-05-20,1.2300,1.2700,1.2300,1.2600,3357100
UEMS,2010-05-21,1.2200,1.2700,1.2100,1.2700,5386000
UEMS,2010-05-24,1.2700,1.3300,1.2600,1.3300,10846900
UEMS,2010-05-25,1.3300,1.3700,1.2900,1.3000,16601700
UEMS,2010-05-26,1.3300,1.3700,1.3200,1.3300,8959500
UEMS,2010-05-27,1.3300,1.3900,1.3200,1.3700,6990600
UEMS,2010-05-31,1.3800,1.4100,1.3600,1.4000,11065500
UEMS,2010-06-01,1.4000,1.4000,1.3600,1.3700,2500600
UEMS,2010-06-02,1.3600,1.3800,1.3500,1.3700,1441800
UEMS,2010-06-03,1.3900,1.4000,1.3900,1.4000,1040000
UEMS,2010-06-04,1.4100,1.4400,1.4000,1.4100,5523300
UEMS,2010-06-07,1.3700,1.4000,1.3600,1.3900,2821100
UEMS,2010-06-08,1.3900,1.4100,1.3800,1.4000,2815400
UEMS,2010-06-09,1.4100,1.4200,1.4000,1.4000,2098000
UEMS,2010-06-10,1.4000,1.4100,1.3800,1.3800,3279500
UEMS,2010-06-11,1.4100,1.4200,1.3900,1.4200,3696800
UEMS,2010-06-14,1.4200,1.4300,1.4100,1.4300,2470800
UEMS,2010-06-15,1.4200,1.4500,1.4200,1.4500,3022200
UEMS,2010-06-16,1.4600,1.4800,1.4500,1.4800,4069800
UEMS,2010-06-17,1.4700,1.4700,1.4500,1.4600,957400
UEMS,2010-06-18,1.4800,1.4800,1.4600,1.4800,2630900
UEMS,2010-06-21,1.4800,1.5400,1.4800,1.5400,8371300
UEMS,2010-06-22,1.5200,1.5400,1.5000,1.5200,4965200
UEMS,2010-06-23,1.5100,1.6000,1.4900,1.5700,10208500
UEMS,2010-06-24,1.5700,1.6000,1.5500,1.5500,5027700
UEMS,2010-06-25,1.5400,1.5800,1.5300,1.5500,3814700
UEMS,2010-06-28,1.5500,1.5800,1.5400,1.5500,1996600
UEMS,2010-06-29,1.5400,1.5400,1.4600,1.4600,5318100
UEMS,2010-06-30,1.4300,1.4700,1.4200,1.4600,2483900
UEMS,2010-07-01,1.4600,1.4800,1.4500,1.4600,2884000
UEMS,2010-07-02,1.4600,1.4800,1.4500,1.4700,4008400
UEMS,2010-07-05,1.4800,1.4900,1.4500,1.4600,1152900
UEMS,2010-07-06,1.4700,1.4900,1.4400,1.4700,3443600
UEMS,2010-07-07,1.4800,1.4800,1.4600,1.4700,619400
UEMS,2010-07-08,1.4800,1.4900,1.4600,1.4900,1293400
UEMS,2010-07-09,1.4900,1.5300,1.4800,1.5200,2653100
UEMS,2010-07-12,1.5400,1.5600,1.5300,1.5500,4819900
UEMS,2010-07-13,1.5400,1.5500,1.5200,1.5200,955900
UEMS,2010-07-14,1.5500,1.5800,1.5300,1.5700,5982500
UEMS,2010-07-15,1.5600,1.5600,1.5300,1.5500,2829400
UEMS,2010-07-16,1.5400,1.5900,1.5400,1.5600,4995000
UEMS,2010-07-19,1.5500,1.6400,1.5500,1.6200,15105200
UEMS,2010-07-20,1.6300,1.6900,1.6200,1.6500,12268300
UEMS,2010-07-21,1.6600,1.6900,1.6500,1.6700,6036100
UEMS,2010-07-22,1.6700,1.7700,1.6400,1.7600,19459700
UEMS,2010-07-23,1.8000,1.8200,1.7300,1.7400,17773200
UEMS,2010-07-26,1.7500,1.7600,1.6700,1.7100,7171300
UEMS,2010-07-27,1.6900,1.7400,1.6900,1.7100,6796200
UEMS,2010-07-28,1.7100,1.7600,1.7100,1.7500,4192300
UEMS,2010-07-29,1.7400,1.7800,1.7200,1.7300,5374000
UEMS,2010-07-30,1.7300,1.7500,1.6900,1.7000,3288300
UEMS,2010-08-02,1.6900,1.7200,1.6700,1.6900,3842700
UEMS,2010-08-03,1.7100,1.7200,1.7000,1.7200,80000
UEMS,2010-08-04,1.7000,1.7000,1.6500,1.6600,3090000
UEMS,2010-08-05,1.6800,1.7100,1.6700,1.6700,4073700
UEMS,2010-08-06,1.6800,1.7100,1.6500,1.6500,5970100
UEMS,2010-08-09,1.6700,1.6700,1.6300,1.6300,4600400
UEMS,2010-08-10,1.6400,1.6500,1.6200,1.6200,2443300
UEMS,2010-08-11,1.6200,1.6300,1.5900,1.6000,4634000
UEMS,2010-08-12,1.5800,1.6600,1.5700,1.6400,5511900
UEMS,2010-08-13,1.6600,1.6800,1.6300,1.6600,3061700
UEMS,2010-08-16,1.6500,1.6600,1.6300,1.6400,3252000
UEMS,2010-08-17,1.6400,1.6800,1.6400,1.6600,5057000
UEMS,2010-08-18,1.6800,1.6900,1.6600,1.6800,3842800
UEMS,2010-08-19,1.7000,1.7400,1.6700,1.7300,9211700
UEMS,2010-08-20,1.7200,1.7400,1.7100,1.7200,3441900
UEMS,2010-08-23,1.7200,1.7300,1.6900,1.7000,2438100
UEMS,2010-08-24,1.7000,1.7000,1.6500,1.6600,3132500
UEMS,2010-08-25,1.6500,1.6600,1.6300,1.6400,2902600
UEMS,2010-08-26,1.6400,1.6800,1.6400,1.6800,2683500
UEMS,2010-08-27,1.6600,1.7000,1.6300,1.6400,2769100
UEMS,2010-08-30,1.6700,1.6900,1.6600,1.6700,2499300
UEMS,2010-09-01,1.6700,1.7400,1.6700,1.7100,8277500
UEMS,2010-09-02,1.7400,1.9100,1.7400,1.8400,37106600
UEMS,2010-09-03,1.8500,1.9200,1.8300,1.9100,24406300
UEMS,2010-09-06,1.9100,1.9200,1.8100,1.8100,3906700
UEMS,2010-09-07,1.8100,1.8600,1.7900,1.8000,6668400
UEMS,2010-09-08,1.8000,1.8200,1.7700,1.7900,4001200
UEMS,2010-09-09,1.7800,1.8400,1.7800,1.8100,3350900
UEMS,2010-09-13,1.8300,1.8900,1.8100,1.8800,8641200
UEMS,2010-09-14,1.8900,1.9100,1.8500,1.8600,3426100
UEMS,2010-09-15,1.8500,1.9500,1.8400,1.9300,8751300
UEMS,2010-09-17,1.9400,2.0000,1.9100,1.9900,10536500
UEMS,2010-09-20,2.0000,2.0500,1.9000,1.9300,11818700
UEMS,2010-09-21,1.9400,1.9700,1.9000,1.9400,8268200
UEMS,2010-09-22,1.9500,2.0100,1.9500,1.9800,16656600
UEMS,2010-09-23,2.0000,2.0200,1.9600,1.9700,10219900
UEMS,2010-09-24,1.9700,2.0000,1.9400,1.9600,8156800
UEMS,2010-09-27,1.9800,2.0500,1.9800,2.0200,10454600
UEMS,2010-09-28,2.0200,2.0600,2.0100,2.0200,8250100
UEMS,2010-09-29,2.0300,2.1900,2.0300,2.1900,19059700
UEMS,2010-09-30,2.2100,2.3700,2.1800,2.3400,41816100
UEMS,2010-10-01,2.3200,2.3300,2.2400,2.3000,20299500
UEMS,2010-10-04,2.2700,2.3300,2.2700,2.2900,8448000
UEMS,2010-10-05,2.3100,2.3800,2.2900,2.3200,20433300
UEMS,2010-10-06,2.3400,2.3500,2.2800,2.2800,9680000
UEMS,2010-10-07,2.3000,2.4100,2.2800,2.3900,13942400
UEMS,2010-10-08,2.3700,2.4700,2.3700,2.4100,14639900
UEMS,2010-10-11,2.4300,2.4300,2.3200,2.3500,11469700
UEMS,2010-10-12,2.3600,2.4400,2.3600,2.3800,14166100
UEMS,2010-10-13,2.3900,2.4100,2.3500,2.3600,7364200
UEMS,2010-10-14,2.3700,2.3900,2.3400,2.3500,6108500
UEMS,2010-10-15,2.3500,2.4000,2.3100,2.3400,6320100
UEMS,2010-10-18,2.3700,2.3800,2.2700,2.2700,5318100
UEMS,2010-10-19,2.2800,2.3100,2.2300,2.2700,7786600
UEMS,2010-10-20,2.2400,2.3300,2.2300,2.2900,7370900
UEMS,2010-10-21,2.3100,2.3300,2.2800,2.2900,3736200
UEMS,2010-10-22,2.3000,2.3100,2.2600,2.2800,4426400
UEMS,2010-10-25,2.2900,2.3200,2.2900,2.3000,756000
UEMS,2010-10-26,2.2900,2.3200,2.2800,2.3000,4714200
UEMS,2010-10-27,2.3000,2.3100,2.2800,2.2900,7673700
UEMS,2010-10-28,2.2900,2.2900,2.2400,2.2500,5252800
UEMS,2010-10-29,2.2900,2.2900,2.1800,2.2200,7724200
UEMS,2010-11-01,2.2000,2.2800,2.2000,2.2500,4579800
UEMS,2010-11-02,2.2600,2.2600,2.2300,2.2600,1782900
UEMS,2010-11-08,2.3500,2.5200,2.3100,2.4900,32939100
UEMS,2010-11-09,2.5100,2.5200,2.3600,2.3900,17142100
UEMS,2010-11-10,2.4100,2.4600,2.3800,2.4100,9621400
UEMS,2010-11-11,2.4400,2.5100,2.4400,2.4700,18748200
UEMS,2010-11-12,2.4600,2.4600,2.3400,2.3700,9157800
UEMS,2010-11-15,2.3500,2.3900,2.3000,2.3000,5692500
UEMS,2010-11-16,2.3200,2.3200,2.1400,2.1900,11141800
UEMS,2010-11-18,2.2100,2.2800,2.1600,2.2300,7202200
UEMS,2010-11-19,2.2600,2.3100,2.2500,2.3000,10700800
UEMS,2010-11-22,2.3100,2.3300,2.2600,2.2600,3476000
UEMS,2010-11-23,2.2600,2.2700,2.1900,2.2000,8813200
UEMS,2010-11-24,2.1800,2.2300,2.1700,2.2000,2897300
UEMS,2010-11-25,2.2200,2.2300,2.2100,2.2100,1809200
UEMS,2010-11-26,2.2400,2.2400,2.0900,2.1000,4377700
UEMS,2010-11-29,2.1100,2.1100,2.0600,2.0900,4626200
UEMS,2010-11-30,2.0900,2.1400,2.0800,2.1000,4913400
UEMS,2010-12-01,2.1000,2.1400,2.0900,2.1300,1906300
UEMS,2010-12-02,2.1600,2.1900,2.1400,2.1600,3052100
UEMS,2010-12-03,2.1900,2.2400,2.1900,2.2100,5343300
UEMS,2010-12-06,2.2300,2.3400,2.2300,2.2900,5954600
UEMS,2010-12-08,2.3100,2.4300,2.3100,2.4300,7642400
UEMS,2010-12-09,2.4400,2.6100,2.4300,2.5800,10228600
UEMS,2010-12-10,2.5800,2.5800,2.4600,2.4900,7916700
UEMS,2010-12-13,2.5100,2.5300,2.4600,2.5000,1671400
UEMS,2010-12-14,2.4700,2.4900,2.4500,2.4500,2051200
UEMS,2010-12-15,2.4900,2.4900,2.4000,2.4000,2143500
UEMS,2010-12-16,2.4400,2.4500,2.3700,2.4000,2900500
UEMS,2010-12-17,2.4200,2.5000,2.4100,2.4200,3174300
UEMS,2010-12-20,2.4400,2.4400,2.3600,2.4100,2220500
UEMS,2010-12-21,2.4200,2.5600,2.4100,2.5400,6485300
UEMS,2010-12-22,2.5700,2.5800,2.4900,2.5100,2634200
UEMS,2010-12-23,2.5300,2.5500,2.4600,2.4800,1476700
UEMS,2010-12-24,2.5000,2.5100,2.4500,2.4600,732600
UEMS,2010-12-27,2.4600,2.4600,2.3900,2.3900,1059300
UEMS,2010-12-28,2.3800,2.4400,2.3800,2.4200,1847700
UEMS,2010-12-29,2.4400,2.4900,2.4100,2.4800,1373300
UEMS,2010-12-30,2.5000,2.5000,2.4400,2.4400,2643900
UEMS,2011-01-03,2.4800,2.5200,2.4400,2.5200,3236400
UEMS,2011-01-04,2.5200,2.5300,2.4800,2.5200,3829700
UEMS,2011-01-05,2.5200,2.6000,2.5200,2.5500,6697900
UEMS,2011-01-06,2.5700,2.9000,2.5700,2.9000,25531500
UEMS,2011-01-07,2.8800,3.0600,2.8300,2.8900,23334900
UEMS,2011-01-10,2.9100,3.0900,2.9100,3.0000,16520100
UEMS,2011-01-11,3.0600,3.1200,3.0200,3.0400,10788600
UEMS,2011-01-12,3.0800,3.2700,3.0600,3.2200,10680700
UEMS,2011-01-13,3.2600,3.4000,3.2000,3.2500,11073200
UEMS,2011-01-14,3.2900,3.2900,3.0400,3.1100,19863400
UEMS,2011-01-17,3.1300,3.1500,3.0200,3.0300,7962200
UEMS,2011-01-18,3.0400,3.0700,2.9600,2.9600,7496400
UEMS,2011-01-19,2.9800,3.0200,2.9100,2.9400,6385200
UEMS,2011-01-21,2.9200,2.9400,2.7500,2.8100,17365300
UEMS,2011-01-24,2.8200,2.8700,2.7500,2.7600,8146000
UEMS,2011-01-25,2.7900,2.8300,2.7200,2.7200,7165700
UEMS,2011-01-26,2.7300,2.7700,2.6700,2.7200,19936000
UEMS,2011-01-27,2.7400,2.7800,2.7200,2.7300,11545300
UEMS,2011-01-28,2.7500,2.7700,2.7000,2.7000,10080400
UEMS,2011-01-31,2.6600,2.7200,2.6500,2.7000,10237400
UEMS,2011-02-02,2.7300,2.8500,2.7200,2.8100,14581300
UEMS,2011-02-07,2.8700,2.9000,2.8200,2.8400,17801900
UEMS,2011-02-08,2.8400,2.8700,2.7900,2.7900,6949800
UEMS,2011-02-09,2.7900,2.8200,2.7300,2.7900,7384500
UEMS,2011-02-10,2.7900,2.8400,2.7600,2.7900,18410700
UEMS,2011-02-11,2.7900,2.7900,2.7100,2.7700,12568000
UEMS,2011-02-14,2.8100,2.8900,2.7800,2.8800,20619400
UEMS,2011-02-16,2.8600,2.9700,2.8300,2.9300,10692900
UEMS,2011-02-17,2.9600,3.0400,2.9200,3.0000,14680200
UEMS,2011-02-18,3.0200,3.0700,3.0000,3.0000,9018900
UEMS,2011-02-21,3.0000,3.0400,2.8900,2.9500,11717700
UEMS,2011-02-22,2.9000,2.9000,2.7500,2.8000,16373900
UEMS,2011-02-23,2.7700,2.8500,2.7600,2.8400,4673300
UEMS,2011-02-24,2.8200,2.8300,2.7100,2.7100,8347000
UEMS,2011-02-25,2.7300,2.7900,2.7200,2.7600,5918600
UEMS,2011-02-28,2.7700,2.7800,2.6600,2.7000,12373700
UEMS,2011-03-01,2.7200,2.7500,2.7200,2.7500,4307300
UEMS,2011-03-02,2.6900,2.7400,2.6000,2.6300,8950500
UEMS,2011-03-03,2.6300,2.6700,2.5800,2.6400,12899800
UEMS,2011-03-04,2.6900,2.7300,2.6800,2.7000,6162800
UEMS,2011-03-07,2.6900,2.7400,2.6800,2.7100,4508300
UEMS,2011-03-08,2.7100,2.8300,2.7000,2.8200,12821100
UEMS,2011-03-09,2.8300,2.8600,2.7900,2.8200,13238000
UEMS,2011-03-10,2.8000,2.8400,2.8000,2.8100,7892900
UEMS,2011-03-11,2.7700,2.7900,2.7200,2.7700,6801000
UEMS,2011-03-14,2.7200,2.8000,2.6900,2.7500,4749000
UEMS,2011-03-15,2.7100,2.7500,2.5900,2.6600,15251800
UEMS,2011-03-16,2.7000,2.7000,2.6300,2.6800,11210000
UEMS,2011-03-17,2.6400,2.7000,2.6400,2.6900,9213100
UEMS,2011-03-18,2.7100,2.7300,2.6700,2.6800,10260300
UEMS,2011-03-21,2.6900,2.7500,2.6800,2.7500,4991800
UEMS,2011-03-22,2.7600,2.7900,2.7400,2.7400,7434800
UEMS,2011-03-23,2.7400,2.8000,2.7400,2.7700,7636700
UEMS,2011-03-24,2.7800,2.7900,2.7600,2.7700,7606800
UEMS,2011-03-25,2.7900,2.7900,2.7500,2.7600,7018500
UEMS,2011-03-28,2.7600,2.7600,2.6400,2.6700,24089400
UEMS,2011-03-29,2.6800,2.7500,2.6800,2.7200,11992700
UEMS,2011-03-30,2.7300,2.8400,2.7200,2.8200,15793600
UEMS,2011-03-31,2.8700,2.9000,2.8300,2.8300,13984700
UEMS,2011-04-01,2.8500,2.8800,2.8300,2.8800,10795000
UEMS,2011-04-04,2.9100,3.0100,2.9100,2.9500,16815300
UEMS,2011-04-05,2.9600,2.9800,2.8800,2.9000,6351400
UEMS,2011-04-06,2.9000,2.9300,2.8500,2.8600,7839600
UEMS,2011-04-07,2.8600,2.8900,2.8500,2.8600,16648700
UEMS,2011-04-08,2.8800,2.9300,2.8600,2.9000,16007700
UEMS,2011-04-11,2.9200,2.9300,2.8000,2.8000,8211800
UEMS,2011-04-12,2.8300,2.8400,2.7100,2.7500,13616400
UEMS,2011-04-13,2.7500,2.8100,2.7400,2.7800,11170900
UEMS,2011-04-14,2.7900,2.7900,2.7200,2.7400,6385400
UEMS,2011-04-15,2.7500,2.7600,2.6700,2.6800,9006900
UEMS,2011-04-18,2.7300,2.7600,2.7000,2.7200,10255400
UEMS,2011-04-19,2.7000,2.7200,2.6900,2.6900,8908000
UEMS,2011-04-20,2.7200,2.7500,2.7100,2.7300,10026500
UEMS,2011-04-21,2.7400,2.7700,2.7400,2.7400,11517500
UEMS,2011-04-22,2.7500,2.8200,2.7500,2.7800,7881900
UEMS,2011-04-25,2.8000,2.8100,2.7800,2.7800,7295800
UEMS,2011-04-26,2.8000,2.8000,2.7600,2.7700,4673800
UEMS,2011-04-27,2.7800,2.8000,2.7400,2.7500,7871300
UEMS,2011-04-28,2.7700,2.7700,2.7400,2.7400,6306200
UEMS,2011-04-29,2.7600,2.7600,2.6900,2.6900,4313800
UEMS,2011-05-03,2.7000,2.7300,2.6900,2.6900,7755700
UEMS,2011-05-04,2.7000,2.7300,2.6500,2.6800,8913600
UEMS,2011-05-05,2.6800,2.7200,2.6700,2.6800,6351100
UEMS,2011-05-06,2.6600,2.6900,2.6300,2.6600,6255500
UEMS,2011-05-09,2.6700,2.7100,2.6600,2.7100,6068900
UEMS,2011-05-10,2.7000,2.7300,2.7000,2.7200,5324700
UEMS,2011-05-11,2.7200,2.7800,2.7200,2.7700,10105000
UEMS,2011-05-12,2.7500,2.7700,2.7400,2.7500,7231800
UEMS,2011-05-13,2.7600,2.8000,2.7600,2.7700,15147000
UEMS,2011-05-16,2.7700,2.7700,2.7400,2.7500,5945700
UEMS,2011-05-18,2.7700,2.7800,2.7400,2.7600,9417200
UEMS,2011-05-19,2.7600,2.7700,2.7400,2.7500,5910400
UEMS,2011-05-20,2.7500,2.7700,2.7400,2.7500,9006000
UEMS,2011-05-23,2.7500,2.7600,2.7200,2.7400,6755000
UEMS,2011-05-24,2.7200,2.9300,2.7200,2.8100,24123400
UEMS,2011-05-25,2.8100,2.8300,2.7700,2.7900,14229500
UEMS,2011-05-26,2.8100,2.8400,2.7700,2.7900,17286400
UEMS,2011-05-27,2.8000,2.8200,2.7900,2.8200,15629000
UEMS,2011-05-30,2.8200,2.8200,2.7800,2.8000,14316100
UEMS,2011-05-31,2.8000,2.9100,2.7900,2.7900,83528800
UEMS,2011-06-01,2.8100,2.8200,2.7600,2.7800,14220300
UEMS,2011-06-02,2.7600,2.8300,2.7500,2.8200,8463300
UEMS,2011-06-03,2.8200,2.8300,2.7900,2.8100,4120300
UEMS,2011-06-06,2.8000,2.8000,2.7700,2.7700,6704500
UEMS,2011-06-07,2.7800,2.7800,2.7500,2.7700,9841400
UEMS,2011-06-08,2.7700,2.7900,2.7500,2.7800,9286500
UEMS,2011-06-09,2.7800,2.7900,2.7700,2.7800,7146000
UEMS,2011-06-10,2.7900,2.8100,2.7800,2.7900,11016100
UEMS,2011-06-13,2.7800,2.7800,2.7600,2.7700,5010000
UEMS,2011-06-14,2.7700,2.8000,2.7600,2.7800,7896700
UEMS,2011-06-15,2.7800,2.7900,2.7700,2.7800,4992800
UEMS,2011-06-16,2.7700,2.7800,2.7300,2.7700,7420900
UEMS,2011-06-17,2.7700,2.8000,2.7500,2.7500,6766600
UEMS,2011-06-20,2.7600,2.7800,2.7600,2.7700,6063200
UEMS,2011-06-21,2.7600,2.7800,2.7600,2.7700,9954000
UEMS,2011-06-22,2.7800,2.8000,2.7700,2.7800,10037700
UEMS,2011-06-23,2.7800,2.7900,2.7600,2.7900,10138300
UEMS,2011-06-24,2.7800,2.7900,2.7700,2.7800,6958000
UEMS,2011-06-27,2.8000,2.8300,2.7800,2.8200,10471900
UEMS,2011-06-28,2.8500,2.9100,2.8500,2.8700,18642200
UEMS,2011-06-29,2.8800,2.8900,2.8200,2.8300,19778900
UEMS,2011-06-30,2.8200,2.8400,2.8000,2.8100,9226400
UEMS,2011-07-01,2.8300,2.8300,2.7800,2.7900,6954400
UEMS,2011-07-04,2.7900,2.8000,2.7600,2.7700,11220400
UEMS,2011-07-05,2.7800,2.7900,2.7600,2.7800,5207300
UEMS,2011-07-06,2.7700,2.7800,2.7600,2.7700,12210200
UEMS,2011-07-07,2.7700,2.7800,2.7500,2.7500,13558900
UEMS,2011-07-08,2.7600,2.7800,2.7300,2.7500,8977500
UEMS,2011-07-11,2.7500,2.7700,2.7000,2.7400,8615100
UEMS,2011-07-12,2.7300,2.7300,2.6600,2.6900,7570300
UEMS,2011-07-13,2.6900,2.7400,2.6900,2.7400,4513500
UEMS,2011-07-14,2.7400,2.7700,2.7200,2.7200,3545900
UEMS,2011-07-15,2.7200,2.7200,2.6600,2.6700,3731000
UEMS,2011-07-18,2.6800,2.6800,2.5900,2.6000,7634600
UEMS,2011-07-19,2.6000,2.6000,2.4500,2.5000,20374700
UEMS,2011-07-20,2.5300,2.5700,2.4900,2.5000,8819900
UEMS,2011-07-21,2.5100,2.5600,2.5000,2.5300,11712200
UEMS,2011-07-22,2.5500,2.6100,2.5400,2.6100,13942300
UEMS,2011-07-25,2.5900,2.5900,2.5500,2.5700,6456500
UEMS,2011-07-26,2.5700,2.5900,2.5500,2.5800,3474300
UEMS,2011-07-27,2.5700,2.6100,2.5600,2.6000,6691000
UEMS,2011-07-28,2.5700,2.5800,2.5600,2.5800,4142200
UEMS,2011-07-29,2.5700,2.6200,2.5600,2.6000,6324200
UEMS,2011-08-01,2.6000,2.6400,2.5800,2.6200,10456700
UEMS,2011-08-02,2.6100,2.6200,2.5900,2.6000,3198800
UEMS,2011-08-03,2.5700,2.6000,2.5600,2.5700,4158900
UEMS,2011-08-04,2.6000,2.6000,2.5700,2.5700,3626000
UEMS,2011-08-05,2.4500,2.4800,2.3100,2.3700,28788600
UEMS,2011-08-08,2.3200,2.3400,2.0600,2.1600,43398500
UEMS,2011-08-09,2.0000,2.2800,2.0000,2.2000,34279400
UEMS,2011-08-10,2.3500,2.3600,2.1600,2.1700,23055200
UEMS,2011-08-11,2.1300,2.2700,2.1200,2.2700,17378800
UEMS,2011-08-12,2.2900,2.2900,2.2500,2.2500,9936600
UEMS,2011-08-15,2.2700,2.3400,2.2600,2.3300,7748100
UEMS,2011-08-16,2.3500,2.4000,2.3300,2.3400,15029900
UEMS,2011-08-17,2.3500,2.3700,2.3400,2.3400,7427800
UEMS,2011-08-18,2.3300,2.3400,2.2500,2.2700,6463400
UEMS,2011-08-19,2.2300,2.2400,2.1500,2.2000,13582800
UEMS,2011-08-22,2.1800,2.2200,2.1600,2.1700,5263800
UEMS,2011-08-23,2.1900,2.2200,2.1700,2.2000,5725500
UEMS,2011-08-24,2.2200,2.2400,2.1300,2.1400,5436000
UEMS,2011-08-25,2.1700,2.1900,2.0900,2.1000,8400100
UEMS,2011-08-26,2.1300,2.1400,2.0400,2.0500,11357500
UEMS,2011-08-29,2.0900,2.1100,2.0600,2.0800,2263600
UEMS,2011-09-02,2.1400,2.1700,2.1300,2.1400,11208500
UEMS,2011-09-05,2.1000,2.1300,2.0600,2.0700,5473000
UEMS,2011-09-06,2.0500,2.0900,2.0200,2.0600,11068100
UEMS,2011-09-07,2.0800,2.1000,2.0600,2.0700,8029800
UEMS,2011-09-08,2.0900,2.1100,2.0800,2.0900,8309600
UEMS,2011-09-09,2.0900,2.1300,2.0900,2.1200,8907500
UEMS,2011-09-12,2.0900,2.1000,2.0500,2.0700,8511300
UEMS,2011-09-13,2.0800,2.0900,2.0200,2.0200,8635800
UEMS,2011-09-14,2.0400,2.0600,1.9800,1.9800,13902900
UEMS,2011-09-15,2.0100,2.0200,1.8900,1.9000,19360200
UEMS,2011-09-20,1.8000,1.8600,1.7900,1.8400,15513100
UEMS,2011-09-21,1.8200,1.8800,1.8200,1.8400,9799500
UEMS,2011-09-22,1.8000,1.8100,1.7200,1.7300,14813200
UEMS,2011-09-23,1.6800,1.7500,1.6700,1.7200,9978900
UEMS,2011-09-26,1.7000,1.7300,1.5400,1.5800,23047800
UEMS,2011-09-27,1.6400,1.7000,1.6200,1.6800,23952600
UEMS,2011-09-28,1.7000,1.7200,1.6500,1.6700,20031100
UEMS,2011-09-29,1.6300,1.8100,1.6300,1.8100,20244400
UEMS,2011-09-30,1.8300,1.8400,1.7300,1.7500,20939800
UEMS,2011-10-03,1.7200,1.7500,1.6800,1.7200,11241600
UEMS,2011-10-04,1.6900,1.7800,1.6800,1.7000,11394200
UEMS,2011-10-05,1.7400,1.7600,1.6900,1.7100,12730700
UEMS,2011-10-06,1.7400,1.8000,1.7400,1.7700,22716100
UEMS,2011-10-07,1.7900,1.7900,1.7300,1.7500,12613100
UEMS,2011-10-10,1.7400,1.7700,1.7300,1.7500,4358400
UEMS,2011-10-11,1.7800,1.8400,1.7800,1.8100,20887400
UEMS,2011-10-12,1.8000,1.9000,1.7900,1.8700,17660800
UEMS,2011-10-13,1.8900,1.9400,1.8900,1.9100,18301400
UEMS,2011-10-14,1.9000,1.9300,1.8800,1.9200,8901300
UEMS,2011-10-17,1.9400,2.0600,1.9400,2.0500,24665700
UEMS,2011-10-18,1.9900,2.0200,1.9300,1.9500,19918400
UEMS,2011-10-19,1.9900,2.0000,1.9700,1.9900,5837600
UEMS,2011-10-20,1.9800,1.9800,1.9100,1.9400,10121700
UEMS,2011-10-21,1.9500,1.9600,1.9300,1.9400,8512200
UEMS,2011-10-24,1.9800,2.0100,1.9700,1.9800,13583600
UEMS,2011-10-25,2.0000,2.0100,1.9800,1.9900,8106300
UEMS,2011-10-27,2.0100,2.1900,2.0000,2.1500,31113300
UEMS,2011-10-28,2.2100,2.2900,2.1800,2.2100,27579300
UEMS,2011-10-31,2.2300,2.2500,2.1700,2.2100,8025100
UEMS,2011-11-01,2.1600,2.1700,2.0600,2.0900,16978000
UEMS,2011-11-02,2.0200,2.1500,2.0000,2.1400,40804700
UEMS,2011-11-03,2.1400,2.1400,2.0400,2.0700,12107200
UEMS,2011-11-04,2.1300,2.1400,2.1100,2.1200,9797500
UEMS,2011-11-08,2.1300,2.1400,2.0900,2.1100,4727100
UEMS,2011-11-09,2.1400,2.1600,2.1200,2.1400,10561100
UEMS,2011-11-10,2.0800,2.1000,2.0700,2.0800,13512400
UEMS,2011-11-11,2.1000,2.1600,2.0800,2.1200,12827500
UEMS,2011-11-14,2.1600,2.2100,2.1500,2.1800,18691100
UEMS,2011-11-15,2.1800,2.2900,2.1700,2.2300,22369500
UEMS,2011-11-16,2.2400,2.2800,2.2200,2.2500,13454000
UEMS,2011-11-17,2.2500,2.2700,2.2300,2.2400,4952500
UEMS,2011-11-18,2.2100,2.2400,2.2100,2.2200,5320800
UEMS,2011-11-21,2.2100,2.2200,2.1400,2.1400,8971000
UEMS,2011-11-22,2.1100,2.1500,2.0900,2.1500,9810800
UEMS,2011-11-23,2.1400,2.1400,2.1000,2.1100,6832500
UEMS,2011-11-24,2.0900,2.1000,2.0700,2.0900,12037100
UEMS,2011-11-25,2.1000,2.1500,2.0800,2.0900,7044500
UEMS,2011-11-29,2.1300,2.1700,2.1200,2.1500,14407900
UEMS,2011-11-30,2.1500,2.2000,2.1300,2.2000,22912100
UEMS,2011-12-01,2.2800,2.3000,2.2000,2.2000,15707400
UEMS,2011-12-02,2.2200,2.2300,2.1600,2.1700,6752800
UEMS,2011-12-05,2.1700,2.2000,2.1600,2.1900,9472400
UEMS,2011-12-06,2.1800,2.1900,2.1500,2.1600,8298800
UEMS,2011-12-07,2.1600,2.1900,2.1400,2.1900,7106400
UEMS,2011-12-08,2.1900,2.1900,2.1400,2.1500,7283300
UEMS,2011-12-09,2.1300,2.1500,2.1000,2.1300,8461500
UEMS,2011-12-12,2.1700,2.2400,2.1700,2.2400,15620200
UEMS,2011-12-13,2.2200,2.2200,2.1800,2.2000,9978800
UEMS,2011-12-14,2.2000,2.2000,2.1700,2.1900,6983500
UEMS,2011-12-15,2.1700,2.2500,2.1700,2.2400,8724600
UEMS,2011-12-16,2.2400,2.2700,2.2300,2.2600,12269800
UEMS,2011-12-19,2.2500,2.2700,2.2300,2.2500,5121500
UEMS,2011-12-20,2.2500,2.3600,2.2500,2.2800,16709900
UEMS,2011-12-21,2.3100,2.3200,2.2800,2.3000,5750100
UEMS,2011-12-22,2.3000,2.4000,2.2800,2.3900,19279700
UEMS,2011-12-23,2.3900,2.4700,2.3800,2.3800,22245100
UEMS,2011-12-27,2.4000,2.4300,2.3900,2.4200,10140700
UEMS,2011-12-28,2.4100,2.4200,2.3900,2.4100,7049300
UEMS,2011-12-29,2.4000,2.4400,2.3900,2.4200,6675000
UEMS,2011-12-30,2.4300,2.4600,2.4200,2.4200,9899400
UEMS,2012-01-03,2.4300,2.4500,2.3800,2.3800,8503200
UEMS,2012-01-04,2.4100,2.4100,2.2200,2.2300,23349000
UEMS,2012-01-05,2.2400,2.3100,2.2400,2.2800,15066700
UEMS,2012-01-06,2.2900,2.3300,2.2400,2.2500,9909700
UEMS,2012-01-09,2.2600,2.3000,2.2400,2.2900,5833200
UEMS,2012-01-10,2.2900,2.3200,2.2900,2.3000,12603100
UEMS,2012-01-11,2.3100,2.3300,2.3000,2.3100,11368100
UEMS,2012-01-12,2.3100,2.3200,2.2800,2.3000,5670500
UEMS,2012-01-13,2.2900,2.3200,2.2900,2.3100,3776300
UEMS,2012-01-16,2.3100,2.3100,2.2500,2.2600,5160500
UEMS,2012-01-17,2.2800,2.3200,2.2700,2.3100,8893600
UEMS,2012-01-18,2.3100,2.3100,2.2800,2.2800,3509600
UEMS,2012-01-19,2.3000,2.3100,2.2600,2.2800,3526300
UEMS,2012-01-20,2.2800,2.2900,2.2800,2.2900,3692800
UEMS,2012-01-25,2.2900,2.3100,2.2700,2.2900,8049400
UEMS,2012-01-26,2.2800,2.3100,2.2800,2.3000,6227800
UEMS,2012-01-27,2.3000,2.3600,2.2900,2.3100,19234600
UEMS,2012-01-30,2.3300,2.3300,2.2900,2.3000,4583700
UEMS,2012-01-31,2.2900,2.3200,2.2900,2.3200,9952900
UEMS,2012-02-02,2.3400,2.3700,2.3100,2.3500,28957200
UEMS,2012-02-03,2.3600,2.3600,2.3000,2.3200,17201500
UEMS,2012-02-08,2.3300,2.3500,2.3200,2.3400,15191500
UEMS,2012-02-09,2.3400,2.3700,2.3300,2.3600,29602900
UEMS,2012-02-10,2.3700,2.4300,2.3500,2.3600,32582500
UEMS,2012-02-13,2.3800,2.3800,2.3000,2.3100,12173300
UEMS,2012-02-14,2.3100,2.3300,2.2700,2.3100,10156000
UEMS,2012-02-15,2.3300,2.3300,2.2900,2.3200,8787100
UEMS,2012-02-16,2.3100,2.3200,2.2900,2.3000,10526200
UEMS,2012-02-17,2.3200,2.3200,2.2900,2.3100,5468200
UEMS,2012-02-20,2.3100,2.3300,2.3000,2.3100,5015300
UEMS,2012-02-21,2.3100,2.3400,2.3100,2.3300,17225600
UEMS,2012-02-22,2.3300,2.3400,2.2900,2.3000,5969900
UEMS,2012-02-23,2.3000,2.3100,2.2500,2.2500,10246400
UEMS,2012-02-24,2.2600,2.2700,2.2400,2.2500,6772900
UEMS,2012-02-27,2.2600,2.2700,2.2300,2.2300,5603000
UEMS,2012-02-28,2.2300,2.2300,2.1800,2.2200,8017800
UEMS,2012-02-29,2.2400,2.3400,2.2300,2.3100,16657800
UEMS,2012-03-01,2.3200,2.3600,2.2900,2.3400,18031900
UEMS,2012-03-02,2.3500,2.3800,2.3300,2.3600,12577500
UEMS,2012-03-05,2.3600,2.3800,2.3500,2.3600,8523300
UEMS,2012-03-06,2.3500,2.3700,2.3400,2.3400,9749200
UEMS,2012-03-07,2.3100,2.3300,2.3000,2.3100,9614200
UEMS,2012-03-08,2.3100,2.3200,2.2900,2.3000,2234700
UEMS,2012-03-09,2.3300,2.3300,2.2600,2.2600,3475600
UEMS,2012-03-12,2.2800,2.2800,2.2400,2.2500,5260700
UEMS,2012-03-13,2.2600,2.2700,2.2300,2.2400,3620600
UEMS,2012-03-14,2.2600,2.2800,2.2100,2.2400,6922400
UEMS,2012-03-15,2.2200,2.2400,2.2100,2.2300,6144700
UEMS,2012-03-16,2.2300,2.3000,2.2300,2.3000,4745000
UEMS,2012-03-19,2.3000,2.3200,2.2800,2.2900,4861500
UEMS,2012-03-20,2.2900,2.3100,2.2700,2.2900,5352800
UEMS,2012-03-21,2.2600,2.3100,2.2600,2.2900,3776200
UEMS,2012-03-22,2.2900,2.3100,2.2800,2.2900,4168400
UEMS,2012-03-23,2.2900,2.3000,2.2800,2.3000,3551500
UEMS,2012-03-26,2.2900,2.3000,2.2800,2.2800,4015600
UEMS,2012-03-27,2.2800,2.3000,2.2600,2.2700,5052900
UEMS,2012-03-28,2.2600,2.2800,2.2300,2.2400,3384200
UEMS,2012-03-29,2.2400,2.2600,2.2200,2.2300,4787900
UEMS,2012-03-30,2.2300,2.2500,2.2200,2.2400,5290900
UEMS,2012-04-02,2.2500,2.2700,2.2300,2.2500,3775200
UEMS,2012-04-03,2.2600,2.2700,2.2500,2.2700,2835900
UEMS,2012-04-04,2.2600,2.2600,2.2000,2.2200,5676200
UEMS,2012-04-05,2.2000,2.2200,2.2000,2.2100,3356400
UEMS,2012-04-06,2.2200,2.2300,2.2100,2.2200,4496000
UEMS,2012-04-09,2.2100,2.2100,2.1900,2.2000,3984500
UEMS,2012-04-10,2.1900,2.2500,2.1900,2.2300,3016000
UEMS,2012-04-12,2.2100,2.2300,2.2100,2.2300,1690300
UEMS,2012-04-13,2.2200,2.2300,2.2100,2.2200,3660300
UEMS,2012-04-16,2.2100,2.2300,2.2000,2.2100,1674300
UEMS,2012-04-17,2.2100,2.2300,2.2100,2.2200,3025200
UEMS,2012-04-18,2.2200,2.2300,2.1700,2.1800,3076100
UEMS,2012-04-19,2.1800,2.1800,2.0800,2.0800,10669100
UEMS,2012-04-20,2.0900,2.1000,2.0200,2.0200,10013500
UEMS,2012-04-23,2.0300,2.0300,1.9600,1.9800,7096600
UEMS,2012-04-24,1.9800,2.0300,1.9800,2.0300,2520400
UEMS,2012-04-25,2.0400,2.0600,2.0100,2.0300,3973100
UEMS,2012-04-26,2.0300,2.0400,1.9900,1.9900,4461600
UEMS,2012-04-27,2.0000,2.0200,1.9900,2.0000,2158500
UEMS,2012-04-30,2.0100,2.0200,2.0000,2.0100,2000700
UEMS,2012-05-02,2.0200,2.1300,2.0100,2.1200,3980400
UEMS,2012-05-03,2.1200,2.1200,2.0600,2.0700,3449000
UEMS,2012-05-04,2.0700,2.1500,2.0600,2.1200,5097900
UEMS,2012-05-07,2.1200,2.1200,2.0400,2.0400,4141700
UEMS,2012-05-08,2.0500,2.0700,2.0400,2.0400,3448200
UEMS,2012-05-09,2.0400,2.0400,2.0000,2.0200,5674400
UEMS,2012-05-10,2.0200,2.0400,2.0200,2.0300,3581200
UEMS,2012-05-11,2.0200,2.0300,1.9900,2.0000,3246600
UEMS,2012-05-14,2.0000,2.0000,1.9500,1.9500,4225600
UEMS,2012-05-15,1.9400,1.9800,1.9100,1.9500,4169300
UEMS,2012-05-16,1.9500,2.0300,1.9100,1.9600,10631900
UEMS,2012-05-17,1.9900,2.0200,1.9200,1.9600,5881800
UEMS,2012-05-18,1.9400,1.9500,1.9100,1.9300,4463600
UEMS,2012-05-21,1.9300,1.9600,1.9100,1.9500,3938300
UEMS,2012-05-22,1.9600,1.9700,1.9400,1.9500,3955900
UEMS,2012-05-23,1.9500,1.9500,1.9200,1.9200,2531800
UEMS,2012-05-24,1.9200,1.9500,1.9200,1.9400,2470700
UEMS,2012-05-25,1.9500,1.9700,1.9300,1.9600,3100900
UEMS,2012-05-28,1.9800,2.0200,1.9700,2.0100,12741500
UEMS,2012-05-29,2.0000,2.0100,1.9700,1.9900,5403000
UEMS,2012-05-30,2.0100,2.0200,1.9900,2.0000,3197900
UEMS,2012-05-31,1.9900,2.0500,1.9900,2.0100,14439700
UEMS,2012-06-01,2.0000,2.0300,1.9800,2.0300,2858500
UEMS,2012-06-04,1.9800,1.9800,1.9200,1.9300,5984400
UEMS,2012-06-05,1.9500,1.9600,1.9300,1.9300,1746500
UEMS,2012-06-06,1.9400,1.9600,1.9300,1.9400,3686600
UEMS,2012-06-07,1.9700,1.9900,1.9400,1.9700,5308700
UEMS,2012-06-08,1.9500,1.9600,1.9300,1.9400,2337800
UEMS,2012-06-11,1.9600,1.9700,1.9400,1.9500,2289500
UEMS,2012-06-12,1.9300,1.9700,1.9300,1.9600,3399600
UEMS,2012-06-13,1.9700,1.9800,1.9400,1.9600,7052800
UEMS,2012-06-14,1.9600,1.9700,1.9400,1.9400,2130500
UEMS,2012-06-15,1.9600,1.9700,1.9500,1.9500,3126300
UEMS,2012-06-18,1.9700,2.0400,1.9700,2.0100,10269100
UEMS,2012-06-19,2.0000,2.0300,2.0000,2.0300,3986200
UEMS,2012-06-20,2.0300,2.0600,2.0200,2.0600,7924300
UEMS,2012-06-21,2.0500,2.0700,2.0300,2.0500,9146500
UEMS,2012-06-22,2.0200,2.0600,2.0100,2.0400,4992000
UEMS,2012-06-25,2.0400,2.0900,2.0400,2.0700,4102900
UEMS,2012-06-26,2.0500,2.0700,2.0400,2.0700,2403500
UEMS,2012-06-27,2.0700,2.0700,2.0400,2.0600,2285900
UEMS,2012-06-28,2.0400,2.0500,2.0300,2.0500,1927200
UEMS,2012-06-29,2.0500,2.0800,2.0400,2.0800,9155400
UEMS,2012-07-02,2.0900,2.1100,2.0800,2.1000,6297300
UEMS,2012-07-03,2.1000,2.1000,2.0700,2.0800,2453900
UEMS,2012-07-04,2.0900,2.1100,2.0700,2.0800,1699000
UEMS,2012-07-05,2.0800,2.0900,2.0600,2.0800,1264900
UEMS,2012-07-06,2.1000,2.1600,2.1000,2.1100,7070400
UEMS,2012-07-09,2.0900,2.1200,2.0800,2.1100,2190900
UEMS,2012-07-10,2.1100,2.1100,2.0900,2.0900,3540100
UEMS,2012-07-11,2.0800,2.1000,2.0700,2.0800,3872600
UEMS,2012-07-12,2.0800,2.0800,2.0500,2.0700,3642400
UEMS,2012-07-13,2.0800,2.1000,2.0500,2.0600,10042600
UEMS,2012-07-16,2.0800,2.0900,2.0600,2.0700,3444300
UEMS,2012-07-17,2.0600,2.0800,2.0600,2.0600,2968100
UEMS,2012-07-18,2.0700,2.0900,2.0600,2.0900,3136100
UEMS,2012-07-19,2.1000,2.1200,2.0800,2.0900,5512000
UEMS,2012-07-20,2.0800,2.1000,2.0800,2.0900,2608200
UEMS,2012-07-23,2.0800,2.0800,2.0400,2.0600,2533600
UEMS,2012-07-24,2.0500,2.0500,1.9900,2.0000,7271000
UEMS,2012-07-25,1.9900,2.0000,1.9500,1.9800,7308400
UEMS,2012-07-26,1.9900,1.9900,1.9300,1.9400,6020400
UEMS,2012-07-27,1.9600,1.9700,1.9300,1.9400,3351800
UEMS,2012-07-30,1.9500,2.0000,1.9500,1.9800,4469300
UEMS,2012-07-31,1.9900,2.0000,1.9800,1.9900,2815800
UEMS,2012-08-01,1.9900,2.0100,1.9600,1.9900,4283800
UEMS,2012-08-02,1.9700,1.9900,1.9700,1.9700,3027400
UEMS,2012-08-03,1.9700,1.9700,1.9400,1.9500,2591200
UEMS,2012-08-06,1.9700,1.9800,1.9500,1.9600,3616700
UEMS,2012-08-07,1.9600,1.9800,1.9300,1.9300,4058000
UEMS,2012-08-08,1.9400,1.9900,1.9400,1.9900,2700100
UEMS,2012-08-09,1.9900,2.0000,1.9700,1.9800,2435900
UEMS,2012-08-10,1.9700,1.9800,1.9500,1.9600,2277000
UEMS,2012-08-13,1.9700,1.9800,1.9400,1.9500,2000000
UEMS,2012-08-14,1.9500,1.9600,1.9300,1.9400,2752700
UEMS,2012-08-15,1.9500,1.9500,1.9200,1.9400,2213000
UEMS,2012-08-16,1.9400,1.9400,1.9200,1.9300,2709200
UEMS,2012-08-17,1.9300,1.9700,1.9300,1.9500,2901600
UEMS,2012-08-22,1.9500,1.9600,1.9300,1.9300,3207500
UEMS,2012-08-23,1.9500,1.9500,1.9200,1.9200,950000
UEMS,2012-08-24,1.9100,1.9200,1.8900,1.9100,2134800
UEMS,2012-08-27,1.9200,1.9400,1.9100,1.9100,4497700
UEMS,2012-08-28,1.9200,1.9200,1.9000,1.9000,2077900
UEMS,2012-08-29,1.9100,1.9200,1.8900,1.8900,1568000
UEMS,2012-08-30,1.9000,1.9100,1.8400,1.8500,9375200
UEMS,2012-09-03,1.8900,1.9100,1.8800,1.9000,12394400
UEMS,2012-09-04,1.9000,1.9000,1.8600,1.8600,1368000
UEMS,2012-09-05,1.8600,1.8700,1.8000,1.8200,5539100
UEMS,2012-09-06,1.8100,1.8200,1.7500,1.7800,8230700
UEMS,2012-09-07,1.8000,1.8200,1.7600,1.7900,7705100
UEMS,2012-09-10,1.7800,1.7900,1.7200,1.7300,4644800
UEMS,2012-09-11,1.7500,1.7500,1.6700,1.7100,6280600
UEMS,2012-09-12,1.7000,1.7100,1.6300,1.6400,24926800
UEMS,2012-09-13,1.6400,1.7100,1.6400,1.6900,16236700
UEMS,2012-09-14,1.7300,1.8000,1.7200,1.8000,13048100
UEMS,2012-09-18,1.8000,1.8200,1.7600,1.7600,6831000
UEMS,2012-09-19,1.7700,1.7900,1.7400,1.7500,6610300
UEMS,2012-09-20,1.7700,1.7700,1.7100,1.7300,4281400
UEMS,2012-09-21,1.7400,1.7600,1.7300,1.7400,4436800
UEMS,2012-09-24,1.7500,1.7600,1.6600,1.6800,11194600
UEMS,2012-09-25,1.6900,1.7100,1.6800,1.6800,2794800
UEMS,2012-09-26,1.6700,1.6900,1.6500,1.6800,5746300
UEMS,2012-09-27,1.6800,1.7000,1.6700,1.6800,5355500
UEMS,2012-09-28,1.6900,1.7200,1.6800,1.6800,7667800
UEMS,2012-10-01,1.6800,1.7300,1.6700,1.7200,3881700
UEMS,2012-10-02,1.7200,1.7800,1.7200,1.7800,10096400
UEMS,2012-10-03,1.7800,1.8000,1.7500,1.7700,3768200
UEMS,2012-10-04,1.7800,1.8200,1.7600,1.8000,6772600
UEMS,2012-10-05,1.8000,1.8100,1.7600,1.7900,6889700
UEMS,2012-10-08,1.7900,1.8500,1.7800,1.8300,9547800
UEMS,2012-10-09,1.8300,1.8800,1.8200,1.8400,11277800
UEMS,2012-10-10,1.8200,1.8400,1.7700,1.7700,8564500
UEMS,2012-10-11,1.7600,1.8200,1.7600,1.8200,3458900
UEMS,2012-10-12,1.8300,1.8400,1.8100,1.8200,3614800
UEMS,2012-10-15,1.8200,1.8600,1.8000,1.8600,4046700
UEMS,2012-10-16,1.8600,1.8900,1.8500,1.8500,8531300
UEMS,2012-10-17,1.8700,1.8700,1.8100,1.8400,7653100
UEMS,2012-10-18,1.8500,1.8500,1.8300,1.8400,4491600
UEMS,2012-10-19,1.8300,1.8500,1.8200,1.8300,2811600
UEMS,2012-10-22,1.8200,1.8700,1.8100,1.8700,5566800
UEMS,2012-10-23,1.8800,1.9300,1.8700,1.9300,10223900
UEMS,2012-10-24,1.9200,2.1800,1.9100,2.1500,39023700
UEMS,2012-10-25,2.1300,2.1500,2.0800,2.1300,13769800
UEMS,2012-10-29,2.1300,2.1400,2.1000,2.1300,5294900
UEMS,2012-10-30,2.1200,2.1200,2.1000,2.1200,3166500
UEMS,2012-10-31,2.1100,2.1500,2.1000,2.1200,5937000
UEMS,2012-11-01,2.1200,2.1300,2.1000,2.1100,2817300
UEMS,2012-11-02,2.1100,2.1200,2.0500,2.1200,6280500
UEMS,2012-11-05,2.1000,2.1300,2.1000,2.1100,1509800
UEMS,2012-11-06,2.1100,2.1500,2.1000,2.1200,3944300
UEMS,2012-11-07,2.1000,2.1300,2.1000,2.1300,1460500
UEMS,2012-11-08,2.1000,2.1300,2.0900,2.1200,3441500
UEMS,2012-11-09,2.1200,2.1300,2.1000,2.1300,1841600
UEMS,2012-11-12,2.1200,2.1300,2.1100,2.1300,1814100
UEMS,2012-11-14,2.1300,2.2100,2.1200,2.1700,8150000
UEMS,2012-11-16,2.1700,2.2700,2.1600,2.2500,14829200
UEMS,2012-11-19,2.2500,2.3000,2.2200,2.2200,10629100
UEMS,2012-11-20,2.2400,2.2500,2.1800,2.1900,7370700
UEMS,2012-11-21,2.1800,2.1900,2.1500,2.1800,3144600
UEMS,2012-11-22,2.1500,2.1800,2.1300,2.1600,5282600
UEMS,2012-11-23,2.1600,2.1900,2.1300,2.1600,5739100
UEMS,2012-11-26,2.1600,2.1700,2.1200,2.1500,4846900
UEMS,2012-11-27,2.1500,2.1500,2.1200,2.1500,4353800
UEMS,2012-11-28,2.1400,2.1700,2.1100,2.1200,5739800
UEMS,2012-11-29,2.1400,2.1500,2.0700,2.0900,3895000
UEMS,2012-11-30,2.1000,2.1200,2.0700,2.1100,4018700
UEMS,2012-12-03,2.1200,2.1500,2.1100,2.1300,4237300
UEMS,2012-12-04,2.1400,2.1500,2.0700,2.0800,5453200
UEMS,2012-12-05,2.1000,2.1400,2.0900,2.1300,5074800
UEMS,2012-12-06,2.1300,2.1600,2.1200,2.1500,6227000
UEMS,2012-12-07,2.1500,2.1800,2.1300,2.1500,5314700
UEMS,2012-12-10,2.1400,2.1600,2.1200,2.1400,1723300
UEMS,2012-12-11,2.1500,2.1500,2.1200,2.1300,1855200
UEMS,2012-12-12,2.1500,2.1600,2.1300,2.1300,5849100
UEMS,2012-12-13,2.1400,2.1500,2.1200,2.1300,4492500
UEMS,2012-12-14,2.1400,2.1400,2.1100,2.1200,3597100
UEMS,2012-12-17,2.1300,2.1300,2.1100,2.1200,2570800
UEMS,2012-12-18,2.1300,2.1500,2.1100,2.1400,6407200
UEMS,2012-12-19,2.1400,2.1400,2.1200,2.1200,4828200
UEMS,2012-12-20,2.1200,2.1300,2.1100,2.1300,4886600
UEMS,2012-12-21,2.1200,2.1300,2.1000,2.1200,3906000
UEMS,2012-12-24,2.1200,2.1300,2.1100,2.1200,2919900
UEMS,2012-12-26,2.1200,2.1200,2.0900,2.1000,1146800
UEMS,2012-12-27,2.1000,2.1400,2.1000,2.1100,5970800
UEMS,2012-12-28,2.1300,2.1300,2.1000,2.1100,4861900
UEMS,2012-12-31,2.1100,2.1100,2.0900,2.1000,2362800
UEMS,2013-01-02,2.1000,2.1600,2.1000,2.1500,3836100
UEMS,2013-01-03,2.1500,2.2200,2.1400,2.2000,8864100
UEMS,2013-01-04,2.2000,2.2100,2.1500,2.1900,6320400
UEMS,2013-01-07,2.1900,2.2300,2.1800,2.1900,5064700
UEMS,2013-01-08,2.1900,2.1900,2.0900,2.1400,12398000
UEMS,2013-01-09,2.1500,2.1700,2.1100,2.1200,7436200
UEMS,2013-01-10,2.1300,2.1500,2.0900,2.1000,9460400
UEMS,2013-01-11,2.1100,2.1500,2.1100,2.1500,5375400
UEMS,2013-01-14,2.1500,2.1600,2.1300,2.1500,6398500
UEMS,2013-01-15,2.1500,2.2000,2.1400,2.2000,11824900
UEMS,2013-01-16,2.1900,2.2000,2.1700,2.2000,5365100
UEMS,2013-01-17,2.2000,2.3500,2.2000,2.2900,25537000
UEMS,2013-01-18,2.3000,2.3200,2.2600,2.2900,8914600
UEMS,2013-01-21,2.2800,2.2800,2.1600,2.1800,14985100
UEMS,2013-01-22,2.1600,2.2000,2.1300,2.1500,12677600
UEMS,2013-01-23,2.1500,2.1700,2.1300,2.1400,6621700
UEMS,2013-01-25,2.1600,2.2300,2.1500,2.1900,13292500
UEMS,2013-01-29,2.1900,2.2200,2.1800,2.2100,5339500
UEMS,2013-01-30,2.2000,2.2100,2.1300,2.1600,3913400
UEMS,2013-01-31,2.1500,2.2000,2.1200,2.2000,7075700
UEMS,2013-02-04,2.2000,2.2300,2.1600,2.1900,4252300
UEMS,2013-02-05,2.1900,2.2000,2.1400,2.1700,2044400
UEMS,2013-02-06,2.1800,2.1800,2.0100,2.0100,11011300
UEMS,2013-02-07,2.0000,2.0400,1.9800,2.0300,7293600
UEMS,2013-02-08,2.0200,2.0700,2.0000,2.0300,8870700
UEMS,2013-02-13,2.0300,2.1100,2.0200,2.1100,3172900
UEMS,2013-02-14,2.1000,2.2200,2.1000,2.2200,10323400
UEMS,2013-02-15,2.2000,2.2700,2.2000,2.2400,8452200
UEMS,2013-02-18,2.2600,2.3200,2.2300,2.2400,13201300
UEMS,2013-02-19,2.2500,2.2600,2.1600,2.2100,6625900
UEMS,2013-02-20,2.2200,2.2600,2.1700,2.2100,5415400
UEMS,2013-02-21,2.2200,2.2600,2.1800,2.2200,4694700
UEMS,2013-02-22,2.2400,2.2900,2.2200,2.2800,9662600
UEMS,2013-02-25,2.2900,2.3100,2.2700,2.2900,6070800
UEMS,2013-02-26,2.2800,2.2800,2.2500,2.2800,2124000
UEMS,2013-02-27,2.2700,2.3000,2.2500,2.2800,3294700
UEMS,2013-02-28,2.2800,2.3000,2.2700,2.2900,11748300
UEMS,2013-03-01,2.2900,2.4100,2.2800,2.4000,20552400
UEMS,2013-03-04,2.4000,2.5000,2.3800,2.5000,27197100
UEMS,2013-03-05,2.5000,2.6000,2.4900,2.5900,22815700
UEMS,2013-03-06,2.5700,2.5900,2.5100,2.5400,7257600
UEMS,2013-03-07,2.5500,2.5900,2.4500,2.4700,6974700
UEMS,2013-03-08,2.4900,2.5100,2.4700,2.4900,5515700
UEMS,2013-03-11,2.5100,2.5400,2.4800,2.5200,11234100
UEMS,2013-03-12,2.5400,2.5500,2.5200,2.5400,7680600
UEMS,2013-03-13,2.5400,2.5400,2.4800,2.4800,5401400
UEMS,2013-03-14,2.4800,2.5700,2.4700,2.5600,6169400
UEMS,2013-03-15,2.5600,2.5900,2.4800,2.5300,6128800
UEMS,2013-03-18,2.5100,2.5100,2.4700,2.4800,3056400
UEMS,2013-03-19,2.4900,2.5000,2.4700,2.4900,3345700
UEMS,2013-03-20,2.5000,2.6900,2.5000,2.6400,24232600
UEMS,2013-03-21,2.6500,2.7700,2.6500,2.7400,18985400
UEMS,2013-03-22,2.7200,2.7400,2.6000,2.6100,13316400
UEMS,2013-03-25,2.6300,2.6400,2.5900,2.6100,6960500
UEMS,2013-03-26,2.6200,2.6900,2.6100,2.6800,15440300
UEMS,2013-03-27,2.7100,2.7900,2.6500,2.6800,23718000
UEMS,2013-03-28,2.6800,2.7400,2.6700,2.6900,5677100
UEMS,2013-03-29,2.6900,2.7300,2.6800,2.7300,7949300
UEMS,2013-04-01,2.7300,2.7300,2.6900,2.7000,2476600
UEMS,2013-04-02,2.7100,2.7200,2.6800,2.7000,4332000
UEMS,2013-04-03,2.7100,2.7400,2.4800,2.7300,13498000
UEMS,2013-04-04,2.7000,2.8600,2.6700,2.8200,22088100
UEMS,2013-04-05,2.8300,2.8600,2.7800,2.8600,15211100
UEMS,2013-04-08,2.8400,2.9600,2.8300,2.9000,15387400
UEMS,2013-04-09,2.9000,2.9200,2.8600,2.8600,6281800
UEMS,2013-04-10,2.8800,2.8800,2.8300,2.8500,3351900
UEMS,2013-04-11,2.8500,2.8700,2.8200,2.8500,5668500
UEMS,2013-04-12,2.8500,2.8700,2.7700,2.7800,7693300
UEMS,2013-04-15,2.7700,2.8200,2.7300,2.7800,5595200
UEMS,2013-04-16,2.7700,2.8000,2.7400,2.7700,10353400
UEMS,2013-04-17,2.7900,2.8600,2.7600,2.8300,13194700
UEMS,2013-04-18,2.8200,2.8400,2.7500,2.7600,5734300
UEMS,2013-04-19,2.7600,2.7900,2.7400,2.7400,10109800
UEMS,2013-04-22,2.7400,2.7700,2.6300,2.7000,9143700
UEMS,2013-04-23,2.7100,2.7200,2.6600,2.6600,12800600
UEMS,2013-04-24,2.6600,2.7000,2.6400,2.6400,6619300
UEMS,2013-04-25,2.6400,2.7000,2.6400,2.6900,9023400
UEMS,2013-04-26,2.6600,2.7100,2.6500,2.6500,11130100
UEMS,2013-04-29,2.6600,2.6800,2.6300,2.6400,8537500
UEMS,2013-04-30,2.6500,2.6500,2.5100,2.5100,18209800
UEMS,2013-05-02,2.5200,2.6100,2.5100,2.5600,12413700
UEMS,2013-05-03,2.5800,2.6500,2.5600,2.6400,24789600
UEMS,2013-05-06,2.9000,3.1000,2.8500,2.9800,60060800
UEMS,2013-05-07,3.0300,3.3300,2.9800,3.2800,41197400
UEMS,2013-05-08,3.2400,3.2400,3.1200,3.2000,22717800
UEMS,2013-05-09,3.1900,3.2100,3.1500,3.1700,11955500
UEMS,2013-05-10,3.1600,3.1900,3.1100,3.1600,13761200
UEMS,2013-05-13,3.1800,3.2200,3.1700,3.1900,11688200
UEMS,2013-05-14,3.2000,3.2100,3.1600,3.1900,6041600
UEMS,2013-05-15,3.1900,3.2200,3.1500,3.1500,15950600
UEMS,2013-05-16,3.1800,3.1900,3.1300,3.1300,4886300
UEMS,2013-05-17,3.1300,3.1800,3.1300,3.1700,5839800
UEMS,2013-05-20,3.1800,3.5200,3.1700,3.5100,30167900
UEMS,2013-05-21,3.5000,3.5200,3.4200,3.4600,10463200
UEMS,2013-05-22,3.4600,3.4900,3.3300,3.3700,7863400
UEMS,2013-05-23,3.3400,3.3900,3.2000,3.2600,15874300
UEMS,2013-05-27,3.2800,3.4100,3.2600,3.3400,9395100
UEMS,2013-05-28,3.3800,3.6500,3.3500,3.6500,17969700
UEMS,2013-05-29,3.6500,3.6600,3.4800,3.5900,10155000
UEMS,2013-05-30,3.5800,3.5800,3.4800,3.5200,7647200
UEMS,2013-05-31,3.5200,3.5900,3.5000,3.5000,9781000
UEMS,2013-06-03,3.4400,3.4400,3.3500,3.4100,21323200
UEMS,2013-06-04,3.4300,3.4400,3.3500,3.4400,9712000
UEMS,2013-06-05,3.4400,3.4500,3.3700,3.3700,5423100
UEMS,2013-06-06,3.3600,3.3900,3.2400,3.2400,9533300
UEMS,2013-06-07,3.2300,3.4400,3.2200,3.4100,11463200
UEMS,2013-06-10,3.4400,3.4500,3.3100,3.3600,12761900
UEMS,2013-06-11,3.3500,3.3800,3.2400,3.2400,7793500
UEMS,2013-06-12,3.2300,3.3200,3.2000,3.2600,9539900
UEMS,2013-06-13,3.2700,3.2900,3.0800,3.1200,17610600
UEMS,2013-06-14,3.2000,3.2100,3.1400,3.1800,9893700
UEMS,2013-06-17,3.1800,3.2800,3.1500,3.2600,8632700
UEMS,2013-06-18,3.2800,3.3000,3.2500,3.2600,7982900
UEMS,2013-06-19,3.2900,3.3000,3.2300,3.2600,3887000
UEMS,2013-06-20,3.2300,3.2400,3.1000,3.1200,14224700
UEMS,2013-06-21,3.0400,3.1100,3.0200,3.0700,29180300
UEMS,2013-06-24,3.0800,3.0900,2.9000,2.9100,14123800
UEMS,2013-06-25,2.8800,2.9700,2.8100,2.9100,15793300
UEMS,2013-06-26,2.9400,3.0100,2.9200,2.9600,13702100
UEMS,2013-06-27,3.0100,3.1000,2.9900,3.0800,20055700
UEMS,2013-06-28,3.0700,3.1200,3.0600,3.1200,10227500
UEMS,2013-07-01,3.0900,3.1100,3.0400,3.0900,2702600
UEMS,2013-07-02,3.0900,3.0900,3.0100,3.0300,10197600
UEMS,2013-07-03,3.0100,3.0400,2.9400,2.9500,11642700
UEMS,2013-07-04,2.9600,3.0100,2.9600,2.9900,9058900
UEMS,2013-07-05,3.0200,3.1000,3.0200,3.0800,17234200
UEMS,2013-07-08,3.0800,3.1200,3.0300,3.0700,9281300
UEMS,2013-07-09,3.1000,3.1000,3.0400,3.0600,3637000
UEMS,2013-07-10,3.0600,3.0700,3.0100,3.0100,4009200
UEMS,2013-07-11,3.0500,3.0900,3.0300,3.0500,8740400
UEMS,2013-07-12,3.0700,3.0900,3.0600,3.0700,8174800
UEMS,2013-07-15,3.0700,3.0900,3.0400,3.0700,5673900
UEMS,2013-07-16,3.0900,3.1100,3.0600,3.0800,11469000
UEMS,2013-07-17,3.0600,3.0900,3.0200,3.0400,16254900
UEMS,2013-07-18,3.0400,3.1100,3.0400,3.1000,13278500
UEMS,2013-07-19,3.1200,3.1500,3.0600,3.0600,12086900
UEMS,2013-07-22,3.0800,3.1200,3.0600,3.1000,8392900
UEMS,2013-07-23,3.1100,3.1300,3.0500,3.0600,16452100
UEMS,2013-07-24,3.0700,3.0900,3.0400,3.0600,10592900
UEMS,2013-07-25,3.0600,3.0600,2.9600,2.9800,17659200
UEMS,2013-07-26,2.9800,2.9900,2.8800,2.8900,12862300
UEMS,2013-07-29,2.8900,2.9300,2.8800,2.9000,13831300
UEMS,2013-07-30,2.9000,2.9100,2.8500,2.8600,8215800
UEMS,2013-07-31,2.8600,2.8600,2.6700,2.6800,45417900
UEMS,2013-08-01,2.7000,2.7500,2.6700,2.7000,27908400
UEMS,2013-08-02,2.7200,2.7600,2.6900,2.7300,21117700
UEMS,2013-08-05,2.7200,2.7400,2.6700,2.7400,16653100
UEMS,2013-08-06,2.7300,2.8100,2.7200,2.7900,28098500
UEMS,2013-08-12,2.7500,2.7800,2.7300,2.7500,12378700
UEMS,2013-08-13,2.7500,2.8400,2.7500,2.8100,19902700
UEMS,2013-08-14,2.8100,2.8200,2.7400,2.7500,17863000
UEMS,2013-08-15,2.7400,2.7900,2.7400,2.7600,13066800
UEMS,2013-08-16,2.7400,2.7500,2.7100,2.7200,13550800
UEMS,2013-08-19,2.7000,2.7300,2.6600,2.6900,15206800
UEMS,2013-08-20,2.6700,2.6800,2.5300,2.5800,21497000
UEMS,2013-08-21,2.5800,2.6500,2.5800,2.6300,11232800
UEMS,2013-08-22,2.5900,2.6500,2.5000,2.6400,17608500
UEMS,2013-08-23,2.6300,2.6500,2.5500,2.5600,12700700
UEMS,2013-08-26,2.5500,2.6200,2.5500,2.5500,10494100
UEMS,2013-08-27,2.5300,2.5400,2.3800,2.4100,15437600
UEMS,2013-08-28,2.3100,2.3500,2.2200,2.3300,47456300
UEMS,2013-08-29,2.3600,2.4700,2.3600,2.4400,19217700
UEMS,2013-08-30,2.4700,2.5300,2.4400,2.5200,20556900
UEMS,2013-09-02,2.5200,2.5200,2.4600,2.4700,7859300
UEMS,2013-09-03,2.4700,2.4800,2.4100,2.4400,12434400
UEMS,2013-09-04,2.4400,2.4600,2.3800,2.4500,13074200
UEMS,2013-09-05,2.4500,2.4600,2.3800,2.4000,13025200
UEMS,2013-09-06,2.3900,2.4100,2.3200,2.3300,17973900
UEMS,2013-09-09,2.3300,2.4100,2.3200,2.3700,18712000
UEMS,2013-09-10,2.4200,2.5200,2.3900,2.5200,22141200
UEMS,2013-09-11,2.5400,2.5400,2.4500,2.4700,8299500
UEMS,2013-09-12,2.4900,2.4900,2.4400,2.4400,6166300
UEMS,2013-09-13,2.4400,2.4900,2.4000,2.4800,5051000
UEMS,2013-09-17,2.5300,2.6200,2.5200,2.5900,20235200
UEMS,2013-09-18,2.5800,2.5900,2.5500,2.5600,6031400
UEMS,2013-09-19,2.6300,2.7300,2.6300,2.7100,29246800
UEMS,2013-09-20,2.6900,2.7200,2.6400,2.7200,6649200
UEMS,2013-09-23,2.6800,2.7000,2.6500,2.6700,9565400
UEMS,2013-09-24,2.6600,2.6700,2.6300,2.6500,8157800
UEMS,2013-09-25,2.6500,2.6500,2.6000,2.6100,7778000
UEMS,2013-09-26,2.6200,2.6300,2.6000,2.6100,3717100
UEMS,2013-09-27,2.6300,2.6500,2.5700,2.5700,8249500
UEMS,2013-09-30,2.5600,2.6100,2.5400,2.5500,8824700
UEMS,2013-10-01,2.5300,2.6200,2.5300,2.6000,4786000
UEMS,2013-10-02,2.5800,2.6500,2.5600,2.5800,6168200
UEMS,2013-10-03,2.5800,2.5900,2.5400,2.5600,5448300
UEMS,2013-10-04,2.5500,2.5800,2.5400,2.5400,4865100
UEMS,2013-10-07,2.5500,2.5600,2.4800,2.4900,4151300
UEMS,2013-10-08,2.4900,2.5000,2.4400,2.4900,12771900
UEMS,2013-10-09,2.4900,2.4900,2.4200,2.4400,7980500
UEMS,2013-10-10,2.4400,2.4700,2.4200,2.4600,6008300
UEMS,2013-10-11,2.5000,2.5300,2.4800,2.5200,4630400
UEMS,2013-10-14,2.5200,2.5400,2.4800,2.5000,3251400
UEMS,2013-10-16,2.5100,2.5400,2.4800,2.5000,4720800
UEMS,2013-10-17,2.5300,2.5500,2.4900,2.5000,6647500
UEMS,2013-10-18,2.5100,2.5300,2.5000,2.5100,2843400
UEMS,2013-10-21,2.5200,2.6100,2.5100,2.5900,5215200
UEMS,2013-10-22,2.6100,2.6100,2.5600,2.5900,5597900
UEMS,2013-10-23,2.5800,2.6500,2.5700,2.6200,12416100
UEMS,2013-10-24,2.6400,2.6400,2.6000,2.6300,5659400
UEMS,2013-10-25,2.6300,2.6300,2.5800,2.6000,10369900
UEMS,2013-10-28,2.5800,2.5800,2.4600,2.5000,10948700
UEMS,2013-10-29,2.5000,2.5000,2.3800,2.4300,17790200
UEMS,2013-10-30,2.4300,2.4300,2.3600,2.3700,10934100
UEMS,2013-10-31,2.3700,2.4000,2.3300,2.3400,12225700
UEMS,2013-11-01,2.3500,2.3900,2.3500,2.3700,6106300
UEMS,2013-11-04,2.3800,2.4000,2.3400,2.3400,5072300
UEMS,2013-11-06,2.3400,2.3700,2.3200,2.3400,6229700
UEMS,2013-11-07,2.3500,2.3800,2.3300,2.3600,6141100
UEMS,2013-11-08,2.3600,2.4000,2.3500,2.4000,7547600
UEMS,2013-11-11,2.4000,2.4000,2.3300,2.3500,7776700
UEMS,2013-11-12,2.3600,2.3600,2.3400,2.3400,3315500
UEMS,2013-11-13,2.3300,2.3500,2.2600,2.2700,9954300
UEMS,2013-11-14,2.2800,2.3100,2.2600,2.2900,9054300
UEMS,2013-11-15,2.3000,2.3100,2.2800,2.3000,2920900
UEMS,2013-11-18,2.3000,2.3200,2.3000,2.3200,5334400
UEMS,2013-11-19,2.3300,2.3500,2.3000,2.3100,7370300
UEMS,2013-11-20,2.3200,2.3200,2.2100,2.2300,15388800
UEMS,2013-11-21,2.2200,2.2500,2.2100,2.2500,6354300
UEMS,2013-11-22,2.2600,2.2700,2.2500,2.2600,3942200
UEMS,2013-11-25,2.2700,2.2800,2.2500,2.2500,5485200
UEMS,2013-11-26,2.2900,2.3200,2.2700,2.3000,12123600
UEMS,2013-11-27,2.2900,2.3000,2.2300,2.3000,8056300
UEMS,2013-11-28,2.3000,2.3000,2.2800,2.3000,2707800
UEMS,2013-11-29,2.3000,2.3300,2.3000,2.3000,5373700
UEMS,2013-12-02,2.3100,2.3100,2.2900,2.3000,3800500
UEMS,2013-12-03,2.3000,2.3000,2.2500,2.3000,4312200
UEMS,2013-12-04,2.3200,2.3500,2.3100,2.3100,3046600
UEMS,2013-12-05,2.3200,2.3300,2.3000,2.3000,1868336
UEMS,2013-12-06,2.2800,2.3100,2.2800,2.3000,3447000
UEMS,2013-12-09,2.3000,2.3200,2.3000,2.3000,1333800
UEMS,2013-12-10,2.2900,2.3400,2.2800,2.3400,2552800
UEMS,2013-12-11,2.3400,2.3400,2.3000,2.3200,2086700
UEMS,2013-12-12,2.3100,2.3100,2.2800,2.3000,2794900
UEMS,2013-12-13,2.3000,2.3100,2.2800,2.3000,3477400
UEMS,2013-12-16,2.3100,2.3100,2.2900,2.3000,2204000
UEMS,2013-12-17,2.3000,2.3200,2.3000,2.3200,2184100
UEMS,2013-12-18,2.3200,2.3200,2.2900,2.3200,1991700
UEMS,2013-12-19,2.3000,2.3100,2.2800,2.3000,3975600
UEMS,2013-12-20,2.3000,2.3100,2.2700,2.3100,2292200
UEMS,2013-12-23,2.2800,2.3100,2.2600,2.2600,4125300
UEMS,2013-12-24,2.2700,2.3200,2.2700,2.3000,3220300
UEMS,2013-12-26,2.3200,2.3200,2.2900,2.3000,2342400
UEMS,2013-12-27,2.2900,2.3500,2.2900,2.3300,7004300
UEMS,2013-12-30,2.3400,2.3400,2.3100,2.3400,3351600
UEMS,2013-12-31,2.3200,2.3900,2.3200,2.3600,4648900
UEMS,2014-01-02,2.3600,2.3700,2.3200,2.3400,2847300
UEMS,2014-01-03,2.3300,2.3500,2.3200,2.3200,2788000
UEMS,2014-01-06,2.3200,2.3400,2.3000,2.3200,4735000
UEMS,2014-01-07,2.3200,2.3400,2.3000,2.3000,4034000
UEMS,2014-01-08,2.3000,2.4000,2.3000,2.3700,10479500
UEMS,2014-01-09,2.3700,2.3800,2.3200,2.3500,4627200
UEMS,2014-01-10,2.3400,2.3500,2.3200,2.3400,1581600
UEMS,2014-01-13,2.3400,2.3400,2.2900,2.2900,3585000
UEMS,2014-01-15,2.2900,2.3300,2.2300,2.2400,6815400
UEMS,2014-01-16,2.2400,2.2600,2.1700,2.2000,11444400
UEMS,2014-01-20,2.1500,2.1600,2.0700,2.1300,12059300
UEMS,2014-01-21,2.1300,2.1700,2.1100,2.1200,8581300
UEMS,2014-01-22,2.1300,2.1700,2.0700,2.1000,7939900
UEMS,2014-01-23,2.0800,2.1400,2.0700,2.1200,8207400
UEMS,2014-01-24,2.1300,2.1300,2.0800,2.1000,4033500
UEMS,2014-01-27,2.0500,2.0600,2.0200,2.0300,5720600
UEMS,2014-01-28,2.0300,2.0500,2.0200,2.0200,3788100
UEMS,2014-01-29,2.0200,2.0900,2.0200,2.0600,2933200
UEMS,2014-01-30,2.0400,2.0700,2.0200,2.0700,4761100
UEMS,2014-02-04,2.0300,2.0900,2.0200,2.0500,4960700
UEMS,2014-02-05,2.0600,2.0700,2.0300,2.0400,3878600
UEMS,2014-02-06,2.0300,2.0500,2.0200,2.0400,5295200
UEMS,2014-02-07,2.0600,2.1300,2.0600,2.1000,7974500
UEMS,2014-02-10,2.1400,2.1800,2.1200,2.1600,7609900
UEMS,2014-02-11,2.1600,2.2000,2.1600,2.1800,3392600
UEMS,2014-02-12,2.1900,2.1900,2.1600,2.1800,3140100
UEMS,2014-02-13,2.1600,2.1800,2.1100,2.1600,3608000
UEMS,2014-02-14,2.1400,2.1500,2.0900,2.1300,3627600
UEMS,2014-02-17,2.1200,2.1700,2.1200,2.1400,2354500
UEMS,2014-02-18,2.1500,2.1500,2.1300,2.1400,3050300
UEMS,2014-02-19,2.1400,2.1400,2.1200,2.1200,1859500
UEMS,2014-02-20,2.1100,2.1100,2.0800,2.0900,2944700
UEMS,2014-02-21,2.0900,2.1000,2.0800,2.0900,1931000
UEMS,2014-02-24,2.1000,2.1000,2.0700,2.0800,1965500
UEMS,2014-02-25,2.1000,2.1200,2.0700,2.1000,6608500
UEMS,2014-02-26,2.0900,2.1100,2.0700,2.1000,2827600
UEMS,2014-02-27,2.1000,2.1300,2.0900,2.1200,3077600
UEMS,2014-02-28,2.1200,2.2000,2.1100,2.2000,5258600
UEMS,2014-03-03,2.1900,2.1900,2.1400,2.1400,2666200
UEMS,2014-03-04,2.1600,2.1600,2.1300,2.1600,1943900
UEMS,2014-03-05,2.1600,2.1800,2.1500,2.1800,4093600
UEMS,2014-03-06,2.1700,2.2600,2.1700,2.2300,6932400
UEMS,2014-03-07,2.2400,2.2400,2.1900,2.2000,1341700
UEMS,2014-03-10,2.2000,2.2200,2.1700,2.1800,1748500
UEMS,2014-03-11,2.1900,2.1900,2.1700,2.1800,2998900
UEMS,2014-03-12,2.1600,2.1800,2.1500,2.1500,3176900
UEMS,2014-03-13,2.1500,2.1700,2.1500,2.1500,1410000
UEMS,2014-03-14,2.1700,2.2000,2.1300,2.1700,1747900
UEMS,2014-03-17,2.1500,2.1900,2.1500,2.1900,1350600
UEMS,2014-03-18,2.1800,2.1900,2.1700,2.1900,1401600
UEMS,2014-03-19,2.2000,2.2000,2.1600,2.1600,4766800
UEMS,2014-03-20,2.1400,2.1600,2.1400,2.1400,5882200
UEMS,2014-03-21,2.1700,2.2100,2.1600,2.2100,5075200
UEMS,2014-03-24,2.1700,2.2000,2.1600,2.1900,3608300
UEMS,2014-03-25,2.1900,2.2000,2.1400,2.1800,5456700
UEMS,2014-03-26,2.1900,2.1900,2.1400,2.1800,3196900
UEMS,2014-03-27,2.1800,2.1900,2.1500,2.1900,2641500
UEMS,2014-03-28,2.1700,2.1900,2.1700,2.1900,1711100
UEMS,2014-03-31,2.1700,2.2000,2.1700,2.2000,2662800
UEMS,2014-04-01,2.1800,2.2200,2.1700,2.1900,5089800
UEMS,2014-04-02,2.2000,2.2200,2.1900,2.2100,7221600
UEMS,2014-04-03,2.2100,2.2300,2.2000,2.2200,2722600
UEMS,2014-04-04,2.2100,2.2600,2.2100,2.2500,4735800
UEMS,2014-04-07,2.2500,2.2600,2.2000,2.2400,2483600
UEMS,2014-04-08,2.2500,2.2500,2.2300,2.2400,2729500
UEMS,2014-04-09,2.2400,2.2700,2.2200,2.2700,4940900
UEMS,2014-04-10,2.2700,2.3000,2.2600,2.2800,2138600
UEMS,2014-04-11,2.2700,2.3000,2.2500,2.3000,3351800
UEMS,2014-04-14,2.2900,2.3100,2.2800,2.3100,2059500
UEMS,2014-04-15,2.3000,2.3700,2.2900,2.3600,10894300
UEMS,2014-04-16,2.3600,2.3900,2.3400,2.3600,5502400
UEMS,2014-04-17,2.3700,2.3800,2.3600,2.3800,2322900
UEMS,2014-04-18,2.3800,2.3900,2.3700,2.3800,1130600
UEMS,2014-04-21,2.3900,2.4200,2.3700,2.4100,4223100
UEMS,2014-04-22,2.4100,2.4200,2.3800,2.4000,3233400
UEMS,2014-04-23,2.4000,2.4000,2.3600,2.3800,3401400
UEMS,2014-04-24,2.3900,2.3900,2.3500,2.3700,1989300
UEMS,2014-04-25,2.3600,2.3700,2.3500,2.3600,1919600
UEMS,2014-04-28,2.3600,2.3800,2.3500,2.3500,687800
UEMS,2014-04-29,2.3400,2.3400,2.2900,2.3100,2864600
UEMS,2014-04-30,2.3000,2.3200,2.3000,2.3000,2230000
UEMS,2014-05-02,2.3000,2.3200,2.2800,2.2800,460200
UEMS,2014-05-05,2.2900,2.2900,2.2400,2.2400,821800
UEMS,2014-05-06,2.2400,2.2800,2.2400,2.2700,1569300
UEMS,2014-05-07,2.2600,2.2700,2.2600,2.2700,1355200
UEMS,2014-05-08,2.2700,2.2700,2.2500,2.2600,1033800
UEMS,2014-05-09,2.2700,2.2700,2.2400,2.2500,1522400
UEMS,2014-05-12,2.2500,2.2700,2.2500,2.2600,696700
UEMS,2014-05-14,2.3000,2.3100,2.2700,2.2900,4974900
UEMS,2014-05-15,2.2800,2.3000,2.2700,2.2700,3395400
UEMS,2014-05-16,2.2800,2.2800,2.2500,2.2600,2416300
UEMS,2014-05-19,2.2600,2.2700,2.2500,2.2600,1992800
UEMS,2014-05-20,2.2600,2.2800,2.2500,2.2600,868500
UEMS,2014-05-21,2.2400,2.2600,2.2400,2.2600,1026000
UEMS,2014-05-22,2.2500,2.2700,2.2300,2.2500,1330900
UEMS,2014-05-23,2.2300,2.2500,2.2200,2.2400,1531500
UEMS,2014-05-26,2.2400,2.2600,2.2200,2.2300,1347600
UEMS,2014-05-27,2.2200,2.2200,2.1600,2.1900,7421900
UEMS,2014-05-28,2.1800,2.1800,2.0800,2.1200,6196500
UEMS,2014-05-29,2.1200,2.1300,2.0900,2.1100,2427500
UEMS,2014-06-17,2.1000,2.1100,2.0800,2.0900,4422500
UEMS,2014-06-18,2.0900,2.1200,2.0900,2.1200,2261100
UEMS,2014-06-19,2.1200,2.1200,2.1000,2.1100,1953400
UEMS,2014-06-20,2.0900,2.1100,2.0800,2.1100,4453100
UEMS,2014-06-23,2.1100,2.1100,2.0800,2.0900,1450400
UEMS,2014-06-24,2.1000,2.1000,2.0600,2.0600,1643800
UEMS,2014-06-25,2.0600,2.0800,2.0500,2.0700,4183700
UEMS,2014-06-26,2.0700,2.0700,2.0600,2.0700,1373600
UEMS,2014-06-27,2.0700,2.0700,2.0300,2.0300,3387400
UEMS,2014-06-30,2.0400,2.0500,2.0300,2.0300,4127800
UEMS,2014-07-01,2.0300,2.0400,2.0200,2.0300,2047600
UEMS,2014-07-02,2.0400,2.0700,2.0300,2.0700,4186100
UEMS,2014-07-03,2.0800,2.0800,2.0400,2.0400,4802000
UEMS,2014-07-04,2.0400,2.0700,2.0400,2.0400,2378900
UEMS,2014-07-08,2.0700,2.0700,2.0500,2.0600,1730800
UEMS,2014-07-09,2.0500,2.0600,2.0300,2.0300,2414200
UEMS,2014-07-10,2.0400,2.0600,2.0300,2.0600,2895100
UEMS,2014-07-14,2.0600,2.1200,2.0600,2.0900,3150200
UEMS,2014-07-16,2.1200,2.1600,2.1000,2.1400,4832600
UEMS,2014-07-18,2.1000,2.1000,2.0800,2.1000,1093200
UEMS,2014-07-21,2.1000,2.1100,2.0700,2.0800,1213600
UEMS,2014-07-22,2.0900,2.0900,2.0500,2.0500,2764800
UEMS,2014-07-23,2.0500,2.0800,2.0500,2.0600,1983200
UEMS,2014-07-24,2.0800,2.0800,2.0500,2.0700,2773400
UEMS,2014-07-25,2.0700,2.0700,2.0500,2.0700,2528400
UEMS,2014-07-31,2.1000,2.1100,2.0700,2.1100,2126300
UEMS,2014-08-01,2.0700,2.0900,2.0700,2.0900,916400
UEMS,2014-08-04,2.0900,2.1000,2.0700,2.1000,2186000
UEMS,2014-08-05,2.0900,2.1000,2.0800,2.0800,1390400
UEMS,2014-08-07,2.0800,2.0900,2.0600,2.0600,2143000
UEMS,2014-08-08,2.0600,2.0700,2.0300,2.0500,3603400
UEMS,2014-08-11,2.0700,2.0700,2.0500,2.0600,2277300
UEMS,2014-08-12,2.0600,2.0600,2.0300,2.0400,1264700
UEMS,2014-08-13,2.0400,2.0500,2.0200,2.0300,3440700
UEMS,2014-08-15,2.0300,2.0400,2.0200,2.0300,4281700
UEMS,2014-08-20,1.9900,1.9900,1.9700,1.9900,3237100
UEMS,2014-08-22,1.9700,1.9800,1.9600,1.9700,2292900
UEMS,2014-08-27,1.9300,1.9400,1.9000,1.9100,4427900
UEMS,2014-08-29,1.9500,1.9600,1.9100,1.9200,4291400
UEMS,2014-09-08,1.9100,1.9600,1.9100,1.9600,1615500
UEMS,2014-09-12,1.9100,1.9200,1.9100,1.9100,537400
UEMS,2014-09-15,1.9100,1.9200,1.9000,1.9100,2288900
UEMS,2014-09-17,1.9200,1.9200,1.8600,1.8600,5114200
UEMS,2014-09-19,1.8400,1.8700,1.8400,1.8700,2673300
UEMS,2014-09-25,1.8100,1.8500,1.8100,1.8500,1422900
UEMS,2014-10-16,1.7000,1.7000,1.6500,1.6500,6191500
UEMS,2014-10-17,1.6600,1.7200,1.6500,1.6900,7915100
UEMS,2014-10-20,1.7100,1.7500,1.7000,1.7500,2127900
UEMS,2014-10-21,1.7400,1.7700,1.7300,1.7500,1856700
UEMS,2014-10-24,1.8000,1.8500,1.7900,1.8400,1609700
UEMS,2014-10-27,1.8400,1.8700,1.8200,1.8700,1285600
UEMS,2014-10-28,1.8600,1.8700,1.8100,1.8100,1599400
UEMS,2014-10-29,1.8300,1.8600,1.8000,1.8000,2594800
UEMS,2014-10-30,1.8400,1.8600,1.8100,1.8400,2392800
UEMS,2014-10-31,1.8600,1.8800,1.8100,1.8800,2331600
UEMS,2014-11-04,1.8700,1.8700,1.8400,1.8700,365900
UEMS,2014-11-05,1.8700,1.8700,1.8200,1.8600,661000
UEMS,2014-11-06,1.8600,1.8600,1.8400,1.8600,592200
UEMS,2014-11-07,1.8600,1.8700,1.8500,1.8700,246100
UEMS,2014-11-10,1.8600,1.8600,1.8400,1.8500,168000
UEMS,2014-11-11,1.8500,1.8500,1.8200,1.8400,311200
UEMS,2014-11-12,1.8200,1.8800,1.8100,1.8800,1205200
UEMS,2014-11-13,1.8600,1.8700,1.8200,1.8300,460100
UEMS,2014-11-14,1.8300,1.8500,1.8000,1.8000,1694900
UEMS,2014-11-17,1.8000,1.8400,1.7900,1.7900,2075700
UEMS,2014-11-18,1.8100,1.8600,1.7900,1.7900,1058800
UEMS,2014-11-19,1.8000,1.8400,1.7900,1.8000,1051900
UEMS,2014-11-20,1.8300,1.8300,1.7500,1.7600,2925100
UEMS,2014-11-21,1.7600,1.7800,1.7300,1.7300,1987300
UEMS,2014-11-25,1.8500,1.8500,1.7800,1.8500,1898000
UEMS,2014-11-26,1.8500,1.8500,1.7900,1.8000,317700
UEMS,2014-11-27,1.7700,1.8000,1.7400,1.7900,2232800
UEMS,2014-11-28,1.8000,1.8300,1.7600,1.8000,824300
UEMS,2014-12-01,1.7300,1.7900,1.6900,1.6900,2039700
UEMS,2014-12-02,1.6900,1.7500,1.6900,1.7100,3685800
UEMS,2014-12-03,1.7100,1.7400,1.7000,1.7300,3452100
UEMS,2014-12-04,1.7300,1.7400,1.7100,1.7200,2925700
UEMS,2014-12-05,1.7000,1.7200,1.7000,1.7100,3874500
UEMS,2014-12-09,1.7000,1.7000,1.6200,1.6400,1065200
UEMS,2014-12-10,1.6200,1.6300,1.5900,1.5900,2068500
UEMS,2014-12-15,1.4500,1.4500,1.3800,1.3800,3237600
UEMS,2014-12-16,1.4000,1.4300,1.3500,1.3700,4326300
UEMS,2014-12-18,1.5100,1.5100,1.4700,1.4800,2221100
UEMS,2014-12-19,1.5200,1.5200,1.4700,1.4800,2480300
UEMS,2014-12-22,1.4700,1.6000,1.4700,1.5300,2973100
UEMS,2014-12-23,1.5400,1.5700,1.5300,1.5500,3403500
UEMS,2014-12-26,1.5000,1.5400,1.5000,1.5100,960700
UEMS,2015-01-05,1.4200,1.4200,1.3800,1.3900,2161100
UEMS,2015-01-07,1.3100,1.3200,1.2400,1.2400,9138400
UEMS,2015-01-08,1.2600,1.2800,1.2300,1.2400,6700700
UEMS,2015-01-09,1.2600,1.2700,1.2500,1.2500,4674800
UEMS,2015-01-13,1.2600,1.3000,1.2400,1.2600,8300000
UEMS,2015-01-14,1.2700,1.3200,1.2700,1.2900,6436100
UEMS,2015-01-19,1.3300,1.3400,1.3100,1.3200,1896800
UEMS,2015-01-20,1.3200,1.3300,1.2900,1.2900,2397900
UEMS,2015-01-21,1.2900,1.3800,1.2900,1.3600,8972600
UEMS,2015-01-22,1.3700,1.4000,1.3400,1.4000,4970000
UEMS,2015-01-23,1.4100,1.4200,1.3300,1.3300,8169300
UEMS,2015-01-26,1.3300,1.3400,1.2900,1.3100,3421100
UEMS,2015-01-27,1.2900,1.3300,1.2900,1.3000,3423000
UEMS,2015-01-28,1.2900,1.3000,1.2600,1.2700,7094700
UEMS,2015-01-29,1.2700,1.3000,1.2600,1.2700,3215800
UEMS,2015-01-30,1.2800,1.2900,1.2600,1.2700,3391800
UEMS,2015-02-04,1.2900,1.3300,1.2900,1.2900,2855300
UEMS,2015-02-05,1.2900,1.3000,1.2700,1.3000,3009400
UEMS,2015-02-06,1.3100,1.3500,1.2900,1.3300,2969600
UEMS,2015-02-09,1.3400,1.3500,1.3200,1.3300,2044500
UEMS,2015-02-10,1.3200,1.3400,1.3100,1.3100,2165900
UEMS,2015-02-11,1.3300,1.3500,1.3100,1.3500,3419100
UEMS,2015-02-12,1.3400,1.3400,1.3100,1.3100,2410900
UEMS,2015-02-13,1.3300,1.3900,1.3200,1.3900,3109500
UEMS,2015-02-16,1.3900,1.4100,1.3600,1.3900,1700200
UEMS,2015-02-17,1.3900,1.3900,1.3700,1.3900,554800
UEMS,2015-02-18,1.3900,1.3900,1.3600,1.3600,479800
UEMS,2015-02-23,1.3700,1.4000,1.3600,1.3700,973900
UEMS,2015-02-24,1.3900,1.3900,1.3400,1.3800,2336600
UEMS,2015-02-26,1.3600,1.3800,1.3400,1.3800,3325400
UEMS,2015-02-27,1.4000,1.4400,1.3800,1.4200,9234700
UEMS,2015-03-02,1.4200,1.4300,1.3400,1.3400,5015200
UEMS,2015-03-03,1.3500,1.3800,1.3500,1.3800,2681900
UEMS,2015-03-04,1.3800,1.3900,1.3600,1.3900,1829100
UEMS,2015-03-05,1.3900,1.3900,1.3500,1.3900,3669800
UEMS,2015-03-06,1.3700,1.3800,1.3500,1.3500,2114000
UEMS,2015-03-09,1.3500,1.3500,1.3100,1.3100,2853100
UEMS,2015-03-10,1.3300,1.3400,1.3000,1.3000,1645300
UEMS,2015-03-11,1.2900,1.3100,1.2800,1.2900,4168400
UEMS,2015-03-12,1.2900,1.3500,1.2900,1.3300,4225000
UEMS,2015-03-13,1.3300,1.3300,1.3100,1.3300,2554200
UEMS,2015-03-16,1.3300,1.3300,1.2800,1.2800,2533500
UEMS,2015-03-17,1.2800,1.3300,1.2800,1.3200,1704300
UEMS,2015-03-18,1.3200,1.3400,1.3100,1.3300,844900
UEMS,2015-03-19,1.3300,1.3500,1.3200,1.3300,3927500
UEMS,2015-03-20,1.3300,1.3500,1.3200,1.3300,1827000
UEMS,2015-03-23,1.3300,1.3300,1.2900,1.3200,2370000
UEMS,2015-03-24,1.3100,1.3500,1.3000,1.3500,1627000
UEMS,2015-03-25,1.3400,1.3500,1.2800,1.3100,6222900
UEMS,2015-03-26,1.3100,1.3500,1.3000,1.3400,3620900
UEMS,2015-03-27,1.3500,1.3600,1.3300,1.3600,2221800
UEMS,2015-03-30,1.3600,1.3800,1.3500,1.3600,2365900
UEMS,2015-03-31,1.3700,1.3800,1.3600,1.3800,2750300
UEMS,2015-04-01,1.3700,1.4000,1.3500,1.4000,1057700
UEMS,2015-04-02,1.3800,1.3900,1.3600,1.3800,1372500
UEMS,2015-04-03,1.3600,1.3800,1.3600,1.3800,112800
UEMS,2015-04-06,1.3700,1.3700,1.3400,1.3500,529800
UEMS,2015-04-07,1.3400,1.3700,1.3300,1.3600,893500
UEMS,2015-04-08,1.3400,1.3700,1.3400,1.3500,666500
UEMS,2015-04-09,1.3800,1.3900,1.3600,1.3900,1526000
UEMS,2015-04-10,1.3900,1.4000,1.3800,1.4000,1134400
UEMS,2015-04-13,1.4000,1.4000,1.3700,1.3900,625600
UEMS,2015-04-14,1.3800,1.3900,1.3600,1.3600,505500
UEMS,2015-04-15,1.3700,1.3800,1.3600,1.3800,1258000
UEMS,2015-04-16,1.3900,1.4100,1.3600,1.4100,1771600
UEMS,2015-04-17,1.4000,1.4000,1.3700,1.3700,1699500
UEMS,2015-04-20,1.3800,1.3900,1.3500,1.3500,1802900
UEMS,2015-04-21,1.3500,1.3700,1.3400,1.3500,2479100
UEMS,2015-04-22,1.3400,1.3700,1.3300,1.3300,981800
UEMS,2015-04-23,1.3400,1.3500,1.3300,1.3300,722500
UEMS,2015-04-24,1.3400,1.3500,1.3000,1.3300,2783100
UEMS,2015-04-27,1.3400,1.3500,1.3200,1.3300,862000
UEMS,2015-04-28,1.3300,1.3300,1.3100,1.3300,871400
UEMS,2015-04-29,1.3200,1.3300,1.3100,1.3100,1352700
UEMS,2015-04-30,1.3100,1.3300,1.2900,1.2900,3122900
UEMS,2015-05-05,1.3000,1.3300,1.2900,1.3300,1802100
UEMS,2015-05-06,1.3300,1.3300,1.3100,1.3200,491200
UEMS,2015-05-07,1.3200,1.3200,1.3000,1.3000,473900
UEMS,2015-05-08,1.3000,1.3200,1.2900,1.3000,2665700
UEMS,2015-05-11,1.3000,1.3200,1.3000,1.3100,1071700
UEMS,2015-05-12,1.3100,1.3300,1.2900,1.3200,1325800
UEMS,2015-05-13,1.2900,1.2900,1.2300,1.2700,28750500
UEMS,2015-05-14,1.2600,1.2600,1.1900,1.1900,27942100
UEMS,2015-05-15,1.2000,1.2400,1.1900,1.2300,8151100
UEMS,2015-05-18,1.2300,1.2300,1.2000,1.2100,3885300
UEMS,2015-05-19,1.2200,1.2200,1.2000,1.2000,3031700
UEMS,2015-05-20,1.2100,1.2200,1.1900,1.2000,5838900
UEMS,2015-05-21,1.2000,1.2100,1.1600,1.1600,8488500
UEMS,2015-05-22,1.1700,1.1700,1.1500,1.1500,5166800
UEMS,2015-05-25,1.1600,1.1700,1.1300,1.1500,3027400
UEMS,2015-05-26,1.1500,1.1600,1.1100,1.1100,10161500
UEMS,2015-05-27,1.0800,1.0800,1.0300,1.0300,13204900
UEMS,2015-05-28,1.0300,1.0700,1.0200,1.0400,11835900
UEMS,2015-05-29,1.0500,1.0500,0.9950,1.0300,108478800
UEMS,2015-06-02,1.0200,1.0600,1.0000,1.0400,20205800
UEMS,2015-06-03,1.0500,1.0600,1.0300,1.0300,14727300
UEMS,2015-06-04,1.0300,1.0400,1.0100,1.0400,16497600
UEMS,2015-06-05,1.0400,1.0500,1.0200,1.0300,9310100
UEMS,2015-06-08,1.0300,1.0500,1.0300,1.0300,7437100
UEMS,2015-06-09,1.0400,1.0500,1.0300,1.0400,9902500
UEMS,2015-06-10,1.0400,1.0500,1.0300,1.0400,6836300
UEMS,2015-06-11,1.0400,1.0500,1.0300,1.0400,13397300
UEMS,2015-06-16,1.0300,1.0300,1.0200,1.0300,6844400
UEMS,2015-06-17,1.0300,1.0400,1.0200,1.0200,6669000
UEMS,2015-06-24,1.0200,1.0200,1.0100,1.0100,2049200
UEMS,2015-06-29,1.0100,1.0100,0.9950,1.0000,4896300
UEMS,2015-06-30,0.9950,1.0100,0.9750,0.9750,9301900
UEMS,2015-07-01,0.9800,1.0000,0.9800,0.9900,3211200
UEMS,2015-07-02,1.0000,1.0300,0.9950,1.0000,5361900
UEMS,2015-07-03,1.0100,1.0200,0.9950,1.0000,1756000
UEMS,2015-07-08,0.9850,0.9900,0.9500,0.9500,5626600
UEMS,2015-07-09,0.9400,0.9800,0.9350,0.9750,2481500
UEMS,2015-07-14,0.9900,1.0300,0.9900,1.0100,2667400
UEMS,2015-07-27,1.0200,1.0300,1.0000,1.0200,982700
UEMS,2015-07-31,0.9800,0.9850,0.9750,0.9750,984300
UEMS,2015-08-04,0.9650,0.9700,0.9550,0.9600,2046700
UEMS,2015-08-05,0.9600,0.9650,0.9500,0.9600,1978900
UEMS,2015-08-07,0.9650,0.9750,0.9500,0.9650,2030900
UEMS,2015-08-10,0.9750,0.9750,0.9500,0.9550,1751100
UEMS,2015-08-14,0.9450,0.9500,0.9150,0.9250,1276700
UEMS,2015-08-25,0.7550,0.7850,0.7550,0.7700,2498500
UEMS,2015-08-26,0.7700,0.7900,0.7600,0.7700,1505200
UEMS,2015-08-27,0.7750,0.8300,0.7750,0.8200,3123800
UEMS,2015-08-28,0.8200,0.8850,0.8200,0.8450,4654400
UEMS,2015-09-01,0.8400,0.8700,0.8400,0.8500,2863400
UEMS,2015-09-02,0.8400,0.8500,0.8350,0.8400,2725800
UEMS,2015-09-03,0.8450,0.8750,0.8450,0.8700,2913700
UEMS,2015-09-04,0.8650,0.9150,0.8550,0.8650,8534300
UEMS,2015-09-07,0.8650,0.8950,0.8500,0.8700,2925100
UEMS,2015-09-08,0.8600,0.8750,0.8550,0.8600,4294900
UEMS,2015-09-09,0.8650,0.8950,0.8600,0.8850,10936300
UEMS,2015-09-10,0.8700,0.9450,0.8500,0.9200,55546200
UEMS,2015-09-11,0.9350,1.0600,0.9300,1.0600,140004200
UEMS,2015-09-14,1.0700,1.1000,1.0000,1.0700,68185500
UEMS,2015-09-15,1.0800,1.1600,1.0600,1.0800,55544500
UEMS,2015-09-18,1.0800,1.0900,1.0400,1.0600,25767800
UEMS,2015-09-21,1.0500,1.0900,1.0400,1.0400,15799600
UEMS,2015-09-22,1.0500,1.0800,1.0300,1.0700,19534700
UEMS,2015-09-23,1.0700,1.2000,1.0700,1.1500,81769600
UEMS,2015-09-25,1.1500,1.1700,1.1200,1.1600,20096600
UEMS,2015-09-29,1.2100,1.2700,1.2000,1.2500,38405200
UEMS,2015-09-30,1.2600,1.2800,1.2200,1.2300,22458400
UEMS,2015-10-05,1.2000,1.2100,1.1700,1.1900,15957600
UEMS,2015-10-06,1.2000,1.2100,1.1400,1.1400,11962200
UEMS,2015-10-07,1.1500,1.2100,1.1400,1.1800,16969300
UEMS,2015-10-08,1.1900,1.2000,1.1400,1.1600,10784400
UEMS,2015-10-09,1.1700,1.1900,1.1600,1.1600,9028500
UEMS,2015-10-12,1.1800,1.1900,1.1500,1.1800,10722300
UEMS,2015-10-13,1.1800,1.2500,1.1700,1.1900,30484800
UEMS,2015-10-15,1.2000,1.2000,1.1500,1.1600,36481200
UEMS,2015-10-16,1.1600,1.1700,1.1400,1.1700,30882100
UEMS,2015-10-19,1.1800,1.2100,1.1800,1.1900,20461400
UEMS,2015-10-20,1.1900,1.2000,1.1600,1.1700,10106700
UEMS,2015-10-23,1.3000,1.3100,1.2600,1.2700,28727500
UEMS,2015-10-26,1.2700,1.2800,1.2300,1.2400,11599700
UEMS,2015-10-27,1.2400,1.2800,1.1900,1.2100,12085600
UEMS,2015-10-29,1.2400,1.2500,1.2100,1.2200,8493100
UEMS,2015-10-30,1.2200,1.2600,1.2200,1.2500,10301400
UEMS,2015-11-02,1.2500,1.3000,1.2300,1.2900,33894400
UEMS,2015-11-03,1.3000,1.3300,1.2700,1.2800,19847700
UEMS,2015-11-05,1.3100,1.3500,1.3000,1.3100,18725800
UEMS,2015-11-06,1.3200,1.3700,1.3100,1.3500,27855000
UEMS,2015-11-09,1.3500,1.3600,1.3200,1.3300,15750900
UEMS,2015-11-11,1.3200,1.3200,1.2800,1.2800,12217100
UEMS,2015-11-12,1.2800,1.3100,1.2700,1.3000,12063200
UEMS,2015-11-13,1.2800,1.3100,1.2800,1.2900,10354000
UEMS,2015-11-16,1.2800,1.3000,1.2600,1.2700,6622100
UEMS,2015-11-17,1.2900,1.2900,1.2400,1.2500,7795500
UEMS,2015-11-18,1.2600,1.2700,1.2100,1.2100,13697700
UEMS,2015-11-19,1.2200,1.2500,1.2200,1.2400,8926700
UEMS,2015-11-20,1.2500,1.2700,1.2300,1.2400,9362000
UEMS,2015-11-23,1.2400,1.2600,1.2300,1.2400,5794300
UEMS,2015-11-24,1.2500,1.2500,1.2200,1.2300,5619800
UEMS,2015-11-25,1.2400,1.2400,1.1900,1.2200,5460800
UEMS,2015-11-26,1.2100,1.2200,1.1800,1.1800,5010500
UEMS,2015-11-27,1.1700,1.1700,1.1300,1.1400,9253300
UEMS,2015-11-30,1.1500,1.1500,1.0800,1.1300,13367000
UEMS,2015-12-01,1.1300,1.1500,1.1000,1.1300,6024200
UEMS,2015-12-02,1.1400,1.1800,1.1400,1.1400,8351600
UEMS,2015-12-03,1.1400,1.1500,1.1100,1.1200,4240900
UEMS,2015-12-04,1.1200,1.1300,1.1000,1.1100,3276400
UEMS,2015-12-07,1.1300,1.1300,1.1100,1.1300,2447200
UEMS,2015-12-08,1.1300,1.1300,1.1000,1.1000,4224000
UEMS,2015-12-09,1.1000,1.1400,1.1000,1.1300,10014600
UEMS,2015-12-10,1.1300,1.1400,1.1100,1.1100,2719600
UEMS,2015-12-11,1.1200,1.1200,1.0800,1.0800,4018600
UEMS,2015-12-14,1.0700,1.0700,1.0400,1.0400,7331600
UEMS,2015-12-15,1.0500,1.0600,1.0300,1.0300,4645700
UEMS,2015-12-16,1.0400,1.0700,1.0400,1.0600,4950700
UEMS,2015-12-17,1.0700,1.1300,1.0700,1.1200,8853300
UEMS,2015-12-18,1.1100,1.1600,1.0900,1.1200,9089600
UEMS,2015-12-21,1.1100,1.1300,1.1000,1.1200,2330300
UEMS,2015-12-22,1.1300,1.1500,1.1100,1.1100,6655900
UEMS,2015-12-23,1.1100,1.1400,1.1100,1.1200,3491900
UEMS,2015-12-28,1.1300,1.1600,1.1300,1.1400,6191100
UEMS,2015-12-29,1.1400,1.1500,1.1400,1.1500,5865300
UEMS,2015-12-30,1.1600,1.1800,1.1300,1.1400,9006900
UEMS,2015-12-31,1.1400,1.1400,1.1100,1.1200,3659000
UEMS,2016-01-04,1.1200,1.1300,1.0600,1.0600,5578000
UEMS,2016-01-05,1.0600,1.1000,1.0600,1.0800,3446200
UEMS,2016-01-06,1.0800,1.1100,1.0700,1.1000,5632900
UEMS,2016-01-07,1.0900,1.0900,1.0600,1.0600,6816900
UEMS,2016-01-08,1.0500,1.0800,1.0500,1.0700,2496700
UEMS,2016-01-11,1.0600,1.0700,1.0400,1.0400,2765900
UEMS,2016-01-12,1.0600,1.0700,1.0500,1.0600,5198400
UEMS,2016-01-13,1.0700,1.0700,1.0500,1.0600,3548100
UEMS,2016-01-14,1.0400,1.0500,1.0400,1.0400,1643000
UEMS,2016-01-15,1.0500,1.0600,1.0000,1.0000,7006200
UEMS,2016-01-18,1.0000,1.0000,0.9450,0.9650,11450800
UEMS,2016-01-19,0.9700,1.0200,0.9700,1.0200,6797400
UEMS,2016-01-20,1.0100,1.0100,0.9700,0.9750,5682700
UEMS,2016-01-21,0.9700,0.9800,0.9400,0.9500,5655700
UEMS,2016-01-22,0.9600,0.9750,0.9500,0.9700,8708700
UEMS,2016-01-26,0.9650,0.9650,0.9250,0.9250,6803600
UEMS,2016-01-27,0.9350,0.9500,0.9300,0.9400,4988700
UEMS,2016-01-28,0.9350,0.9550,0.9300,0.9400,4092000
UEMS,2016-01-29,0.9500,0.9850,0.9450,0.9850,15143600
UEMS,2016-02-02,0.9900,0.9900,0.9650,0.9650,3348700
UEMS,2016-02-03,0.9500,0.9700,0.9450,0.9550,2969500
UEMS,2016-02-04,0.9650,0.9800,0.9500,0.9550,7309100
UEMS,2016-02-05,0.9550,0.9700,0.9500,0.9650,3770100
UEMS,2016-02-10,0.9500,0.9650,0.9400,0.9600,1271200
UEMS,2016-02-11,0.9500,0.9550,0.9450,0.9500,915700
UEMS,2016-02-12,0.9450,0.9550,0.9400,0.9500,4836300
UEMS,2016-02-15,0.9550,0.9650,0.9450,0.9450,2581600
UEMS,2016-02-16,0.9500,0.9600,0.9450,0.9600,1209500
UEMS,2016-02-17,0.9600,1.0600,0.9600,1.0000,27442100
UEMS,2016-02-18,1.0300,1.0700,1.0100,1.0700,15618300
UEMS,2016-02-19,1.0600,1.1400,1.0600,1.1100,14770500
UEMS,2016-02-22,1.1100,1.1300,1.0700,1.0800,5386700
UEMS,2016-02-23,1.1000,1.1100,1.0300,1.0300,9333200
UEMS,2016-02-24,1.0300,1.0600,1.0200,1.0200,4887500
UEMS,2016-02-25,1.0400,1.0400,0.9950,1.0000,6497800
UEMS,2016-02-26,1.0000,1.0200,0.9850,1.0100,7424600
UEMS,2016-02-29,1.0000,1.0100,0.9850,0.9850,3154200
UEMS,2016-03-01,0.9950,1.0600,0.9900,1.0500,14441100
UEMS,2016-03-02,1.0700,1.1000,1.0500,1.0800,14442500
UEMS,2016-03-03,1.0900,1.1000,1.0500,1.0600,7697300
UEMS,2016-03-04,1.0500,1.0900,1.0500,1.0600,5223200
UEMS,2016-03-07,1.0700,1.0900,1.0400,1.0400,4910800
UEMS,2016-03-08,1.0400,1.0500,1.0100,1.0200,4164900
UEMS,2016-03-09,1.0200,1.0600,1.0200,1.0600,3904900
UEMS,2016-03-10,1.0700,1.0700,1.0300,1.0300,3714500
UEMS,2016-03-11,1.0300,1.0600,1.0300,1.0500,1940600
UEMS,2016-03-14,1.0600,1.0600,1.0300,1.0300,2865700
UEMS,2016-03-15,1.0300,1.0400,1.0300,1.0400,1404300
UEMS,2016-03-16,1.0400,1.0500,1.0100,1.0100,3943000
UEMS,2016-03-17,1.0200,1.0500,1.0200,1.0400,2947300
UEMS,2016-03-18,1.0400,1.1100,1.0400,1.1000,19578200
UEMS,2016-03-21,1.1100,1.1300,1.0700,1.1100,10433000
UEMS,2016-03-22,1.1200,1.1400,1.1000,1.1100,6289300
UEMS,2016-03-23,1.1100,1.1200,1.0800,1.1100,3284000
UEMS,2016-03-25,1.1000,1.1100,1.0600,1.0800,5207600
UEMS,2016-03-28,1.0800,1.0900,1.0700,1.0800,3246700
UEMS,2016-03-29,1.0900,1.1100,1.0800,1.0900,4446000
UEMS,2016-03-30,1.0900,1.1300,1.0900,1.1300,4092700
UEMS,2016-03-31,1.1300,1.1500,1.1200,1.1400,7880800
UEMS,2016-04-01,1.1300,1.1500,1.1100,1.1200,3229800
UEMS,2016-04-04,1.1200,1.1500,1.1100,1.1500,9579400
UEMS,2016-04-05,1.1400,1.1500,1.1200,1.1400,3655300
UEMS,2016-04-06,1.1200,1.1400,1.1000,1.1100,4412000
UEMS,2016-04-07,1.1200,1.1300,1.1000,1.1100,2198100
UEMS,2016-04-08,1.1100,1.1200,1.1000,1.1100,1631900
UEMS,2016-04-11,1.1200,1.1300,1.1000,1.1000,2202500
UEMS,2016-04-12,1.1100,1.1200,1.0800,1.1000,4606900
UEMS,2016-04-13,1.1000,1.1100,1.0800,1.0900,6821000
UEMS,2016-04-14,1.0900,1.1100,1.0800,1.1000,5370700
UEMS,2016-04-15,1.1100,1.1100,1.0900,1.1000,1318800
UEMS,2016-04-18,1.1000,1.1100,1.0700,1.0700,2895100
UEMS,2016-04-19,1.0800,1.0800,1.0500,1.0600,4734500
UEMS,2016-04-20,1.0700,1.0800,1.0600,1.0600,1954200
UEMS,2016-04-21,1.0700,1.0800,1.0600,1.0600,3606900
UEMS,2016-04-22,1.0600,1.0900,1.0500,1.0700,4416500
UEMS,2016-04-25,1.0800,1.0900,1.0500,1.0600,3343000
UEMS,2016-04-26,1.0600,1.0700,1.0100,1.0300,5001800
UEMS,2016-04-27,1.0300,1.0400,1.0100,1.0300,3624900
UEMS,2016-04-28,1.0300,1.0400,1.0000,1.0100,4239400
UEMS,2016-04-29,1.0100,1.0300,1.0100,1.0200,3080800
UEMS,2016-05-03,1.0200,1.0300,1.0000,1.0300,3261000
UEMS,2016-05-04,1.0200,1.0400,1.0100,1.0200,4238700
UEMS,2016-05-05,1.0200,1.0400,1.0100,1.0400,3653400
UEMS,2016-05-06,1.0400,1.0400,1.0200,1.0400,1839500
UEMS,2016-05-09,1.0400,1.0500,1.0300,1.0300,1747400
UEMS,2016-05-10,1.0300,1.0400,1.0200,1.0300,1839600
UEMS,2016-05-11,1.0400,1.0500,1.0300,1.0400,2227100
UEMS,2016-05-12,1.0300,1.0400,1.0300,1.0300,560300
UEMS,2016-05-13,1.0300,1.0500,1.0100,1.0400,4426800
UEMS,2016-05-16,1.0400,1.0400,1.0300,1.0300,952900
UEMS,2016-05-17,1.0300,1.0400,1.0300,1.0300,1874900
UEMS,2016-05-18,1.0300,1.0400,1.0200,1.0300,719800
UEMS,2016-05-19,1.0300,1.0500,1.0200,1.0400,1382500
UEMS,2016-05-20,1.0500,1.0600,1.0300,1.0500,2529200
UEMS,2016-05-23,1.0500,1.0500,1.0400,1.0500,561500
UEMS,2016-05-24,1.0400,1.0500,1.0300,1.0300,1776300
UEMS,2016-05-25,1.0300,1.0400,1.0300,1.0300,1808900
UEMS,2016-05-26,1.0400,1.0500,1.0400,1.0400,666300
UEMS,2016-05-27,1.0400,1.0500,0.9950,1.0000,6705400
UEMS,2016-05-30,1.0000,1.0100,0.9950,1.0000,1019300
UEMS,2016-05-31,1.0000,1.0200,0.9950,1.0000,1895100
UEMS,2016-06-01,1.0100,1.0100,1.0000,1.0100,389400
UEMS,2016-06-02,1.0100,1.0300,1.0000,1.0200,2243700
UEMS,2016-06-03,1.0200,1.0300,1.0100,1.0200,595000
UEMS,2016-06-06,1.0200,1.0400,1.0100,1.0300,1789800
UEMS,2016-06-07,1.0300,1.0700,1.0300,1.0700,6274100
UEMS,2016-06-08,1.0700,1.1100,1.0700,1.0900,6129600
UEMS,2016-06-09,1.1000,1.1000,1.0700,1.0900,2603000
UEMS,2016-06-10,1.0900,1.0900,1.0500,1.0600,787300
UEMS,2016-06-13,1.0500,1.0500,1.0300,1.0400,2117800
UEMS,2016-06-14,1.0400,1.0500,1.0200,1.0300,3640600
UEMS,2016-06-15,1.0300,1.0600,1.0300,1.0400,3565100
UEMS,2016-06-16,1.0500,1.0500,1.0200,1.0300,1914800
UEMS,2016-06-17,1.0300,1.0500,1.0300,1.0500,4827500
UEMS,2016-06-20,1.0400,1.0500,1.0300,1.0300,1695000
UEMS,2016-06-21,1.0300,1.0500,1.0300,1.0500,2443800
UEMS,2016-06-23,1.0500,1.0500,1.0300,1.0300,1154200
UEMS,2016-06-24,1.0400,1.0400,0.9950,1.0200,4063200
UEMS,2016-06-27,1.0100,1.0200,1.0000,1.0100,2602600
UEMS,2016-06-30,1.0600,1.0600,1.0300,1.0300,762600
UEMS,2016-07-01,1.0400,1.0400,1.0200,1.0200,2270900
UEMS,2016-07-04,1.0100,1.0400,1.0100,1.0300,510800
UEMS,2016-07-05,1.0300,1.0300,1.0100,1.0300,731100
UEMS,2016-07-08,1.0200,1.0300,1.0100,1.0200,516600
UEMS,2016-07-11,1.0300,1.0300,1.0100,1.0300,898100
UEMS,2016-07-12,1.0300,1.0400,1.0200,1.0300,2970700
UEMS,2016-07-13,1.0300,1.1200,1.0300,1.0300,29030300
UEMS,2016-07-14,1.1000,1.1200,1.0700,1.1200,22333500
UEMS,2016-07-15,1.0900,1.1000,1.0600,1.0700,5221800
UEMS,2016-07-18,1.0800,1.0900,1.0700,1.0800,11737100
UEMS,2016-07-19,1.0900,1.1200,1.0800,1.0900,12895100
UEMS,2016-07-20,1.0800,1.1000,1.0800,1.0900,1928500
UEMS,2016-07-21,1.0900,1.0900,1.0700,1.0800,4032200
UEMS,2016-07-22,1.0700,1.0900,1.0500,1.0800,3890700
UEMS,2016-07-25,1.0800,1.0900,1.0700,1.0800,4268000
UEMS,2016-07-26,1.0800,1.0900,1.0500,1.0600,4110500
UEMS,2016-07-27,1.0600,1.0700,1.0500,1.0600,1466400
UEMS,2016-07-28,1.0600,1.0600,1.0500,1.0500,1264400
UEMS,2016-07-29,1.0600,1.0600,1.0400,1.0400,790000
UEMS,2016-08-01,1.0400,1.0600,1.0400,1.0400,1466100
UEMS,2016-08-02,1.0500,1.0600,1.0300,1.0500,2688300
UEMS,2016-08-03,1.0600,1.0700,1.0500,1.0500,1974200
UEMS,2016-08-04,1.0600,1.1500,1.0500,1.1200,21050500
UEMS,2016-08-05,1.1200,1.1300,1.1000,1.1100,5244200
UEMS,2016-08-08,1.1000,1.2000,1.1000,1.1500,24673000
UEMS,2016-08-09,1.1400,1.1600,1.1100,1.1500,9980100
UEMS,2016-08-10,1.1400,1.1500,1.1300,1.1400,9385800
UEMS,2016-08-11,1.1400,1.1400,1.1300,1.1300,3540600
UEMS,2016-08-12,1.1400,1.1800,1.1300,1.1400,18781700
UEMS,2016-08-15,1.1600,1.1700,1.1500,1.1500,5501200
UEMS,2016-08-16,1.1500,1.1700,1.1400,1.1400,4625900
UEMS,2016-08-17,1.1300,1.1400,1.1100,1.1200,4864900
UEMS,2016-08-18,1.1100,1.1300,1.1000,1.1300,6262100
UEMS,2016-08-19,1.1200,1.1400,1.1100,1.1200,2417200
UEMS,2016-08-22,1.1200,1.1500,1.1100,1.1200,11494100
UEMS,2016-08-23,1.1200,1.1400,1.0700,1.0800,7334300
UEMS,2016-08-24,1.0900,1.1000,1.0700,1.0800,4709900
UEMS,2016-08-25,1.0900,1.1100,1.0800,1.0900,5369500
UEMS,2016-08-26,1.0900,1.1000,1.0700,1.1000,2690500
UEMS,2016-08-29,1.0800,1.0900,1.0500,1.0500,3789100
UEMS,2016-08-30,1.0900,1.1100,1.0800,1.0800,5892600
UEMS,2016-09-01,1.0800,1.1100,1.0700,1.0900,4640100
UEMS,2016-09-02,1.0900,1.1000,1.0800,1.0800,2899900
UEMS,2016-09-05,1.0900,1.1100,1.0800,1.1100,5685100
UEMS,2016-09-06,1.1100,1.1300,1.0900,1.1200,3041700
UEMS,2016-09-07,1.1200,1.1200,1.1000,1.1000,2310300
UEMS,2016-09-08,1.1000,1.1100,1.0900,1.1000,1162600
UEMS,2016-09-09,1.1000,1.1100,1.0900,1.0900,2452300
UEMS,2016-09-13,1.0900,1.0900,1.0700,1.0900,4655000
UEMS,2016-09-14,1.0800,1.0800,1.0700,1.0800,1898800
UEMS,2016-09-15,1.0800,1.1000,1.0700,1.0800,3788600
UEMS,2016-09-19,1.0900,1.0900,1.0700,1.0800,858900
UEMS,2016-09-20,1.0800,1.1100,1.0800,1.1100,5205400
UEMS,2016-09-21,1.1100,1.1200,1.1000,1.1000,3819500
UEMS,2016-09-22,1.1100,1.2100,1.1000,1.1100,43796300
UEMS,2016-09-23,1.2000,1.2300,1.1000,1.1500,22352400
UEMS,2016-09-26,1.1500,1.1700,1.1500,1.1500,7908900
UEMS,2016-09-27,1.1500,1.1600,1.1400,1.1500,6833000
UEMS,2016-09-28,1.1500,1.1800,1.1400,1.1700,14837400
UEMS,2016-09-29,1.1700,1.2200,1.1600,1.2200,11265600
UEMS,2016-09-30,1.2100,1.2100,1.1800,1.1800,8808100
UEMS,2016-10-04,1.2000,1.2300,1.1900,1.2200,12247200
UEMS,2016-10-05,1.2300,1.2500,1.1900,1.2100,20671900
UEMS,2016-10-06,1.2200,1.2200,1.1800,1.2200,12879900
UEMS,2016-10-07,1.2100,1.2200,1.2000,1.2100,4061900
UEMS,2016-10-10,1.2100,1.2200,1.1900,1.2000,6758500
UEMS,2016-10-11,1.2000,1.2200,1.1900,1.2000,3296700
UEMS,2016-10-12,1.1900,1.2000,1.1900,1.1900,1826200
UEMS,2016-10-13,1.1900,1.2200,1.1900,1.2100,9372200
UEMS,2016-10-14,1.2100,1.2300,1.2000,1.2200,11841300
UEMS,2016-10-17,1.2200,1.2400,1.2100,1.2200,3014500
UEMS,2016-10-18,1.2200,1.2200,1.2100,1.2100,2917600
UEMS,2016-10-19,1.2100,1.2200,1.1900,1.1900,9858800
UEMS,2016-10-20,1.1900,1.1900,1.1500,1.1700,7414800
UEMS,2016-10-21,1.1700,1.1900,1.1500,1.1500,4974500
UEMS,2016-10-24,1.1600,1.1600,1.1300,1.1300,6314500
UEMS,2016-10-25,1.1300,1.1500,1.0700,1.0800,17072000
UEMS,2016-10-26,1.0800,1.1000,1.0700,1.1000,7442400
UEMS,2016-10-27,1.0900,1.1300,1.0900,1.1200,6178500
UEMS,2016-10-28,1.1200,1.1300,1.1000,1.1200,3146800
UEMS,2016-10-31,1.1200,1.1200,1.0900,1.1200,5484300
UEMS,2016-11-01,1.1100,1.1300,1.1000,1.1000,4456100
UEMS,2016-11-02,1.1000,1.1200,1.0900,1.0900,2958100
UEMS,2016-11-03,1.0900,1.1100,1.0800,1.1000,3189900
UEMS,2016-11-04,1.1000,1.1000,1.0700,1.0800,4856600
UEMS,2016-11-07,1.0800,1.0800,1.0400,1.0500,10124400
UEMS,2016-11-08,1.0600,1.0600,1.0400,1.0500,5760300
UEMS,2016-11-09,1.0500,1.0500,0.9950,1.0300,13344200
UEMS,2016-11-10,1.0400,1.0500,1.0300,1.0500,6086900
UEMS,2016-11-11,1.0500,1.0600,1.0300,1.0400,3649900
UEMS,2016-11-14,1.0500,1.0500,1.0200,1.0400,2871600
UEMS,2016-11-15,1.0400,1.0700,1.0400,1.0500,3200800
UEMS,2016-11-16,1.0500,1.0600,1.0400,1.0600,3228900
UEMS,2016-11-17,1.0600,1.0600,1.0400,1.0600,1596600
UEMS,2016-11-18,1.0600,1.0600,1.0500,1.0600,1302500
UEMS,2016-11-21,1.0600,1.0700,1.0300,1.0400,4136600
UEMS,2016-11-22,1.0500,1.0500,1.0300,1.0500,1886600
UEMS,2016-11-23,1.0500,1.0600,1.0400,1.0600,2065800
UEMS,2016-11-24,1.0500,1.0600,1.0400,1.0500,2233200
UEMS,2016-11-25,1.0500,1.0600,1.0400,1.0500,1871600
UEMS,2016-11-28,1.0500,1.0500,1.0300,1.0500,1546900
UEMS,2016-11-29,1.0500,1.0500,1.0300,1.0500,1651400
UEMS,2016-11-30,1.0300,1.0400,1.0000,1.0400,3079800
UEMS,2016-12-01,1.0200,1.0400,1.0200,1.0200,2110400
UEMS,2016-12-02,1.0200,1.0300,1.0100,1.0300,2233200
UEMS,2016-12-05,1.0200,1.0300,1.0200,1.0200,992600
UEMS,2016-12-06,1.0200,1.0300,1.0100,1.0100,1591900
UEMS,2016-12-07,1.0100,1.0200,1.0100,1.0200,1522300
UEMS,2016-12-08,1.0100,1.0300,1.0100,1.0300,3446900
UEMS,2016-12-09,1.0300,1.1000,1.0300,1.0700,7294700
UEMS,2016-12-13,1.0700,1.1100,1.0700,1.1000,9875300
UEMS,2016-12-14,1.1100,1.1100,1.0800,1.0800,2361200
UEMS,2016-12-15,1.0700,1.0800,1.0600,1.0600,3705300
UEMS,2016-12-16,1.0700,1.0900,1.0700,1.0700,3055100
UEMS,2016-12-19,1.0700,1.0800,1.0600,1.0600,2109100
UEMS,2016-12-20,1.0600,1.0800,1.0600,1.0700,1723600
UEMS,2016-12-21,1.0700,1.0900,1.0700,1.0700,2193600
UEMS,2016-12-22,1.0700,1.0800,1.0600,1.0600,850900
UEMS,2016-12-23,1.0700,1.0700,1.0600,1.0600,718000
UEMS,2016-12-27,1.0600,1.0800,1.0600,1.0600,783300
UEMS,2016-12-28,1.0700,1.0700,1.0600,1.0600,670100
UEMS,2016-12-29,1.0600,1.0700,1.0500,1.0500,1358500
UEMS,2016-12-30,1.0500,1.0600,1.0500,1.0500,953600
UEMS,2017-01-03,1.0500,1.0600,1.0200,1.0500,4956000
UEMS,2017-01-04,1.0600,1.1000,1.0500,1.0900,4778800
UEMS,2017-01-05,1.0900,1.1100,1.0700,1.1000,7039600
UEMS,2017-01-06,1.1000,1.1100,1.0900,1.1000,2300500
UEMS,2017-01-09,1.1100,1.1100,1.0900,1.1000,1224600
UEMS,2017-01-10,1.0900,1.1100,1.0900,1.1100,2422300
UEMS,2017-01-11,1.1000,1.1100,1.1000,1.1100,2270600
UEMS,2017-01-12,1.1100,1.1400,1.1100,1.1200,8675900
UEMS,2017-01-13,1.1200,1.1300,1.1000,1.1000,2915000
UEMS,2017-01-16,1.1000,1.1100,1.0900,1.1100,3440000
UEMS,2017-01-17,1.1000,1.1100,1.0900,1.1000,2434300
UEMS,2017-01-18,1.1000,1.1400,1.1000,1.1100,6679900
UEMS,2017-01-19,1.1100,1.1200,1.1100,1.1100,3182700
UEMS,2017-01-20,1.1100,1.1100,1.0900,1.1000,1756800
UEMS,2017-01-23,1.1000,1.1100,1.0800,1.0800,3234800
UEMS,2017-01-24,1.0800,1.1000,1.0800,1.0900,1764300
UEMS,2017-01-25,1.0900,1.1100,1.0800,1.0900,4718400
UEMS,2017-01-26,1.0900,1.1100,1.0900,1.1000,3391400
UEMS,2017-01-27,1.1000,1.1100,1.0900,1.1000,1031000
UEMS,2017-01-31,1.1000,1.1000,1.0800,1.1000,1154500
UEMS,2017-02-02,1.0900,1.1100,1.0900,1.0900,4902900
UEMS,2017-02-03,1.1000,1.1100,1.0900,1.1000,6270000
UEMS,2017-02-06,1.1000,1.1500,1.0900,1.1200,12651100
UEMS,2017-02-07,1.1200,1.1400,1.1100,1.1200,6146600
UEMS,2017-02-08,1.1200,1.1700,1.1200,1.1600,11996300
UEMS,2017-02-10,1.1600,1.1800,1.1500,1.1600,4777700
UEMS,2017-02-13,1.1600,1.1600,1.1400,1.1500,6309500
UEMS,2017-02-14,1.1500,1.1700,1.1400,1.1700,6666300
UEMS,2017-02-15,1.1700,1.2100,1.1600,1.1600,24618300
UEMS,2017-02-16,1.1600,1.1700,1.1500,1.1600,8239200
UEMS,2017-02-17,1.1600,1.1600,1.1400,1.1500,5652800
UEMS,2017-02-20,1.1500,1.1900,1.1500,1.1800,10715000
UEMS,2017-02-21,1.1800,1.1800,1.1600,1.1700,9922000
UEMS,2017-02-22,1.1700,1.1800,1.1600,1.1700,6355500
UEMS,2017-02-23,1.1700,1.1700,1.1500,1.1600,3696200
UEMS,2017-02-24,1.1600,1.1600,1.1300,1.1400,5067700
UEMS,2017-02-27,1.1400,1.1600,1.1300,1.1500,5014800
UEMS,2017-02-28,1.1400,1.1400,1.1000,1.1400,10922500
UEMS,2017-03-01,1.1400,1.1400,1.1200,1.1300,3206300
UEMS,2017-03-02,1.1400,1.1600,1.1300,1.1400,5520600
UEMS,2017-03-03,1.1400,1.2000,1.1400,1.1600,16627700
UEMS,2017-03-06,1.1700,1.1900,1.1600,1.1800,11446500
UEMS,2017-03-07,1.1900,1.2400,1.1800,1.2300,33449000
UEMS,2017-03-08,1.2300,1.2300,1.1900,1.2100,9861900
UEMS,2017-03-09,1.2000,1.2000,1.1700,1.1900,6580200
UEMS,2017-03-10,1.1900,1.2400,1.1800,1.1900,44999600
UEMS,2017-03-13,1.2000,1.2600,1.2000,1.2300,34860000
UEMS,2017-03-14,1.2400,1.2500,1.2100,1.2300,16387400
UEMS,2017-03-15,1.2300,1.2400,1.2100,1.2400,5194600
UEMS,2017-03-16,1.2400,1.2600,1.2200,1.2500,8206200
UEMS,2017-03-17,1.2300,1.2600,1.2300,1.2400,9833300
UEMS,2017-03-20,1.2500,1.2700,1.2400,1.2600,12829100
UEMS,2017-03-21,1.2600,1.3200,1.2500,1.3000,32953600
UEMS,2017-03-22,1.2800,1.3000,1.2700,1.2900,9798200
UEMS,2017-03-23,1.2900,1.3100,1.2900,1.3000,11074700
UEMS,2017-03-24,1.3000,1.3000,1.2700,1.2800,2594900
UEMS,2017-03-27,1.2800,1.2900,1.2500,1.2500,5420800
UEMS,2017-03-28,1.2600,1.2800,1.2600,1.2800,4100700
UEMS,2017-03-29,1.2800,1.2900,1.2500,1.2800,7787400
UEMS,2017-03-30,1.28,1.28,1.25,1.25,5140000.0
UEMS,2017-03-31,1.25,1.28,1.25,1.27,5730000.0
UEMS,2017-04-03,1.27,1.29,1.27,1.27,3070000.0
UEMS,2017-04-04,1.28,1.29,1.27,1.29,4360000.0
UEMS,2017-04-05,1.29,1.34,1.28,1.32,12330000.0
UEMS,2017-04-06,1.33,1.34,1.28,1.29,7010000.0
UEMS,2017-04-07,1.29,1.29,1.25,1.26,8070000.0
UEMS,2017-04-10,1.26,1.26,1.23,1.25,4540000.0
UEMS,2017-04-11,1.24,1.25,1.21,1.23,7050000.0
UEMS,2017-04-12,1.24,1.25,1.22,1.25,3440000.0
UEMS,2017-04-13,1.24,1.24,1.21,1.22,4470000.0
UEMS,2017-04-14,1.21,1.22,1.17,1.19,8250000.0
UEMS,2017-04-17,1.18,1.22,1.18,1.2,6250000.0
UEMS,2017-04-18,1.21,1.24,1.2,1.24,7540000.0
UEMS,2017-04-19,1.23,1.24,1.21,1.23,2100000.0
UEMS,2017-04-20,1.22,1.25,1.22,1.24,5330000.0
UEMS,2017-04-21,1.23,1.27,1.23,1.24,6170000.0
UEMS,2017-04-25,1.25,1.27,1.24,1.26,3730000.0
UEMS,2017-04-26,1.27,1.27,1.25,1.26,1460000.0
UEMS,2017-04-27,1.26,1.26,1.24,1.25,922500.0
UEMS,2017-04-28,1.25,1.25,1.23,1.24,1410000.0
UEMS,2017-05-02,1.24,1.3,1.24,1.29,7410000.0
UEMS,2017-05-03,1.29,1.3,1.27,1.28,1990000.0
UEMS,2017-05-04,1.27,1.28,1.24,1.25,3280000.0
UEMS,2017-05-05,1.25,1.27,1.24,1.26,1590000.0
UEMS,2017-05-08,1.26,1.33,1.26,1.28,15320000.0
UEMS,2017-05-09,1.29,1.29,1.26,1.27,2790000.0
UEMS,2017-05-11,1.28,1.32,1.27,1.28,6800000.0
UEMS,2017-05-12,1.28,1.29,1.27,1.28,2540000.0
UEMS,2017-05-15,1.28,1.29,1.27,1.28,1320000.0
UEMS,2017-05-16,1.28,1.29,1.27,1.29,1460000.0
UEMS,2017-05-17,1.28,1.29,1.26,1.29,2630000.0
UEMS,2017-05-18,1.3,1.36,1.28,1.29,43690000.0
UEMS,2017-05-19,1.29,1.33,1.28,1.32,11940000.0
UEMS,2017-05-22,1.32,1.32,1.29,1.3,4200000.0
UEMS,2017-05-23,1.3,1.31,1.26,1.26,7170000.0
UEMS,2017-05-24,1.26,1.29,1.26,1.27,6930000.0
UEMS,2017-05-25,1.27,1.29,1.26,1.28,3490000.0
UEMS,2017-05-26,1.28,1.28,1.24,1.25,3930000.0
UEMS,2017-05-29,1.26,1.26,1.24,1.24,4510000.0
UEMS,2017-05-30,1.24,1.24,1.19,1.21,8390000.0
UEMS,2017-05-31,1.21,1.26,1.2,1.26,4040000.0
UEMS,2017-06-01,1.24,1.26,1.23,1.24,1540000.0
UEMS,2017-06-02,1.25,1.27,1.25,1.26,2850000.0
UEMS,2017-06-05,1.26,1.31,1.26,1.31,10380000.0
UEMS,2017-06-06,1.31,1.31,1.26,1.28,3910000.0
UEMS,2017-06-07,1.27,1.29,1.26,1.28,1450000.0
UEMS,2017-06-08,1.28,1.29,1.27,1.28,2620000.0
UEMS,2017-06-09,1.28,1.29,1.27,1.29,2120000.0
UEMS,2017-06-13,1.29,1.29,1.26,1.27,2220000.0
UEMS,2017-06-14,1.28,1.29,1.27,1.27,702600.0
UEMS,2017-06-15,1.28,1.29,1.27,1.27,2490000.0
UEMS,2017-06-16,1.27,1.27,1.22,1.22,3500000.0
UEMS,2017-06-19,1.24,1.25,1.23,1.24,2380000.0
UEMS,2017-06-20,1.26,1.26,1.24,1.24,1150000.0
UEMS,2017-06-21,1.24,1.24,1.2,1.2,9740000.0
UEMS,2017-06-22,1.2,1.24,1.2,1.22,5220000.0
UEMS,2017-06-23,1.23,1.23,1.22,1.22,4460000.0
UEMS,2017-06-28,1.23,1.23,1.19,1.2,6700000.0
UEMS,2017-06-29,1.2,1.21,1.19,1.2,6630000.0
UEMS,2017-06-30,1.2,1.21,1.19,1.2,1320000.0
UEMS,2017-07-03,1.21,1.23,1.21,1.22,4120000.0
UEMS,2017-07-04,1.22,1.23,1.2,1.2,5280000.0
UEMS,2017-07-05,1.21,1.22,1.19,1.22,3510000.0
UEMS,2017-07-06,1.22,1.24,1.21,1.24,8039999.999999999
UEMS,2017-07-07,1.24,1.24,1.21,1.21,1850000.0
UEMS,2017-07-10,1.22,1.23,1.21,1.22,2710000.0
UEMS,2017-07-11,1.23,1.23,1.2,1.2,3810000.0
UEMS,2017-07-12,1.2,1.21,1.17,1.2,5150000.0
UEMS,2017-07-13,1.2,1.22,1.2,1.22,1220000.0
UEMS,2017-07-14,1.21,1.22,1.2,1.22,1960000.0
UEMS,2017-07-17,1.21,1.23,1.21,1.22,1530000.0
UEMS,2017-07-18,1.21,1.23,1.21,1.23,1330000.0
UEMS,2017-07-19,1.22,1.24,1.22,1.22,1650000.0
UEMS,2017-07-20,1.23,1.23,1.21,1.23,705300.0
UEMS,2017-07-21,1.23,1.23,1.22,1.22,1430000.0
UEMS,2017-07-24,1.23,1.23,1.21,1.22,1780000.0
UEMS,2017-07-25,1.22,1.22,1.19,1.2,1320000.0
UEMS,2017-07-26,1.2,1.21,1.19,1.2,1360000.0
UEMS,2017-07-27,1.2,1.21,1.16,1.18,7360000.0
UEMS,2017-07-28,1.18,1.18,1.17,1.17,933100.0
UEMS,2017-07-31,1.17,1.18,1.12,1.15,3950000.0
UEMS,2017-08-01,1.14,1.15,1.13,1.15,2080000.0
UEMS,2017-08-02,1.15,1.15,1.12,1.14,2510000.0
UEMS,2017-08-03,1.14,1.16,1.14,1.16,1110000.0
UEMS,2017-08-04,1.15,1.17,1.14,1.15,1170000.0
UEMS,2017-08-07,1.15,1.19,1.15,1.17,2130000.0
UEMS,2017-08-08,1.19,1.19,1.15,1.17,1380000.0
UEMS,2017-08-09,1.17,1.18,1.15,1.15,796100.0
UEMS,2017-08-10,1.16,1.16,1.1,1.12,8109999.999999999
UEMS,2017-08-11,1.1,1.11,1.09,1.11,2350000.0
UEMS,2017-08-14,1.11,1.13,1.1,1.12,3370000.0
UEMS,2017-08-15,1.14,1.14,1.12,1.13,3200000.0
UEMS,2017-08-16,1.14,1.15,1.13,1.14,3670000.0
UEMS,2017-08-17,1.14,1.15,1.13,1.13,371600.0
UEMS,2017-08-18,1.12,1.14,1.12,1.13,632800.0
UEMS,2017-08-21,1.13,1.15,1.12,1.12,2080000.0
UEMS,2017-08-22,1.12,1.14,1.11,1.12,2110000.0
UEMS,2017-08-23,1.12,1.21,1.12,1.19,11480000.0
UEMS,2017-08-24,1.19,1.2,1.15,1.16,4930000.0
UEMS,2017-08-25,1.17,1.18,1.17,1.18,1500000.0
UEMS,2017-08-28,1.18,1.19,1.17,1.19,1650000.0
UEMS,2017-08-29,1.18,1.19,1.16,1.16,1290000.0
UEMS,2017-08-30,1.16,1.18,1.15,1.15,717500.0
UEMS,2017-09-05,1.16,1.17,1.15,1.16,797700.0
UEMS,2017-09-06,1.16,1.16,1.15,1.15,1000000.0
UEMS,2017-09-07,1.15,1.2,1.15,1.19,2240000.0
UEMS,2017-09-08,1.2,1.2,1.17,1.18,539300.0
UEMS,2017-09-11,1.17,1.21,1.17,1.2,2170000.0
UEMS,2017-09-12,1.2,1.21,1.18,1.19,1480000.0
UEMS,2017-09-13,1.19,1.2,1.18,1.19,740400.0
UEMS,2017-09-14,1.18,1.19,1.17,1.17,818300.0
UEMS,2017-09-15,1.18,1.21,1.17,1.21,1670000.0
UEMS,2017-09-18,1.21,1.21,1.18,1.19,1180000.0
UEMS,2017-09-19,1.18,1.19,1.18,1.18,270100.0
UEMS,2017-09-20,1.18,1.18,1.16,1.17,1080000.0
UEMS,2017-09-21,1.17,1.18,1.15,1.16,707000.0
UEMS,2017-09-25,1.16,1.17,1.15,1.15,645400.0
UEMS,2017-09-26,1.14,1.15,1.13,1.13,1250000.0
UEMS,2017-09-27,1.13,1.14,1.12,1.12,605500.0
UEMS,2017-09-28,1.13,1.14,1.12,1.13,718600.0
UEMS,2017-09-29,1.14,1.16,1.13,1.14,3330000.0
UEMS,2017-10-02,1.13,1.14,1.11,1.12,4830000.0
UEMS,2017-10-03,1.12,1.12,1.11,1.11,1540000.0
UEMS,2017-10-04,1.11,1.13,1.11,1.11,4620000.0
UEMS,2017-10-05,1.11,1.11,1.1,1.1,2640000.0
UEMS,2017-10-06,1.11,1.12,1.1,1.1,3680000.0
UEMS,2017-10-09,1.1,1.13,1.1,1.11,7640000.0
UEMS,2017-10-10,1.12,1.12,1.1,1.1,1930000.0
UEMS,2017-10-11,1.11,1.11,1.1,1.11,3570000.0
UEMS,2017-10-12,1.11,1.12,1.1,1.11,2880000.0
UEMS,2017-10-13,1.11,1.11,1.09,1.09,3660000.0
UEMS,2017-10-16,1.1,1.11,1.1,1.1,2290000.0
UEMS,2017-10-17,1.1,1.11,1.1,1.1,2230000.0
UEMS,2017-10-19,1.11,1.11,1.1,1.1,1110000.0
UEMS,2017-10-20,1.11,1.11,1.1,1.1,4240000.0
UEMS,2017-10-23,1.1,1.11,1.09,1.09,1160000.0
UEMS,2017-10-24,1.09,1.1,1.09,1.09,922700.0
UEMS,2017-10-25,1.1,1.1,1.09,1.1,261399.99999999997
UEMS,2017-10-26,1.1,1.11,1.09,1.09,5040000.0
UEMS,2017-10-27,1.09,1.13,1.08,1.11,4210000.0
UEMS,2017-10-30,1.12,1.14,1.09,1.12,11940000.0
UEMS,2017-10-31,1.13,1.13,1.11,1.11,3550000.0
UEMS,2017-11-01,1.12,1.13,1.11,1.12,3100000.0
UEMS,2017-11-02,1.12,1.12,1.11,1.11,1080000.0
UEMS,2017-11-03,1.1,1.11,1.08,1.1,8850000.0
UEMS,2017-11-06,1.1,1.11,1.09,1.09,3610000.0
UEMS,2017-11-07,1.09,1.1,1.08,1.08,2550000.0
UEMS,2017-11-08,1.09,1.1,1.08,1.08,1190000.0
UEMS,2017-11-09,1.09,1.11,1.08,1.09,4490000.0
UEMS,2017-11-10,1.09,1.09,1.08,1.08,4490000.0
UEMS,2017-11-13,1.09,1.09,1.07,1.07,2040000.0
UEMS,2017-11-14,1.08,1.08,1.07,1.08,631300.0
UEMS,2017-11-15,1.08,1.08,1.06,1.06,1750000.0
UEMS,2017-11-16,1.06,1.06,1.04,1.05,1890000.0
UEMS,2017-11-17,1.05,1.06,1.05,1.05,811500.0
UEMS,2017-11-20,1.05,1.06,1.04,1.06,996300.0
UEMS,2017-11-21,1.08,1.09,1.05,1.06,10740000.0
UEMS,2017-11-22,1.06,1.06,1.05,1.06,1320000.0
UEMS,2017-11-23,1.05,1.06,1.05,1.06,288100.0
UEMS,2017-11-24,1.05,1.06,1.04,1.06,1380000.0
UEMS,2017-11-27,1.06,1.06,1.03,1.03,2240000.0
UEMS,2017-11-28,1.03,1.03,1.01,1.01,2510000.0
UEMS,2017-11-29,1.01,1.04,1.01,1.03,5630000.0
UEMS,2017-11-30,1.02,1.05,1.02,1.05,2420000.0
UEMS,2017-12-04,1.06,1.06,1.02,1.03,1400000.0
UEMS,2017-12-05,1.03,1.05,1.02,1.05,1010000.0
UEMS,2017-12-06,1.03,1.04,1.02,1.02,3560000.0
UEMS,2017-12-07,1.01,1.04,1.01,1.03,4530000.0
UEMS,2017-12-08,1.03,1.03,1.01,1.02,4390000.0
UEMS,2017-12-11,1.02,1.03,1.01,1.01,1150000.0
UEMS,2017-12-12,1.01,1.02,1.01,1.01,1790000.0
UEMS,2017-12-13,1.02,1.06,1.01,1.04,10830000.0
UEMS,2017-12-14,1.05,1.08,1.05,1.08,2640000.0
UEMS,2017-12-15,1.08,1.1,1.07,1.1,4050000.0
UEMS,2017-12-18,1.09,1.1,1.06,1.08,769200.0
UEMS,2017-12-19,1.08,1.09,1.05,1.05,739200.0
UEMS,2017-12-20,1.06,1.08,1.03,1.05,1680000.0
UEMS,2017-12-21,1.05,1.06,1.03,1.03,1200000.0
UEMS,2017-12-22,1.04,1.05,1.03,1.05,302900.0
UEMS,2017-12-26,1.05,1.06,1.04,1.05,1750000.0
UEMS,2017-12-27,1.05,1.06,1.05,1.06,854400.0
UEMS,2017-12-28,1.06,1.06,1.04,1.05,1070000.0
UEMS,2017-12-29,1.04,1.05,1.04,1.04,737700.0
UEMS,2018-01-02,1.05,1.11,1.04,1.1,5650000.0
UEMS,2018-01-03,1.11,1.18,1.11,1.17,10860000.0
UEMS,2018-01-04,1.17,1.18,1.15,1.17,2810000.0
UEMS,2018-01-05,1.18,1.21,1.17,1.18,7660000.0
UEMS,2018-01-08,1.18,1.21,1.18,1.2,6920000.0
UEMS,2018-01-09,1.2,1.21,1.16,1.17,6430000.0
UEMS,2018-01-10,1.18,1.19,1.17,1.18,3910000.0
UEMS,2018-01-11,1.18,1.18,1.12,1.14,5400000.0
UEMS,2018-01-12,1.15,1.17,1.13,1.16,5250000.0
UEMS,2018-01-15,1.17,1.2,1.16,1.16,6700000.0
UEMS,2018-01-16,1.17,1.18,1.14,1.16,1530000.0
UEMS,2018-01-17,1.15,1.16,1.14,1.15,1740000.0
UEMS,2018-01-18,1.17,1.17,1.13,1.17,2560000.0
UEMS,2018-01-19,1.16,1.17,1.15,1.17,2040000.0
UEMS,2018-01-22,1.17,1.2,1.16,1.18,4059999.9999999995
UEMS,2018-01-23,1.18,1.21,1.17,1.2,3940000.0
UEMS,2018-01-24,1.19,1.26,1.19,1.21,13170000.0
UEMS,2018-01-25,1.21,1.22,1.19,1.19,3760000.0
UEMS,2018-01-26,1.19,1.21,1.16,1.16,2770000.0
UEMS,2018-01-29,1.16,1.17,1.13,1.16,4610000.0
UEMS,2018-01-30,1.16,1.16,1.12,1.13,3540000.0
UEMS,2018-02-02,1.13,1.15,1.12,1.13,5140000.0
UEMS,2018-02-05,1.11,1.13,1.1,1.13,3940000.0
UEMS,2018-02-06,1.09,1.09,1.06,1.09,4790000.0
UEMS,2018-02-07,1.1,1.12,1.06,1.08,2570000.0
UEMS,2018-02-08,1.08,1.11,1.08,1.1,2380000.0
UEMS,2018-02-09,1.06,1.14,1.05,1.12,4920000.0
UEMS,2018-02-12,1.12,1.13,1.08,1.09,1680000.0
UEMS,2018-02-13,1.1,1.11,1.08,1.08,816300.0
UEMS,2018-02-14,1.08,1.1,1.08,1.1,2220000.0
UEMS,2018-02-15,1.1,1.1,1.09,1.09,227700.0
UEMS,2018-02-19,1.11,1.12,1.1,1.12,1090000.0
UEMS,2018-02-20,1.11,1.13,1.11,1.12,986600.0
UEMS,2018-02-21,1.12,1.16,1.12,1.15,4220000.0
UEMS,2018-02-22,1.15,1.16,1.14,1.14,951100.0
UEMS,2018-02-23,1.15,1.16,1.13,1.15,564900.0
UEMS,2018-02-26,1.15,1.15,1.12,1.12,527700.0
UEMS,2018-02-27,1.12,1.14,1.11,1.13,671100.0
UEMS,2018-02-28,1.12,1.12,1.08,1.09,2080000.0
UEMS,2018-03-01,1.08,1.09,1.07,1.08,2190000.0
UEMS,2018-03-02,1.07,1.09,1.07,1.08,2069999.9999999998
UEMS,2018-03-05,1.09,1.09,1.01,1.03,5120000.0
UEMS,2018-03-06,1.04,1.05,1.03,1.04,3360000.0
UEMS,2018-03-07,1.04,1.04,0.975,0.985,5230000.0
UEMS,2018-03-08,0.985,1.01,0.985,0.995,2960000.0
UEMS,2018-03-09,1.0,1.01,0.97,0.975,2290000.0
UEMS,2018-03-12,0.985,1.02,0.985,1.0,1790000.0
UEMS,2018-03-13,0.995,1.0,0.98,0.995,2080000.0
UEMS,2018-03-14,0.985,1.0,0.985,1.0,1580000.0
UEMS,2018-03-15,0.995,1.01,0.985,1.0,3870000.0
UEMS,2018-03-16,1.01,1.03,0.99,1.0,3740000.0
UEMS,2018-03-19,1.0,1.01,0.995,0.995,522900.0
UEMS,2018-03-20,0.995,1.01,0.985,1.0,1570000.0
UEMS,2018-03-21,0.995,1.0,0.985,0.985,2520000.0
UEMS,2018-03-22,0.985,1.0,0.985,1.0,1320000.0
UEMS,2018-03-23,0.995,0.995,0.985,0.99,1350000.0
UEMS,2018-03-26,0.99,1.01,0.985,0.99,1010000.0
UEMS,2018-03-27,0.995,1.0,0.99,1.0,1190000.0
UEMS,2018-03-28,0.99,1.01,0.975,0.975,1940000.0
