UMWOG,2013-11-01,2.9287,3.1044,2.9287,3.0263,226755614
UMWOG,2013-11-04,3.0458,3.1337,3.0458,3.0947,27662927
UMWOG,2013-11-06,3.1142,3.1142,3.0654,3.0751,9832819
UMWOG,2013-11-07,3.0947,3.0947,3.0263,3.0556,9842345
UMWOG,2013-11-08,3.0458,3.0849,3.0361,3.0458,10577622
UMWOG,2013-11-11,3.0654,3.0849,3.0458,3.0654,9290324
UMWOG,2013-11-12,3.0654,3.2801,3.0361,3.2313,36136641
UMWOG,2013-11-13,3.2216,3.2606,3.1728,3.1825,7362604
UMWOG,2013-11-14,3.1728,3.3192,3.1728,3.3192,16920488
UMWOG,2013-11-15,3.3094,3.4461,3.3094,3.3387,16840281
UMWOG,2013-11-18,3.3680,3.4461,3.3192,3.3582,5823418
UMWOG,2013-11-19,3.3778,3.3973,3.3680,3.3875,7443425
UMWOG,2013-11-20,3.3778,3.4070,3.3485,3.3485,7585912
UMWOG,2013-11-21,3.3485,3.3485,3.2997,3.3094,4090529
UMWOG,2013-11-22,3.3192,3.3875,3.3192,3.3485,3307722
UMWOG,2013-11-25,3.3582,3.3778,3.3582,3.3582,2482303
UMWOG,2013-11-26,3.3582,3.3680,3.3387,3.3485,1254007
UMWOG,2013-11-27,3.3485,3.3485,3.3289,3.3387,5171831
UMWOG,2013-11-28,3.3387,3.3387,3.3192,3.3289,3295020
UMWOG,2013-11-29,3.3289,3.3485,3.2899,3.3192,4478449
UMWOG,2013-12-02,3.3192,3.3289,3.2997,3.2997,2592420
UMWOG,2013-12-03,3.2704,3.2997,3.2606,3.2899,3204980
UMWOG,2013-12-04,3.3094,3.3289,3.2801,3.3094,3625168
UMWOG,2013-12-05,3.3094,3.3192,3.2899,3.2997,2077787
UMWOG,2013-12-06,3.2899,3.3192,3.2899,3.3094,3053069
UMWOG,2013-12-09,3.3094,3.3680,3.3094,3.3387,2934655
UMWOG,2013-12-10,3.3680,3.8952,3.3582,3.6804,33961029
UMWOG,2013-12-11,3.8366,3.8854,3.6218,3.6218,10664897
UMWOG,2013-12-12,3.6316,3.7878,3.6316,3.6902,5974510
UMWOG,2013-12-13,3.6999,3.7780,3.6999,3.7487,6531755
UMWOG,2013-12-16,3.7585,3.7878,3.7097,3.7780,3285289
UMWOG,2013-12-17,3.7780,3.8854,3.7487,3.8073,6998346
UMWOG,2013-12-18,3.8171,4.0611,3.8073,3.9537,13801553
UMWOG,2013-12-19,3.9830,4.0806,3.9733,4.0221,4970649
UMWOG,2013-12-20,4.0221,4.0318,3.9147,3.9342,2706942
UMWOG,2013-12-23,3.9049,4.0026,3.8756,3.9635,2304168
UMWOG,2013-12-24,3.9635,3.9635,3.9049,3.9342,1618163
UMWOG,2013-12-26,3.9342,3.9440,3.9049,3.9147,2205114
UMWOG,2013-12-27,3.9147,4.0221,3.9147,3.9635,2817059
UMWOG,2013-12-30,3.9928,4.0318,3.9537,3.9928,1986518
UMWOG,2013-12-31,3.9928,4.0221,3.9147,3.9147,1742109
UMWOG,2014-01-02,3.9342,4.0221,3.9245,3.9635,6491703
UMWOG,2014-01-03,3.9830,3.9928,3.8073,3.8171,5006911
UMWOG,2014-01-06,3.8171,3.9147,3.8171,3.8561,3036987
UMWOG,2014-01-07,3.9049,3.9928,3.8854,3.9147,4771515
UMWOG,2014-01-08,3.9245,3.9635,3.9245,3.9245,2206036
UMWOG,2014-01-09,3.9342,4.0123,3.9147,3.9928,6651194
UMWOG,2014-01-10,3.9928,4.1295,3.9928,4.0416,8330408
UMWOG,2014-01-13,4.1099,4.1587,4.1099,4.1295,3864455
UMWOG,2014-01-15,4.1490,4.1685,4.0318,4.0611,3127130
UMWOG,2014-01-16,4.0514,4.1002,4.0416,4.0611,3201395
UMWOG,2014-01-20,4.0611,4.0904,4.0221,4.0709,3072942
UMWOG,2014-01-21,4.0709,4.1197,4.0709,4.1099,1326633
UMWOG,2014-01-22,4.0709,4.1197,4.0709,4.1002,1958451
UMWOG,2014-01-23,4.0806,4.1002,4.0709,4.0904,2567119
UMWOG,2014-01-24,4.0904,4.1783,4.0806,4.1783,2548373
UMWOG,2014-01-27,4.0709,4.0806,4.0026,4.0318,13206202
UMWOG,2014-01-28,4.0221,4.0904,4.0026,4.0806,5655528
UMWOG,2014-01-29,4.1002,4.1099,4.0709,4.0806,3193507
UMWOG,2014-01-30,4.0806,4.0806,4.0514,4.0709,2467142
UMWOG,2014-02-04,4.0709,4.0709,4.0026,4.0026,2403837
UMWOG,2014-02-05,4.0026,4.0318,4.0026,4.0123,3006257
UMWOG,2014-02-06,4.0123,4.0709,4.0026,4.0611,3193098
UMWOG,2014-02-07,4.0709,4.3540,4.0709,4.3247,12439682
UMWOG,2014-02-10,4.3247,4.5199,4.3247,4.4711,12048484
UMWOG,2014-02-11,4.4711,4.4711,4.3149,4.3149,2734190
UMWOG,2014-02-12,4.3442,4.4126,4.3442,4.3735,2589040
UMWOG,2014-02-13,4.4028,4.4711,4.2466,4.3247,4243976
UMWOG,2014-02-14,4.2857,4.3247,4.2661,4.2857,2097353
UMWOG,2014-02-17,4.3052,4.3345,4.2661,4.2857,1428658
UMWOG,2014-02-18,4.2954,4.2954,4.2466,4.2954,2976243
UMWOG,2014-02-19,4.2857,4.2954,4.2661,4.2857,972823
UMWOG,2014-02-20,4.2857,4.2857,4.2466,4.2564,575376
UMWOG,2014-02-21,4.2759,4.2857,4.1978,4.1978,1535293
UMWOG,2014-02-24,4.2173,4.2564,4.2173,4.2271,1979655
UMWOG,2014-02-25,4.2564,4.2661,4.1783,4.2076,1032953
UMWOG,2014-02-26,4.1978,4.2466,4.1002,4.1392,2884052
UMWOG,2014-02-27,4.1490,4.2173,4.1197,4.1295,2566709
UMWOG,2014-02-28,4.1392,4.1978,4.0806,4.1099,3766937
UMWOG,2014-03-03,4.1295,4.1490,4.0026,4.0416,5005989
UMWOG,2014-03-04,4.0416,4.1002,4.0416,4.1002,2694547
UMWOG,2014-03-05,4.1295,4.1783,4.1099,4.1099,4496580
UMWOG,2014-03-06,4.1295,4.1490,4.1197,4.1392,1415034
UMWOG,2014-03-07,4.1392,4.1392,4.1099,4.1197,1854377
UMWOG,2014-03-10,4.1490,4.1490,4.0709,4.0806,561855
UMWOG,2014-03-11,4.0904,4.0904,3.9830,4.0026,6713884
UMWOG,2014-03-12,4.0026,4.0318,3.9147,3.9147,7131511
UMWOG,2014-03-13,3.9342,4.0318,3.9147,3.9537,2296691
UMWOG,2014-03-14,4.0026,4.0026,3.8854,3.8952,4241723
UMWOG,2014-03-17,3.9245,4.0026,3.9049,4.0026,3567497
UMWOG,2014-03-18,4.0221,4.0221,3.9733,4.0026,3525191
UMWOG,2014-03-19,4.0221,4.0221,3.9928,4.0026,2663202
UMWOG,2014-03-20,3.9928,3.9928,3.9537,3.9928,1743338
UMWOG,2014-03-21,4.0026,4.0026,3.9537,3.9733,2653573
UMWOG,2014-03-24,3.9733,3.9733,3.9537,3.9537,2047774
UMWOG,2014-03-25,3.9537,3.9928,3.9342,3.9342,755662
UMWOG,2014-03-26,3.9342,3.9635,3.9245,3.9635,694201
UMWOG,2014-03-27,3.9733,3.9830,3.9537,3.9733,2171618
UMWOG,2014-03-28,3.9830,3.9928,3.9635,3.9830,1093799
UMWOG,2014-03-31,3.9537,4.0123,3.9537,3.9733,730463
UMWOG,2014-04-01,3.9635,4.0026,3.9635,3.9733,1357978
UMWOG,2014-04-02,4.0026,4.1002,3.9733,4.0806,2477795
UMWOG,2014-04-03,4.1002,4.1392,4.0026,4.0026,3327390
UMWOG,2014-04-04,4.0026,4.0806,4.0026,4.0611,1332882
UMWOG,2014-04-07,4.0514,4.0709,4.0318,4.0514,1688228
UMWOG,2014-04-08,4.0318,4.0514,3.9928,4.0026,1874250
UMWOG,2014-04-09,4.0123,4.0318,3.9342,3.9537,3699330
UMWOG,2014-04-10,3.9537,3.9830,3.9342,3.9537,2530344
UMWOG,2014-04-11,3.9537,3.9733,3.8659,3.8756,5462233
UMWOG,2014-04-14,3.8854,3.9049,3.8268,3.8366,4391482
UMWOG,2014-04-15,3.8366,3.8756,3.7683,3.7878,7446908
UMWOG,2014-04-16,3.7975,3.8073,3.7683,3.7780,4621244
UMWOG,2014-04-17,3.7878,3.7975,3.7097,3.7097,6327500
UMWOG,2014-04-18,3.7194,3.7585,3.7194,3.7390,3475818
UMWOG,2014-04-21,3.7683,3.8268,3.7683,3.8073,3242983
UMWOG,2014-04-22,3.8366,3.9635,3.8268,3.9440,4173194
UMWOG,2014-04-23,3.9928,4.0026,3.9342,3.9635,2515696
UMWOG,2014-04-24,3.9830,3.9928,3.9635,3.9928,2013868
UMWOG,2014-04-25,3.9928,3.9928,3.9245,3.9342,1674604
UMWOG,2014-04-28,3.9537,3.9635,3.9147,3.9537,1766181
UMWOG,2014-04-29,3.9733,3.9733,3.8756,3.8756,5650406
UMWOG,2014-04-30,3.8854,3.9342,3.8756,3.9342,6874604
UMWOG,2014-05-02,3.9342,4.0709,3.9342,4.0318,12200292
UMWOG,2014-05-05,4.0318,4.1587,4.0318,4.1002,7747656
UMWOG,2014-05-06,4.1099,4.1099,4.0611,4.0904,3383934
UMWOG,2014-05-07,4.1002,4.1002,4.0416,4.0611,2416539
UMWOG,2014-05-08,4.0514,4.0904,4.0416,4.0806,4177803
UMWOG,2014-05-09,4.0904,4.0904,4.0318,4.0514,2942542
UMWOG,2014-05-12,4.0416,4.0611,4.0123,4.0514,2057813
UMWOG,2014-05-14,4.0709,4.0709,4.0416,4.0514,3836491
UMWOG,2014-05-15,3.9928,4.0318,3.9537,3.9928,5409992
UMWOG,2014-05-16,4.0123,4.0123,3.9733,3.9830,3142700
UMWOG,2014-05-19,3.9830,3.9830,3.9049,3.9245,6328012
UMWOG,2014-05-20,3.9342,3.9537,3.8952,3.9049,3759972
UMWOG,2014-05-21,3.9049,3.9245,3.8952,3.8952,4491561
UMWOG,2014-05-22,3.9049,3.9049,3.8854,3.8952,4125049
UMWOG,2014-05-23,3.8854,3.9049,3.8854,3.9049,2576952
UMWOG,2014-05-26,3.9049,3.9342,3.8756,3.8756,4641833
UMWOG,2014-05-27,3.8854,3.9049,3.8854,3.8952,2565275
UMWOG,2014-05-28,3.9049,3.9049,3.8756,3.8952,2468167
UMWOG,2014-05-29,3.8854,3.9049,3.8854,3.9049,3952344
UMWOG,2014-05-30,3.8854,3.9440,3.8854,3.9245,5466433
UMWOG,2014-06-02,3.9245,3.9537,3.9147,3.9245,2976653
UMWOG,2014-06-03,3.9245,3.9635,3.9245,3.9440,3903278
UMWOG,2014-06-04,3.9440,3.9440,3.9147,3.9342,3741534
UMWOG,2014-06-05,3.9440,3.9635,3.9342,3.9440,4044126
UMWOG,2014-06-06,3.9245,3.9635,3.9245,3.9635,1426609
UMWOG,2014-06-09,3.9635,3.9733,3.9342,3.9440,3535127
UMWOG,2014-06-10,3.9635,3.9635,3.9245,3.9537,1951076
UMWOG,2014-06-11,3.9147,3.9635,3.9147,3.9635,2026980
UMWOG,2014-06-12,3.9635,3.9733,3.9342,3.9537,2153794
UMWOG,2014-06-13,3.9440,3.9830,3.9440,3.9830,2744331
UMWOG,2014-06-16,3.9537,3.9635,3.9147,3.9440,1495343
UMWOG,2014-06-17,3.9440,3.9635,3.9440,3.9537,1894634
UMWOG,2014-06-18,3.9537,4.0026,3.9537,3.9733,3264802
UMWOG,2014-06-19,4.0026,4.1197,3.9733,4.1099,6331905
UMWOG,2014-06-20,4.1099,4.1685,4.0709,4.1587,8883965
UMWOG,2014-06-23,4.1587,4.1587,4.0904,4.1002,3366315
UMWOG,2014-06-24,4.1002,4.1099,4.0904,4.1002,2972760
UMWOG,2014-06-25,4.1002,4.1002,4.0514,4.1002,3309259
UMWOG,2014-06-26,4.0709,4.0904,4.0611,4.0709,1431219
UMWOG,2014-06-27,4.0611,4.0611,4.0514,4.0611,617170
UMWOG,2014-06-30,4.0514,4.0806,4.0514,4.0611,2659617
UMWOG,2014-07-01,4.0416,4.0709,4.0416,4.0611,3487188
UMWOG,2014-07-02,4.0514,4.0611,4.0416,4.0514,3676487
UMWOG,2014-07-03,4.0611,4.0904,4.0514,4.0806,4937562
UMWOG,2014-07-04,4.1002,4.1197,4.1002,4.1197,4249200
UMWOG,2014-07-07,4.1197,4.1197,4.1002,4.1099,2868277
UMWOG,2014-07-08,4.0514,4.0904,4.0514,4.0806,2866740
UMWOG,2014-07-09,4.0709,4.0806,4.0611,4.0611,1814325
UMWOG,2014-07-10,4.0806,4.1099,4.0611,4.0611,2568348
UMWOG,2014-07-11,4.0709,4.1197,4.0611,4.0806,4230352
UMWOG,2014-07-14,4.0611,4.0806,4.0611,4.0806,2044189
UMWOG,2014-07-16,4.0806,4.0806,4.0611,4.0709,2729170
UMWOG,2014-07-17,4.0709,4.0904,4.0514,4.0611,1455599
UMWOG,2014-07-18,4.0611,4.0611,4.0026,4.0123,2470932
UMWOG,2014-07-21,4.0026,4.0123,3.9830,4.0026,3598125
UMWOG,2014-07-22,4.0026,4.0026,3.9830,4.0026,2264731
UMWOG,2014-07-23,4.0026,4.0026,3.9635,3.9635,2447782
UMWOG,2014-07-24,3.9635,3.9928,3.9635,3.9733,3757308
UMWOG,2014-07-25,3.9830,4.0026,3.9635,4.0026,3325853
UMWOG,2014-07-30,3.9733,3.9928,3.9635,3.9733,1472295
UMWOG,2014-07-31,3.9830,3.9830,3.9635,3.9733,1186707
UMWOG,2014-08-01,3.9537,3.9635,3.9342,3.9440,3916902
UMWOG,2014-08-04,3.9245,3.9440,3.9245,3.9342,2559129
UMWOG,2014-08-05,3.9440,3.9440,3.9147,3.9147,3843149
UMWOG,2014-08-06,3.9245,3.9342,3.8952,3.8952,2051871
UMWOG,2014-08-07,3.9049,3.9049,3.8952,3.8952,1618470
UMWOG,2014-08-08,3.9049,3.9147,3.8952,3.8952,3163904
UMWOG,2014-08-11,3.8952,4.0026,3.8952,3.9537,5303664
UMWOG,2014-08-12,3.9537,3.9733,3.8952,3.9733,2658798
UMWOG,2014-08-13,3.9635,3.9733,3.9245,3.9537,1584564
UMWOG,2014-08-14,3.9537,3.9733,3.9342,3.9635,2378638
UMWOG,2014-08-15,3.9635,3.9635,3.9342,3.9537,1701852
UMWOG,2014-08-18,3.9440,3.9830,3.9342,3.9537,1616728
UMWOG,2014-08-19,3.9537,3.9733,3.9440,3.9635,3070278
UMWOG,2014-08-20,3.9537,3.9635,3.9440,3.9537,3510441
UMWOG,2014-08-21,3.9537,3.9537,3.9342,3.9440,1480695
UMWOG,2014-08-22,3.9537,3.9537,3.9440,3.9537,3278938
UMWOG,2014-08-25,3.9537,3.9537,3.9147,3.9147,343669
UMWOG,2014-08-26,3.9245,3.9245,3.8952,3.9049,2877598
UMWOG,2014-08-27,3.9049,3.9049,3.8854,3.8854,3705374
UMWOG,2014-08-28,3.8854,3.8952,3.8854,3.8952,2545505
UMWOG,2014-08-29,3.8952,3.8952,3.8464,3.8464,519344
UMWOG,2014-09-02,3.8464,3.8464,3.7878,3.7878,2238713
UMWOG,2014-09-03,3.7878,3.8171,3.7878,3.7975,2920109
UMWOG,2014-09-04,3.7975,3.8073,3.7878,3.7975,2341557
UMWOG,2014-09-05,3.8756,3.8756,3.7390,3.7585,5579316
UMWOG,2014-09-08,3.7683,3.7975,3.7683,3.7975,680577
UMWOG,2014-09-09,3.8171,3.8464,3.8171,3.8464,5058538
UMWOG,2014-09-10,3.8464,3.8464,3.8073,3.8171,4396297
UMWOG,2014-09-11,3.8268,3.8366,3.7878,3.8073,3212150
UMWOG,2014-09-12,3.8073,3.8171,3.7292,3.7390,4720605
UMWOG,2014-09-15,3.7390,3.7683,3.7194,3.7292,1620211
UMWOG,2014-09-17,3.7390,3.7390,3.7194,3.7292,3403806
UMWOG,2014-09-18,3.7292,3.7390,3.7194,3.7194,4987346
UMWOG,2014-09-19,3.7292,3.8268,3.7292,3.8073,1067678
UMWOG,2014-09-22,3.8171,3.8171,3.7487,3.7585,1797731
UMWOG,2014-09-23,3.7585,3.7585,3.7194,3.7585,2632267
UMWOG,2014-09-24,3.7585,3.7780,3.7292,3.7780,1035206
UMWOG,2014-09-25,3.7780,3.7975,3.7683,3.7878,776251
UMWOG,2014-09-26,3.7878,3.8073,3.7683,3.8073,2069798
UMWOG,2014-09-29,3.7975,3.8073,3.7878,3.7975,4058057
UMWOG,2014-09-30,3.7975,3.8073,3.7878,3.7878,3934316
UMWOG,2014-10-01,3.7878,3.7975,3.7683,3.7683,3384856
UMWOG,2014-10-02,3.7487,3.7585,3.6120,3.6413,6436081
UMWOG,2014-10-03,3.6413,3.6413,3.4949,3.4949,7394051
UMWOG,2014-10-07,3.4949,3.5437,3.4168,3.4266,6334363
UMWOG,2014-10-08,3.4168,3.4168,3.2801,3.3192,8932929
UMWOG,2014-10-09,3.3289,3.3485,3.3094,3.3094,7018628
UMWOG,2014-10-10,3.2508,3.2508,3.1630,3.2020,8881814
UMWOG,2014-10-13,3.2020,3.2020,3.0068,3.0263,8006919
UMWOG,2014-10-14,3.0263,3.2997,2.9677,3.2020,7899669
UMWOG,2014-10-15,3.2313,3.2704,3.1435,3.1532,5539776
UMWOG,2014-10-16,3.1337,3.2216,3.0751,3.1630,3226389
UMWOG,2014-10-17,3.2216,3.3387,3.2216,3.2997,5549815
UMWOG,2014-10-20,3.2997,3.3973,3.2997,3.3778,6820519
UMWOG,2014-10-21,3.3875,3.4266,3.3680,3.3973,4402853
UMWOG,2014-10-24,3.3680,3.4168,3.3680,3.3680,3802482
UMWOG,2014-10-27,3.3582,3.3680,3.3192,3.3289,1310551
UMWOG,2014-10-28,3.3192,3.3192,3.1825,3.1825,9005351
UMWOG,2014-10-29,3.2020,3.2704,3.2020,3.2020,4457245
UMWOG,2014-10-30,3.2118,3.2216,3.1435,3.1728,8411024
UMWOG,2014-10-31,3.1825,3.2118,3.1825,3.1923,1423844
UMWOG,2014-11-03,3.2118,3.2216,3.1728,3.1923,1838807
UMWOG,2014-11-04,3.1923,3.1923,3.1337,3.1728,4286794
UMWOG,2014-11-05,3.1728,3.1728,3.1239,3.1435,2713293
UMWOG,2014-11-06,3.1630,3.1825,3.1630,3.1728,2728453
UMWOG,2014-11-07,3.1630,3.1728,3.1044,3.1239,4127508
UMWOG,2014-11-10,3.1239,3.1532,3.1239,3.1435,4060003
UMWOG,2014-11-11,3.1435,3.1532,3.1142,3.1435,2670578
UMWOG,2014-11-12,3.1435,3.1630,3.1337,3.1532,2177149
UMWOG,2014-11-13,3.1435,3.1532,3.1337,3.1435,3617895
UMWOG,2014-11-14,3.1337,3.1337,2.9677,3.0068,6682027
UMWOG,2014-11-17,3.0166,3.0361,2.9970,3.0068,1043196
UMWOG,2014-11-18,3.0068,3.0361,3.0068,3.0263,1384918
UMWOG,2014-11-19,3.0263,3.0556,3.0166,3.0556,1635269
UMWOG,2014-11-20,3.0556,3.0556,3.0166,3.0263,2469908
UMWOG,2014-11-21,3.0166,3.0458,3.0068,3.0068,332811
UMWOG,2014-11-24,3.0263,3.0947,3.0263,3.0654,314782
UMWOG,2014-11-25,3.0849,3.1728,3.0654,3.1435,1059176
UMWOG,2014-11-26,3.1435,3.1435,3.1239,3.1239,143409
UMWOG,2014-11-27,3.1239,3.1239,3.0849,3.1142,469049
UMWOG,2014-11-28,3.0751,3.0751,2.7432,2.7627,13899173
UMWOG,2014-12-01,2.7530,2.7530,2.2453,2.2746,15960673
UMWOG,2014-12-02,2.4015,2.4992,2.3430,2.4211,13820196
UMWOG,2014-12-03,2.4308,2.4894,2.4211,2.4601,5541620
UMWOG,2014-12-04,2.4601,2.5480,2.4503,2.4992,4617351
UMWOG,2014-12-05,2.4894,2.5187,2.4406,2.4406,3069356
UMWOG,2014-12-08,2.4601,2.4796,2.4308,2.4406,4715279
UMWOG,2014-12-09,2.4211,2.4211,2.3722,2.3918,5053518
UMWOG,2014-12-10,2.3722,2.4113,2.3625,2.3918,3912497
UMWOG,2014-12-11,2.3625,2.3625,2.2746,2.3527,5241384
UMWOG,2014-12-12,2.3234,2.3234,2.0598,2.1477,10580286
UMWOG,2014-12-15,2.0403,2.0403,1.9427,1.9525,18464282
UMWOG,2014-12-16,1.9525,1.9817,1.8646,1.9134,8259728
UMWOG,2014-12-17,1.9232,2.0208,1.9232,1.9622,8795257
UMWOG,2014-12-18,2.0208,2.1087,2.0208,2.0794,11766481
UMWOG,2014-12-19,2.0891,2.1282,2.0208,2.0501,8331534
UMWOG,2014-12-22,2.0989,2.2941,2.0891,2.2941,9985652
UMWOG,2014-12-23,2.2649,2.2649,2.1672,2.2063,10026933
UMWOG,2014-12-24,2.2160,2.2746,2.2160,2.2453,1406737
UMWOG,2014-12-26,2.2453,2.2844,2.2160,2.2551,2184422
UMWOG,2014-12-29,2.2649,2.3234,2.2453,2.3039,5614656
UMWOG,2014-12-30,2.2941,2.3039,2.2649,2.2746,7762714
UMWOG,2014-12-31,2.2844,2.3137,2.2746,2.2941,10744796
UMWOG,2015-01-02,2.2746,2.3332,2.2453,2.3332,634481
UMWOG,2015-01-05,2.3332,2.3430,2.2844,2.3332,1517572
UMWOG,2015-01-06,2.2649,2.2649,2.1672,2.1672,8634639
UMWOG,2015-01-07,2.1672,2.2258,2.1282,2.1965,3628548
UMWOG,2015-01-08,2.2160,2.3527,2.2160,2.3527,3062083
UMWOG,2015-01-09,2.3625,2.4699,2.3625,2.4503,5543054
UMWOG,2015-01-12,2.4406,2.5480,2.3625,2.4699,3124569
UMWOG,2015-01-13,2.4406,2.5284,2.4406,2.4796,4514916
UMWOG,2015-01-14,2.4796,2.4894,2.4601,2.4699,3440068
UMWOG,2015-01-15,2.5187,2.5870,2.5187,2.5480,1056103
UMWOG,2015-01-16,2.5480,2.5870,2.5089,2.5382,347664
UMWOG,2015-01-19,2.5675,2.7042,2.5675,2.6846,4792822
UMWOG,2015-01-20,2.6846,2.7042,2.6358,2.6456,1700827
UMWOG,2015-01-21,2.6358,2.6358,2.6065,2.6358,2229493
UMWOG,2015-01-22,2.6553,2.7139,2.6456,2.6846,6163912
UMWOG,2015-01-23,2.6749,2.7334,2.6358,2.6651,3905634
UMWOG,2015-01-26,2.6651,2.6651,2.6065,2.6261,4694382
UMWOG,2015-01-27,2.6065,2.6456,2.6065,2.6358,4071681
UMWOG,2015-01-28,2.6651,2.6651,2.6163,2.6358,1414010
UMWOG,2015-01-29,2.6261,2.6651,2.6163,2.6651,2005776
UMWOG,2015-01-30,2.6749,2.6749,2.6261,2.6358,5311654
UMWOG,2015-02-04,2.7237,2.7920,2.5968,2.5968,2492956
UMWOG,2015-02-05,2.6065,2.6553,2.6065,2.6261,674636
UMWOG,2015-02-06,2.6553,2.6749,2.6456,2.6456,806367
UMWOG,2015-02-09,2.6749,2.6846,2.6261,2.6261,519959
UMWOG,2015-02-10,2.6358,2.6553,2.5968,2.6065,3187976
UMWOG,2015-02-11,2.6065,2.6358,2.5772,2.5870,1589993
UMWOG,2015-02-12,2.5870,2.5870,2.5284,2.5284,1111725
UMWOG,2015-02-13,2.5675,2.6944,2.5675,2.6651,3290206
UMWOG,2015-02-16,2.6846,2.7627,2.6846,2.6944,2924001
UMWOG,2015-02-17,2.6944,2.7237,2.6944,2.7139,600473
UMWOG,2015-02-18,2.7139,2.7725,2.7139,2.7530,638783
UMWOG,2015-02-23,2.7334,2.7432,2.7139,2.7237,318675
UMWOG,2015-02-24,2.7334,2.7530,2.6163,2.6163,5204200
UMWOG,2015-02-25,2.6358,2.6553,2.5870,2.5870,2959854
UMWOG,2015-02-26,2.5968,2.6846,2.5968,2.6358,2788378
UMWOG,2015-02-27,2.6261,2.6651,2.6261,2.6456,252707
UMWOG,2015-03-02,2.6651,2.6651,2.6163,2.6261,1115822
UMWOG,2015-03-03,2.6163,2.6261,2.5577,2.5577,798991
UMWOG,2015-03-04,2.5772,2.6065,2.5382,2.5382,554889
UMWOG,2015-03-05,2.5480,2.5480,2.4894,2.5089,648310
UMWOG,2015-03-06,2.5089,2.5577,2.4894,2.4894,998432
UMWOG,2015-03-09,2.4894,2.4894,2.4308,2.4406,871720
UMWOG,2015-03-10,2.4406,2.4601,2.3430,2.4015,1722134
UMWOG,2015-03-11,2.3918,2.4113,2.3820,2.4015,160823
UMWOG,2015-03-12,2.4015,2.4113,2.3722,2.3918,2361737
UMWOG,2015-03-13,2.3722,2.3722,2.0891,2.0891,31566001
UMWOG,2015-03-16,2.0696,2.1282,2.0403,2.0598,8145513
UMWOG,2015-03-17,2.0598,2.1380,2.0403,2.1184,5207888
UMWOG,2015-03-18,2.1087,2.1282,2.0794,2.0794,1456213
UMWOG,2015-03-19,2.1184,2.1282,2.0794,2.1184,3699433
UMWOG,2015-03-20,2.0891,2.1087,2.0891,2.0891,585722
UMWOG,2015-03-23,2.1087,2.1282,2.0891,2.1087,790387
UMWOG,2015-03-24,2.0891,2.1184,2.0696,2.0696,533173
UMWOG,2015-03-25,2.0794,2.1184,2.0794,2.0891,1944110
UMWOG,2015-03-26,2.1087,2.2551,2.0989,2.2160,7584785
UMWOG,2015-03-27,2.2649,2.2746,2.1380,2.1477,4508873
UMWOG,2015-03-30,2.1380,2.1672,2.1282,2.1477,402261
UMWOG,2015-03-31,2.1575,2.2453,2.1477,2.2453,2324143
UMWOG,2015-04-01,2.1868,2.1868,2.1380,2.1575,949571
UMWOG,2015-04-02,2.1672,2.2063,2.1477,2.1477,875715
UMWOG,2015-04-03,2.1672,2.1672,2.1380,2.1575,2201938
UMWOG,2015-04-06,2.1575,2.2356,2.1575,2.2356,1105784
UMWOG,2015-04-07,2.2453,2.3039,2.2453,2.2844,6556647
UMWOG,2015-04-08,2.2941,2.3332,2.2941,2.3039,2276613
UMWOG,2015-04-09,2.2941,2.3039,2.2649,2.2941,1178717
UMWOG,2015-04-10,2.2649,2.3430,2.2649,2.3234,1823647
UMWOG,2015-04-13,2.3234,2.3430,2.2453,2.2551,2108825
UMWOG,2015-04-14,2.2551,2.2941,2.2453,2.2746,457371
UMWOG,2015-04-15,2.2941,2.3918,2.2844,2.3820,4216114
UMWOG,2015-04-16,2.4308,2.4601,2.3527,2.3918,3636743
UMWOG,2015-04-17,2.3918,2.4113,2.3332,2.3430,2099094
UMWOG,2015-04-20,2.3430,2.3527,2.2746,2.2746,2559743
UMWOG,2015-04-21,2.2941,2.3137,2.2844,2.2941,1985391
UMWOG,2015-04-22,2.2844,2.3234,2.2649,2.2746,5429761
UMWOG,2015-04-23,2.2844,2.2844,2.1477,2.1477,8693949
UMWOG,2015-04-24,2.1868,2.2160,2.1770,2.2160,2663817
UMWOG,2015-04-27,2.2160,2.2258,2.1575,2.1575,2531779
UMWOG,2015-04-28,2.1770,2.1770,2.1087,2.1184,2925743
UMWOG,2015-04-29,2.1282,2.1380,2.0989,2.1184,1802135
UMWOG,2015-04-30,2.1380,2.1575,2.1282,2.1380,793562
UMWOG,2015-05-05,2.1380,2.1672,2.1184,2.1184,1049547
UMWOG,2015-05-06,2.1672,2.1672,2.0989,2.1087,3368773
UMWOG,2015-05-07,2.1184,2.1282,2.0989,2.1087,1705744
UMWOG,2015-05-08,2.0989,2.1282,2.0989,2.1184,433709
UMWOG,2015-05-11,2.1282,2.1282,2.0696,2.0794,1411039
UMWOG,2015-05-12,2.0794,2.0794,2.0403,2.0501,1979553
UMWOG,2015-05-13,2.0794,2.0891,2.0501,2.0501,1241100
UMWOG,2015-05-14,2.0696,2.0696,2.0110,2.0208,1791790
UMWOG,2015-05-15,2.0110,2.0208,1.9817,2.0110,1415444
UMWOG,2015-05-18,2.0208,2.0208,1.9817,2.0110,1266197
UMWOG,2015-05-19,2.0110,2.0110,1.9622,1.9915,2490702
UMWOG,2015-05-20,1.9720,1.9915,1.9720,1.9817,644315
UMWOG,2015-05-21,1.9817,2.0110,1.9817,2.0013,773383
UMWOG,2015-05-22,2.0013,2.0110,1.9720,2.0110,820708
UMWOG,2015-05-25,1.9817,1.9817,1.9525,1.9622,721960
UMWOG,2015-05-26,1.9622,1.9817,1.9427,1.9525,670231
UMWOG,2015-05-27,1.9427,1.9525,1.9134,1.9329,760066
UMWOG,2015-05-28,1.9329,1.9622,1.9329,1.9427,322772
UMWOG,2015-05-29,1.9427,1.9427,1.9134,1.9329,615326
UMWOG,2015-06-01,1.9525,1.9525,1.9329,1.9525,165227
UMWOG,2015-06-02,1.9525,2.0110,1.9427,1.9525,2320763
UMWOG,2015-06-03,1.9622,1.9720,1.9037,1.9427,1627279
UMWOG,2015-06-04,1.9427,1.9427,1.9037,1.9134,986550
UMWOG,2015-06-05,1.9134,1.9134,1.8744,1.8841,1386865
UMWOG,2015-06-08,1.9037,1.9037,1.8353,1.8548,1002734
UMWOG,2015-06-09,1.8744,1.8744,1.8353,1.8548,750028
UMWOG,2015-06-10,1.8548,1.8841,1.8451,1.8646,1019021
UMWOG,2015-06-11,1.8646,1.8646,1.7767,1.7865,1386660
UMWOG,2015-06-12,1.7865,1.8060,1.7572,1.7670,804113
UMWOG,2015-06-15,1.7670,1.7670,1.6596,1.6693,2209928
UMWOG,2015-06-16,1.6693,1.6986,1.6498,1.6791,1083555
UMWOG,2015-06-17,1.6791,1.6986,1.6010,1.6205,2537105
UMWOG,2015-06-18,1.6205,1.6791,1.6108,1.6596,1191829
UMWOG,2015-06-19,1.6791,1.7474,1.6401,1.6596,2920519
UMWOG,2015-06-22,1.6986,1.7084,1.6693,1.6791,527847
UMWOG,2015-06-23,1.6791,1.6986,1.6693,1.6986,815586
UMWOG,2015-06-24,1.6889,1.7767,1.6889,1.7670,1488275
UMWOG,2015-06-25,1.7572,1.7572,1.6889,1.6986,747774
UMWOG,2015-06-26,1.7279,1.7279,1.6693,1.6889,834844
UMWOG,2015-06-29,1.6791,1.6791,1.6205,1.6303,718478
UMWOG,2015-06-30,1.6303,1.6889,1.6303,1.6693,1856733
UMWOG,2015-07-01,1.6791,1.7182,1.6693,1.6986,957663
UMWOG,2015-07-02,1.6986,1.6986,1.6498,1.6693,910953
UMWOG,2015-07-03,1.6791,1.6791,1.6498,1.6596,253526
UMWOG,2015-07-06,1.6498,1.6596,1.6108,1.6401,794587
UMWOG,2015-07-07,1.6498,1.6498,1.6010,1.6010,737121
UMWOG,2015-07-08,1.6010,1.6010,1.5132,1.5327,1611709
UMWOG,2015-07-09,1.5327,1.5522,1.5229,1.5522,1410630
UMWOG,2015-07-10,1.5620,1.5815,1.5229,1.5522,840580
UMWOG,2015-07-13,1.5522,1.5522,1.5327,1.5522,462493
UMWOG,2015-07-14,1.5620,1.5620,1.5132,1.5132,987062
UMWOG,2015-07-15,1.5132,1.5327,1.4741,1.4839,1835427
UMWOG,2015-07-16,1.4839,1.5132,1.4839,1.4936,567591
UMWOG,2015-07-20,1.5034,1.5034,1.4741,1.4936,869774
UMWOG,2015-07-21,1.4936,1.5034,1.4644,1.4936,608155
UMWOG,2015-07-22,1.4839,1.5034,1.4839,1.4839,665724
UMWOG,2015-07-23,1.4839,1.4839,1.4741,1.4839,606414
UMWOG,2015-07-24,1.4741,1.4839,1.4644,1.4741,1147987
UMWOG,2015-07-27,1.4644,1.4644,1.4253,1.4448,880837
UMWOG,2015-07-28,1.4253,1.4351,1.3765,1.3960,1285659
UMWOG,2015-07-29,1.3960,1.3960,1.3374,1.3570,2345654
UMWOG,2015-07-30,1.3570,1.3765,1.3472,1.3472,1851714
UMWOG,2015-07-31,1.3667,1.3862,1.3374,1.3472,1355417
UMWOG,2015-08-03,1.3472,1.3472,1.3277,1.3277,563391
UMWOG,2015-08-04,1.3374,1.3374,1.2593,1.2593,1637215
UMWOG,2015-08-05,1.2691,1.2984,1.2496,1.2593,1703388
UMWOG,2015-08-06,1.2691,1.2691,1.2203,1.2203,1237105
UMWOG,2015-08-07,1.2105,1.2301,1.2008,1.2301,829210
UMWOG,2015-08-10,1.2105,1.2105,1.1715,1.1715,1005295
UMWOG,2015-08-11,1.1812,1.2203,1.1129,1.1324,3606422
UMWOG,2015-08-12,1.1227,1.1324,1.0055,1.0055,6311930
UMWOG,2015-08-13,1.0348,1.0934,1.0250,1.0934,3157758
UMWOG,2015-08-14,1.0934,1.0934,0.9762,1.0055,11457128
UMWOG,2015-08-17,1.0153,1.0153,0.9518,0.9714,7829092
UMWOG,2015-08-18,0.9762,0.9860,0.9372,0.9421,5584950
UMWOG,2015-08-19,0.9518,0.9665,0.9518,0.9665,5748026
UMWOG,2015-08-20,0.9518,0.9518,0.9421,0.9421,2300071
UMWOG,2015-08-21,0.9421,0.9518,0.9323,0.9372,1520337
UMWOG,2015-08-24,0.9274,0.9274,0.8786,0.8786,3019061
UMWOG,2015-08-25,0.8689,0.9079,0.8396,0.8884,1955275
UMWOG,2015-08-26,0.8786,0.9323,0.8737,0.9079,1798140
UMWOG,2015-08-27,0.9274,0.9762,0.9079,0.9616,3034426
UMWOG,2015-08-28,1.0153,1.0348,0.9665,0.9762,5384588
UMWOG,2015-09-01,1.0348,1.0543,0.9958,0.9958,3794902
UMWOG,2015-09-02,0.9762,1.0055,0.9714,0.9860,2033945
UMWOG,2015-09-03,1.0055,1.0836,1.0055,1.0543,4308613
UMWOG,2015-09-04,1.0446,1.0641,1.0153,1.0348,4311686
UMWOG,2015-09-07,1.0153,1.0250,0.9762,0.9762,2926767
UMWOG,2015-09-08,0.9714,1.0153,0.9714,1.0055,1021480
UMWOG,2015-09-09,1.0153,1.0446,1.0153,1.0348,2556670
UMWOG,2015-09-10,1.0153,1.0250,1.0055,1.0153,1672658
UMWOG,2015-09-11,1.0153,1.0641,1.0153,1.0250,4843732
UMWOG,2015-09-14,1.0153,1.0738,1.0153,1.0543,4650130
UMWOG,2015-09-15,1.0836,1.1520,1.0738,1.1324,10581720
UMWOG,2015-09-17,1.2008,1.2886,1.1715,1.2398,13615531
UMWOG,2015-09-18,1.2593,1.3081,1.2203,1.2886,9615555
UMWOG,2015-09-21,1.2593,1.2886,1.1910,1.2301,5076464
UMWOG,2015-09-22,1.2301,1.2691,1.2105,1.2593,3957671
UMWOG,2015-09-23,1.2593,1.2691,1.2301,1.2691,2447372
UMWOG,2015-09-25,1.2496,1.2789,1.2398,1.2691,2230620
UMWOG,2015-09-28,1.2691,1.2691,1.2105,1.2203,2413364
UMWOG,2015-09-29,1.2008,1.2008,1.1324,1.1422,4735356
UMWOG,2015-09-30,1.1422,1.1617,1.1227,1.1422,3769703
UMWOG,2015-10-01,1.1422,1.1617,1.1227,1.1422,1772224
UMWOG,2015-10-02,1.1422,1.1422,1.1031,1.1227,2596108
UMWOG,2015-10-05,1.1324,1.1422,1.1031,1.1227,3306698
UMWOG,2015-10-06,1.1324,1.1422,1.1031,1.1031,4084997
UMWOG,2015-10-07,1.1324,1.2789,1.1324,1.2789,12048688
UMWOG,2015-10-08,1.2886,1.3179,1.2398,1.2886,10374699
UMWOG,2015-10-09,1.3374,1.3960,1.3277,1.3472,9953077
UMWOG,2015-10-12,1.3570,1.4058,1.3570,1.3960,4008786
UMWOG,2015-10-13,1.3667,1.3765,1.3472,1.3667,2708069
UMWOG,2015-10-15,1.3374,1.3862,1.3374,1.3472,4014010
UMWOG,2015-10-16,1.3570,1.3667,1.3179,1.3472,3065566
UMWOG,2015-10-19,1.3570,1.3667,1.3179,1.3277,4233938
UMWOG,2015-10-20,1.3179,1.3179,1.2301,1.2398,3820613
UMWOG,2015-10-21,1.2398,1.2496,1.1910,1.2008,6442739
UMWOG,2015-10-22,1.2105,1.2301,1.1910,1.2203,2477488
UMWOG,2015-10-23,1.2398,1.2398,1.2105,1.2105,3105311
UMWOG,2015-10-26,1.2203,1.2301,1.1520,1.1617,4949240
UMWOG,2015-10-27,1.1617,1.2301,1.1324,1.1617,2657466
UMWOG,2015-10-28,1.1520,1.1617,1.1324,1.1422,3223213
UMWOG,2015-10-29,1.2203,1.2203,1.1617,1.1812,5099512
UMWOG,2015-10-30,1.1812,1.1812,1.1617,1.1812,2100733
UMWOG,2015-11-02,1.1910,1.1910,1.1715,1.1715,1440336
UMWOG,2015-11-03,1.1812,1.1910,1.1715,1.1910,1869333
UMWOG,2015-11-04,1.2105,1.2398,1.2105,1.2203,4199519
UMWOG,2015-11-05,1.2105,1.2203,1.2008,1.2203,1232803
UMWOG,2015-11-06,1.2105,1.2203,1.2008,1.2203,919762
UMWOG,2015-11-09,1.2008,1.2398,1.2008,1.2105,2199480
UMWOG,2015-11-11,1.2105,1.2203,1.1812,1.1812,1746923
UMWOG,2015-11-12,1.1715,1.1812,1.1617,1.1812,1301434
UMWOG,2015-11-13,1.1520,1.2008,1.1520,1.2008,2627350
UMWOG,2015-11-16,1.1812,1.1910,1.1617,1.1910,1488173
UMWOG,2015-11-17,1.1910,1.2008,1.1715,1.1812,1287913
UMWOG,2015-11-18,1.1910,1.1910,1.1617,1.1617,1126475
UMWOG,2015-11-19,1.1812,1.1910,1.1520,1.1715,1364841
UMWOG,2015-11-20,1.1715,1.1715,1.1324,1.1422,1950461
UMWOG,2015-11-23,1.1422,1.1617,1.1324,1.1324,3394484
UMWOG,2015-11-24,1.1617,1.1910,1.1422,1.1812,1414010
UMWOG,2015-11-25,1.1715,1.2008,1.1617,1.1910,2341762
UMWOG,2015-11-26,1.1910,1.2203,1.1910,1.2105,1453447
UMWOG,2015-11-27,1.2105,1.2105,1.1910,1.2008,1256056
UMWOG,2015-11-30,1.2008,1.2105,1.1324,1.1324,6242274
UMWOG,2015-12-01,1.1422,1.2008,1.1324,1.1520,2781412
UMWOG,2015-12-02,1.1715,1.1812,1.1520,1.1520,654354
UMWOG,2015-12-03,1.1520,1.1617,1.1422,1.1520,948137
UMWOG,2015-12-04,1.1520,1.1715,1.1422,1.1715,1651659
UMWOG,2015-12-07,1.1520,1.1617,1.1422,1.1422,1009905
UMWOG,2015-12-08,1.1324,1.1422,1.1227,1.1324,2650296
UMWOG,2015-12-09,1.1324,1.1422,1.1129,1.1324,1001095
UMWOG,2015-12-10,1.1227,1.1324,1.1031,1.1031,883705
UMWOG,2015-12-11,1.1129,1.1129,1.0543,1.0738,2961493
UMWOG,2015-12-14,1.0543,1.0543,1.0250,1.0543,1727665
UMWOG,2015-12-15,1.0543,1.0641,1.0446,1.0641,762730
UMWOG,2015-12-16,1.0934,1.0934,1.0738,1.0738,510637
UMWOG,2015-12-17,1.0738,1.0836,1.0446,1.0641,866701
UMWOG,2015-12-18,1.0543,1.0641,1.0446,1.0641,598117
UMWOG,2015-12-21,1.0446,1.0543,1.0250,1.0446,753715
UMWOG,2015-12-22,1.0543,1.0641,1.0348,1.0641,972106
UMWOG,2015-12-23,1.0641,1.0934,1.0641,1.0836,1702671
UMWOG,2015-12-28,1.1031,1.1422,1.0934,1.1031,2799953
UMWOG,2015-12-29,1.0934,1.1031,1.0836,1.0934,486156
UMWOG,2015-12-30,1.1031,1.1129,1.0446,1.0446,7917493
UMWOG,2015-12-31,1.0446,1.0543,1.0153,1.0446,6517312
UMWOG,2016-01-04,1.0446,1.0543,1.0348,1.0446,1485407
UMWOG,2016-01-05,1.0446,1.0641,1.0348,1.0543,1158435
UMWOG,2016-01-06,1.0543,1.0543,1.0446,1.0446,749106
UMWOG,2016-01-07,1.0446,1.0836,0.9860,0.9958,3669932
UMWOG,2016-01-08,0.9958,1.0348,0.9860,1.0250,2636467
UMWOG,2016-01-11,1.0250,1.0250,0.9860,1.0055,1123095
UMWOG,2016-01-12,0.9860,0.9958,0.9665,0.9714,3868450
UMWOG,2016-01-13,0.9714,0.9762,0.9177,0.9225,7118604
UMWOG,2016-01-14,0.9128,0.9128,0.8932,0.8981,4343133
UMWOG,2016-01-15,0.9177,0.9177,0.8786,0.8932,4125562
UMWOG,2016-01-18,0.8737,0.8786,0.8640,0.8689,2818494
UMWOG,2016-01-19,0.8689,0.9177,0.8689,0.9128,2712371
UMWOG,2016-01-20,0.9030,0.9030,0.8689,0.8786,2314309
UMWOG,2016-01-21,0.8932,0.8932,0.8689,0.8737,1333804
UMWOG,2016-01-22,0.8981,0.9274,0.8835,0.9177,4232299
UMWOG,2016-01-26,0.9177,0.9177,0.8737,0.8884,2092641
UMWOG,2016-01-27,0.9030,0.9274,0.8981,0.9030,1732992
UMWOG,2016-01-28,0.9177,0.9469,0.9177,0.9421,6144654
UMWOG,2016-01-29,0.9616,1.0055,0.9616,0.9958,9534631
UMWOG,2016-02-02,0.9616,0.9665,0.9469,0.9567,3463935
UMWOG,2016-02-03,0.9274,0.9518,0.9225,0.9518,2593035
UMWOG,2016-02-04,0.9762,0.9958,0.9616,0.9665,4642960
UMWOG,2016-02-05,0.9665,0.9665,0.9469,0.9567,1986313
UMWOG,2016-02-10,0.9372,0.9518,0.9274,0.9518,1623387
UMWOG,2016-02-11,0.9421,0.9469,0.9323,0.9421,1941652
UMWOG,2016-02-12,0.9469,0.9518,0.9372,0.9469,3237349
UMWOG,2016-02-15,0.9616,0.9714,0.9518,0.9567,3393460
UMWOG,2016-02-16,0.9714,1.0055,0.9616,0.9958,7427138
UMWOG,2016-02-17,0.9860,0.9860,0.9665,0.9762,3613490
UMWOG,2016-02-18,1.0055,1.0250,0.9958,1.0153,5525436
UMWOG,2016-02-19,1.0055,1.0055,0.9860,1.0055,3722583
UMWOG,2016-02-22,0.9958,1.0446,0.9860,1.0446,5907620
UMWOG,2016-02-23,1.0641,1.0738,1.0250,1.0250,7196864
UMWOG,2016-02-24,0.9665,0.9860,0.9518,0.9665,8457120
UMWOG,2016-02-25,0.9714,0.9860,0.9274,0.9372,7037476
UMWOG,2016-02-26,0.9518,0.9567,0.9372,0.9567,3502348
UMWOG,2016-02-29,0.9469,0.9518,0.9323,0.9372,2576645
UMWOG,2016-03-01,0.9372,0.9714,0.9372,0.9616,4310456
UMWOG,2016-03-02,0.9714,0.9714,0.9469,0.9518,4382468
UMWOG,2016-03-03,0.9616,0.9665,0.9469,0.9469,2946230
UMWOG,2016-03-04,0.9469,0.9518,0.9372,0.9421,2953195
UMWOG,2016-03-07,0.9518,0.9567,0.9421,0.9421,3728012
UMWOG,2016-03-08,0.9518,0.9567,0.9372,0.9372,3045796
UMWOG,2016-03-09,0.9421,0.9421,0.9225,0.9274,2116610
UMWOG,2016-03-10,0.9372,0.9372,0.9128,0.9128,2481585
UMWOG,2016-03-11,0.9128,0.9128,0.8884,0.9079,4109377
UMWOG,2016-03-14,0.9128,0.9177,0.8932,0.8981,3233969
UMWOG,2016-03-15,0.8981,0.8981,0.8786,0.8835,2891017
UMWOG,2016-03-16,0.8835,0.8884,0.8689,0.8835,5113648
UMWOG,2016-03-17,0.8884,0.8981,0.8835,0.8981,2906178
UMWOG,2016-03-18,0.8981,0.9030,0.8884,0.8981,3775235
UMWOG,2016-03-21,0.8981,0.9030,0.8835,0.8835,1864723
UMWOG,2016-03-22,0.8884,0.9177,0.8884,0.9079,4091143
UMWOG,2016-03-23,0.9128,0.9128,0.8932,0.8981,1353164
UMWOG,2016-03-24,0.8981,0.8981,0.8884,0.8932,1246734
UMWOG,2016-03-25,0.8884,0.8932,0.8835,0.8932,629155
UMWOG,2016-03-28,0.8884,0.8932,0.8835,0.8835,787007
UMWOG,2016-03-29,0.8884,0.8884,0.8835,0.8835,380033
UMWOG,2016-03-30,0.8835,0.8884,0.8737,0.8786,2532188
UMWOG,2016-03-31,0.8884,0.8884,0.8786,0.8884,1315263
UMWOG,2016-04-01,0.8884,0.9030,0.8835,0.8981,5390631
UMWOG,2016-04-04,0.8932,0.9372,0.8884,0.9079,3347262
UMWOG,2016-04-05,0.9128,0.9128,0.8981,0.8981,295729
UMWOG,2016-04-06,0.9030,0.9225,0.9030,0.9079,1380309
UMWOG,2016-04-07,0.9177,0.9177,0.9079,0.9128,793972
UMWOG,2016-04-08,0.9030,0.9177,0.9030,0.9177,1245095
UMWOG,2016-04-11,0.9225,0.9274,0.9079,0.9177,706493
UMWOG,2016-04-12,0.9177,0.9225,0.9128,0.9225,2343503
UMWOG,2016-04-13,0.9323,0.9518,0.9323,0.9421,5724876
UMWOG,2016-04-14,0.9421,0.9469,0.9372,0.9421,1651044
UMWOG,2016-04-15,0.9421,0.9421,0.9225,0.9274,1182712
UMWOG,2016-04-18,0.9079,0.9128,0.9030,0.9079,1322024
UMWOG,2016-04-19,0.9079,0.9128,0.8981,0.9128,1482846
UMWOG,2016-04-20,0.9128,0.9225,0.9030,0.9177,2276101
UMWOG,2016-04-21,0.9323,0.9665,0.9274,0.9421,11747018
UMWOG,2016-04-22,0.9421,0.9469,0.9274,0.9372,2104523
UMWOG,2016-04-25,0.9372,0.9372,0.9274,0.9323,750540
UMWOG,2016-04-26,0.9323,0.9323,0.8981,0.9079,2215357
UMWOG,2016-04-27,0.9079,0.9274,0.9079,0.9177,3254251
UMWOG,2016-04-28,0.9274,0.9274,0.8981,0.9079,2193641
UMWOG,2016-04-29,0.9079,0.9177,0.9030,0.9128,973028
UMWOG,2016-05-03,0.9079,0.9079,0.8932,0.9030,980916
UMWOG,2016-05-04,0.8981,0.8981,0.8835,0.8932,1933047
UMWOG,2016-05-05,0.8981,0.9128,0.8835,0.9128,1109983
UMWOG,2016-05-06,0.9079,0.9079,0.8932,0.8981,764061
UMWOG,2016-05-09,0.9030,0.9079,0.8981,0.8981,809542
UMWOG,2016-05-10,0.8981,0.9030,0.8884,0.8932,709566
UMWOG,2016-05-11,0.8981,0.8981,0.8884,0.8932,492199
UMWOG,2016-05-12,0.8981,0.9128,0.8932,0.8932,2259507
UMWOG,2016-05-13,0.8981,0.9030,0.8884,0.9030,810259
UMWOG,2016-05-16,0.8932,0.8981,0.8835,0.8884,1405201
UMWOG,2016-05-17,0.8932,0.8981,0.8835,0.8884,2225089
UMWOG,2016-05-18,0.8932,0.9030,0.8835,0.8884,2777417
UMWOG,2016-05-19,0.8932,0.8932,0.8835,0.8835,897636
UMWOG,2016-05-20,0.8884,0.8932,0.8835,0.8932,468332
UMWOG,2016-05-23,0.8884,0.8932,0.8835,0.8835,692357
UMWOG,2016-05-24,0.8786,0.8786,0.8591,0.8640,3182444
UMWOG,2016-05-25,0.8737,0.8786,0.8591,0.8640,1358490
UMWOG,2016-05-26,0.8640,0.8884,0.8640,0.8786,978150
UMWOG,2016-05-27,0.8737,0.8786,0.8640,0.8689,299110
UMWOG,2016-05-30,0.8689,0.8737,0.8591,0.8640,1040021
UMWOG,2016-05-31,0.8689,0.8786,0.8542,0.8542,1472808
UMWOG,2016-06-01,0.8542,0.8786,0.8542,0.8737,1100969
UMWOG,2016-06-02,0.8737,0.9274,0.8640,0.9274,5587409
UMWOG,2016-06-03,0.9128,0.9274,0.9128,0.9274,2054637
UMWOG,2016-06-06,0.9225,0.9225,0.9079,0.9128,892002
UMWOG,2016-06-07,0.9225,0.9323,0.9225,0.9274,4250430
UMWOG,2016-06-08,0.9372,0.9469,0.9323,0.9323,2340123
UMWOG,2016-06-09,0.9372,0.9518,0.9128,0.9372,2858136
UMWOG,2016-06-10,0.9421,0.9421,0.9274,0.9274,2783666
UMWOG,2016-06-13,0.9225,0.9274,0.9079,0.9079,1436955
UMWOG,2016-06-14,0.9079,0.9128,0.8981,0.9079,774919
UMWOG,2016-06-15,0.9030,0.9079,0.8981,0.9030,779631
UMWOG,2016-06-16,0.8981,0.9030,0.8786,0.8884,580908
UMWOG,2016-06-17,0.8786,0.8884,0.8737,0.8835,527949
UMWOG,2016-06-20,0.8835,0.8884,0.8737,0.8884,564518
UMWOG,2016-06-21,0.8835,0.8932,0.8786,0.8932,633149
UMWOG,2016-06-23,0.8884,0.9128,0.8835,0.9128,858096
UMWOG,2016-06-24,0.9128,0.9177,0.8932,0.8932,1374368
UMWOG,2016-06-27,0.8884,0.9079,0.8835,0.9030,198519
UMWOG,2016-06-28,0.8981,0.9225,0.8932,0.9177,1368017
UMWOG,2016-06-29,0.9177,0.9421,0.9079,0.9079,2540588
UMWOG,2016-06-30,0.9177,0.9274,0.9128,0.9128,674840
UMWOG,2016-07-01,0.9177,0.9177,0.9128,0.9177,324206
UMWOG,2016-07-04,0.9177,0.9177,0.9079,0.9128,276881
UMWOG,2016-07-05,0.9128,0.9177,0.9030,0.9177,31140
UMWOG,2016-07-08,0.9030,0.9128,0.8932,0.9079,578757
UMWOG,2016-07-11,0.9030,0.9030,0.8932,0.8981,307509
UMWOG,2016-07-12,0.8981,0.9030,0.8932,0.8981,282208
UMWOG,2016-07-13,0.9030,0.9079,0.8932,0.9030,895383
UMWOG,2016-07-14,0.8981,0.8981,0.8884,0.8884,201182
UMWOG,2016-07-15,0.8884,0.8981,0.8884,0.8932,196777
UMWOG,2016-07-18,0.8981,0.8981,0.8884,0.8932,250658
UMWOG,2016-07-19,0.8932,0.8932,0.8884,0.8884,308841
UMWOG,2016-07-20,0.8884,0.8884,0.8835,0.8884,372043
UMWOG,2016-07-21,0.8884,0.8884,0.8835,0.8835,274833
UMWOG,2016-07-22,0.8884,0.8932,0.8835,0.8884,232732
UMWOG,2016-07-25,0.8884,0.8932,0.8737,0.8786,722370
UMWOG,2016-07-26,0.8786,0.8835,0.8737,0.8737,273706
UMWOG,2016-07-27,0.8786,0.8835,0.8737,0.8786,404720
UMWOG,2016-07-28,0.8786,0.8835,0.8737,0.8786,275345
UMWOG,2016-07-29,0.8786,0.8786,0.8737,0.8737,282413
UMWOG,2016-08-01,0.8786,0.8884,0.8737,0.8786,236010
UMWOG,2016-08-02,0.8786,0.8884,0.8689,0.8689,508281
UMWOG,2016-08-03,0.8689,0.8786,0.8689,0.8786,160720
UMWOG,2016-08-04,0.8786,0.8835,0.8737,0.8786,343157
UMWOG,2016-08-05,0.8835,0.8835,0.8689,0.8737,538192
UMWOG,2016-08-08,0.8737,0.8786,0.8689,0.8689,239493
UMWOG,2016-08-09,0.8737,0.8981,0.8689,0.8835,2357844
UMWOG,2016-08-10,0.8884,0.9372,0.8884,0.9225,5253471
UMWOG,2016-08-11,0.9128,0.9225,0.9030,0.9128,368765
UMWOG,2016-08-12,0.9177,0.9274,0.9128,0.9177,1038279
UMWOG,2016-08-15,0.9225,1.0055,0.9177,0.9762,16209897
UMWOG,2016-08-16,0.9958,1.0153,0.9567,0.9616,9148964
UMWOG,2016-08-17,0.9616,0.9665,0.9323,0.9469,3806477
UMWOG,2016-08-18,0.9469,0.9958,0.9323,0.9567,4678300
UMWOG,2016-08-19,0.9762,0.9860,0.9518,0.9616,2156355
UMWOG,2016-08-22,0.9616,0.9665,0.9372,0.9372,2685943
UMWOG,2016-08-23,0.9079,0.9225,0.8981,0.9128,4282082
UMWOG,2016-08-24,0.9079,0.9323,0.8835,0.8835,6660925
UMWOG,2016-08-25,0.8835,0.8981,0.8737,0.8786,1792302
UMWOG,2016-08-26,0.8786,0.9079,0.8737,0.8835,2468679
UMWOG,2016-08-29,0.8835,0.8835,0.8737,0.8786,1061429
UMWOG,2016-08-30,0.8786,0.8884,0.8737,0.8835,1884288
UMWOG,2016-09-01,0.8786,0.8932,0.8737,0.8932,1265787
UMWOG,2016-09-02,0.8835,0.9079,0.8786,0.8786,1044015
UMWOG,2016-09-05,0.8835,0.8932,0.8786,0.8884,525593
UMWOG,2016-09-06,0.8884,0.8932,0.8786,0.8835,555914
UMWOG,2016-09-07,0.8835,0.8932,0.8835,0.8884,778914
UMWOG,2016-09-08,0.8932,0.8932,0.8786,0.8884,1809613
UMWOG,2016-09-09,0.8884,0.9128,0.8835,0.8981,5427918
UMWOG,2016-09-13,0.8884,0.8932,0.8835,0.8884,1024553
UMWOG,2016-09-14,0.8835,0.8835,0.8640,0.8640,4354298
UMWOG,2016-09-15,0.8640,0.8737,0.8591,0.8737,1457647
UMWOG,2016-09-19,0.8737,0.8737,0.8542,0.8591,1942061
UMWOG,2016-09-20,0.8591,0.8640,0.8542,0.8542,923757
UMWOG,2016-09-21,0.8542,0.8640,0.8542,0.8640,3151509
UMWOG,2016-09-22,0.8640,0.8835,0.8640,0.8737,3709471
UMWOG,2016-09-23,0.8835,0.8835,0.8640,0.8689,1394240
UMWOG,2016-09-26,0.8640,0.8640,0.8542,0.8591,2619872
UMWOG,2016-09-27,0.8591,0.8591,0.8493,0.8542,3015373
UMWOG,2016-09-28,0.8591,0.8640,0.8493,0.8542,3829423
UMWOG,2016-09-29,0.8786,0.8884,0.8689,0.8737,3860051
UMWOG,2016-09-30,0.8786,0.8786,0.8591,0.8689,2191285
UMWOG,2016-10-04,0.8737,0.8786,0.8640,0.8689,2858136
UMWOG,2016-10-05,0.8689,0.8737,0.8542,0.8591,1613143
UMWOG,2016-10-06,0.8591,0.8689,0.8542,0.8591,3233150
UMWOG,2016-10-07,0.8640,0.8689,0.8493,0.8640,2386321
UMWOG,2016-10-10,0.8591,0.8591,0.8493,0.8493,1347632
UMWOG,2016-10-11,0.8591,0.8640,0.8493,0.8591,5980451
UMWOG,2016-10-12,0.8542,0.8542,0.8444,0.8493,1875581
UMWOG,2016-10-13,0.8444,0.8493,0.8396,0.8396,1771200
UMWOG,2016-10-14,0.8396,0.8396,0.8298,0.8347,1180151
UMWOG,2016-10-17,0.8298,0.8298,0.8152,0.8152,2649374
UMWOG,2016-10-18,0.8152,0.8152,0.8005,0.8103,2518564
UMWOG,2016-10-19,0.8103,0.8200,0.8103,0.8103,768261
UMWOG,2016-10-20,0.8103,0.8249,0.8103,0.8200,4428871
UMWOG,2016-10-21,0.8152,0.8347,0.8054,0.8298,3189820
UMWOG,2016-10-24,0.8200,0.8347,0.8152,0.8347,549665
UMWOG,2016-10-25,0.8298,0.8396,0.8298,0.8298,551816
UMWOG,2016-10-26,0.8298,0.8396,0.8298,0.8347,1023016
UMWOG,2016-10-27,0.8249,0.8542,0.8200,0.8542,3100087
UMWOG,2016-10-28,0.8591,0.8591,0.8444,0.8493,1396494
UMWOG,2016-10-31,0.8493,0.8493,0.8249,0.8298,307714
UMWOG,2016-11-01,0.8298,0.8396,0.8298,0.8298,653124
UMWOG,2016-11-02,0.8347,0.8444,0.8298,0.8298,749618
UMWOG,2016-11-03,0.8298,0.8298,0.8200,0.8298,389662
UMWOG,2016-11-04,0.8298,0.8396,0.8200,0.8298,414144
UMWOG,2016-11-07,0.8200,0.8298,0.8152,0.8298,267150
UMWOG,2016-11-08,0.8249,0.8249,0.8054,0.8103,876330
UMWOG,2016-11-09,0.8152,0.8152,0.7956,0.7956,2046442
UMWOG,2016-11-10,0.8054,0.8152,0.8005,0.8152,613277
UMWOG,2016-11-11,0.8152,0.8200,0.7956,0.8005,539012
UMWOG,2016-11-14,0.7907,0.7956,0.7663,0.7810,1697037
UMWOG,2016-11-15,0.7810,0.7907,0.7761,0.7859,263974
UMWOG,2016-11-16,0.7907,0.7956,0.7761,0.7907,691435
UMWOG,2016-11-17,0.7859,0.7907,0.7761,0.7810,270838
UMWOG,2016-11-18,0.7810,0.7859,0.7712,0.7810,383311
UMWOG,2016-11-21,0.7810,0.7810,0.7761,0.7810,127122
UMWOG,2016-11-22,0.7907,0.7956,0.7810,0.7859,593815
UMWOG,2016-11-23,0.7859,0.7859,0.7761,0.7810,513506
UMWOG,2016-11-24,0.7761,0.7810,0.7712,0.7810,223205
UMWOG,2016-11-25,0.7810,0.7810,0.7663,0.7712,175471
UMWOG,2016-11-28,0.7712,0.7712,0.7517,0.7615,847955
UMWOG,2016-11-29,0.7322,0.7468,0.7127,0.7419,710693
UMWOG,2016-11-30,0.7322,0.7322,0.7029,0.7078,914231
UMWOG,2016-12-01,0.7322,0.7859,0.7322,0.7810,7212537
UMWOG,2016-12-02,0.7956,0.8103,0.7859,0.7859,1786668
UMWOG,2016-12-05,0.7907,0.8005,0.7712,0.7712,692459
UMWOG,2016-12-06,0.7615,0.7712,0.7224,0.7322,1439824
UMWOG,2016-12-07,0.7322,0.7322,0.7175,0.7224,488307
UMWOG,2016-12-08,0.7224,0.7273,0.7127,0.7175,1139177
UMWOG,2016-12-09,0.7224,0.7370,0.7224,0.7273,2801182
UMWOG,2016-12-13,0.7517,0.7712,0.7517,0.7663,1907438
UMWOG,2016-12-14,0.7615,0.7663,0.7566,0.7615,540036
UMWOG,2016-12-15,0.7517,0.7517,0.7322,0.7419,1251958
UMWOG,2016-12-16,0.7370,0.7419,0.7273,0.7370,984091
UMWOG,2016-12-19,0.7468,0.7663,0.7370,0.7615,3229667
UMWOG,2016-12-20,0.7663,0.7712,0.7615,0.7712,1208116
UMWOG,2016-12-21,0.7663,0.7956,0.7615,0.7907,1342613
UMWOG,2016-12-22,0.7761,0.7810,0.7663,0.7761,537680
UMWOG,2016-12-23,0.7712,0.7712,0.7566,0.7663,552533
UMWOG,2016-12-27,0.7663,0.7810,0.7663,0.7810,402979
UMWOG,2016-12-28,0.7761,0.8200,0.7712,0.8103,1810945
UMWOG,2016-12-29,0.8200,0.8200,0.8054,0.8103,1658624
UMWOG,2016-12-30,0.8103,0.8591,0.8103,0.8542,7210898
UMWOG,2017-01-03,0.8591,0.8689,0.8542,0.8591,2020219
UMWOG,2017-01-04,0.8640,0.9030,0.8542,0.8884,4760043
UMWOG,2017-01-05,0.9079,0.9225,0.8981,0.8981,4650437
UMWOG,2017-01-06,0.8981,0.9128,0.8932,0.8932,1813301
UMWOG,2017-01-09,0.9030,0.9128,0.8932,0.9079,2141707
UMWOG,2017-01-10,0.8981,0.8981,0.8835,0.8835,1161098
UMWOG,2017-01-11,0.8835,0.8835,0.8689,0.8786,1576574
UMWOG,2017-01-12,0.8835,0.8981,0.8835,0.8932,1568072
UMWOG,2017-01-13,0.8932,0.8981,0.8786,0.8786,881144
UMWOG,2017-01-16,0.8786,0.8786,0.8542,0.8542,568513
UMWOG,2017-01-17,0.8591,0.8689,0.8591,0.8591,541778
UMWOG,2017-01-18,0.8689,0.8737,0.8542,0.8640,410456
UMWOG,2017-01-20,0.8640,0.8640,0.6882,0.7127,99439606
UMWOG,2017-01-23,0.7078,0.7224,0.6590,0.6638,37419125
UMWOG,2017-01-24,0.6687,0.6980,0.6638,0.6882,19000836
UMWOG,2017-01-25,0.6931,0.6931,0.6736,0.6785,5927492
UMWOG,2017-01-26,0.6736,0.6834,0.6638,0.6736,10781980
UMWOG,2017-01-27,0.6785,0.6834,0.6687,0.6785,6152951
UMWOG,2017-01-31,0.6834,0.6882,0.6736,0.6834,4858995
UMWOG,2017-02-02,0.6882,0.7029,0.6882,0.6931,8687086
UMWOG,2017-02-03,0.6980,0.6980,0.6785,0.6834,5694351
UMWOG,2017-02-06,0.6834,0.6931,0.6785,0.6834,11337893
UMWOG,2017-02-07,0.6834,0.6882,0.6834,0.6882,2385194
UMWOG,2017-02-08,0.6834,0.6882,0.6785,0.6834,4246537
UMWOG,2017-02-10,0.6834,0.7029,0.6834,0.6931,9091601
UMWOG,2017-02-13,0.6980,0.6980,0.6882,0.6931,4217855
UMWOG,2017-02-14,0.6931,0.6931,0.6834,0.6882,3831983
UMWOG,2017-02-15,0.6931,0.6931,0.6834,0.6834,2249468
UMWOG,2017-02-16,0.6834,0.6834,0.6736,0.6785,4004279
UMWOG,2017-02-17,0.6785,0.6931,0.6736,0.6882,7238862
UMWOG,2017-02-20,0.6882,0.6980,0.6882,0.6931,2383555
UMWOG,2017-02-21,0.6931,0.6931,0.6785,0.6785,2407423
UMWOG,2017-02-22,0.6834,0.6882,0.6785,0.6785,2625814
UMWOG,2017-02-23,0.6834,0.6882,0.6785,0.6882,2392774
UMWOG,2017-02-24,0.6834,0.6882,0.6785,0.6785,3082673
UMWOG,2017-02-27,0.6834,0.6834,0.6687,0.6687,4238035
UMWOG,2017-02-28,0.6345,0.6345,0.5906,0.6199,11544607
UMWOG,2017-03-01,0.6199,0.6345,0.6150,0.6345,2923284
UMWOG,2017-03-02,0.6394,0.6394,0.6297,0.6345,1509069
UMWOG,2017-03-03,0.6345,0.6345,0.6248,0.6248,1183532
UMWOG,2017-03-06,0.6248,0.6248,0.6101,0.6150,2388984
UMWOG,2017-03-07,0.6150,0.6345,0.6101,0.6297,1745284
UMWOG,2017-03-08,0.6297,0.6345,0.6248,0.6297,1117666
UMWOG,2017-03-09,0.6297,0.6297,0.6199,0.6248,924167
UMWOG,2017-03-10,0.6199,0.6248,0.6150,0.6199,937893
UMWOG,2017-03-13,0.6248,0.6248,0.6150,0.6199,1341486
UMWOG,2017-03-14,0.6150,0.6199,0.6101,0.6150,1841061
UMWOG,2017-03-15,0.6199,0.6541,0.6199,0.6345,4042589
UMWOG,2017-03-16,0.6345,0.6492,0.6345,0.6345,931440
UMWOG,2017-03-17,0.6345,0.6443,0.6297,0.6443,2171106
UMWOG,2017-03-20,0.6443,0.6443,0.6248,0.6345,1139485
UMWOG,2017-03-21,0.6345,0.6394,0.6248,0.6345,1865747
UMWOG,2017-03-22,0.6199,0.6345,0.6150,0.6297,1094721
UMWOG,2017-03-23,0.6345,0.6394,0.6297,0.6297,322260
UMWOG,2017-03-24,0.6248,0.6345,0.6248,0.6297,987164
UMWOG,2017-03-27,0.6248,0.6248,0.6004,0.6004,3330565
UMWOG,2017-03-28,0.6101,0.6101,0.5955,0.6004,2531061
UMWOG,2017-03-29,0.6053,0.6101,0.6053,0.6053,634276
UMWOG,2017-03-30,0.6101,0.6101,0.6004,0.6053,1476188
UMWOG,2017-03-31,0.6053,0.6101,0.6004,0.6004,865472
UMWOG,2017-04-03,0.605,0.62,0.605,0.62,929290.0
UMWOG,2017-04-04,0.615,0.615,0.6,0.605,1470000.0
UMWOG,2017-04-05,0.61,0.644,0.605,0.634,3530000.0
UMWOG,2017-04-06,0.639,0.639,0.62,0.63,684060.0
UMWOG,2017-04-07,0.625,0.644,0.62,0.634,4740000.0
UMWOG,2017-04-10,0.634,0.649,0.63,0.634,1290000.0
UMWOG,2017-04-11,0.634,0.659,0.634,0.644,4950000.0
UMWOG,2017-04-12,0.649,0.649,0.639,0.644,572820.0
UMWOG,2017-04-13,0.639,0.639,0.62,0.625,1560000.0
UMWOG,2017-04-14,0.625,0.625,0.615,0.62,887900.0
UMWOG,2017-04-17,0.62,0.634,0.615,0.615,720220.0
UMWOG,2017-04-18,0.62,0.63,0.62,0.625,566770.0
UMWOG,2017-04-19,0.625,0.63,0.615,0.615,769390.0
UMWOG,2017-04-20,0.615,0.63,0.615,0.62,708440.0
UMWOG,2017-04-21,0.625,0.634,0.62,0.63,507770.0
UMWOG,2017-04-25,0.63,0.63,0.62,0.625,582650.0
UMWOG,2017-04-26,0.625,0.654,0.62,0.625,9410000.0
UMWOG,2017-04-27,0.63,0.634,0.62,0.62,2690000.0
UMWOG,2017-04-28,0.625,0.6779999999999999,0.625,0.664,20310000.0
UMWOG,2017-05-02,0.664,0.6779999999999999,0.654,0.674,3770000.0
UMWOG,2017-05-03,0.674,0.674,0.664,0.674,2200000.0
UMWOG,2017-05-05,0.615,0.639,0.596,0.605,19410000.0
UMWOG,2017-05-08,0.61,0.61,0.6,0.61,4310000.0
UMWOG,2017-05-09,0.61,0.61,0.6,0.61,3950000.0
UMWOG,2017-05-11,0.61,0.61,0.6,0.6,6240000.0
UMWOG,2017-05-12,0.6,0.605,0.591,0.596,7020000.0
UMWOG,2017-05-15,0.605,0.62,0.6,0.605,13410000.0
UMWOG,2017-05-16,0.615,0.62,0.605,0.605,9960000.0
UMWOG,2017-05-17,0.605,0.61,0.596,0.605,5650000.0
UMWOG,2017-05-18,0.6,0.61,0.6,0.605,1840000.0
UMWOG,2017-05-19,0.605,0.61,0.605,0.61,1650000.0
UMWOG,2017-05-22,0.61,0.61,0.6,0.605,3660000.0
UMWOG,2017-05-23,0.6,0.6,0.586,0.591,3970000.0
UMWOG,2017-05-24,0.591,0.591,0.5760000000000001,0.5760000000000001,3570000.0
UMWOG,2017-05-25,0.5760000000000001,0.5760000000000001,0.5660000000000001,0.5760000000000001,2180000.0
UMWOG,2017-05-26,0.561,0.561,0.552,0.552,2890000.0
UMWOG,2017-05-29,0.547,0.552,0.527,0.527,3460000.0
UMWOG,2017-05-30,0.527,0.527,0.508,0.508,3540000.0
UMWOG,2017-05-31,0.508,0.512,0.503,0.508,1210000.0
UMWOG,2017-06-01,0.512,0.512,0.503,0.503,1410000.0
UMWOG,2017-06-02,0.503,0.512,0.503,0.512,1570000.0
UMWOG,2017-06-05,0.508,0.512,0.498,0.498,1870000.0
UMWOG,2017-06-06,0.503,0.508,0.498,0.508,1340000.0
UMWOG,2017-06-07,0.508,0.522,0.503,0.517,1450000.0
UMWOG,2017-06-08,0.512,0.517,0.498,0.512,1380000.0
UMWOG,2017-06-09,0.503,0.512,0.503,0.503,532760.0
UMWOG,2017-06-13,0.508,0.512,0.508,0.508,844060.0
UMWOG,2017-06-14,0.508,0.512,0.503,0.503,467820.0
UMWOG,2017-06-15,0.498,0.508,0.498,0.503,1250000.0
UMWOG,2017-06-16,0.503,0.508,0.493,0.493,768770.0
UMWOG,2017-06-19,0.493,0.498,0.483,0.488,1600000.0
UMWOG,2017-06-20,0.488,0.488,0.478,0.478,480210.0
UMWOG,2017-06-21,0.478,0.488,0.478,0.488,826850.0
UMWOG,2017-06-22,0.488,0.488,0.473,0.473,1420000.0
UMWOG,2017-06-23,0.473,0.478,0.46399999999999997,0.46399999999999997,2270000.0
UMWOG,2017-06-28,0.469,0.473,0.45399999999999996,0.46399999999999997,1490000.0
UMWOG,2017-06-29,0.46399999999999997,0.46399999999999997,0.434,0.439,2900000.0
UMWOG,2017-06-30,0.439,0.444,0.425,0.429,5030000.0
UMWOG,2017-07-03,0.425,0.425,0.386,0.41,6200000.0
UMWOG,2017-07-04,0.41,0.42,0.386,0.395,4840000.0
UMWOG,2017-07-05,0.391,0.42,0.391,0.415,4320000.0
UMWOG,2017-07-06,0.429,0.439,0.42,0.425,6240000.0
UMWOG,2017-07-07,0.425,0.425,0.405,0.41,1070000.0
UMWOG,2017-07-10,0.405,0.41,0.4,0.4,866290.0
UMWOG,2017-07-11,0.4,0.4,0.35600000000000004,0.35600000000000004,9200000.0
UMWOG,2017-07-12,0.35600000000000004,0.35600000000000004,0.327,0.327,12340000.0
UMWOG,2017-07-13,0.317,0.327,0.28800000000000003,0.293,48550000.0
UMWOG,2017-07-14,0.293,0.307,0.278,0.278,37310000.0
UMWOG,2017-07-17,0.28300000000000003,0.361,0.278,0.361,122660000.0
UMWOG,2017-07-18,0.361,0.371,0.327,0.332,100410000.0
UMWOG,2017-07-19,0.337,0.34700000000000003,0.317,0.322,41600000.0
UMWOG,2017-07-20,0.322,0.327,0.307,0.312,30850000.0
UMWOG,2017-07-21,0.307,0.327,0.298,0.317,41740000.0
UMWOG,2017-07-24,0.307,0.317,0.303,0.312,18530000.0
UMWOG,2017-07-25,0.312,0.317,0.303,0.303,21990000.0
UMWOG,2017-07-26,0.312,0.317,0.303,0.307,24760000.0
UMWOG,2017-07-27,0.307,0.312,0.303,0.303,16520000.0
UMWOG,2017-07-28,0.303,0.307,0.303,0.307,12330000.0
UMWOG,2017-07-31,0.307,0.307,0.293,0.293,18850000.0
UMWOG,2017-08-01,0.293,0.293,0.278,0.28800000000000003,24130000.0
UMWOG,2017-08-02,0.28800000000000003,0.293,0.278,0.28300000000000003,14170000.0
UMWOG,2017-08-03,0.28300000000000003,0.293,0.278,0.28800000000000003,14720000.0
UMWOG,2017-08-04,0.28800000000000003,0.28800000000000003,0.278,0.28300000000000003,7140000.0
UMWOG,2017-08-07,0.28300000000000003,0.298,0.278,0.278,24530000.0
UMWOG,2017-08-08,0.278,0.298,0.273,0.293,20740000.0
UMWOG,2017-08-09,0.28800000000000003,0.293,0.278,0.28300000000000003,12350000.0
UMWOG,2017-08-10,0.28300000000000003,0.28300000000000003,0.278,0.278,3900000.0
UMWOG,2017-08-11,0.278,0.278,0.273,0.273,6320000.0
UMWOG,2017-08-14,0.273,0.28800000000000003,0.273,0.28300000000000003,10570000.0
UMWOG,2017-08-15,0.28300000000000003,0.28300000000000003,0.278,0.28300000000000003,3260000.0
UMWOG,2017-08-16,0.278,0.28800000000000003,0.278,0.278,7300000.0
UMWOG,2017-08-17,0.278,0.312,0.278,0.303,34510000.0
UMWOG,2017-08-18,0.293,0.332,0.293,0.322,45070000.0
UMWOG,2017-08-21,0.327,0.342,0.322,0.327,30590000.0
UMWOG,2017-08-22,0.327,0.337,0.312,0.312,16649999.999999998
UMWOG,2017-08-23,0.307,0.317,0.298,0.303,16500000.0
UMWOG,2017-08-24,0.303,0.307,0.293,0.298,11510000.0
UMWOG,2017-08-25,0.303,0.307,0.298,0.307,8800000.0
UMWOG,2017-08-28,0.307,0.332,0.298,0.298,46700000.0
UMWOG,2017-08-29,0.298,0.307,0.298,0.298,4930000.0
UMWOG,2017-08-30,0.303,0.303,0.298,0.298,9650000.0
UMWOG,2017-09-05,0.298,0.303,0.28800000000000003,0.293,8300000.000000001
UMWOG,2017-09-06,0.293,0.303,0.28800000000000003,0.298,15960000.0
UMWOG,2017-09-07,0.298,0.322,0.298,0.317,55190000.0
UMWOG,2017-09-08,0.317,0.327,0.307,0.327,26440000.0
UMWOG,2017-09-11,0.327,0.332,0.317,0.322,17160000.0
UMWOG,2017-09-12,0.322,0.322,0.307,0.307,18670000.0
UMWOG,2017-09-13,0.307,0.312,0.293,0.298,15340000.0
UMWOG,2017-09-14,0.303,0.307,0.298,0.303,7800000.0
UMWOG,2017-09-15,0.298,0.303,0.293,0.303,10560000.0
UMWOG,2017-09-18,0.298,0.298,0.293,0.298,15040000.0
UMWOG,2017-09-19,0.298,0.312,0.298,0.303,40490000.0
UMWOG,2017-09-20,0.3,0.37,0.28,0.35,138690000.0
UMWOG,2017-09-21,0.355,0.385,0.34,0.345,132820000.0
UMWOG,2017-09-25,0.345,0.355,0.33,0.34,35480000.0
UMWOG,2017-09-26,0.345,0.35,0.31,0.315,93860000.0
UMWOG,2017-09-27,0.32,0.32,0.305,0.305,33270000.000000004
UMWOG,2017-09-28,0.305,0.31,0.295,0.3,37890000.0
UMWOG,2017-09-29,0.295,0.305,0.295,0.3,33299999.999999996
UMWOG,2017-10-02,0.3,0.305,0.29,0.3,40150000.0
UMWOG,2017-10-03,0.3,0.305,0.29,0.3,23770000.0
UMWOG,2017-10-04,0.29,0.295,0.29,0.29,17660000.0
UMWOG,2017-10-05,0.29,0.31,0.29,0.3,43740000.0
UMWOG,2017-10-06,0.305,0.305,0.3,0.3,20830000.0
UMWOG,2017-10-09,0.3,0.3,0.295,0.295,14220000.0
UMWOG,2017-10-10,0.3,0.3,0.29,0.3,28800000.0
UMWOG,2017-10-11,0.305,0.315,0.3,0.305,31320000.0
UMWOG,2017-10-12,0.305,0.31,0.295,0.3,15980000.0
UMWOG,2017-10-13,0.3,0.305,0.295,0.3,17610000.0
UMWOG,2017-10-16,0.305,0.305,0.29,0.3,17930000.0
UMWOG,2017-10-17,0.3,0.3,0.29,0.295,9870000.0
UMWOG,2017-10-19,0.3,0.3,0.29,0.29,6750000.0
UMWOG,2017-10-20,0.29,0.295,0.28,0.28,35470000.0
UMWOG,2017-10-23,0.28,0.285,0.27,0.275,20560000.0
UMWOG,2017-10-24,0.275,0.28,0.275,0.275,6870000.0
UMWOG,2017-10-25,0.275,0.295,0.275,0.29,73310000.0
UMWOG,2017-10-26,0.29,0.29,0.28,0.28,24740000.0
UMWOG,2017-10-27,0.285,0.3,0.28,0.3,42120000.0
UMWOG,2017-10-30,0.31,0.33,0.305,0.32,83550000.0
UMWOG,2017-10-31,0.33,0.335,0.32,0.32,30910000.0
UMWOG,2017-11-01,0.325,0.34,0.315,0.335,56630000.0
UMWOG,2017-11-02,0.33,0.355,0.33,0.35,79950000.0
UMWOG,2017-11-03,0.355,0.36,0.335,0.34,46210000.0
UMWOG,2017-11-06,0.345,0.35,0.32,0.33,58700000.0
UMWOG,2017-11-07,0.335,0.34,0.33,0.335,26410000.0
UMWOG,2017-11-08,0.33,0.335,0.32,0.325,24350000.0
UMWOG,2017-11-09,0.325,0.33,0.32,0.325,29330000.0
UMWOG,2017-11-10,0.33,0.34,0.32,0.33,35460000.0
UMWOG,2017-11-13,0.335,0.34,0.33,0.33,26980000.0
UMWOG,2017-11-14,0.33,0.335,0.315,0.315,18130000.0
UMWOG,2017-11-15,0.315,0.315,0.3,0.315,28580000.0
UMWOG,2017-11-16,0.31,0.315,0.295,0.3,38360000.0
UMWOG,2017-11-17,0.3,0.305,0.295,0.3,24800000.0
UMWOG,2017-11-20,0.3,0.305,0.29,0.295,12600000.0
UMWOG,2017-11-21,0.295,0.295,0.28,0.285,35250000.0
UMWOG,2017-11-22,0.29,0.305,0.285,0.305,50850000.0
UMWOG,2017-11-23,0.305,0.305,0.295,0.295,12730000.0
UMWOG,2017-11-24,0.295,0.3,0.29,0.3,8240000.0
UMWOG,2017-11-27,0.31,0.325,0.305,0.315,53970000.0
UMWOG,2017-11-28,0.315,0.32,0.305,0.315,22990000.0
UMWOG,2017-11-29,0.32,0.335,0.315,0.325,46560000.0
UMWOG,2017-11-30,0.33,0.34,0.325,0.33,40520000.0
UMWOG,2017-12-04,0.335,0.335,0.315,0.32,22310000.0
UMWOG,2017-12-05,0.325,0.325,0.305,0.31,16180000.0
UMWOG,2017-12-06,0.31,0.32,0.305,0.31,18270000.0
UMWOG,2017-12-07,0.31,0.325,0.305,0.305,36980000.0
UMWOG,2017-12-08,0.305,0.31,0.29,0.3,27360000.0
UMWOG,2017-12-11,0.3,0.305,0.29,0.295,29190000.0
UMWOG,2017-12-12,0.295,0.295,0.29,0.295,25490000.0
UMWOG,2017-12-13,0.295,0.3,0.29,0.29,26080000.0
UMWOG,2017-12-14,0.295,0.305,0.29,0.295,25200000.0
UMWOG,2017-12-15,0.295,0.3,0.29,0.29,82670000.0
UMWOG,2017-12-18,0.295,0.295,0.285,0.29,18830000.0
UMWOG,2017-12-19,0.285,0.29,0.28,0.29,14060000.0
UMWOG,2017-12-20,0.29,0.29,0.285,0.285,10910000.0
UMWOG,2017-12-21,0.285,0.3,0.285,0.295,37340000.0
UMWOG,2017-12-22,0.3,0.3,0.29,0.29,4070000.0000000005
UMWOG,2017-12-26,0.29,0.3,0.29,0.295,15270000.0
UMWOG,2017-12-27,0.305,0.32,0.305,0.31,46500000.0
UMWOG,2017-12-28,0.315,0.315,0.3,0.305,22520000.0
UMWOG,2017-12-29,0.305,0.31,0.3,0.305,15640000.0
UMWOG,2018-01-02,0.31,0.325,0.305,0.325,50990000.0
UMWOG,2018-01-03,0.325,0.34,0.325,0.33,69230000.0
UMWOG,2018-01-04,0.34,0.37,0.34,0.365,174590000.0
UMWOG,2018-01-05,0.375,0.415,0.37,0.41,279780000.0
UMWOG,2018-01-08,0.42,0.465,0.42,0.455,311320000.0
UMWOG,2018-01-09,0.465,0.48,0.41,0.425,425880000.0
UMWOG,2018-01-10,0.445,0.46,0.405,0.41,352060000.0
UMWOG,2018-01-11,0.41,0.425,0.4,0.405,209650000.0
UMWOG,2018-01-12,0.415,0.425,0.395,0.42,241950000.0
UMWOG,2018-01-15,0.43,0.435,0.415,0.415,210660000.0
UMWOG,2018-01-16,0.42,0.42,0.4,0.405,103920000.0
UMWOG,2018-01-17,0.41,0.415,0.38,0.385,149570000.0
UMWOG,2018-01-18,0.39,0.395,0.34,0.345,356170000.0
UMWOG,2018-01-19,0.345,0.37,0.34,0.365,259790000.00000003
UMWOG,2018-01-22,0.365,0.375,0.345,0.35,203810000.0
UMWOG,2018-01-23,0.355,0.36,0.345,0.345,91240000.0
UMWOG,2018-01-24,0.355,0.355,0.33,0.335,159370000.0
UMWOG,2018-01-25,0.34,0.35,0.335,0.335,116100000.0
UMWOG,2018-01-26,0.34,0.35,0.335,0.345,77180000.0
UMWOG,2018-01-29,0.345,0.355,0.335,0.335,137240000.0
UMWOG,2018-01-30,0.335,0.335,0.32,0.325,84440000.0
UMWOG,2018-02-02,0.33,0.335,0.325,0.335,70170000.0
UMWOG,2018-02-05,0.32,0.33,0.315,0.325,49090000.0
UMWOG,2018-02-06,0.31,0.315,0.295,0.31,152710000.0
UMWOG,2018-02-07,0.32,0.32,0.305,0.305,61860000.0
UMWOG,2018-02-08,0.305,0.315,0.3,0.315,21630000.0
UMWOG,2018-02-09,0.3,0.31,0.3,0.305,37490000.0
UMWOG,2018-02-12,0.31,0.315,0.3,0.305,56250000.0
UMWOG,2018-02-13,0.31,0.31,0.305,0.305,21070000.0
UMWOG,2018-02-14,0.305,0.32,0.305,0.315,42370000.0
UMWOG,2018-02-15,0.32,0.33,0.32,0.32,20090000.0
UMWOG,2018-02-19,0.325,0.34,0.325,0.335,35680000.0
UMWOG,2018-02-20,0.34,0.345,0.325,0.33,43540000.0
UMWOG,2018-02-21,0.325,0.335,0.325,0.335,25170000.0
UMWOG,2018-02-22,0.33,0.34,0.33,0.33,11910000.0
UMWOG,2018-02-23,0.335,0.34,0.33,0.33,31440000.0
UMWOG,2018-02-26,0.34,0.34,0.325,0.325,41790000.0
UMWOG,2018-02-27,0.33,0.335,0.32,0.33,28400000.0
UMWOG,2018-02-28,0.31,0.32,0.305,0.32,79420000.0
UMWOG,2018-03-01,0.315,0.32,0.31,0.31,23530000.0
UMWOG,2018-03-02,0.31,0.315,0.305,0.31,27320000.0
UMWOG,2018-03-05,0.315,0.32,0.305,0.315,40560000.0
UMWOG,2018-03-06,0.315,0.315,0.305,0.305,29000000.0
UMWOG,2018-03-07,0.305,0.31,0.29,0.3,45860000.0
UMWOG,2018-03-08,0.3,0.31,0.3,0.305,11700000.0
UMWOG,2018-03-09,0.305,0.305,0.3,0.305,12380000.0
UMWOG,2018-03-12,0.305,0.31,0.3,0.305,29500000.0
UMWOG,2018-03-13,0.305,0.305,0.3,0.305,14670000.0
UMWOG,2018-03-14,0.3,0.305,0.295,0.3,30080000.0
UMWOG,2018-03-15,0.3,0.335,0.3,0.32,114830000.0
UMWOG,2018-03-16,0.32,0.325,0.31,0.31,49110000.0
UMWOG,2018-03-19,0.315,0.32,0.31,0.31,21690000.0
UMWOG,2018-03-20,0.31,0.315,0.305,0.31,11250000.0
UMWOG,2018-03-21,0.315,0.315,0.305,0.305,23840000.0
UMWOG,2018-03-22,0.31,0.32,0.31,0.31,31930000.0
UMWOG,2018-03-23,0.305,0.31,0.305,0.31,15230000.0
UMWOG,2018-03-26,0.31,0.32,0.305,0.31,21380000.0
UMWOG,2018-03-27,0.315,0.315,0.305,0.31,8920000.0
UMWOG,2018-03-28,0.31,0.315,0.3,0.305,20470000.0
