AVI,2007-01-04,0.3080,0.3360,0.3020,0.3360,30118500
AVI,2007-01-09,0.3420,0.3420,0.3340,0.3360,5327500
AVI,2007-01-12,0.3380,0.3480,0.3380,0.3460,6897000
AVI,2007-01-15,0.3500,0.3860,0.3500,0.3820,17141000
AVI,2007-01-17,0.4060,0.4200,0.3980,0.4160,32859500
AVI,2007-01-18,0.4180,0.4260,0.4080,0.4200,12853500
AVI,2007-01-19,0.4240,0.4240,0.3860,0.3980,8211000
AVI,2007-01-22,0.3980,0.4000,0.3840,0.3900,2747500
AVI,2007-01-24,0.4360,0.4740,0.4160,0.4540,18672000
AVI,2007-01-29,0.4560,0.4580,0.4480,0.4500,3375
AVI,2007-01-31,0.4480,0.4540,0.4440,0.4440,4741500
AVI,2007-02-02,0.4460,0.4580,0.4440,0.4540,7833500
AVI,2007-02-07,0.4600,0.4680,0.4420,0.4440,3993500
AVI,2007-02-08,0.4560,0.4560,0.4360,0.4360,6998000
AVI,2007-02-12,0.4560,0.4660,0.4560,0.4600,7266000
AVI,2007-02-14,0.4580,0.4580,0.4460,0.4480,7004500
AVI,2007-02-15,0.4500,0.4660,0.4500,0.4520,7824000
AVI,2007-02-23,0.4560,0.4580,0.4520,0.4520,5951500
AVI,2007-02-28,0.4400,0.4540,0.4060,0.4380,7989000
AVI,2007-03-05,0.4500,0.4500,0.4300,0.4340,4395500
AVI,2007-03-06,0.4320,0.4400,0.4260,0.4320,8492000
AVI,2007-03-14,0.4400,0.4420,0.4240,0.4400,9976500
AVI,2007-03-15,0.4440,0.4460,0.4420,0.4440,4551500
AVI,2007-03-16,0.4480,0.4560,0.4480,0.4500,8729500
AVI,2007-03-22,0.4580,0.4620,0.4580,0.4580,13525000
AVI,2007-03-23,0.4540,0.4580,0.4500,0.4580,1964500
AVI,2007-03-26,0.4600,0.4600,0.4540,0.4540,8552000
AVI,2007-03-27,0.4540,0.4600,0.4520,0.4580,8201500
AVI,2007-03-30,0.4560,0.4640,0.4540,0.4580,8767500
AVI,2007-04-05,0.4640,0.4800,0.4640,0.4740,9041500
AVI,2007-04-09,0.4860,0.5220,0.4860,0.5160,17658500
AVI,2007-04-11,0.5020,0.5160,0.5020,0.5060,8898000
AVI,2007-04-16,0.5080,0.5160,0.5000,0.5100,5508500
AVI,2007-04-17,0.5100,0.5180,0.5100,0.5140,9202000
AVI,2007-04-18,0.5100,0.5120,0.5000,0.5080,11177000
AVI,2007-04-20,0.5000,0.5080,0.5000,0.5040,9459500
AVI,2007-04-25,0.5100,0.5180,0.5060,0.5140,25635000
AVI,2007-04-27,0.5160,0.5180,0.5120,0.5140,10063000
AVI,2007-04-30,0.5120,0.5300,0.5120,0.5280,20901500
AVI,2007-05-04,0.5400,0.5400,0.5260,0.5340,21253500
AVI,2007-05-07,0.5300,0.5300,0.5240,0.5300,12628000
AVI,2007-05-08,0.5300,0.5380,0.5220,0.5240,20774000
AVI,2007-05-09,0.5280,0.5320,0.5260,0.5300,14972000
AVI,2007-05-14,0.5520,0.5520,0.5440,0.5500,18410000
AVI,2007-05-15,0.5480,0.5520,0.5400,0.5500,15567000
AVI,2007-05-17,0.5520,0.5520,0.5440,0.5500,20835000
AVI,2007-05-18,0.5520,0.5520,0.5440,0.5500,20835
AVI,2007-05-21,0.5480,0.5480,0.5440,0.5460,10389000
AVI,2007-05-25,0.5280,0.5440,0.5280,0.5440,10932500
AVI,2007-05-30,0.5460,0.5500,0.5420,0.5440,18937500
AVI,2007-05-31,0.5400,0.5440,0.5380,0.5400,13406000
AVI,2007-06-01,0.5360,0.5440,0.5360,0.5400,10312000
AVI,2007-06-07,0.5400,0.5400,0.5340,0.5340,9703500
AVI,2007-06-08,0.5360,0.5380,0.5300,0.5300,27623000
AVI,2007-06-11,0.5360,0.5360,0.5260,0.5360,16636000
AVI,2007-06-12,0.5380,0.5520,0.5300,0.5480,13369000
AVI,2007-06-13,0.5440,0.5560,0.5400,0.5500,9334000
AVI,2007-06-15,0.5540,0.5560,0.5480,0.5500,18716000
AVI,2007-06-18,0.5500,0.5560,0.5480,0.5480,13464000
AVI,2007-06-19,0.5500,0.5560,0.5480,0.5480,13460
AVI,2007-06-22,0.5540,0.5560,0.5500,0.5560,11368000
AVI,2007-06-25,0.5580,0.5580,0.5520,0.5580,12504500
AVI,2007-06-27,0.5640,0.5640,0.5580,0.5600,14231000
AVI,2007-06-29,0.5700,0.5760,0.5640,0.5660,11314500
AVI,2007-07-02,0.5680,0.6000,0.5680,0.5740,24244000
AVI,2007-07-03,0.5740,0.5740,0.5700,0.5720,9966500
AVI,2007-07-09,0.5860,0.5880,0.5820,0.5840,9772500
AVI,2007-07-11,0.5800,0.5860,0.5780,0.5820,24678000
AVI,2007-07-13,0.5860,0.5900,0.5860,0.5860,8854000
AVI,2007-07-16,0.5800,0.5860,0.5800,0.5860,21113000
AVI,2007-07-19,0.5880,0.5880,0.5720,0.5760,9245000
AVI,2007-07-20,0.5760,0.5760,0.5680,0.5720,24250000
AVI,2007-07-24,0.5720,0.5760,0.5660,0.5700,17629500
AVI,2007-07-26,0.5620,0.5660,0.5600,0.5640,16055000
AVI,2007-07-30,0.5640,0.5700,0.5640,0.5700,16557000
AVI,2007-08-01,0.5640,0.5660,0.5600,0.5640,17179000
AVI,2007-08-02,0.5640,0.5680,0.5580,0.5660,7695000
AVI,2007-08-03,0.5680,0.5700,0.5480,0.5480,17191500
AVI,2007-08-07,0.5640,0.5660,0.5600,0.5640,9250000
AVI,2007-08-08,0.5660,0.5680,0.5640,0.5660,2672000
AVI,2007-08-09,0.5680,0.5740,0.5660,0.5700,15583000
AVI,2007-08-10,0.5660,0.5680,0.5600,0.5640,12454000
AVI,2007-08-13,0.5640,0.5700,0.5600,0.5640,7900
AVI,2007-08-14,0.5620,0.5680,0.5600,0.5660,7215000
AVI,2007-08-15,0.5660,0.5660,0.5580,0.5640,17039500
AVI,2007-08-17,0.5540,0.5540,0.5420,0.5500,8734500
AVI,2007-08-20,0.5560,0.5600,0.5500,0.5540,2256000
AVI,2007-08-21,0.5560,0.5600,0.5540,0.5600,14719500
AVI,2007-08-23,0.5700,0.5740,0.5660,0.5740,6039000
AVI,2007-08-24,0.5720,0.5760,0.5700,0.5760,1640500
AVI,2007-08-28,0.5720,0.5800,0.5720,0.5800,15084500
AVI,2007-09-03,0.5800,0.5860,0.5740,0.5780,16590000
AVI,2007-09-05,0.5740,0.5760,0.5740,0.5760,2039000
AVI,2007-09-07,0.5760,0.5780,0.5760,0.5780,16426000
AVI,2007-09-11,0.5740,0.5740,0.5720,0.5720,1908500
AVI,2007-09-12,0.5740,0.5760,0.5680,0.5680,564000
AVI,2007-09-19,0.5720,0.5760,0.5720,0.5760,17507500
AVI,2007-09-20,0.5740,0.5740,0.5700,0.5740,16778000
AVI,2007-09-21,0.5740,0.5740,0.5720,0.5720,1055500
AVI,2007-09-26,0.5700,0.5720,0.5680,0.5720,12059000
AVI,2007-09-27,0.5720,0.5740,0.5720,0.5740,582000
AVI,2007-10-02,0.5700,0.5700,0.5660,0.5680,7809000
AVI,2007-10-04,0.5660,0.5700,0.5600,0.5700,300
AVI,2007-10-05,0.5660,0.5700,0.5600,0.5680,14298000
AVI,2007-10-08,0.5640,0.5680,0.5640,0.5680,7875000
AVI,2007-10-10,0.5660,0.5700,0.5640,0.5700,245000
AVI,2007-10-23,0.5640,0.5660,0.5640,0.5660,1722000
AVI,2007-10-24,0.5640,0.5660,0.5640,0.5660,1306500
AVI,2007-10-29,0.5660,0.5680,0.5660,0.5660,548000
AVI,2007-10-30,0.5660,0.5680,0.5640,0.5680,1382500
AVI,2007-10-31,0.5680,0.5740,0.5680,0.5720,4132000
AVI,2007-11-02,0.5700,0.5720,0.5680,0.5720,269500
AVI,2007-11-12,0.5680,0.5680,0.5620,0.5660,1642000
AVI,2007-11-13,0.5680,0.5680,0.5660,0.5680,3772500
AVI,2007-11-15,0.5640,0.5660,0.5640,0.5640,869500
AVI,2007-11-21,0.5640,0.5660,0.5640,0.5640,1914000
AVI,2007-11-22,0.5620,0.5640,0.5620,0.5620,1768000
AVI,2007-11-28,0.5600,0.5660,0.5580,0.5660,2379500
AVI,2007-11-30,0.5640,0.5660,0.5640,0.5660,602500
AVI,2007-12-03,0.5660,0.5660,0.5620,0.5660,1195500
AVI,2007-12-04,0.5620,0.5660,0.5620,0.5660,2432500
AVI,2007-12-05,0.5620,0.5660,0.5620,0.5660,2919500
AVI,2007-12-10,0.5560,0.5580,0.5520,0.5540,2914000
AVI,2007-12-13,0.5580,0.5620,0.5560,0.5580,2146500
AVI,2007-12-14,0.5600,0.5650,0.5500,0.5600,4441300
AVI,2007-12-17,0.5600,0.5600,0.5250,0.5300,1728000
AVI,2007-12-18,0.5350,0.5500,0.5300,0.5500,4192600
AVI,2007-12-19,0.5500,0.5650,0.5450,0.5550,3570900
AVI,2007-12-21,0.5600,0.5600,0.5400,0.5400,16500
AVI,2007-12-24,0.5400,0.5400,0.5300,0.5350,346800
AVI,2007-12-26,0.5350,0.5350,0.5200,0.5250,1616400
AVI,2007-12-27,0.5200,0.5300,0.5100,0.5200,1704000
AVI,2007-12-28,0.5250,0.5250,0.5100,0.5200,60100
AVI,2007-12-31,0.5100,0.5300,0.5050,0.5200,32600
AVI,2008-01-02,0.5250,0.5500,0.5200,0.5300,1008200
AVI,2008-01-03,0.5250,0.5300,0.5100,0.5100,1771000
AVI,2008-01-04,0.5250,0.5300,0.5100,0.5300,304000
AVI,2008-01-07,0.5150,0.5250,0.5150,0.5250,225600
AVI,2008-01-08,0.5250,0.5300,0.5150,0.5150,413500
AVI,2008-01-09,0.5100,0.5200,0.5100,0.5150,31900
AVI,2008-01-11,0.5050,0.5150,0.5000,0.5050,1172000
AVI,2008-01-14,0.5100,0.5150,0.5050,0.5100,267600
AVI,2008-01-15,0.5000,0.5300,0.5000,0.5300,74700
AVI,2008-01-16,0.5200,0.5250,0.5050,0.5250,33600
AVI,2008-01-17,0.5000,0.5200,0.5000,0.5200,12200
AVI,2008-01-18,0.5000,0.5200,0.5000,0.5200,32400
AVI,2008-01-21,0.5000,0.5500,0.5000,0.5300,73000
AVI,2008-01-22,0.5000,0.5300,0.5000,0.5300,110000
AVI,2008-01-24,0.5200,0.5300,0.5100,0.5300,74000
AVI,2008-01-25,0.5200,0.5800,0.5200,0.5700,85900
AVI,2008-01-28,0.5800,0.5800,0.5650,0.5700,67000
AVI,2008-01-29,0.5700,0.5700,0.5700,0.5700,2000
AVI,2008-01-30,0.5700,0.5700,0.5500,0.5600,36000
AVI,2008-01-31,0.5500,0.5650,0.5500,0.5500,126000
AVI,2008-02-04,0.5500,0.5650,0.5500,0.5500,245000
AVI,2008-02-05,0.5500,0.5500,0.5500,0.5500,85000
AVI,2008-02-06,0.5500,0.5800,0.5500,0.5600,80000
AVI,2008-02-11,0.5600,0.5650,0.5500,0.5550,21000
AVI,2008-02-12,0.5500,0.5550,0.5400,0.5550,42200
AVI,2008-02-13,0.5300,0.5550,0.5250,0.5450,182900
AVI,2008-02-14,0.5450,0.5450,0.5400,0.5450,26000
AVI,2008-02-15,0.5400,0.5450,0.5300,0.5450,17100
AVI,2008-02-18,0.5500,0.5500,0.5400,0.5450,30000
AVI,2008-02-19,0.5350,0.5450,0.5350,0.5450,58000
AVI,2008-02-20,0.5450,0.5450,0.5350,0.5400,42000
AVI,2008-02-21,0.5350,0.5400,0.5350,0.5400,53100
AVI,2008-02-22,0.5350,0.5800,0.5300,0.5800,314300
AVI,2008-02-25,0.5600,0.5700,0.5500,0.5700,178200
AVI,2008-02-26,0.5700,0.5750,0.5700,0.5700,59500
AVI,2008-02-27,0.5150,0.5500,0.4850,0.5000,333
AVI,2008-02-28,0.4850,0.4900,0.4400,0.4450,861300
AVI,2008-02-29,0.4250,0.4300,0.4200,0.4300,170000
AVI,2008-03-03,0.4550,0.4550,0.4200,0.4250,7047
AVI,2008-03-04,0.4000,0.4500,0.3950,0.4300,286100
AVI,2008-03-05,0.4500,0.4500,0.4300,0.4300,8000
AVI,2008-03-06,0.4500,0.4500,0.4300,0.4500,7000
AVI,2008-03-07,0.4350,0.4350,0.4350,0.4350,2000
AVI,2008-03-10,0.3800,0.4200,0.3750,0.4200,475000
AVI,2008-03-11,0.4400,0.4500,0.4400,0.4400,17400
AVI,2008-03-12,0.4600,0.4800,0.4600,0.4800,24100
AVI,2008-03-13,0.4900,0.4900,0.4600,0.4600,29000
AVI,2008-03-14,0.4600,0.4800,0.4500,0.4800,69000
AVI,2008-03-17,0.4600,0.4800,0.4400,0.4800,24000
AVI,2008-03-18,0.4600,0.4800,0.4600,0.4800,29000
AVI,2008-03-19,0.4800,0.4900,0.4400,0.4900,37200
AVI,2008-03-21,0.4900,0.5000,0.4900,0.5000,5500
AVI,2008-03-24,0.4900,0.5100,0.4800,0.5100,15000
AVI,2008-03-25,0.5200,0.5200,0.5000,0.5200,24200
AVI,2008-03-26,0.5200,0.5200,0.5000,0.5200,19000
AVI,2008-03-28,0.5150,0.5350,0.5000,0.5300,80000
AVI,2008-03-31,0.4900,0.5300,0.4900,0.4900,11300
AVI,2008-04-01,0.4950,0.4950,0.4700,0.4950,37000
AVI,2008-04-02,0.4950,0.5000,0.4800,0.5000,24000
AVI,2008-04-04,0.4850,0.4850,0.4750,0.4850,22000
AVI,2008-04-08,0.4700,0.4850,0.4500,0.4850,13000
AVI,2008-04-10,0.4850,0.4850,0.4850,0.4850,6500
AVI,2008-04-15,0.4800,0.4800,0.4600,0.4600,16800
AVI,2008-04-16,0.4600,0.4850,0.4600,0.4850,22000
AVI,2008-04-17,0.4700,0.5000,0.4700,0.4900,11000
AVI,2008-04-18,0.4600,0.4900,0.4600,0.4900,12200
AVI,2008-04-22,0.4900,0.4900,0.4900,0.4900,200
AVI,2008-04-25,0.4900,0.5000,0.4600,0.4900,48200
AVI,2008-04-28,0.5000,0.5000,0.4700,0.5000,21100
AVI,2008-04-29,0.5000,0.5400,0.4800,0.5400,64400
AVI,2008-04-30,0.5200,0.5400,0.5200,0.5400,10100
AVI,2008-05-02,0.5350,0.5400,0.5000,0.5200,37000
AVI,2008-05-05,0.5100,0.5400,0.5050,0.5400,56500
AVI,2008-05-06,0.5200,0.5350,0.5200,0.5350,29000
AVI,2008-05-07,0.5200,0.5350,0.5100,0.5300,70000
AVI,2008-05-08,0.5100,0.5200,0.5100,0.5200,65500
AVI,2008-05-09,0.5100,0.6000,0.5100,0.6000,94800
AVI,2008-05-12,0.5400,0.5800,0.5150,0.5700,235500
AVI,2008-05-13,0.5500,0.5500,0.5400,0.5500,35000
AVI,2008-05-14,0.5200,0.5350,0.5200,0.5350,129000
AVI,2008-05-15,0.5300,0.5450,0.5150,0.5450,75900
AVI,2008-05-16,0.5450,0.5450,0.5450,0.5450,100
AVI,2008-05-20,0.5450,0.5450,0.5200,0.5450,20800
AVI,2008-05-21,0.5400,0.5400,0.5400,0.5400,100
AVI,2008-05-22,0.5100,0.5300,0.5100,0.5300,7000
AVI,2008-05-23,0.5400,0.5400,0.5400,0.5400,1000
AVI,2008-05-27,0.5200,0.5600,0.5200,0.5600,45600
AVI,2008-05-28,0.5300,0.5300,0.5300,0.5300,5000
AVI,2008-05-30,0.5400,0.5450,0.5200,0.5450,1300
AVI,2008-06-02,0.5400,0.5400,0.5100,0.5150,173000
AVI,2008-06-04,0.5150,0.5250,0.5150,0.5150,24500
AVI,2008-06-10,0.5150,0.5200,0.5100,0.5200,38800
AVI,2008-06-13,0.5100,0.5300,0.5100,0.5300,20000
AVI,2008-06-18,0.5150,0.5150,0.5100,0.5100,23700
AVI,2008-06-20,0.5100,0.5150,0.5100,0.5100,12600
AVI,2008-06-24,0.5100,0.5200,0.5100,0.5200,7200
AVI,2008-06-25,0.5150,0.5200,0.5150,0.5200,23900
AVI,2008-06-26,0.5100,0.5200,0.5100,0.5200,14400
AVI,2008-06-30,0.5000,0.5000,0.5000,0.5000,25800
AVI,2008-07-01,0.5100,0.5100,0.5000,0.5000,9200
AVI,2008-07-02,0.5000,0.5000,0.4950,0.4950,26900
AVI,2008-07-04,0.4700,0.5000,0.4700,0.5000,17700
AVI,2008-07-08,0.5000,0.5300,0.4900,0.5300,33000
AVI,2008-07-09,0.5000,0.5300,0.5000,0.5300,12000
AVI,2008-07-10,0.4950,0.5300,0.4950,0.5250,20200
AVI,2008-07-18,0.5000,0.5000,0.4600,0.4950,103200
AVI,2008-07-22,0.4800,0.5000,0.4800,0.5000,10000
AVI,2008-07-28,0.5000,0.5200,0.5000,0.5200,32500
AVI,2008-07-30,0.5200,0.5350,0.5200,0.5350,13700
AVI,2008-07-31,0.5200,0.5200,0.5200,0.5200,12
AVI,2008-08-01,0.5050,0.5050,0.5050,0.5050,6
AVI,2008-08-05,0.4800,0.4800,0.4800,0.4800,4
AVI,2008-08-07,0.4800,0.4800,0.4800,0.4800,5
AVI,2008-08-13,0.4700,0.4700,0.4700,0.4700,12
AVI,2008-08-14,0.4700,0.4700,0.4700,0.4700,20
AVI,2008-08-18,0.4700,0.4700,0.4700,0.4700,15000
AVI,2008-08-20,0.4700,0.5000,0.4700,0.4800,17400
AVI,2008-08-21,0.4800,0.5200,0.4800,0.5200,6600
AVI,2008-08-22,0.5200,0.5200,0.5100,0.5200,9800
AVI,2008-08-25,0.5200,0.5200,0.5100,0.5200,17700
AVI,2008-08-29,0.5200,0.5200,0.5100,0.5200,5600
AVI,2008-09-02,0.5000,0.5000,0.5000,0.5000,12000
AVI,2008-09-04,0.5200,0.5200,0.5000,0.5000,10100
AVI,2008-09-05,0.5100,0.5100,0.5000,0.5000,1
AVI,2008-09-08,0.5100,0.5100,0.5100,0.5100,10000
AVI,2008-09-09,0.5100,0.5100,0.4900,0.5000,40200
AVI,2008-09-10,0.5000,0.5000,0.4800,0.5000,12500
AVI,2008-09-11,0.4800,0.4900,0.4700,0.4900,27800
AVI,2008-09-12,0.4800,0.4850,0.4650,0.4850,35700
AVI,2008-09-19,0.4950,0.4950,0.4850,0.4900,52000
AVI,2008-09-22,0.4900,0.4900,0.4900,0.4900,20600
AVI,2008-09-24,0.4700,0.4900,0.4700,0.4900,13500
AVI,2008-09-26,0.4700,0.5000,0.4700,0.5000,1300
AVI,2008-10-03,0.4800,0.5000,0.4800,0.5000,20200
AVI,2008-10-06,0.4800,0.4800,0.4800,0.4800,8100
AVI,2008-10-07,0.5000,0.5000,0.5000,0.5000,1000
AVI,2008-10-08,0.4800,0.5000,0.4800,0.5000,18900
AVI,2008-10-13,0.4700,0.5000,0.4500,0.5000,15600
AVI,2008-10-14,0.5000,0.5200,0.4700,0.4850,42800
AVI,2008-10-15,0.4700,0.4900,0.4500,0.4500,18800
AVI,2008-10-16,0.4300,0.4800,0.4300,0.4800,12000
AVI,2008-10-21,0.4500,0.4800,0.4500,0.4800,5100
AVI,2008-10-23,0.4600,0.4800,0.4600,0.4800,17000
AVI,2008-10-24,0.4400,0.4800,0.4350,0.4700,103500
AVI,2008-10-28,0.4200,0.4800,0.4200,0.4800,23500
AVI,2008-10-29,0.4400,0.4800,0.4400,0.4800,26300
AVI,2008-10-30,0.4500,0.4900,0.4500,0.4900,11300
AVI,2008-11-03,0.4600,0.4800,0.4600,0.4800,21100
AVI,2008-11-10,0.4600,0.4800,0.4600,0.4800,15300
AVI,2008-11-11,0.4500,0.4800,0.4500,0.4700,14700
AVI,2008-11-18,0.4400,0.4700,0.4400,0.4700,4700
AVI,2008-11-19,0.4400,0.4800,0.4400,0.4800,7200
AVI,2008-11-21,0.5000,0.5150,0.5000,0.5150,1200
AVI,2008-11-24,0.4600,0.4600,0.4600,0.4600,10000
AVI,2008-11-25,0.4800,0.4900,0.4800,0.4900,1000
AVI,2008-11-26,0.5000,0.5000,0.5000,0.5000,100
AVI,2008-12-02,0.4800,0.5000,0.4700,0.5000,13000
AVI,2008-12-04,0.4600,0.5000,0.4600,0.5000,12000
AVI,2008-12-10,0.4800,0.4800,0.4400,0.4800,10300
AVI,2008-12-16,0.4600,0.4800,0.4600,0.4800,10200
AVI,2008-12-17,0.4800,0.4800,0.4800,0.4800,100
AVI,2008-12-18,0.4600,0.4800,0.4600,0.4800,10100
AVI,2008-12-22,0.4500,0.4800,0.4500,0.4800,7200
AVI,2009-01-05,0.4600,0.4800,0.4600,0.4800,400
AVI,2009-01-06,0.4500,0.4900,0.4500,0.4900,30300
AVI,2009-02-04,0.4500,0.4800,0.4500,0.4800,13200
AVI,2009-02-16,0.4600,0.5000,0.4600,0.5000,6300
AVI,2009-02-18,0.4500,0.4900,0.4000,0.4650,126100
AVI,2009-02-19,0.4100,0.4850,0.4100,0.4850,1300
AVI,2009-02-23,0.4400,0.4600,0.4050,0.4100,168900
AVI,2009-02-24,0.4100,0.4200,0.4000,0.4200,105000
AVI,2009-02-25,0.4050,0.4100,0.4050,0.4100,141600
AVI,2009-02-26,0.4050,0.4100,0.4050,0.4100,164100
AVI,2009-02-27,0.4100,0.4200,0.4050,0.4100,162100
AVI,2009-03-02,0.4150,0.4150,0.4000,0.4050,120600
AVI,2009-03-03,0.4150,0.4150,0.4150,0.4150,200
AVI,2009-03-05,0.4000,0.4150,0.4000,0.4050,159800
AVI,2009-03-10,0.4100,0.4300,0.4100,0.4300,11000
AVI,2009-03-11,0.4300,0.4300,0.4000,0.4150,159200
AVI,2009-03-12,0.4000,0.4000,0.4000,0.4000,68000
AVI,2009-03-13,0.4150,0.4500,0.4150,0.4500,10100
AVI,2009-03-18,0.4350,0.4350,0.4050,0.4150,70200
AVI,2009-03-19,0.4150,0.4150,0.4050,0.4150,74100
AVI,2009-03-20,0.4000,0.4000,0.4000,0.4000,63000
AVI,2009-03-23,0.4000,0.4000,0.4000,0.4000,151000
AVI,2009-03-24,0.4000,0.4000,0.3950,0.4000,78000
AVI,2009-03-26,0.4000,0.4000,0.4000,0.4000,52000
AVI,2009-03-27,0.4350,0.4350,0.3600,0.4350,4600
AVI,2009-03-30,0.3900,0.4300,0.3900,0.4300,5500
AVI,2009-04-01,0.3950,0.4600,0.3950,0.4600,19700
AVI,2009-04-02,0.4600,0.4800,0.4100,0.4400,15800
AVI,2009-04-03,0.4200,0.4400,0.4200,0.4400,9200
AVI,2009-04-06,0.4200,0.4200,0.4050,0.4050,47400
AVI,2009-04-08,0.4000,0.4000,0.4000,0.4000,75200
AVI,2009-04-09,0.4300,0.4300,0.4100,0.4300,400
AVI,2009-04-10,0.4300,0.4700,0.4300,0.4400,19300
AVI,2009-04-13,0.4200,0.4600,0.4200,0.4600,51300
AVI,2009-04-14,0.4800,0.4800,0.4800,0.4800,200
AVI,2009-04-16,0.4250,0.4350,0.4050,0.4150,346100
AVI,2009-04-17,0.4100,0.4100,0.4000,0.4000,130100
AVI,2009-04-20,0.3900,0.4100,0.3900,0.4000,11900
AVI,2009-04-21,0.4000,0.4100,0.4000,0.4100,157400
AVI,2009-04-22,0.4200,0.4200,0.4100,0.4100,50000
AVI,2009-04-23,0.4200,0.4500,0.4200,0.4500,153800
AVI,2009-04-24,0.4500,0.4500,0.4300,0.4300,42800
AVI,2009-04-27,0.4150,0.4500,0.4150,0.4500,106400
AVI,2009-04-28,0.4050,0.4100,0.4050,0.4100,76000
AVI,2009-04-29,0.4000,0.4050,0.4000,0.4050,30000
AVI,2009-04-30,0.4050,0.4100,0.4050,0.4100,91200
AVI,2009-05-04,0.4100,0.4300,0.4050,0.4300,310200
AVI,2009-05-05,0.4050,0.4300,0.4050,0.4300,21100
AVI,2009-05-06,0.4150,0.4500,0.4150,0.4250,94700
AVI,2009-05-07,0.4300,0.4300,0.4250,0.4300,146900
AVI,2009-05-08,0.4250,0.4250,0.4200,0.4200,10100
AVI,2009-05-11,0.4400,0.4400,0.4250,0.4250,118900
AVI,2009-05-12,0.4200,0.4200,0.4200,0.4200,141600
AVI,2009-05-13,0.4200,0.4300,0.4200,0.4200,46200
AVI,2009-05-14,0.4200,0.4200,0.4200,0.4200,74000
AVI,2009-05-15,0.4200,0.4200,0.4100,0.4100,66100
AVI,2009-05-18,0.4300,0.4300,0.4100,0.4100,28800
AVI,2009-05-19,0.4250,0.4250,0.4250,0.4250,4100
AVI,2009-05-20,0.4250,0.4250,0.4250,0.4250,10000
AVI,2009-05-25,0.4350,0.4400,0.4300,0.4400,28300
AVI,2009-05-27,0.4400,0.4400,0.4400,0.4400,43000
AVI,2009-05-28,0.4200,0.4800,0.4200,0.4800,6100
AVI,2009-06-01,0.4400,0.4400,0.4400,0.4400,11000
AVI,2009-06-02,0.4400,0.4400,0.4400,0.4400,22000
AVI,2009-06-04,0.4300,0.4300,0.4300,0.4300,59000
AVI,2009-06-05,0.4300,0.4350,0.4300,0.4300,95100
AVI,2009-06-08,0.4300,0.4300,0.4300,0.4300,44000
AVI,2009-06-09,0.4200,0.4500,0.4200,0.4500,54100
AVI,2009-06-10,0.4200,0.4500,0.4150,0.4500,228600
AVI,2009-06-12,0.4200,0.4500,0.4000,0.4200,2629000
AVI,2009-06-15,0.4200,0.4200,0.4000,0.4000,284600
AVI,2009-06-16,0.3950,0.4000,0.3850,0.4000,397500
AVI,2009-06-17,0.4000,0.4000,0.3900,0.4000,227300
AVI,2009-06-18,0.3900,0.4000,0.3800,0.3950,744500
AVI,2009-06-19,0.3950,0.3950,0.3850,0.3950,126700
AVI,2009-06-22,0.3950,0.3950,0.3800,0.3850,186000
AVI,2009-06-23,0.3850,0.4000,0.3800,0.4000,64800
AVI,2009-06-24,0.3950,0.4000,0.3950,0.4000,11000
AVI,2009-06-25,0.4000,0.4100,0.4000,0.4100,23200
AVI,2009-06-29,0.4100,0.4200,0.4100,0.4200,4200
AVI,2009-07-02,0.3900,0.4150,0.3900,0.4150,5200
AVI,2009-07-06,0.4100,0.4100,0.4100,0.4100,3500
AVI,2009-07-07,0.3950,0.4200,0.3950,0.4200,10500
AVI,2009-07-10,0.4000,0.4150,0.4000,0.4150,12100
AVI,2009-07-15,0.3950,0.4200,0.3950,0.4200,62200
AVI,2009-07-16,0.3950,0.4100,0.3950,0.3950,181100
AVI,2009-07-17,0.3900,0.3900,0.3900,0.3900,25000
AVI,2009-07-20,0.4000,0.4000,0.4000,0.4000,2000
AVI,2009-07-21,0.3950,0.4000,0.3950,0.4000,27900
AVI,2009-07-22,0.3950,0.4100,0.3950,0.4100,54600
AVI,2009-07-23,0.3950,0.4100,0.3950,0.4100,29700
AVI,2009-07-24,0.4000,0.4100,0.3950,0.4100,74300
AVI,2009-07-31,0.4100,0.4100,0.4000,0.4100,21000
AVI,2009-08-03,0.4000,0.4150,0.3950,0.4150,20300
AVI,2009-08-04,0.3950,0.4150,0.3950,0.4150,12600
AVI,2009-08-05,0.4000,0.4100,0.4000,0.4100,31700
AVI,2009-08-06,0.4100,0.4150,0.4100,0.4100,81300
AVI,2009-08-11,0.4100,0.4100,0.4000,0.4100,26200
AVI,2009-08-12,0.4100,0.4100,0.4100,0.4100,5000
AVI,2009-08-13,0.4100,0.4100,0.4000,0.4100,64900
AVI,2009-08-14,0.4100,0.4150,0.4100,0.4150,71500
AVI,2009-08-17,0.3900,0.4150,0.3900,0.3900,12500
AVI,2009-08-18,0.3900,0.4000,0.3900,0.3950,274000
AVI,2009-08-19,0.3950,0.4050,0.3950,0.4050,25900
AVI,2009-08-20,0.3950,0.4000,0.3950,0.4000,47000
AVI,2009-08-24,0.4000,0.4000,0.4000,0.4000,7000
AVI,2009-08-25,0.4000,0.4000,0.4000,0.4000,12000
AVI,2009-08-26,0.4000,0.4000,0.4000,0.4000,5000
AVI,2009-08-27,0.4000,0.4000,0.3950,0.3950,10000
AVI,2009-08-28,0.3950,0.3950,0.3950,0.3950,6200
AVI,2009-09-01,0.3950,0.4000,0.3950,0.4000,12700
AVI,2009-09-02,0.3950,0.4000,0.3950,0.4000,21100
AVI,2009-09-03,0.4000,0.4000,0.4000,0.4000,19800
AVI,2009-09-04,0.4350,0.4350,0.4350,0.4350,1100
AVI,2009-09-08,0.4200,0.4300,0.3950,0.4000,238500
AVI,2009-09-09,0.3900,0.4000,0.3800,0.4000,353000
AVI,2009-09-10,0.4000,0.4000,0.3900,0.4000,71600
AVI,2009-09-11,0.4000,0.4000,0.3900,0.4000,55500
AVI,2009-09-16,0.4000,0.4000,0.3950,0.4000,39500
AVI,2009-09-18,0.4000,0.4000,0.4000,0.4000,40000
AVI,2009-09-23,0.4000,0.4000,0.3950,0.3950,5500
AVI,2009-09-24,0.3950,0.3950,0.3850,0.3900,68700
AVI,2009-09-25,0.4100,0.4100,0.4100,0.4100,2000
AVI,2009-09-29,0.3900,0.3900,0.3900,0.3900,5000
AVI,2009-09-30,0.3900,0.4000,0.3900,0.4000,59000
AVI,2009-10-01,0.3950,0.4200,0.3950,0.4200,12200
AVI,2009-10-02,0.3950,0.4500,0.3850,0.3900,229800
AVI,2009-10-05,0.4000,0.4000,0.4000,0.4000,9000
AVI,2009-10-06,0.4000,0.4000,0.4000,0.4000,11000
AVI,2009-10-07,0.4000,0.4000,0.4000,0.4000,5000
AVI,2009-10-09,0.4000,0.4200,0.4000,0.4200,28300
AVI,2009-10-12,0.4000,0.4100,0.4000,0.4000,36700
AVI,2009-10-13,0.3900,0.4000,0.3900,0.4000,4100
AVI,2009-10-15,0.4000,0.4000,0.3900,0.4000,61300
AVI,2009-10-16,0.4000,0.4000,0.4000,0.4000,75900
AVI,2009-10-20,0.4000,0.4200,0.3950,0.4200,21500
AVI,2009-10-23,0.4050,0.4050,0.4000,0.4000,35000
AVI,2009-10-27,0.3900,0.4000,0.3900,0.4000,21100
AVI,2009-10-28,0.3900,0.4350,0.3800,0.4000,229400
AVI,2009-10-29,0.3800,0.4000,0.3800,0.4000,108000
AVI,2009-10-30,0.3900,0.4400,0.3750,0.3800,1987300
AVI,2009-11-02,0.3850,0.3850,0.3850,0.3850,72000
AVI,2009-11-03,0.3850,0.4100,0.3850,0.4000,68400
AVI,2009-11-04,0.3950,0.4000,0.3950,0.4000,33000
AVI,2009-11-05,0.3950,0.4000,0.3900,0.4000,59700
AVI,2009-11-06,0.4000,0.4050,0.3950,0.4050,44500
AVI,2009-11-09,0.4000,0.4000,0.3950,0.4000,42000
AVI,2009-11-10,0.4000,0.4000,0.3950,0.4000,47200
AVI,2009-11-12,0.3900,0.4000,0.3900,0.4000,47200
AVI,2009-11-13,0.3850,0.4000,0.3850,0.4000,180100
AVI,2009-11-16,0.4000,0.4100,0.4000,0.4100,3000
AVI,2009-11-17,0.4000,0.4100,0.3900,0.4050,106800
AVI,2009-11-23,0.4000,0.4000,0.4000,0.4000,7900
AVI,2009-11-25,0.4000,0.4000,0.4000,0.4000,9000
AVI,2009-11-26,0.3900,0.4500,0.3900,0.4000,71400
AVI,2009-11-30,0.3850,0.4050,0.3800,0.4050,451900
AVI,2009-12-01,0.3900,0.4050,0.3800,0.4000,661700
AVI,2009-12-02,0.4000,0.4100,0.3900,0.4000,195700
AVI,2009-12-04,0.4000,0.4100,0.3900,0.4000,133600
AVI,2009-12-07,0.4000,0.4000,0.4000,0.4000,2000
AVI,2009-12-08,0.3950,0.4000,0.3850,0.3900,939400
AVI,2009-12-09,0.3900,0.3900,0.3900,0.3900,38800
AVI,2009-12-10,0.3950,0.4100,0.3900,0.4100,37300
AVI,2009-12-11,0.3900,0.4100,0.3900,0.4000,601700
AVI,2009-12-14,0.3900,0.3950,0.3900,0.3900,627000
AVI,2009-12-16,0.3900,0.3950,0.3800,0.3900,755600
AVI,2009-12-17,0.3900,0.4000,0.3900,0.4000,36000
AVI,2009-12-21,0.3900,0.4000,0.3900,0.3900,19200
AVI,2009-12-23,0.4100,0.4100,0.4100,0.4100,3000
AVI,2009-12-24,0.4100,0.4100,0.4000,0.4000,17500
AVI,2009-12-31,0.4000,0.4000,0.4000,0.4000,5000
AVI,2010-01-04,0.4100,0.4150,0.4100,0.4100,36000
AVI,2010-01-05,0.4100,0.4250,0.4100,0.4200,87200
AVI,2010-01-06,0.4100,0.4250,0.4100,0.4250,128500
AVI,2010-01-07,0.4250,0.4250,0.4200,0.4250,34000
AVI,2010-01-11,0.4250,0.4250,0.4250,0.4250,10000
AVI,2010-01-12,0.4200,0.4250,0.4200,0.4250,22400
AVI,2010-01-13,0.4200,0.4250,0.4200,0.4250,12000
AVI,2010-01-14,0.4200,0.4250,0.4200,0.4250,44500
AVI,2010-01-15,0.4250,0.4250,0.4250,0.4250,27000
AVI,2010-01-18,0.4250,0.4250,0.4250,0.4250,15600
AVI,2010-01-19,0.4200,0.4400,0.4200,0.4300,25100
AVI,2010-01-20,0.4300,0.4300,0.4300,0.4300,15000
AVI,2010-01-22,0.4200,0.4200,0.4200,0.4200,3700
AVI,2010-01-26,0.4000,0.4000,0.4000,0.4000,5000
AVI,2010-01-27,0.4150,0.4150,0.4150,0.4150,9300
AVI,2010-02-02,0.4150,0.4150,0.4150,0.4150,12500
AVI,2010-02-03,0.4150,0.4200,0.4100,0.4150,25000
AVI,2010-02-05,0.4000,0.4000,0.4000,0.4000,10000
AVI,2010-02-08,0.4000,0.4000,0.4000,0.4000,23000
AVI,2010-02-09,0.3950,0.3950,0.3950,0.3950,14200
AVI,2010-02-10,0.4050,0.4050,0.4050,0.4050,20000
AVI,2010-02-12,0.4050,0.4050,0.4050,0.4050,12500
AVI,2010-02-19,0.4000,0.4000,0.4000,0.4000,16200
AVI,2010-02-23,0.4000,0.4000,0.4000,0.4000,15000
AVI,2010-02-25,0.4200,0.4300,0.4000,0.4300,19000
AVI,2010-03-01,0.4300,0.4300,0.4200,0.4200,18200
AVI,2010-03-02,0.4200,0.4200,0.4100,0.4100,21700
AVI,2010-03-03,0.4000,0.4000,0.4000,0.4000,35000
AVI,2010-03-04,0.4000,0.4000,0.4000,0.4000,22000
AVI,2010-03-05,0.4000,0.4000,0.4000,0.4000,44800
AVI,2010-03-08,0.4000,0.4300,0.4000,0.4000,21900
AVI,2010-03-09,0.4000,0.4000,0.4000,0.4000,25000
AVI,2010-03-10,0.4000,0.4000,0.4000,0.4000,36100
AVI,2010-03-12,0.4100,0.4100,0.4000,0.4100,30500
AVI,2010-03-15,0.4100,0.4100,0.4100,0.4100,10000
AVI,2010-03-17,0.4000,0.4000,0.4000,0.4000,25000
AVI,2010-03-19,0.4100,0.4100,0.4000,0.4100,20700
AVI,2010-03-23,0.4100,0.4100,0.4100,0.4100,27000
AVI,2010-03-24,0.4100,0.4150,0.4000,0.4150,33000
AVI,2010-03-25,0.4000,0.4000,0.4000,0.4000,20000
AVI,2010-03-26,0.4100,0.4100,0.4100,0.4100,18000
AVI,2010-03-29,0.4000,0.4000,0.4000,0.4000,8700
AVI,2010-03-30,0.4000,0.4000,0.4000,0.4000,200
AVI,2010-04-01,0.4100,0.4100,0.4100,0.4100,10000
AVI,2010-04-02,0.4100,0.4100,0.4100,0.4100,29000
AVI,2010-04-07,0.4000,0.4000,0.4000,0.4000,20000
AVI,2010-04-08,0.4000,0.4050,0.4000,0.4000,36200
AVI,2010-04-09,0.4000,0.4050,0.3900,0.4050,65000
AVI,2010-04-12,0.4050,0.4050,0.4000,0.4000,21400
AVI,2010-04-14,0.4000,0.4000,0.4000,0.4000,15000
AVI,2010-04-15,0.4100,0.4200,0.4000,0.4200,20200
AVI,2010-04-19,0.4000,0.4300,0.4000,0.4300,11300
AVI,2010-04-20,0.4200,0.4300,0.4200,0.4300,14000
AVI,2010-04-21,0.4250,0.4300,0.4250,0.4300,8200
AVI,2010-04-22,0.4150,0.4300,0.4000,0.4300,12900
AVI,2010-04-23,0.4000,0.4300,0.3900,0.4300,13500
AVI,2010-04-28,0.4000,0.4000,0.4000,0.4000,10000
AVI,2010-04-30,0.4000,0.4000,0.4000,0.4000,30500
AVI,2010-05-03,0.3950,0.3950,0.3950,0.3950,100
AVI,2010-05-04,0.4000,0.4000,0.4000,0.4000,10000
AVI,2010-05-05,0.3900,0.4000,0.3900,0.4000,7000
AVI,2010-05-06,0.4000,0.4300,0.4000,0.4300,400
AVI,2010-05-07,0.4250,0.4300,0.3900,0.4300,14000
AVI,2010-05-11,0.4100,0.4300,0.4100,0.4200,14900
AVI,2010-05-12,0.4100,0.4300,0.4100,0.4200,5700
AVI,2010-05-13,0.4200,0.4200,0.4100,0.4100,15000
AVI,2010-05-14,0.4000,0.4000,0.4000,0.4000,6200
AVI,2010-05-20,0.3900,0.3900,0.3900,0.3900,25000
AVI,2010-05-21,0.4100,0.4100,0.4100,0.4100,1000
AVI,2010-05-26,0.4000,0.4100,0.4000,0.4100,6000
AVI,2010-06-03,0.4100,0.4300,0.4100,0.4300,14000
AVI,2010-06-09,0.4200,0.4300,0.4200,0.4300,17000
AVI,2010-06-14,0.4100,0.4100,0.4000,0.4000,6200
AVI,2010-06-21,0.4100,0.4100,0.4100,0.4100,2000
AVI,2010-06-22,0.4000,0.4100,0.4000,0.4100,24000
AVI,2010-06-24,0.4150,0.4300,0.4100,0.4300,92000
AVI,2010-06-25,0.4200,0.4350,0.4200,0.4250,65800
AVI,2010-06-28,0.4250,0.4250,0.4250,0.4250,17500
AVI,2010-06-29,0.4250,0.4250,0.4250,0.4250,19800
AVI,2010-06-30,0.4250,0.4300,0.4250,0.4300,31500
AVI,2010-07-01,0.4300,0.4300,0.4300,0.4300,31800
AVI,2010-07-02,0.4250,0.4350,0.4250,0.4350,56200
AVI,2010-07-05,0.4250,0.4350,0.4250,0.4350,33300
AVI,2010-07-06,0.4300,0.4350,0.4300,0.4350,130300
AVI,2010-07-07,0.4350,0.4350,0.4350,0.4350,87500
AVI,2010-07-08,0.4400,0.4400,0.4350,0.4350,43200
AVI,2010-07-09,0.4350,0.4350,0.4300,0.4300,83000
AVI,2010-07-12,0.4300,0.4350,0.4300,0.4350,98000
AVI,2010-07-13,0.4350,0.4350,0.4300,0.4300,82500
AVI,2010-07-14,0.4300,0.4300,0.4300,0.4300,25500
AVI,2010-07-19,0.4350,0.4350,0.4350,0.4350,12500
AVI,2010-07-20,0.4300,0.4300,0.4300,0.4300,11200
AVI,2010-07-21,0.4300,0.4300,0.4300,0.4300,10000
AVI,2010-07-22,0.4300,0.4300,0.4250,0.4250,10000
AVI,2010-07-23,0.4250,0.4250,0.4250,0.4250,5300
AVI,2010-07-28,0.4300,0.4300,0.4150,0.4300,7000
AVI,2010-07-29,0.4250,0.4300,0.4250,0.4300,38700
AVI,2010-07-30,0.4350,0.4400,0.4350,0.4400,40000
AVI,2010-08-02,0.4550,0.4550,0.4550,0.4550,5000
AVI,2010-08-03,0.4600,0.4800,0.4500,0.4550,103000
AVI,2010-08-04,0.4550,0.4550,0.4550,0.4550,31200
AVI,2010-08-05,0.4600,0.4800,0.4550,0.4800,17000
AVI,2010-08-06,0.4550,0.4550,0.4550,0.4550,500
AVI,2010-08-09,0.4550,0.4600,0.4500,0.4500,21600
AVI,2010-08-10,0.4500,0.4500,0.4400,0.4500,26200
AVI,2010-08-11,0.4400,0.4400,0.4400,0.4400,20000
AVI,2010-08-12,0.4350,0.4450,0.4250,0.4250,61600
AVI,2010-08-16,0.4500,0.4500,0.4400,0.4500,15000
AVI,2010-08-17,0.4350,0.4350,0.4350,0.4350,20000
AVI,2010-08-20,0.4350,0.4350,0.4350,0.4350,5000
AVI,2010-08-25,0.4400,0.4450,0.4350,0.4350,32200
AVI,2010-08-26,0.4400,0.4500,0.4400,0.4500,17800
AVI,2010-09-07,0.4500,0.4500,0.4000,0.4000,28700
AVI,2010-09-09,0.4200,0.4400,0.4050,0.4400,10700
AVI,2010-09-13,0.4000,0.4300,0.4000,0.4300,1200
AVI,2010-09-14,0.4100,0.4400,0.4100,0.4400,10100
AVI,2010-09-15,0.4100,0.4300,0.4100,0.4300,20000
AVI,2010-09-20,0.4000,0.4000,0.4000,0.4000,6200
AVI,2010-09-21,0.4000,0.4300,0.4000,0.4300,9000
AVI,2010-09-23,0.4300,0.4300,0.4200,0.4200,19000
AVI,2010-09-24,0.4100,0.4100,0.4100,0.4100,4000
AVI,2010-09-27,0.4400,0.4500,0.4000,0.4000,40000
AVI,2010-09-28,0.4000,0.4000,0.4000,0.4000,3600
AVI,2010-09-29,0.4100,0.4100,0.4050,0.4050,18100
AVI,2010-09-30,0.4050,0.4050,0.4000,0.4000,62500
AVI,2010-10-01,0.4000,0.4000,0.4000,0.4000,50000
AVI,2010-10-04,0.4000,0.4000,0.4000,0.4000,12500
AVI,2010-10-05,0.4000,0.4000,0.4000,0.4000,70000
AVI,2010-10-06,0.4050,0.4050,0.4050,0.4050,18600
AVI,2010-10-08,0.4050,0.4050,0.4050,0.4050,12500
AVI,2010-10-11,0.4050,0.4100,0.4050,0.4050,31300
AVI,2010-10-12,0.4050,0.4050,0.4050,0.4050,26000
AVI,2010-10-13,0.4050,0.4100,0.4050,0.4100,13800
AVI,2010-10-15,0.4000,0.4400,0.4000,0.4100,4000000
AVI,2010-10-19,0.4100,0.4100,0.4100,0.4100,50000
AVI,2010-10-20,0.4100,0.4200,0.4100,0.4200,8100
AVI,2010-10-22,0.4200,0.4200,0.4150,0.4150,52500
AVI,2010-10-25,0.4200,0.4600,0.4200,0.4600,46700
AVI,2010-10-26,0.4600,0.4750,0.4600,0.4750,601000
AVI,2010-10-27,0.4750,0.6000,0.4750,0.5900,773700
AVI,2010-10-28,0.6200,0.7000,0.5800,0.6050,509500
AVI,2010-10-29,0.6200,0.6500,0.5800,0.6300,511000
AVI,2010-11-01,0.6300,0.6300,0.5800,0.5800,101400
AVI,2010-11-02,0.5950,0.6000,0.5900,0.6000,187000
AVI,2010-11-03,0.5950,0.6000,0.5850,0.5950,159700
AVI,2010-11-04,0.5950,0.5950,0.5950,0.5950,40000
AVI,2010-11-08,0.5900,0.5900,0.5800,0.5850,38000
AVI,2010-11-09,0.5900,0.5900,0.4360,0.5650,6000000
AVI,2010-11-10,0.5150,0.5150,0.5150,0.5150,11100
AVI,2010-11-11,0.5200,0.5250,0.5200,0.5250,8300
AVI,2010-11-12,0.5500,0.5500,0.5250,0.5250,42500
AVI,2010-11-15,0.5550,0.5550,0.5550,0.5550,8000
AVI,2010-11-16,0.5650,0.6250,0.4100,0.6250,3428300
AVI,2010-11-18,0.6200,0.6200,0.5600,0.5600,43900
AVI,2010-11-19,0.5900,0.5900,0.5700,0.5700,62000
AVI,2010-11-22,0.5250,0.5250,0.5200,0.5250,24900
AVI,2010-11-23,0.5200,0.5200,0.3800,0.5000,7200000
AVI,2010-11-24,0.4900,0.5000,0.4900,0.5000,10000
AVI,2010-11-25,0.5000,0.5000,0.3800,0.5000,3590500
AVI,2010-11-26,0.5000,0.5900,0.5000,0.5900,11000
AVI,2010-11-29,0.5000,0.5050,0.5000,0.5000,25000
AVI,2010-11-30,0.5000,0.5000,0.5000,0.5000,5000
AVI,2010-12-01,0.5050,0.5050,0.5000,0.5000,9000
AVI,2010-12-02,0.5000,0.5000,0.5000,0.5000,85000
AVI,2010-12-03,0.5000,0.5600,0.5000,0.5600,86400
AVI,2010-12-06,0.5050,0.5050,0.5050,0.5050,10000
AVI,2010-12-08,0.5400,0.5900,0.3900,0.5500,2555000
AVI,2010-12-09,0.5700,0.5750,0.5500,0.5700,96700
AVI,2010-12-10,0.5650,0.6200,0.5650,0.6150,899300
AVI,2010-12-13,0.6100,0.6100,0.6000,0.6100,119500
AVI,2010-12-14,0.6000,0.6050,0.5950,0.6000,52200
AVI,2010-12-15,0.6050,0.6100,0.6000,0.6000,154000
AVI,2010-12-16,0.6000,0.6000,0.5800,0.5800,98400
AVI,2010-12-17,0.5800,0.5900,0.5800,0.5800,65000
AVI,2010-12-20,0.5800,0.6050,0.5800,0.6000,418700
AVI,2010-12-21,0.6100,0.6100,0.5950,0.6100,352500
AVI,2010-12-22,0.6000,0.6050,0.5950,0.6000,476500
AVI,2010-12-23,0.6000,0.6150,0.6000,0.6100,310300
AVI,2010-12-24,0.6050,0.6500,0.6050,0.6450,363200
AVI,2010-12-27,0.6450,0.7000,0.6450,0.6500,663200
AVI,2010-12-28,0.6700,0.7000,0.6600,0.6750,630800
AVI,2010-12-29,0.6850,0.7000,0.6750,0.6750,301000
AVI,2010-12-30,0.6800,0.6800,0.6650,0.6700,261400
AVI,2011-01-03,0.6800,0.6900,0.6700,0.6800,469700
AVI,2011-01-04,0.6800,0.6800,0.6650,0.6750,172000
AVI,2011-01-05,0.6750,0.6750,0.6600,0.6700,376700
AVI,2011-01-06,0.6800,0.7050,0.6750,0.6900,860900
AVI,2011-01-07,0.7000,0.8000,0.7000,0.7750,1572000
AVI,2011-01-10,0.7850,0.8000,0.7700,0.7850,979100
AVI,2011-01-11,0.7850,0.7900,0.7800,0.7850,656900
AVI,2011-01-12,0.7800,0.9000,0.7800,0.9000,40000
AVI,2011-01-13,0.7700,0.7900,0.7650,0.7650,132000
AVI,2011-01-14,0.7700,0.7700,0.7600,0.7600,78800
AVI,2011-01-17,0.7350,0.7700,0.7350,0.7700,113800
AVI,2011-01-18,0.7500,0.7650,0.7400,0.7450,145400
AVI,2011-01-19,0.7450,0.7550,0.7450,0.7450,97700
AVI,2011-01-21,0.7400,0.7900,0.7300,0.7400,213100
AVI,2011-01-24,0.7350,0.7350,0.7200,0.7200,88500
AVI,2011-01-25,0.7300,0.7350,0.7150,0.7150,137700
AVI,2011-01-26,0.7300,0.7450,0.7050,0.7350,473300
AVI,2011-01-27,0.7300,0.7400,0.7300,0.7400,219100
AVI,2011-01-28,0.7400,0.7400,0.7250,0.7250,5200
AVI,2011-01-31,0.7300,0.7300,0.7300,0.7300,30000
AVI,2011-02-02,0.7400,0.7400,0.7300,0.7350,83300
AVI,2011-02-07,0.7400,0.7400,0.7200,0.7200,227000
AVI,2011-02-08,0.7200,0.7400,0.7200,0.7400,50200
AVI,2011-02-09,0.7200,0.7400,0.6900,0.7200,141000
AVI,2011-02-10,0.7050,0.7250,0.7050,0.7200,72000
AVI,2011-02-11,0.7200,0.7300,0.7100,0.7200,32000
AVI,2011-02-14,0.7050,0.7050,0.7000,0.7000,286200
AVI,2011-02-16,0.7200,0.7200,0.7050,0.7050,95000
AVI,2011-02-17,0.7100,0.7100,0.6950,0.7100,315200
AVI,2011-02-18,0.7100,0.7100,0.7050,0.7050,157000
AVI,2011-02-21,0.7050,0.7100,0.7050,0.7050,392600
AVI,2011-02-22,0.7050,0.7050,0.7000,0.7000,241100
AVI,2011-02-23,0.6900,0.7000,0.6900,0.7000,99000
AVI,2011-02-24,0.7000,0.7000,0.6850,0.6850,141000
AVI,2011-02-25,0.6800,0.6900,0.6800,0.6900,245000
AVI,2011-02-28,0.6700,0.6700,0.6550,0.6550,92000
AVI,2011-03-01,0.6700,0.6700,0.6550,0.6550,100000
AVI,2011-03-02,0.6400,0.6500,0.6350,0.6400,415900
AVI,2011-03-04,0.6400,0.6500,0.6400,0.6450,372000
AVI,2011-03-07,0.6350,0.6350,0.6300,0.6350,211000
AVI,2011-03-09,0.6500,0.6500,0.6450,0.6450,20000
AVI,2011-03-15,0.6950,0.6950,0.6950,0.6950,100
AVI,2011-03-16,0.6450,0.6450,0.6450,0.6450,6200
AVI,2011-03-18,0.6900,0.6950,0.6650,0.6950,10100
AVI,2011-03-21,0.6700,0.6700,0.6600,0.6600,35900
AVI,2011-03-22,0.7350,0.7350,0.6700,0.7350,59000
AVI,2011-03-23,0.8000,0.8000,0.7000,0.7000,26200
AVI,2011-03-24,0.6800,0.6950,0.6600,0.6950,24000
AVI,2011-03-25,0.6950,0.6950,0.6950,0.6950,12000
AVI,2011-03-28,0.6400,0.6500,0.6400,0.6450,19000
AVI,2011-03-29,0.6450,0.6450,0.6450,0.6450,9500
AVI,2011-03-30,0.6900,0.6900,0.6900,0.6900,10000
AVI,2011-03-31,0.6800,0.6800,0.6400,0.6800,41300
AVI,2011-04-04,0.6650,0.6650,0.6650,0.6650,1200
AVI,2011-04-05,0.6700,0.6950,0.6700,0.6950,10000
AVI,2011-04-06,0.6800,0.6850,0.6800,0.6800,42500
AVI,2011-04-07,0.6750,0.7100,0.6750,0.7000,147400
AVI,2011-04-08,0.7200,0.7400,0.7200,0.7250,84300
AVI,2011-04-11,0.7100,0.7100,0.6950,0.6950,84300
AVI,2011-04-12,0.6950,0.7000,0.6900,0.6900,125700
AVI,2011-04-13,0.7000,0.7100,0.7000,0.7100,50600
AVI,2011-04-14,0.7000,0.7000,0.6950,0.6950,60100
AVI,2011-04-15,0.7050,0.7200,0.7050,0.7200,58000
AVI,2011-04-20,0.6900,0.6950,0.6900,0.6950,58000
AVI,2011-04-21,0.6950,0.6950,0.6900,0.6900,19200
AVI,2011-04-22,0.6900,0.7050,0.6900,0.6950,47900
AVI,2011-04-25,0.7000,0.7300,0.6900,0.6900,367500
AVI,2011-04-26,0.7000,0.7100,0.6950,0.7100,19500
AVI,2011-04-27,0.7100,0.7150,0.7000,0.7000,61400
AVI,2011-04-28,0.7000,0.7000,0.6850,0.7000,59800
AVI,2011-05-03,0.6950,0.6950,0.6800,0.6900,18800
AVI,2011-05-04,0.6800,0.7000,0.6700,0.6700,173900
AVI,2011-05-05,0.6700,0.6700,0.6600,0.6600,41200
AVI,2011-05-06,0.6600,0.7050,0.6600,0.7050,40000
AVI,2011-05-09,0.7000,0.7000,0.6650,0.6950,5100
AVI,2011-05-10,0.6650,0.6800,0.6600,0.6600,49000
AVI,2011-05-11,0.6500,0.6500,0.6400,0.6400,50000
AVI,2011-05-16,0.6300,0.6300,0.6300,0.6300,6200
AVI,2011-05-18,0.6250,0.6250,0.6250,0.6250,6200
AVI,2011-05-19,0.6300,0.6300,0.6300,0.6300,200
AVI,2011-05-20,0.6250,0.6250,0.6250,0.6250,1000
AVI,2011-05-23,0.6200,0.6400,0.6100,0.6100,47000
AVI,2011-05-24,0.6100,0.6100,0.6100,0.6100,6200
AVI,2011-05-27,0.6200,0.6200,0.6200,0.6200,14400
AVI,2011-05-31,0.6400,0.6600,0.6400,0.6500,35000
AVI,2011-06-07,0.6300,0.6300,0.6300,0.6300,9000
AVI,2011-06-13,0.6000,0.6200,0.5950,0.6200,39100
AVI,2011-06-14,0.6100,0.7500,0.5700,0.7500,43800
AVI,2011-06-15,0.6450,0.6450,0.6450,0.6450,200
AVI,2011-06-17,0.6450,0.6450,0.6350,0.6350,25000
AVI,2011-06-20,0.6200,0.6200,0.6200,0.6200,10000
AVI,2011-06-22,0.6000,0.6000,0.6000,0.6000,5000
AVI,2011-06-23,0.5300,0.6100,0.5300,0.6100,1000
AVI,2011-06-24,0.6200,0.6200,0.6200,0.6200,20000
AVI,2011-06-27,0.5350,0.5350,0.5350,0.5350,100
AVI,2011-06-28,0.5450,0.6300,0.5400,0.6300,10100
AVI,2011-06-30,0.6000,0.6200,0.6000,0.6200,9000
AVI,2011-07-04,0.5300,0.6000,0.5250,0.5300,156400
AVI,2011-07-05,0.5500,0.5500,0.5250,0.5250,24000
AVI,2011-07-06,0.5250,0.5650,0.5250,0.5650,41700
AVI,2011-07-07,0.5650,0.5650,0.5500,0.5500,28500
AVI,2011-07-08,0.4650,0.5600,0.4600,0.5600,11400
AVI,2011-07-11,0.5600,0.5650,0.5600,0.5650,20000
AVI,2011-07-15,0.5200,0.5200,0.5200,0.5200,50000
AVI,2011-07-18,0.5000,0.5000,0.5000,0.5000,2500
AVI,2011-07-19,0.4950,0.5200,0.4800,0.5200,28800
AVI,2011-07-20,0.7500,0.7500,0.6000,0.6000,200
AVI,2011-07-21,0.5200,0.5500,0.5200,0.5500,21000
AVI,2011-07-22,0.5300,0.5400,0.5250,0.5300,50200
AVI,2011-07-25,0.6000,0.6000,0.6000,0.6000,100
AVI,2011-07-26,0.5300,0.5300,0.5150,0.5300,17200
AVI,2011-07-27,0.6000,0.6000,0.5150,0.5150,60100
AVI,2011-07-29,0.5950,0.5950,0.5150,0.5150,500
AVI,2011-08-01,0.6150,0.6150,0.5150,0.5600,35600
AVI,2011-08-02,0.5150,0.5200,0.5150,0.5200,25200
AVI,2011-08-04,0.5150,0.5150,0.4800,0.4800,41200
AVI,2011-08-05,0.4700,0.4700,0.4700,0.4700,30000
AVI,2011-08-08,0.4700,0.5500,0.4650,0.5300,36800
AVI,2011-08-09,0.4600,0.5400,0.4600,0.4900,40100
AVI,2011-08-10,0.4900,0.5400,0.4900,0.5400,10100
AVI,2011-08-11,0.4750,0.5000,0.4700,0.5000,37600
AVI,2011-08-12,0.4750,0.4750,0.4750,0.4750,10000
AVI,2011-08-15,0.4600,0.4900,0.4600,0.4900,16100
AVI,2011-08-16,0.4600,0.4600,0.4600,0.4600,9000
AVI,2011-08-17,0.5400,0.5400,0.5400,0.5400,100
AVI,2011-08-23,0.4800,0.4800,0.4750,0.4750,34100
AVI,2011-08-24,0.4800,0.4800,0.4500,0.4500,24000
AVI,2011-08-25,0.4500,0.5000,0.4400,0.5000,18100
AVI,2011-09-02,0.4500,0.4500,0.4500,0.4500,1000
AVI,2011-09-05,0.4450,0.4800,0.4450,0.4800,11000
AVI,2011-09-06,0.5400,0.5400,0.4450,0.5200,1100
AVI,2011-09-13,0.4550,0.4550,0.4500,0.4500,3900
AVI,2011-09-14,0.5200,0.5200,0.5200,0.5200,100
AVI,2011-09-15,0.4400,0.4400,0.4400,0.4400,900
AVI,2011-09-20,0.4200,0.4250,0.4200,0.4250,3700
AVI,2011-09-21,0.6000,0.6000,0.4200,0.4300,18000
AVI,2011-09-22,0.4600,0.4800,0.4600,0.4800,2100
AVI,2011-09-23,0.4800,0.4800,0.4800,0.4800,8000
AVI,2011-09-27,0.4800,0.4800,0.4800,0.4800,30500
AVI,2011-10-03,0.4200,0.5200,0.4200,0.5200,12600
AVI,2011-10-12,0.4300,0.4300,0.4300,0.4300,22000
AVI,2011-10-14,0.4500,0.4600,0.4500,0.4500,22000
AVI,2011-10-17,0.4650,0.4800,0.4550,0.4800,17400
AVI,2011-10-19,0.4750,0.4900,0.4600,0.4900,34700
AVI,2011-10-20,0.4550,0.4550,0.4550,0.4550,4900
AVI,2011-10-21,0.4600,0.4800,0.4600,0.4800,10000
AVI,2011-10-27,0.4600,0.4800,0.4500,0.4800,17900
AVI,2011-10-28,0.4850,0.4850,0.4800,0.4800,4000
AVI,2011-10-31,0.4700,0.4700,0.4600,0.4600,5000
AVI,2011-11-02,0.4800,0.4800,0.4800,0.4800,20000
AVI,2011-11-04,0.4300,0.4300,0.4300,0.4300,10000
AVI,2011-11-08,0.7300,0.7300,0.4350,0.5000,34900
AVI,2011-11-09,0.4800,0.4800,0.4800,0.4800,10000
AVI,2011-11-14,0.4500,0.4650,0.4500,0.4650,11200
AVI,2011-11-15,0.4650,0.4650,0.4650,0.4650,300
AVI,2011-11-17,0.4650,0.4650,0.4650,0.4650,5000
AVI,2011-11-21,0.4350,0.4350,0.4350,0.4350,7000
AVI,2011-11-22,0.4650,0.4650,0.4500,0.4500,5000
AVI,2011-11-24,0.4350,0.4350,0.4350,0.4350,10000
AVI,2011-11-25,0.4350,0.4650,0.4300,0.4650,23800
AVI,2011-11-29,0.5800,0.6200,0.4800,0.4800,35000
AVI,2011-11-30,0.4500,0.4650,0.4500,0.4650,3000
AVI,2011-12-01,0.4600,0.4600,0.4600,0.4600,23000
AVI,2011-12-05,0.4500,0.4500,0.4250,0.4250,48000
AVI,2011-12-06,0.4150,0.4400,0.4150,0.4400,177000
AVI,2011-12-07,0.4300,0.4400,0.4200,0.4300,273000
AVI,2011-12-08,0.4200,0.4250,0.4200,0.4200,348000
AVI,2011-12-09,0.4200,0.4250,0.4200,0.4250,197000
AVI,2011-12-12,0.4200,0.4200,0.4100,0.4150,248000
AVI,2011-12-13,0.4150,0.4250,0.4150,0.4200,154000
AVI,2011-12-14,0.4200,0.4250,0.4150,0.4250,79000
AVI,2011-12-15,0.4100,0.4250,0.4100,0.4250,163500
AVI,2011-12-16,0.4100,0.4150,0.4100,0.4100,332800
AVI,2011-12-19,0.4100,0.4100,0.4050,0.4100,89000
AVI,2011-12-20,0.4050,0.4050,0.4000,0.4050,62000
AVI,2011-12-21,0.4050,0.4050,0.4050,0.4050,55100
AVI,2011-12-22,0.4050,0.4050,0.4050,0.4050,53000
AVI,2011-12-23,0.4100,0.4100,0.4050,0.4050,20000
AVI,2011-12-27,0.4050,0.4100,0.4000,0.4100,23300
AVI,2011-12-28,0.4050,0.4100,0.4000,0.4050,90700
AVI,2011-12-29,0.4000,0.4050,0.4000,0.4050,300000
AVI,2011-12-30,0.4000,0.4000,0.4000,0.4000,5000
AVI,2012-01-03,0.4050,0.4100,0.4050,0.4050,126000
AVI,2012-01-04,0.4100,0.4100,0.4000,0.4050,80300
AVI,2012-01-05,0.4000,0.4050,0.4000,0.4050,83600
AVI,2012-01-06,0.4050,0.4050,0.4000,0.4050,22000
AVI,2012-01-09,0.4050,0.4050,0.4050,0.4050,99000
AVI,2012-01-10,0.4050,0.4100,0.4000,0.4050,66000
AVI,2012-01-11,0.4050,0.4100,0.4050,0.4050,45000
AVI,2012-01-12,0.4050,0.4100,0.4050,0.4100,50200
AVI,2012-01-13,0.4100,0.4100,0.4100,0.4100,5000
AVI,2012-01-16,0.4000,0.4050,0.4000,0.4050,50400
AVI,2012-01-17,0.4050,0.4100,0.4050,0.4050,83200
AVI,2012-01-18,0.4050,0.4050,0.4000,0.4000,25000
AVI,2012-01-19,0.4000,0.4050,0.3900,0.4050,21600
AVI,2012-01-20,0.4000,0.4050,0.4000,0.4050,14600
AVI,2012-01-26,0.4200,0.4200,0.4000,0.4100,27900
AVI,2012-01-27,0.4000,0.4100,0.4000,0.4100,42600
AVI,2012-01-30,0.4000,0.4050,0.3950,0.4000,62000
AVI,2012-01-31,0.4000,0.4000,0.3950,0.3950,45000
AVI,2012-02-02,0.4000,0.4000,0.3900,0.3950,22000
AVI,2012-02-03,0.4000,0.4050,0.3950,0.4000,148000
AVI,2012-02-08,0.4000,0.4050,0.3700,0.4000,252200
AVI,2012-02-09,0.3950,0.4000,0.3950,0.4000,39400
AVI,2012-02-10,0.4000,0.4000,0.4000,0.4000,35000
AVI,2012-02-13,0.4000,0.4000,0.3950,0.4000,38200
AVI,2012-02-14,0.4000,0.4000,0.4000,0.4000,90000
AVI,2012-02-15,0.4000,0.4000,0.3950,0.4000,58900
AVI,2012-02-16,0.4000,0.4000,0.3900,0.3950,99000
AVI,2012-02-17,0.3900,0.4000,0.3900,0.4000,42400
AVI,2012-02-20,0.3900,0.4000,0.3900,0.4000,73500
AVI,2012-02-21,0.3950,0.3950,0.3900,0.3950,70400
AVI,2012-02-22,0.3850,0.4000,0.3850,0.3950,225400
AVI,2012-02-23,0.3950,0.3950,0.3900,0.3900,57500
AVI,2012-02-24,0.3950,0.3950,0.3850,0.3950,50100
AVI,2012-02-27,0.4000,0.4000,0.3900,0.4000,38000
AVI,2012-02-28,0.3900,0.4050,0.3850,0.4000,90700
AVI,2012-02-29,0.4000,0.4050,0.4000,0.4000,23500
AVI,2012-03-01,0.3900,0.4000,0.3850,0.4000,69000
AVI,2012-03-02,0.4000,0.4000,0.4000,0.4000,10000
AVI,2012-03-05,0.3850,0.4200,0.3850,0.4000,36000
AVI,2012-03-06,0.4000,0.4000,0.4000,0.4000,50000
AVI,2012-03-07,0.3950,0.4000,0.3850,0.4000,108300
AVI,2012-03-08,0.4000,0.4800,0.4000,0.4800,564200
AVI,2012-03-09,0.5100,0.5100,0.4500,0.4500,223100
AVI,2012-03-12,0.4400,0.4500,0.4400,0.4400,70000
AVI,2012-03-13,0.4400,0.4500,0.4350,0.4350,207200
AVI,2012-03-14,0.4350,0.4500,0.4350,0.4350,124100
AVI,2012-03-15,0.4350,0.4400,0.4300,0.4400,72000
AVI,2012-03-16,0.4400,0.4400,0.4350,0.4350,49400
AVI,2012-03-19,0.4350,0.4350,0.4200,0.4200,124500
AVI,2012-03-20,0.4100,0.4100,0.4050,0.4050,130000
AVI,2012-03-21,0.4200,0.4200,0.4100,0.4100,21200
AVI,2012-03-22,0.4100,0.4300,0.4100,0.4300,33800
AVI,2012-03-23,0.4250,0.4300,0.4200,0.4200,53000
AVI,2012-03-26,0.4200,0.4200,0.4150,0.4150,39000
AVI,2012-03-27,0.4100,0.4100,0.4100,0.4100,40000
AVI,2012-03-28,0.4100,0.4100,0.4100,0.4100,123000
AVI,2012-03-29,0.4200,0.4200,0.4100,0.4100,96000
AVI,2012-03-30,0.4100,0.4100,0.4050,0.4050,72700
AVI,2012-04-02,0.4050,0.4100,0.4000,0.4100,117300
AVI,2012-04-03,0.4050,0.4100,0.4050,0.4050,59700
AVI,2012-04-04,0.4000,0.4050,0.4000,0.4000,151300
AVI,2012-04-05,0.4050,0.4200,0.4000,0.4050,125000
AVI,2012-04-06,0.4100,0.4100,0.4100,0.4100,40000
AVI,2012-04-09,0.4500,0.4500,0.4200,0.4200,40000
AVI,2012-04-10,0.4300,0.4550,0.4250,0.4500,585500
AVI,2012-04-12,0.4400,0.4500,0.4350,0.4350,116500
AVI,2012-04-13,0.4350,0.4350,0.4100,0.4200,106400
AVI,2012-04-16,0.4300,0.4300,0.4200,0.4200,72500
AVI,2012-04-17,0.4300,0.4450,0.4250,0.4450,159400
AVI,2012-04-18,0.4400,0.4400,0.4200,0.4300,220000
AVI,2012-04-19,0.4300,0.4350,0.4300,0.4300,61000
AVI,2012-04-20,0.4250,0.4300,0.4250,0.4300,21200
AVI,2012-04-23,0.4300,0.4350,0.4300,0.4350,133000
AVI,2012-04-24,0.4300,0.4300,0.4300,0.4300,37800
AVI,2012-04-25,0.4200,0.4450,0.4200,0.4450,47100
AVI,2012-04-26,0.4300,0.4400,0.4300,0.4400,25000
AVI,2012-04-27,0.4300,0.4350,0.4300,0.4350,100000
AVI,2012-04-30,0.4400,0.4400,0.4150,0.4150,81300
AVI,2012-05-02,0.4150,0.4200,0.4150,0.4200,50000
AVI,2012-05-03,0.4150,0.4150,0.4150,0.4150,20000
AVI,2012-05-04,0.4250,0.4250,0.4200,0.4200,109200
AVI,2012-05-07,0.4150,0.4150,0.4150,0.4150,30000
AVI,2012-05-08,0.4200,0.4200,0.4200,0.4200,15000
AVI,2012-05-09,0.4150,0.4500,0.4150,0.4250,666500
AVI,2012-05-10,0.4250,0.4300,0.4150,0.4200,91900
AVI,2012-05-11,0.4200,0.4200,0.4150,0.4150,31800
AVI,2012-05-14,0.4200,0.4250,0.4150,0.4150,136600
AVI,2012-05-15,0.4100,0.4300,0.4100,0.4250,225500
AVI,2012-05-16,0.4250,0.4250,0.4100,0.4100,66800
AVI,2012-05-17,0.4100,0.4100,0.4050,0.4100,25200
AVI,2012-05-18,0.4050,0.4100,0.4050,0.4100,28900
AVI,2012-05-21,0.4050,0.4100,0.4050,0.4100,24400
AVI,2012-05-22,0.4100,0.4100,0.4100,0.4100,6300
AVI,2012-05-23,0.4100,0.4100,0.4050,0.4050,40300
AVI,2012-05-24,0.4150,0.4150,0.4100,0.4100,20000
AVI,2012-05-25,0.4100,0.4100,0.4050,0.4100,40000
AVI,2012-05-28,0.4100,0.4150,0.4100,0.4100,148200
AVI,2012-05-29,0.4150,0.4150,0.4100,0.4150,26000
AVI,2012-05-30,0.4050,0.4150,0.4000,0.4150,54200
AVI,2012-05-31,0.4000,0.4200,0.4000,0.4150,42000
AVI,2012-06-01,0.4100,0.4150,0.4000,0.4050,80000
AVI,2012-06-04,0.4100,0.4100,0.4100,0.4100,10000
AVI,2012-06-06,0.4200,0.4200,0.4100,0.4100,46800
AVI,2012-06-07,0.4150,0.4150,0.4000,0.4100,47000
AVI,2012-06-08,0.4000,0.4100,0.4000,0.4100,24000
AVI,2012-06-15,0.4100,0.4100,0.4100,0.4100,5300
AVI,2012-06-21,0.3900,0.4100,0.3900,0.4050,37200
AVI,2012-06-22,0.3950,0.4150,0.3950,0.4100,145600
AVI,2012-06-29,0.4150,0.4200,0.4100,0.4100,27900
AVI,2012-07-04,0.4100,0.4100,0.3950,0.4100,93000
AVI,2012-07-05,0.4100,0.4100,0.4000,0.4000,61200
AVI,2012-07-09,0.3900,0.4100,0.3900,0.4100,17400
AVI,2012-07-10,0.4100,0.4100,0.4100,0.4100,53600
AVI,2012-07-11,0.4200,0.4250,0.4200,0.4250,64600
AVI,2012-07-12,0.4100,0.4100,0.4100,0.4100,6200
AVI,2012-07-16,0.4100,0.4200,0.4100,0.4200,170000
AVI,2012-07-17,0.4100,0.4200,0.3950,0.4200,43000
AVI,2012-07-18,0.4100,0.4100,0.4100,0.4100,2000
AVI,2012-07-19,0.4100,0.4350,0.4100,0.4350,10100
AVI,2012-07-23,0.4100,0.4100,0.3900,0.3900,41000
AVI,2012-07-24,0.3850,0.3950,0.3850,0.3950,39000
AVI,2012-07-25,0.4050,0.4050,0.4050,0.4050,5000
AVI,2012-07-30,0.3900,0.4000,0.3900,0.4000,10200
AVI,2012-07-31,0.4050,0.4050,0.4050,0.4050,20000
AVI,2012-08-01,0.4050,0.4050,0.3850,0.4050,37200
AVI,2012-08-03,0.3900,0.4050,0.3900,0.4000,19100
AVI,2012-08-06,0.3900,0.3900,0.3900,0.3900,6200
AVI,2012-08-08,0.4100,0.4100,0.4000,0.4100,8000
AVI,2012-08-09,0.4000,0.4000,0.4000,0.4000,6200
AVI,2012-08-10,0.3950,0.4100,0.3950,0.4000,7000
AVI,2012-08-17,0.3950,0.4100,0.3950,0.4100,6000
AVI,2012-08-22,0.4050,0.4050,0.4000,0.4000,30000
AVI,2012-08-23,0.3900,0.3900,0.3900,0.3900,6200
AVI,2012-08-24,0.4000,0.4050,0.3900,0.4050,9300
AVI,2012-08-27,0.3950,0.4050,0.3950,0.4050,16000
AVI,2012-08-28,0.4000,0.4050,0.4000,0.4050,25100
AVI,2012-09-03,0.4000,0.4050,0.4000,0.4050,6200
AVI,2012-09-06,0.3900,0.4000,0.3900,0.4000,10200
AVI,2012-09-07,0.3900,0.4000,0.3900,0.4000,10200
AVI,2012-09-10,0.3850,0.4000,0.3850,0.4000,10100
AVI,2012-09-11,0.3900,0.4000,0.3800,0.4000,37700
AVI,2012-09-13,0.3900,0.4000,0.3900,0.4000,12900
AVI,2012-09-14,0.3900,0.4000,0.3900,0.4000,30700
AVI,2012-09-18,0.3900,0.4000,0.3900,0.4000,20300
AVI,2012-09-19,0.3900,0.4000,0.3900,0.4000,6300
AVI,2012-09-20,0.3900,0.4000,0.3900,0.4000,70400
AVI,2012-09-21,0.3900,0.4000,0.3900,0.4000,3700
AVI,2012-09-24,0.3850,0.4000,0.3800,0.4000,46900
AVI,2012-09-26,0.3850,0.4000,0.3850,0.4000,29300
AVI,2012-09-27,0.3900,0.4000,0.3900,0.4000,26300
AVI,2012-09-28,0.3850,0.4000,0.3850,0.4000,54600
AVI,2012-10-02,0.3900,0.4000,0.3900,0.4000,10100
AVI,2012-10-03,0.3900,0.4000,0.3900,0.4000,25200
AVI,2012-10-04,0.3900,0.4000,0.3900,0.4000,26200
AVI,2012-10-05,0.3950,0.3950,0.3850,0.3950,39600
AVI,2012-10-09,0.3900,0.4000,0.3850,0.4000,31600
AVI,2012-10-11,0.3900,0.4000,0.3900,0.4000,93200
AVI,2012-10-12,0.4000,0.4000,0.3950,0.4000,25200
AVI,2012-10-15,0.3950,0.3950,0.3850,0.3950,46500
AVI,2012-10-16,0.3900,0.3950,0.3900,0.3950,54900
AVI,2012-10-17,0.3950,0.3950,0.3900,0.3950,73600
AVI,2012-10-18,0.3900,0.3950,0.3850,0.3950,150000
AVI,2012-10-19,0.3900,0.3950,0.3900,0.3950,223900
AVI,2012-10-22,0.3900,0.3950,0.3900,0.3950,23400
AVI,2012-10-23,0.3900,0.3950,0.3900,0.3950,43400
AVI,2012-10-24,0.3900,0.3950,0.3900,0.3950,24200
AVI,2012-10-25,0.3950,0.3950,0.3900,0.3950,34700
AVI,2012-10-29,0.3950,0.3950,0.3950,0.3950,10000
AVI,2012-10-30,0.3900,0.3950,0.3900,0.3950,26800
AVI,2012-10-31,0.3900,0.4000,0.3900,0.3950,227200
AVI,2012-11-01,0.3900,0.4000,0.3900,0.4000,10200
AVI,2012-11-02,0.3900,0.4000,0.3850,0.4000,202600
AVI,2012-11-05,0.3900,0.4000,0.3900,0.3900,135200
AVI,2012-11-06,0.3900,0.3950,0.3900,0.3950,291000
AVI,2012-11-07,0.4000,0.4000,0.3900,0.3950,156300
AVI,2012-11-08,0.3900,0.3950,0.3900,0.3950,30200
AVI,2012-11-09,0.3850,0.3950,0.3850,0.3850,337000
AVI,2012-11-12,0.3900,0.3900,0.3850,0.3850,30000
AVI,2012-11-14,0.3850,0.3950,0.3850,0.3950,140000
AVI,2012-11-16,0.3950,0.4100,0.3950,0.4050,77000
AVI,2012-11-19,0.4050,0.4050,0.4000,0.4050,11100
AVI,2012-11-20,0.4000,0.4050,0.4000,0.4050,17000
AVI,2012-11-21,0.3950,0.4050,0.3950,0.4050,369000
AVI,2012-11-22,0.3950,0.4000,0.3950,0.3950,304000
AVI,2012-11-23,0.3950,0.4000,0.3950,0.3950,20000
AVI,2012-11-26,0.4000,0.4000,0.3850,0.4000,2300
AVI,2012-11-27,0.3900,0.3950,0.3850,0.3950,20200
AVI,2012-11-28,0.3900,0.3900,0.3850,0.3900,72900
AVI,2012-11-29,0.3900,0.4200,0.3900,0.4200,204100
AVI,2012-11-30,0.4050,0.4250,0.4050,0.4250,241400
AVI,2012-12-03,0.4100,0.4250,0.4050,0.4250,123600
AVI,2012-12-04,0.4100,0.4250,0.4100,0.4250,40000
AVI,2012-12-05,0.4250,0.4600,0.4250,0.4450,321700
AVI,2012-12-06,0.4350,0.4400,0.4200,0.4400,80000
AVI,2012-12-07,0.4300,0.4300,0.4300,0.4300,5000
AVI,2012-12-10,0.4200,0.4300,0.4150,0.4300,27600
AVI,2012-12-11,0.4300,0.4300,0.4150,0.4300,29000
AVI,2012-12-13,0.4000,0.4350,0.4000,0.4350,85400
AVI,2012-12-14,0.4300,0.4600,0.4300,0.4600,45900
AVI,2012-12-20,0.4200,0.4400,0.4200,0.4400,52500
AVI,2012-12-21,0.4250,0.4450,0.4250,0.4450,15000
AVI,2012-12-24,0.4200,0.4200,0.4200,0.4200,20000
AVI,2012-12-27,0.4200,0.4200,0.4150,0.4150,25100
AVI,2012-12-28,0.4100,0.4100,0.4100,0.4100,200
AVI,2012-12-31,0.4050,0.4100,0.4000,0.4100,17500
AVI,2013-01-03,0.4000,0.4150,0.3950,0.4150,69100
AVI,2013-01-04,0.3950,0.4300,0.3950,0.4000,155200
AVI,2013-01-07,0.4000,0.4150,0.4000,0.4150,30000
AVI,2013-01-08,0.4050,0.4300,0.4050,0.4150,105300
AVI,2013-01-09,0.4100,0.4150,0.4000,0.4150,233200
AVI,2013-01-10,0.4000,0.4000,0.4000,0.4000,30000
AVI,2013-01-11,0.4000,0.4000,0.4000,0.4000,7500
AVI,2013-01-14,0.3900,0.4050,0.3900,0.4050,117700
AVI,2013-01-15,0.3950,0.4050,0.3900,0.3950,87100
AVI,2013-01-16,0.3950,0.4050,0.3900,0.4050,67400
AVI,2013-01-17,0.4000,0.4100,0.3950,0.3950,123600
AVI,2013-01-18,0.4000,0.4000,0.3800,0.4000,97000
AVI,2013-01-21,0.3900,0.3950,0.3900,0.3950,67200
AVI,2013-01-22,0.4000,0.4050,0.3900,0.3950,51600
AVI,2013-01-23,0.3950,0.3950,0.3950,0.3950,17500
AVI,2013-01-25,0.3900,0.4100,0.3900,0.4100,55400
AVI,2013-01-29,0.3900,0.4050,0.3900,0.4000,41100
AVI,2013-01-31,0.4000,0.4000,0.4000,0.4000,50000
AVI,2013-02-04,0.3850,0.4000,0.3800,0.3950,16400
AVI,2013-02-05,0.3800,0.4000,0.3800,0.3950,12000
AVI,2013-02-06,0.3950,0.4000,0.3850,0.3950,179900
AVI,2013-02-07,0.4100,0.4100,0.4100,0.4100,6700
AVI,2013-02-13,0.4000,0.4200,0.4000,0.4200,52000
AVI,2013-02-14,0.4000,0.4250,0.3900,0.4250,37500
AVI,2013-02-15,0.4000,0.4150,0.4000,0.4150,19000
AVI,2013-02-18,0.3950,0.3950,0.3950,0.3950,6200
AVI,2013-02-19,0.4000,0.4200,0.4000,0.4200,55800
AVI,2013-02-20,0.4100,0.4200,0.3950,0.4200,35400
AVI,2013-02-21,0.4000,0.4200,0.4000,0.4200,64400
AVI,2013-02-22,0.4200,0.4300,0.4200,0.4300,37700
AVI,2013-02-26,0.4150,0.4200,0.4000,0.4200,70100
AVI,2013-02-27,0.4050,0.4200,0.4050,0.4200,41300
AVI,2013-02-28,0.4200,0.4200,0.4000,0.4200,21300
AVI,2013-03-01,0.4100,0.4200,0.4050,0.4050,86500
AVI,2013-03-04,0.4050,0.4200,0.4000,0.4050,40200
AVI,2013-03-05,0.4000,0.4200,0.4000,0.4200,22200
AVI,2013-03-06,0.4050,0.4200,0.4000,0.4050,149200
AVI,2013-03-07,0.4050,0.4100,0.4050,0.4050,35100
AVI,2013-03-08,0.4100,0.4100,0.4000,0.4100,96600
AVI,2013-03-11,0.4050,0.4150,0.4000,0.4050,2070200
AVI,2013-03-12,0.4000,0.4150,0.4000,0.4050,146300
AVI,2013-03-13,0.4000,0.4000,0.4000,0.4000,21000
AVI,2013-03-14,0.3950,0.3950,0.3800,0.3800,205700
AVI,2013-03-15,0.3950,0.3950,0.3750,0.3750,266800
AVI,2013-03-18,0.3800,0.3850,0.3600,0.3700,269200
AVI,2013-03-19,0.3750,0.3900,0.3650,0.3900,516600
AVI,2013-03-20,0.3800,0.3950,0.3800,0.3850,499400
AVI,2013-03-21,0.3900,0.3950,0.3850,0.3850,269400
AVI,2013-03-22,0.3950,0.4000,0.3900,0.4000,42500
AVI,2013-03-25,0.3900,0.4000,0.3850,0.4000,34500
AVI,2013-03-26,0.3900,0.4000,0.3900,0.4000,10200
AVI,2013-03-27,0.3850,0.3900,0.3800,0.3850,235600
AVI,2013-03-28,0.3950,0.3950,0.3900,0.3950,6300
AVI,2013-03-29,0.3950,0.3950,0.3850,0.3900,24000
AVI,2013-04-01,0.3950,0.4000,0.3950,0.4000,10500
AVI,2013-04-02,0.4000,0.4100,0.3950,0.4000,88800
AVI,2013-04-03,0.3850,0.4000,0.3850,0.4000,5000
AVI,2013-04-04,0.3950,0.4000,0.3950,0.4000,117100
AVI,2013-04-05,0.3900,0.4000,0.3900,0.4000,38200
AVI,2013-04-08,0.4000,0.4000,0.4000,0.4000,500
AVI,2013-04-09,0.4000,0.4050,0.4000,0.4000,29900
AVI,2013-04-10,0.3950,0.4000,0.3950,0.3950,76500
AVI,2013-04-11,0.4100,0.4100,0.4000,0.4000,800
AVI,2013-04-12,0.4000,0.4000,0.4000,0.4000,15000
AVI,2013-04-15,0.3950,0.3950,0.3850,0.3850,68700
AVI,2013-04-16,0.3900,0.3900,0.3900,0.3900,46000
AVI,2013-04-17,0.3900,0.3950,0.3900,0.3900,82700
AVI,2013-04-18,0.3900,0.4000,0.3900,0.4000,55700
AVI,2013-04-19,0.4000,0.4000,0.3900,0.4000,67400
AVI,2013-04-22,0.3900,0.4000,0.3900,0.4000,2300
AVI,2013-04-23,0.3950,0.4000,0.3900,0.4000,40800
AVI,2013-04-24,0.3950,0.4000,0.3950,0.4000,33200
AVI,2013-04-25,0.3950,0.4000,0.3900,0.4000,110800
AVI,2013-04-26,0.4050,0.4050,0.3950,0.4000,4100
AVI,2013-04-30,0.3900,0.4050,0.3900,0.4050,36200
AVI,2013-05-02,0.3900,0.4000,0.3900,0.4000,29500
AVI,2013-05-03,0.3900,0.3950,0.3900,0.3950,63500
AVI,2013-05-06,0.3950,0.4000,0.3950,0.4000,44600
AVI,2013-05-07,0.3850,0.4000,0.3850,0.4000,7100
AVI,2013-05-08,0.3950,0.4000,0.3900,0.3900,23700
AVI,2013-05-09,0.3900,0.4100,0.3900,0.4000,90100
AVI,2013-05-10,0.4000,0.4000,0.3900,0.4000,27100
AVI,2013-05-13,0.4000,0.4000,0.4000,0.4000,35000
AVI,2013-05-14,0.3900,0.4050,0.3900,0.4050,85000
AVI,2013-05-15,0.4000,0.4000,0.3900,0.3900,85000
AVI,2013-05-16,0.3900,0.3900,0.3900,0.3900,15000
AVI,2013-05-17,0.3900,0.4000,0.3900,0.3900,36000
AVI,2013-05-20,0.4000,0.4000,0.3850,0.3950,30500
AVI,2013-05-21,0.4000,0.4050,0.3900,0.4000,122800
AVI,2013-05-22,0.3850,0.4000,0.3850,0.4000,80200
AVI,2013-05-23,0.3900,0.3950,0.3800,0.3900,142000
AVI,2013-05-27,0.3950,0.3950,0.3850,0.3900,100600
AVI,2013-05-28,0.3850,0.4000,0.3850,0.4000,116200
AVI,2013-05-29,0.3900,0.4050,0.3900,0.4000,572400
AVI,2013-05-30,0.3900,0.3950,0.3900,0.3900,191000
AVI,2013-05-31,0.3900,0.4100,0.3900,0.4050,416600
AVI,2013-06-03,0.3900,0.4000,0.3900,0.3950,166200
AVI,2013-06-04,0.3900,0.4000,0.3850,0.4000,38200
AVI,2013-06-05,0.3850,0.4000,0.3850,0.4000,111600
AVI,2013-06-06,0.3900,0.4000,0.3850,0.4000,316700
AVI,2013-06-07,0.4050,0.4100,0.3950,0.4100,48000
AVI,2013-06-10,0.4100,0.4150,0.4000,0.4000,321200
AVI,2013-06-11,0.4000,0.4000,0.4000,0.4000,65000
AVI,2013-06-12,0.3950,0.4000,0.3950,0.4000,75100
AVI,2013-06-13,0.3950,0.3950,0.3950,0.3950,15000
AVI,2013-06-14,0.3850,0.3950,0.3850,0.3950,130000
AVI,2013-06-17,0.3850,0.3900,0.3850,0.3850,80000
AVI,2013-06-18,0.3850,0.3950,0.3850,0.3850,60000
AVI,2013-06-19,0.3900,0.3900,0.3850,0.3900,126400
AVI,2013-06-20,0.3850,0.4000,0.3850,0.4000,172500
AVI,2013-06-24,0.3950,0.3950,0.3950,0.3950,55000
AVI,2013-06-25,0.3850,0.3950,0.3800,0.3950,83700
AVI,2013-06-26,0.3850,0.3900,0.3800,0.3850,132000
AVI,2013-06-27,0.3850,0.4000,0.3850,0.4000,6400
AVI,2013-07-01,0.3700,0.3950,0.3700,0.3900,18800
AVI,2013-07-02,0.3850,0.4000,0.3850,0.4000,8600
AVI,2013-07-03,0.3800,0.4000,0.3800,0.3900,17200
AVI,2013-07-04,0.4000,0.4000,0.4000,0.4000,500
AVI,2013-07-05,0.3950,0.4000,0.3900,0.3900,48300
AVI,2013-07-08,0.3950,0.3950,0.3800,0.3900,63100
AVI,2013-07-09,0.3950,0.3950,0.3900,0.3950,800
AVI,2013-07-10,0.3850,0.4000,0.3800,0.3900,188700
AVI,2013-07-11,0.3900,0.4000,0.3900,0.3950,140200
AVI,2013-07-12,0.3950,0.4000,0.3950,0.4000,87000
AVI,2013-07-15,0.4000,0.4050,0.3900,0.3900,40800
AVI,2013-07-16,0.3900,0.3950,0.3900,0.3950,36000
AVI,2013-07-17,0.3950,0.4000,0.3900,0.3950,188200
AVI,2013-07-18,0.4000,0.4600,0.4000,0.4150,9551100
AVI,2013-07-19,0.4150,0.4150,0.4000,0.4050,235800
AVI,2013-07-22,0.4050,0.4050,0.3950,0.4000,171900
AVI,2013-07-23,0.3900,0.4100,0.3900,0.4000,178400
AVI,2013-07-24,0.4100,0.4100,0.3900,0.3950,907900
AVI,2013-07-25,0.3900,0.4100,0.3900,0.4050,74000
AVI,2013-07-26,0.4000,0.4000,0.3900,0.3900,79200
AVI,2013-07-29,0.3950,0.3950,0.3850,0.3950,267800
AVI,2013-07-30,0.3850,0.4000,0.3850,0.3950,141800
AVI,2013-07-31,0.3900,0.3950,0.3850,0.3900,187000
AVI,2013-08-01,0.3850,0.4000,0.3850,0.3950,111200
AVI,2013-08-02,0.3950,0.4000,0.3900,0.3950,20600
AVI,2013-08-05,0.4000,0.4000,0.4000,0.4000,10000
AVI,2013-08-06,0.3850,0.3950,0.3850,0.3950,172700
AVI,2013-08-12,0.4000,0.4000,0.3900,0.4000,5800
AVI,2013-08-13,0.3900,0.4000,0.3900,0.4000,41800
AVI,2013-08-14,0.4000,0.4000,0.3900,0.3950,96700
AVI,2013-08-15,0.3950,0.4000,0.3850,0.3850,36500
AVI,2013-08-16,0.3900,0.3900,0.3900,0.3900,27000
AVI,2013-08-19,0.3950,0.3950,0.3900,0.3950,78000
AVI,2013-08-20,0.3850,0.3950,0.3850,0.3850,117100
AVI,2013-08-21,0.3850,0.3950,0.3850,0.3850,65000
AVI,2013-08-22,0.3950,0.4000,0.3900,0.3900,35000
AVI,2013-08-23,0.3950,0.4000,0.3950,0.4000,26000
AVI,2013-08-27,0.3950,0.3950,0.3750,0.3800,168000
AVI,2013-08-28,0.3800,0.3800,0.3750,0.3800,82600
AVI,2013-08-29,0.3800,0.3900,0.3800,0.3900,51000
AVI,2013-08-30,0.3800,0.3800,0.3800,0.3800,10000
AVI,2013-09-02,0.3800,0.3800,0.3800,0.3800,10000
AVI,2013-09-03,0.3900,0.3900,0.3750,0.3750,126400
AVI,2013-09-04,0.3800,0.3900,0.3750,0.3800,120800
AVI,2013-09-05,0.3850,0.3900,0.3800,0.3900,159400
AVI,2013-09-06,0.3900,0.4000,0.3850,0.3950,77600
AVI,2013-09-10,0.3900,0.3950,0.3900,0.3950,44000
AVI,2013-09-11,0.3850,0.3850,0.3850,0.3850,20000
AVI,2013-09-12,0.3850,0.3850,0.3850,0.3850,30000
AVI,2013-09-17,0.3850,0.4150,0.3850,0.4150,72600
AVI,2013-09-18,0.4100,0.4100,0.4100,0.4100,200
AVI,2013-09-19,0.4000,0.4000,0.3900,0.4000,360200
AVI,2013-09-23,0.4000,0.4750,0.4000,0.4350,4730900
AVI,2013-09-24,0.4200,0.4250,0.3900,0.4000,2206200
AVI,2013-09-25,0.3950,0.3950,0.3900,0.3950,118900
AVI,2013-09-26,0.3900,0.3950,0.3850,0.3900,146300
AVI,2013-09-27,0.3900,0.4000,0.3850,0.3900,98000
AVI,2013-09-30,0.3950,0.3950,0.3750,0.3850,345100
AVI,2013-10-01,0.3800,0.3850,0.3800,0.3800,49000
AVI,2013-10-02,0.3900,0.4000,0.3800,0.3900,54200
AVI,2013-10-03,0.3800,0.3850,0.3800,0.3850,40200
AVI,2013-10-04,0.3900,0.3950,0.3900,0.3950,111000
AVI,2013-10-10,0.3800,0.4000,0.3800,0.3850,80100
AVI,2013-10-14,0.3850,0.4000,0.3850,0.3950,98800
AVI,2013-10-17,0.3850,0.3950,0.3850,0.3950,33700
AVI,2013-10-18,0.3950,0.3950,0.3850,0.3900,134300
AVI,2013-10-22,0.3850,0.3900,0.3850,0.3850,86000
AVI,2013-10-23,0.3850,0.3900,0.3850,0.3900,299000
AVI,2013-10-25,0.3800,0.3800,0.3800,0.3800,50000
AVI,2013-10-28,0.3850,0.3850,0.3850,0.3850,30200
AVI,2013-10-29,0.3850,0.3900,0.3800,0.3900,310000
AVI,2013-10-30,0.3800,0.3900,0.3800,0.3900,241400
AVI,2013-10-31,0.3900,0.4100,0.3900,0.4050,481500
AVI,2013-11-01,0.4100,0.4300,0.3950,0.4000,1248600
AVI,2013-11-06,0.4000,0.4000,0.3900,0.4000,160000
AVI,2013-11-07,0.3900,0.3900,0.3900,0.3900,121100
AVI,2013-11-08,0.3950,0.3950,0.3800,0.3850,222100
AVI,2013-11-11,0.3900,0.3950,0.3900,0.3900,115300
AVI,2013-11-12,0.3900,0.3950,0.3850,0.3850,282500
AVI,2013-11-13,0.3800,0.3850,0.3800,0.3850,43300
AVI,2013-11-14,0.3850,0.3950,0.3850,0.3950,225000
AVI,2013-11-15,0.3900,0.3950,0.3900,0.3950,47000
AVI,2013-11-18,0.4100,0.4100,0.3800,0.3800,147000
AVI,2013-11-19,0.3800,0.3900,0.3800,0.3900,277200
AVI,2013-11-20,0.3850,0.3950,0.3850,0.3850,97000
AVI,2013-11-21,0.3800,0.3950,0.3800,0.3850,5200
AVI,2013-11-22,0.3850,0.3850,0.3800,0.3800,70000
AVI,2013-11-25,0.3950,0.3950,0.3950,0.3950,500
AVI,2013-11-26,0.3800,0.3800,0.3800,0.3800,200000
AVI,2013-11-27,0.3800,0.3950,0.3800,0.3850,112700
AVI,2013-11-28,0.3800,0.3850,0.3800,0.3850,90000
AVI,2013-11-29,0.3800,0.3900,0.3800,0.3850,164200
AVI,2013-12-02,0.4250,0.4500,0.4000,0.4000,1371300
AVI,2013-12-03,0.4000,0.4000,0.3900,0.3900,94000
AVI,2013-12-04,0.3850,0.4000,0.3850,0.3950,185800
AVI,2013-12-05,0.3950,0.3950,0.3850,0.3850,414100
AVI,2013-12-06,0.3950,0.3950,0.3950,0.3950,228100
AVI,2013-12-09,0.4150,0.4500,0.4150,0.4350,1112700
AVI,2013-12-10,0.4250,0.4350,0.4250,0.4350,210300
AVI,2013-12-11,0.4300,0.4300,0.4250,0.4250,45000
AVI,2013-12-12,0.4150,0.4250,0.4150,0.4250,48600
AVI,2013-12-13,0.4100,0.4350,0.4100,0.4200,302700
AVI,2013-12-16,0.4100,0.4200,0.4100,0.4200,120700
AVI,2013-12-17,0.4300,0.4350,0.4250,0.4250,112000
AVI,2013-12-18,0.4250,0.4250,0.4250,0.4250,30000
AVI,2013-12-19,0.4150,0.4200,0.4150,0.4200,15000
AVI,2013-12-20,0.4200,0.4400,0.4200,0.4300,109900
AVI,2013-12-23,0.4250,0.4300,0.4200,0.4300,1016900
AVI,2013-12-24,0.4300,0.4700,0.4300,0.4700,1537000
AVI,2013-12-26,0.4800,0.5050,0.4600,0.4800,1210500
AVI,2013-12-27,0.4700,0.4800,0.4600,0.4650,262200
AVI,2013-12-30,0.4650,0.4850,0.4650,0.4700,282000
AVI,2013-12-31,0.4600,0.4700,0.4600,0.4600,126100
AVI,2014-01-02,0.4550,0.4550,0.4400,0.4450,398000
AVI,2014-01-03,0.4450,0.4500,0.4450,0.4500,64000
AVI,2014-01-06,0.4500,0.4600,0.4450,0.4600,118500
AVI,2014-01-07,0.4600,0.4700,0.4550,0.4600,827700
AVI,2014-01-08,0.4650,0.4850,0.4600,0.4750,853900
AVI,2014-01-09,0.4750,0.4750,0.4600,0.4600,192000
AVI,2014-01-10,0.4550,0.4650,0.4550,0.4650,109800
AVI,2014-01-13,0.4650,0.4800,0.4650,0.4750,370700
AVI,2014-01-15,0.4750,0.4750,0.4600,0.4750,393200
AVI,2014-01-16,0.4650,0.4650,0.4450,0.4450,116000
AVI,2014-01-20,0.4550,0.4600,0.4550,0.4600,76100
AVI,2014-01-21,0.4600,0.4700,0.4600,0.4650,268000
AVI,2014-01-22,0.4650,0.4700,0.4550,0.4550,186000
AVI,2014-01-23,0.4550,0.4550,0.4550,0.4550,64000
AVI,2014-01-24,0.4600,0.4650,0.4600,0.4600,686000
AVI,2014-01-27,0.4550,0.4550,0.4550,0.4550,52000
AVI,2014-01-28,0.4550,0.4550,0.4500,0.4550,135000
AVI,2014-01-29,0.4550,0.4550,0.4550,0.4550,35000
AVI,2014-01-30,0.4500,0.4500,0.4500,0.4500,46000
AVI,2014-02-04,0.4500,0.4500,0.4500,0.4500,27200
AVI,2014-02-05,0.4500,0.4500,0.4500,0.4500,20000
AVI,2014-02-06,0.4550,0.4600,0.4500,0.4550,729300
AVI,2014-02-07,0.4550,0.4650,0.4550,0.4600,661000
AVI,2014-02-10,0.4550,0.4550,0.4550,0.4550,80000
AVI,2014-02-11,0.4550,0.4550,0.4550,0.4550,75000
AVI,2014-02-12,0.4550,0.4600,0.4550,0.4600,48300
AVI,2014-02-13,0.4550,0.4600,0.4350,0.4600,166800
AVI,2014-02-14,0.4500,0.4500,0.4500,0.4500,21000
AVI,2014-02-17,0.4500,0.4600,0.4500,0.4500,40100
AVI,2014-02-18,0.4500,0.4550,0.4500,0.4550,84500
AVI,2014-02-19,0.4500,0.4550,0.4500,0.4500,98700
AVI,2014-02-20,0.4550,0.4600,0.4500,0.4550,111000
AVI,2014-02-21,0.4550,0.4550,0.4500,0.4500,25000
AVI,2014-02-24,0.4550,0.4550,0.4550,0.4550,90000
AVI,2014-02-25,0.4550,0.4550,0.4550,0.4550,101700
AVI,2014-02-26,0.4500,0.4500,0.4450,0.4450,69700
AVI,2014-02-27,0.4450,0.4450,0.4450,0.4450,30000
AVI,2014-02-28,0.4450,0.4450,0.4400,0.4400,116200
AVI,2014-03-03,0.4500,0.4500,0.4400,0.4400,378200
AVI,2014-03-04,0.4400,0.4500,0.4350,0.4400,590000
AVI,2014-03-05,0.4400,0.4400,0.4400,0.4400,130000
AVI,2014-03-06,0.4550,0.5000,0.4550,0.4600,3913800
AVI,2014-03-07,0.4600,0.4700,0.4600,0.4600,568600
AVI,2014-03-10,0.4500,0.4500,0.4500,0.4500,113700
AVI,2014-03-11,0.4500,0.4500,0.4500,0.4500,85200
AVI,2014-03-12,0.4550,0.4600,0.4500,0.4550,893000
AVI,2014-03-13,0.4550,0.4550,0.4500,0.4500,71800
AVI,2014-03-14,0.4550,0.4600,0.4500,0.4500,723200
AVI,2014-03-17,0.4500,0.4500,0.4450,0.4450,690200
AVI,2014-03-18,0.4400,0.4400,0.4300,0.4350,126500
AVI,2014-03-19,0.4350,0.4350,0.4300,0.4300,70000
AVI,2014-03-20,0.4250,0.4300,0.4250,0.4300,116500
AVI,2014-03-21,0.4300,0.4350,0.4300,0.4350,80800
AVI,2014-03-24,0.4350,0.4400,0.4350,0.4400,415400
AVI,2014-03-25,0.4300,0.4350,0.4300,0.4350,90800
AVI,2014-03-27,0.4300,0.4300,0.4250,0.4250,95000
AVI,2014-03-28,0.4400,0.4400,0.4300,0.4300,79000
AVI,2014-04-01,0.4300,0.4350,0.4300,0.4350,64000
AVI,2014-04-02,0.4350,0.4350,0.4350,0.4350,22000
AVI,2014-04-03,0.4300,0.4850,0.4300,0.4850,1633100
AVI,2014-04-04,0.4900,0.5050,0.4350,0.4500,7168100
AVI,2014-04-07,0.4500,0.4700,0.4500,0.4700,1254200
AVI,2014-04-08,0.4700,0.4700,0.4600,0.4650,6350500
AVI,2014-04-09,0.4600,0.4600,0.4500,0.4550,1311000
AVI,2014-04-10,0.4550,0.4550,0.4450,0.4500,512200
AVI,2014-04-11,0.4450,0.4500,0.4400,0.4450,97600
AVI,2014-04-14,0.4400,0.4450,0.4250,0.4300,521100
AVI,2014-04-15,0.4350,0.4500,0.4350,0.4450,738000
AVI,2014-04-16,0.4550,0.4650,0.4300,0.4300,1961000
AVI,2014-04-17,0.4300,0.4300,0.4250,0.4250,281000
AVI,2014-04-18,0.4250,0.4300,0.4200,0.4200,787000
AVI,2014-04-21,0.4250,0.4250,0.4150,0.4150,434500
AVI,2014-04-22,0.4150,0.4300,0.4100,0.4300,653800
AVI,2014-04-23,0.4250,0.4250,0.4150,0.4200,490000
AVI,2014-04-24,0.4150,0.4250,0.4150,0.4200,74800
AVI,2014-04-25,0.4200,0.4300,0.4150,0.4200,310200
AVI,2014-04-28,0.4150,0.4150,0.4100,0.4100,180300
AVI,2014-04-29,0.4100,0.4200,0.4100,0.4150,908000
AVI,2014-04-30,0.4150,0.4200,0.4150,0.4200,752000
AVI,2014-05-02,0.4100,0.4100,0.4100,0.4100,60000
AVI,2014-05-05,0.4250,0.4250,0.4050,0.4100,131000
AVI,2014-05-06,0.4100,0.4250,0.4100,0.4200,259000
AVI,2014-05-07,0.4100,0.4250,0.4100,0.4250,168100
AVI,2014-05-08,0.4250,0.4250,0.4150,0.4150,30000
AVI,2014-05-09,0.4100,0.4200,0.4100,0.4200,100000
AVI,2014-05-12,0.4150,0.4150,0.4100,0.4150,177400
AVI,2014-05-14,0.4100,0.4150,0.4100,0.4150,82000
AVI,2014-05-15,0.4200,0.4200,0.4150,0.4150,113500
AVI,2014-05-16,0.4100,0.4200,0.4100,0.4200,40800
AVI,2014-05-19,0.4100,0.4200,0.4100,0.4200,7200
AVI,2014-05-20,0.4150,0.4150,0.4100,0.4100,71500
AVI,2014-05-21,0.4100,0.4100,0.4100,0.4100,171300
AVI,2014-05-22,0.4150,0.4150,0.4100,0.4100,202700
AVI,2014-05-23,0.4100,0.4100,0.4050,0.4050,297500
AVI,2014-05-26,0.4050,0.4050,0.4050,0.4050,100000
AVI,2014-05-27,0.4100,0.4100,0.4050,0.4050,56000
AVI,2014-05-28,0.4050,0.4050,0.4050,0.4050,44000
AVI,2014-06-17,0.4000,0.4100,0.3950,0.4000,261400
AVI,2014-06-18,0.4050,0.4100,0.4000,0.4000,40000
AVI,2014-06-19,0.4100,0.4100,0.4100,0.4100,20000
AVI,2014-06-20,0.4000,0.4050,0.4000,0.4050,120000
AVI,2014-06-23,0.4050,0.4050,0.4000,0.4000,119400
AVI,2014-06-24,0.4000,0.4050,0.4000,0.4050,124000
AVI,2014-06-25,0.4050,0.4050,0.3950,0.3950,42500
AVI,2014-06-26,0.3950,0.4000,0.3900,0.4000,57100
AVI,2014-06-27,0.3950,0.4000,0.3950,0.3950,143600
AVI,2014-07-03,0.3950,0.4000,0.3950,0.3950,90000
AVI,2014-07-04,0.3800,0.3950,0.3800,0.3900,114200
AVI,2014-07-07,0.3950,0.4000,0.3900,0.4000,160000
AVI,2014-07-08,0.3950,0.3950,0.3950,0.3950,130000
AVI,2014-07-11,0.4150,0.4300,0.4100,0.4100,1035800
AVI,2014-07-14,0.4100,0.4150,0.4100,0.4150,10100
AVI,2014-07-16,0.4000,0.4250,0.4000,0.4200,360300
AVI,2014-07-17,0.4000,0.4100,0.4000,0.4050,60900
AVI,2014-07-18,0.3950,0.4200,0.3950,0.4100,609900
AVI,2014-07-21,0.4000,0.4100,0.4000,0.4000,109600
AVI,2014-07-22,0.4000,0.4100,0.4000,0.4100,178700
AVI,2014-07-23,0.4050,0.4250,0.4050,0.4200,713600
AVI,2014-07-24,0.4200,0.4300,0.4150,0.4200,743200
AVI,2014-07-25,0.4150,0.4150,0.4050,0.4100,75000
AVI,2014-07-30,0.4100,0.4100,0.4050,0.4100,160200
AVI,2014-07-31,0.4050,0.4150,0.4050,0.4050,368100
AVI,2014-08-01,0.4100,0.4100,0.4000,0.4100,658200
AVI,2014-08-04,0.4050,0.4100,0.4050,0.4050,2960100
AVI,2014-08-05,0.4050,0.4100,0.4000,0.4100,754600
AVI,2014-08-06,0.4100,0.4150,0.4050,0.4050,852300
AVI,2014-08-07,0.4050,0.4050,0.4000,0.4050,204500
AVI,2014-08-08,0.4050,0.4050,0.3950,0.4000,619600
AVI,2014-08-11,0.3950,0.4100,0.3950,0.4100,189500
AVI,2014-08-12,0.4000,0.4000,0.4000,0.4000,138200
AVI,2014-08-13,0.4050,0.4050,0.4000,0.4000,61400
AVI,2014-08-14,0.4000,0.4100,0.4000,0.4050,150800
AVI,2014-08-15,0.4050,0.4150,0.4050,0.4050,541000
AVI,2014-08-18,0.4000,0.4000,0.3950,0.4000,122000
AVI,2014-08-19,0.4000,0.4000,0.3950,0.3950,159300
AVI,2014-08-20,0.4000,0.4200,0.4000,0.4050,1088200
AVI,2014-08-21,0.4000,0.4100,0.4000,0.4050,174000
AVI,2014-08-22,0.4000,0.4000,0.4000,0.4000,63000
AVI,2014-08-25,0.4000,0.4050,0.4000,0.4000,300000
AVI,2014-08-26,0.4050,0.4050,0.3950,0.3950,602500
AVI,2014-08-27,0.4000,0.4000,0.3850,0.4000,1021300
AVI,2014-08-29,0.4000,0.4000,0.3950,0.3950,519100
AVI,2014-09-02,0.4000,0.4000,0.3950,0.3950,102900
AVI,2014-09-03,0.3950,0.3950,0.3950,0.3950,86000
AVI,2014-09-04,0.3950,0.3950,0.3950,0.3950,126000
AVI,2014-09-05,0.3950,0.4000,0.3950,0.3950,77000
AVI,2014-09-08,0.4000,0.4000,0.3900,0.3900,112700
AVI,2014-09-09,0.3950,0.3950,0.3900,0.3950,280500
AVI,2014-09-10,0.4000,0.4000,0.4000,0.4000,300
AVI,2014-09-11,0.4000,0.4000,0.3950,0.3950,36400
AVI,2014-09-12,0.4000,0.4000,0.3900,0.3950,52000
AVI,2014-09-17,0.4000,0.4000,0.3900,0.3900,154600
AVI,2014-09-19,0.3900,0.3900,0.3900,0.3900,140000
AVI,2014-09-22,0.3900,0.3900,0.3900,0.3900,20400
AVI,2014-09-23,0.3900,0.3900,0.3900,0.3900,65000
AVI,2014-09-25,0.3900,0.3900,0.3850,0.3850,170000
AVI,2014-09-26,0.3700,0.4000,0.3700,0.4000,18300
AVI,2014-09-30,0.3900,0.3900,0.3900,0.3900,30000
AVI,2014-10-01,0.3950,0.3950,0.3850,0.3950,125200
AVI,2014-10-02,0.3950,0.3950,0.3900,0.3900,35200
AVI,2014-10-03,0.3800,0.3900,0.3800,0.3900,28700
AVI,2014-10-07,0.3950,0.3950,0.3850,0.3850,73700
AVI,2014-10-08,0.3900,0.3900,0.3850,0.3850,200000
AVI,2014-10-09,0.3950,0.3950,0.3900,0.3900,71200
AVI,2014-10-10,0.3850,0.3900,0.3800,0.3900,203800
AVI,2014-10-13,0.3850,0.3900,0.3800,0.3900,83400
AVI,2014-10-14,0.3800,0.3850,0.3750,0.3800,299000
AVI,2014-10-15,0.3800,0.3850,0.3800,0.3800,122400
AVI,2014-10-16,0.3800,0.3800,0.3700,0.3800,405400
AVI,2014-10-17,0.3800,0.3800,0.3800,0.3800,23000
AVI,2014-10-20,0.3850,0.4000,0.3800,0.3900,220700
AVI,2014-10-21,0.3900,0.3900,0.3850,0.3850,53800
AVI,2014-10-24,0.3850,0.3950,0.3850,0.3950,22000
AVI,2014-10-27,0.3950,0.3950,0.3950,0.3950,14000
AVI,2014-10-28,0.3850,0.3850,0.3850,0.3850,40000
AVI,2014-10-29,0.3850,0.3950,0.3850,0.3900,33000
AVI,2014-10-30,0.3850,0.3900,0.3850,0.3900,21400
AVI,2014-10-31,0.3800,0.3950,0.3800,0.3950,98400
AVI,2014-11-04,0.3900,0.3900,0.3850,0.3850,16200
AVI,2014-11-05,0.3850,0.3850,0.3850,0.3850,10200
AVI,2014-11-06,0.3850,0.3850,0.3850,0.3850,17800
AVI,2014-11-07,0.3850,0.3950,0.3850,0.3950,20500
AVI,2014-11-10,0.3850,0.3900,0.3850,0.3900,41000
AVI,2014-11-11,0.3850,0.3950,0.3850,0.3950,26500
AVI,2014-11-12,0.3850,0.3850,0.3800,0.3800,36500
AVI,2014-11-13,0.3850,0.3850,0.3800,0.3850,96000
AVI,2014-11-14,0.3850,0.3900,0.3800,0.3800,34600
AVI,2014-11-17,0.3850,0.3850,0.3800,0.3850,26500
AVI,2014-11-18,0.3850,0.3950,0.3800,0.3950,45000
AVI,2014-11-19,0.3900,0.3950,0.3800,0.3950,111900
AVI,2014-11-20,0.3750,0.3950,0.3750,0.3950,81200
AVI,2014-11-21,0.4000,0.4000,0.3850,0.3850,35000
AVI,2014-11-24,0.4000,0.4050,0.3900,0.3900,170000
AVI,2014-11-25,0.3850,0.3950,0.3850,0.3950,20100
AVI,2014-11-27,0.3800,0.3950,0.3800,0.3950,35900
AVI,2014-12-01,0.3800,0.3900,0.3750,0.3900,148000
AVI,2014-12-02,0.3800,0.3850,0.3800,0.3850,40400
AVI,2014-12-03,0.3800,0.3800,0.3800,0.3800,90500
AVI,2014-12-04,0.3750,0.3900,0.3750,0.3900,30700
AVI,2014-12-05,0.3750,0.3950,0.3750,0.3800,29700
AVI,2014-12-08,0.3800,0.3800,0.3800,0.3800,30000
AVI,2014-12-10,0.3800,0.3900,0.3600,0.3800,289500
AVI,2014-12-12,0.3700,0.3800,0.3700,0.3800,115200
AVI,2014-12-17,0.3750,0.3950,0.3750,0.3950,28400
AVI,2014-12-22,0.3900,0.4000,0.3850,0.4000,37000
AVI,2014-12-26,0.3850,0.3950,0.3850,0.3950,53000
AVI,2014-12-30,0.3750,0.3950,0.3750,0.3950,28700
AVI,2014-12-31,0.3750,0.3800,0.3750,0.3800,20000
AVI,2015-01-02,0.3800,0.3800,0.3750,0.3800,25000
AVI,2015-01-05,0.3800,0.3800,0.3750,0.3750,20000
AVI,2015-01-06,0.3700,0.3800,0.3700,0.3800,78000
AVI,2015-01-07,0.3750,0.3950,0.3750,0.3900,97900
AVI,2015-01-09,0.3800,0.3800,0.3650,0.3650,82000
AVI,2015-01-12,0.3750,0.3800,0.3700,0.3800,85000
AVI,2015-01-13,0.3750,0.3900,0.3750,0.3900,92000
AVI,2015-01-14,0.3800,0.3800,0.3750,0.3750,28100
AVI,2015-01-15,0.3750,0.3900,0.3750,0.3800,42300
AVI,2015-01-16,0.3750,0.3850,0.3750,0.3850,46000
AVI,2015-01-19,0.3800,0.3850,0.3800,0.3850,61000
AVI,2015-01-20,0.3750,0.3800,0.3750,0.3800,108900
AVI,2015-01-21,0.3800,0.3850,0.3800,0.3850,35000
AVI,2015-01-23,0.3750,0.3850,0.3750,0.3850,95200
AVI,2015-01-26,0.3750,0.3800,0.3750,0.3800,30200
AVI,2015-01-27,0.3750,0.3800,0.3750,0.3800,51100
AVI,2015-01-28,0.3800,0.3800,0.3700,0.3700,60000
AVI,2015-01-29,0.3750,0.3900,0.3750,0.3850,134400
AVI,2015-01-30,0.3900,0.3900,0.3900,0.3900,65000
AVI,2015-02-04,0.3750,0.3950,0.3750,0.3850,61200
AVI,2015-02-05,0.3800,0.3850,0.3750,0.3850,74100
AVI,2015-02-06,0.3750,0.3750,0.3750,0.3750,10000
AVI,2015-02-10,0.3800,0.3900,0.3750,0.3900,80600
AVI,2015-02-11,0.3850,0.3850,0.3850,0.3850,10000
AVI,2015-02-12,0.3800,0.3800,0.3750,0.3750,36000
AVI,2015-02-13,0.3900,0.3900,0.3900,0.3900,7100
AVI,2015-02-16,0.3800,0.3850,0.3750,0.3850,45200
AVI,2015-02-17,0.3750,0.3850,0.3750,0.3850,21000
AVI,2015-02-18,0.3750,0.3750,0.3700,0.3750,125000
AVI,2015-02-24,0.3750,0.3750,0.3600,0.3750,156300
AVI,2015-02-26,0.3750,0.3750,0.3700,0.3750,122800
AVI,2015-02-27,0.3700,0.3750,0.3700,0.3750,17500
AVI,2015-03-05,0.3800,0.3850,0.3750,0.3850,29100
AVI,2015-03-06,0.3750,0.3900,0.3750,0.3900,11000
AVI,2015-03-09,0.3800,0.3800,0.3700,0.3800,56900
AVI,2015-03-10,0.3800,0.3800,0.3750,0.3800,27600
AVI,2015-03-11,0.3750,0.3750,0.3700,0.3750,125600
AVI,2015-03-12,0.3750,0.3800,0.3750,0.3800,8000
AVI,2015-03-13,0.3750,0.3900,0.3700,0.3900,156100
AVI,2015-03-16,0.3750,0.3900,0.3750,0.3900,48500
AVI,2015-03-17,0.3800,0.3900,0.3800,0.3900,17800
AVI,2015-03-18,0.3800,0.3800,0.3800,0.3800,200000
AVI,2015-03-19,0.3750,0.3750,0.3750,0.3750,10000
AVI,2015-03-20,0.3750,0.3750,0.3750,0.3750,8000
AVI,2015-03-23,0.3700,0.3700,0.3700,0.3700,20000
AVI,2015-03-24,0.3800,0.3850,0.3800,0.3850,11000
AVI,2015-03-25,0.3700,0.3800,0.3700,0.3800,39700
AVI,2015-03-26,0.3700,0.3800,0.3700,0.3800,21000
AVI,2015-03-30,0.3700,0.3850,0.3700,0.3850,99100
AVI,2015-03-31,0.3700,0.3850,0.3700,0.3700,25600
AVI,2015-04-01,0.3700,0.3700,0.3600,0.3700,114000
AVI,2015-04-02,0.3700,0.3700,0.3650,0.3700,23400
AVI,2015-04-03,0.3700,0.3750,0.3650,0.3650,79000
AVI,2015-04-06,0.3650,0.3700,0.3650,0.3700,10000
AVI,2015-04-07,0.3650,0.3800,0.3650,0.3750,157100
AVI,2015-04-08,0.3700,0.3850,0.3650,0.3700,167300
AVI,2015-04-09,0.3800,0.3800,0.3700,0.3800,130800
AVI,2015-04-10,0.3800,0.3800,0.3700,0.3750,241000
AVI,2015-04-13,0.3750,0.3750,0.3700,0.3750,55500
AVI,2015-04-14,0.3650,0.3700,0.3650,0.3700,381400
AVI,2015-04-15,0.3650,0.3700,0.3600,0.3600,137100
AVI,2015-04-16,0.3600,0.3850,0.3600,0.3800,288000
AVI,2015-04-20,0.3700,0.3800,0.3700,0.3800,40000
AVI,2015-04-21,0.3800,0.3850,0.3800,0.3850,47400
AVI,2015-04-22,0.3700,0.3850,0.3700,0.3850,71000
AVI,2015-04-24,0.3700,0.3900,0.3700,0.3900,49200
AVI,2015-04-27,0.3750,0.3900,0.3750,0.3900,14000
AVI,2015-04-28,0.3800,0.3800,0.3750,0.3750,291500
AVI,2015-04-29,0.3700,0.3800,0.3700,0.3800,22000
AVI,2015-04-30,0.3700,0.3700,0.3700,0.3700,80000
AVI,2015-05-12,0.3650,0.3650,0.3650,0.3650,5000
AVI,2015-05-13,0.3700,0.3800,0.3650,0.3650,27300
AVI,2015-05-14,0.3750,0.3750,0.3550,0.3700,25500
AVI,2015-05-15,0.3700,0.3700,0.3700,0.3700,10300
AVI,2015-05-18,0.3750,0.3800,0.3700,0.3800,14400
AVI,2015-05-19,0.3750,0.3800,0.3750,0.3800,20400
AVI,2015-05-21,0.3750,0.3750,0.3750,0.3750,10000
AVI,2015-05-22,0.3750,0.3750,0.3750,0.3750,44000
AVI,2015-05-25,0.3750,0.3800,0.3750,0.3800,55100
AVI,2015-05-26,0.3650,0.3800,0.3650,0.3750,37000
AVI,2015-05-27,0.3600,0.3800,0.3600,0.3750,37100
AVI,2015-05-29,0.3600,0.3750,0.3600,0.3750,19000
AVI,2015-06-01,0.3600,0.3750,0.3600,0.3750,28200
AVI,2015-06-03,0.3650,0.3750,0.3650,0.3750,10300
AVI,2015-06-08,0.3700,0.3750,0.3650,0.3750,300
AVI,2015-06-09,0.3700,0.3750,0.3650,0.3700,46500
AVI,2015-06-10,0.3750,0.3750,0.3750,0.3750,200
AVI,2015-06-11,0.3750,0.3800,0.3750,0.3750,76300
AVI,2015-06-12,0.3600,0.3750,0.3600,0.3750,37700
AVI,2015-06-16,0.3650,0.3650,0.3650,0.3650,27600
AVI,2015-06-17,0.3750,0.3750,0.3600,0.3700,23800
AVI,2015-06-22,0.3750,0.3750,0.3750,0.3750,400
AVI,2015-06-23,0.3800,0.3800,0.3650,0.3650,600
AVI,2015-06-25,0.3750,0.3750,0.3650,0.3750,16700
AVI,2015-07-01,0.3800,0.3800,0.3600,0.3700,45200
AVI,2015-07-06,0.3600,0.3800,0.3600,0.3750,75900
AVI,2015-07-08,0.3650,0.3750,0.3600,0.3750,82700
AVI,2015-07-13,0.3650,0.3750,0.3650,0.3750,44000
AVI,2015-07-16,0.3650,0.3750,0.3650,0.3750,80400
AVI,2015-07-22,0.3700,0.3750,0.3650,0.3650,10200
AVI,2015-07-23,0.3750,0.3750,0.3750,0.3750,100
AVI,2015-07-24,0.3700,0.3750,0.3600,0.3650,94700
AVI,2015-07-27,0.3750,0.3800,0.3750,0.3800,48700
AVI,2015-07-28,0.3600,0.3800,0.3600,0.3700,24700
AVI,2015-07-29,0.3700,0.3700,0.3700,0.3700,10000
AVI,2015-07-31,0.3850,0.3950,0.3850,0.3950,22200
AVI,2015-08-04,0.3900,0.3950,0.3900,0.3950,29900
AVI,2015-08-05,0.3700,0.3700,0.3700,0.3700,80000
AVI,2015-08-06,0.3650,0.3750,0.3650,0.3750,3500
AVI,2015-08-10,0.3550,0.3650,0.3550,0.3650,87100
AVI,2015-08-26,0.3600,0.3800,0.3550,0.3800,110800
AVI,2015-08-28,0.3750,0.3750,0.3750,0.3750,100
AVI,2015-09-02,0.3700,0.3700,0.3700,0.3700,11300
AVI,2015-09-03,0.3750,0.3800,0.3750,0.3800,100000
AVI,2015-09-07,0.3900,0.3900,0.3900,0.3900,600
AVI,2015-09-08,0.3850,0.3850,0.3850,0.3850,100
AVI,2015-09-11,0.3550,0.3700,0.3500,0.3700,26000
AVI,2015-09-17,0.3850,0.3850,0.3700,0.3850,24000
AVI,2015-09-21,0.3650,0.3650,0.3650,0.3650,19500
AVI,2015-09-23,0.3750,0.3750,0.3750,0.3750,10000
AVI,2015-09-28,0.3500,0.3700,0.3500,0.3700,26000
AVI,2015-09-29,0.3750,0.3800,0.3550,0.3550,40500
AVI,2015-09-30,0.3700,0.3800,0.3700,0.3800,12100
AVI,2015-10-02,0.3600,0.3800,0.3600,0.3800,15000
AVI,2015-10-07,0.3800,0.3800,0.3800,0.3800,10000
AVI,2015-10-09,0.3600,0.3750,0.3600,0.3750,26500
AVI,2015-10-12,0.3700,0.3750,0.3700,0.3750,22200
AVI,2015-10-16,0.3800,0.3850,0.3800,0.3850,15000
AVI,2015-10-19,0.3900,0.3900,0.3650,0.3800,31800
AVI,2015-10-20,0.3650,0.3800,0.3650,0.3800,11500
AVI,2015-10-21,0.3650,0.3800,0.3600,0.3800,32200
AVI,2015-10-29,0.3700,0.3800,0.3700,0.3800,10100
AVI,2015-11-02,0.3650,0.3650,0.3650,0.3650,19900
AVI,2015-11-03,0.3750,0.3900,0.3750,0.3900,9900
AVI,2015-11-05,0.3750,0.3800,0.3700,0.3750,51100
AVI,2015-11-06,0.3750,0.3900,0.3750,0.3900,20100
AVI,2015-11-09,0.3700,0.3700,0.3700,0.3700,40000
AVI,2015-11-13,0.3750,0.3750,0.3750,0.3750,100
AVI,2015-11-16,0.3700,0.4100,0.3700,0.3750,30300
AVI,2015-11-17,0.3900,0.3900,0.3650,0.3650,6300
AVI,2015-11-18,0.3800,0.3800,0.3800,0.3800,10000
AVI,2015-11-19,0.3750,0.3850,0.3700,0.3800,60800
AVI,2015-11-23,0.3900,0.3900,0.3700,0.3900,1100
AVI,2015-11-24,0.3750,0.3750,0.3750,0.3750,14300
AVI,2015-11-25,0.3850,0.3900,0.3700,0.3750,62500
AVI,2015-11-26,0.3900,0.3900,0.3650,0.3900,16700
AVI,2015-11-27,0.3850,0.3850,0.3850,0.3850,70000
AVI,2015-12-01,0.3850,0.4000,0.3850,0.4000,12500
AVI,2015-12-02,0.3950,0.3950,0.3900,0.3900,60000
AVI,2015-12-07,0.3900,0.3900,0.3900,0.3900,300
AVI,2015-12-08,0.3850,0.3950,0.3850,0.3950,17100
AVI,2015-12-10,0.3950,0.3950,0.3700,0.3750,98500
AVI,2015-12-11,0.3750,0.3900,0.3650,0.3900,41300
AVI,2015-12-14,0.3850,0.3950,0.3850,0.3950,52400
AVI,2015-12-15,0.3850,0.3950,0.3850,0.3950,530000
AVI,2015-12-16,0.3800,0.3900,0.3800,0.3900,22200
AVI,2015-12-17,0.3800,0.3900,0.3800,0.3900,29500
AVI,2015-12-22,0.3950,0.3950,0.3950,0.3950,30000
AVI,2015-12-23,0.3750,0.3950,0.3750,0.3950,49800
AVI,2015-12-28,0.3900,0.3950,0.3800,0.3950,70000
AVI,2015-12-30,0.3850,0.3950,0.3850,0.3950,6600
AVI,2015-12-31,0.3800,0.3800,0.3800,0.3800,26000
AVI,2016-01-04,0.3800,0.3950,0.3800,0.3950,27200
AVI,2016-01-06,0.3800,0.4050,0.3800,0.4050,10700
AVI,2016-01-08,0.3950,0.4050,0.3900,0.3900,5700
AVI,2016-01-12,0.4000,0.4000,0.3950,0.4000,14200
AVI,2016-01-13,0.3900,0.4000,0.3800,0.4000,37000
AVI,2016-01-14,0.3800,0.3900,0.3800,0.3900,50400
AVI,2016-01-15,0.4000,0.4000,0.4000,0.4000,100
AVI,2016-01-19,0.3800,0.3900,0.3800,0.3900,21800
AVI,2016-01-20,0.3750,0.3950,0.3750,0.3950,50300
AVI,2016-01-21,0.3800,0.3900,0.3750,0.3900,21700
AVI,2016-01-26,0.3700,0.4000,0.3700,0.4000,300
AVI,2016-01-28,0.3900,0.3950,0.3800,0.3900,115100
AVI,2016-01-29,0.3950,0.4000,0.3800,0.3850,358500
AVI,2016-02-02,0.3800,0.3850,0.3800,0.3850,130000
AVI,2016-02-03,0.3850,0.4000,0.3850,0.3950,214000
AVI,2016-02-04,0.3900,0.4000,0.3900,0.4000,31400
AVI,2016-02-10,0.3850,0.4000,0.3850,0.4000,15100
AVI,2016-02-12,0.3800,0.4000,0.3750,0.4000,10100
AVI,2016-02-15,0.3850,0.4000,0.3700,0.3750,67500
AVI,2016-02-16,0.3700,0.3950,0.3700,0.3950,50100
AVI,2016-02-17,0.3750,0.3950,0.3750,0.3750,15000
AVI,2016-02-18,0.3750,0.3950,0.3750,0.3950,96500
AVI,2016-02-19,0.3950,0.4000,0.3800,0.3800,185600
AVI,2016-02-22,0.3950,0.3950,0.3800,0.3950,140300
AVI,2016-02-23,0.3850,0.3900,0.3800,0.3850,265900
AVI,2016-02-24,0.3850,0.3850,0.3700,0.3850,58500
AVI,2016-02-26,0.3850,0.3950,0.3850,0.3950,82100
AVI,2016-02-29,0.3750,0.3950,0.3750,0.3950,90300
AVI,2016-03-01,0.3850,0.3950,0.3850,0.3950,29800
AVI,2016-03-02,0.3800,0.3950,0.3800,0.3800,10600
AVI,2016-03-03,0.3900,0.4050,0.3750,0.3850,13200
AVI,2016-03-04,0.3950,0.3950,0.3900,0.3950,106000
AVI,2016-03-07,0.4000,0.4000,0.3800,0.4000,42700
AVI,2016-03-08,0.3900,0.4000,0.3750,0.3950,199100
AVI,2016-03-11,0.3900,0.3900,0.3750,0.3850,39000
AVI,2016-03-14,0.3750,0.3850,0.3750,0.3850,67000
AVI,2016-03-15,0.3800,0.3850,0.3800,0.3850,24000
AVI,2016-03-16,0.3800,0.3850,0.3800,0.3850,65100
AVI,2016-03-17,0.3750,0.3850,0.3750,0.3850,92200
AVI,2016-03-18,0.3750,0.3900,0.3750,0.3900,300
AVI,2016-03-21,0.3800,0.3900,0.3750,0.3850,22600
AVI,2016-03-22,0.3850,0.3950,0.3850,0.3950,27600
AVI,2016-03-23,0.3850,0.3900,0.3750,0.3800,63900
AVI,2016-03-25,0.3750,0.3800,0.3750,0.3750,130300
AVI,2016-03-28,0.3800,0.3800,0.3750,0.3750,85800
AVI,2016-03-29,0.3800,0.3850,0.3700,0.3750,80300
AVI,2016-03-31,0.3850,0.4000,0.3700,0.3750,26400
AVI,2016-04-01,0.3900,0.3900,0.3900,0.3900,100
AVI,2016-04-04,0.3950,0.3950,0.3950,0.3950,10000
AVI,2016-04-05,0.3800,0.3950,0.3750,0.3900,33400
AVI,2016-04-07,0.3800,0.3800,0.3800,0.3800,10000
AVI,2016-04-08,0.3750,0.3850,0.3750,0.3850,25000
AVI,2016-04-11,0.3650,0.3950,0.3650,0.3950,48400
AVI,2016-04-12,0.3750,0.3750,0.3750,0.3750,300
AVI,2016-04-13,0.3900,0.4500,0.3900,0.4000,459500
AVI,2016-04-14,0.4050,0.4200,0.4000,0.4100,452200
AVI,2016-04-15,0.4100,0.4100,0.4000,0.4100,245800
AVI,2016-04-18,0.4050,0.4050,0.3900,0.4000,89700
AVI,2016-04-19,0.3950,0.4000,0.3800,0.3900,150200
AVI,2016-04-20,0.3850,0.3900,0.3750,0.3900,130200
AVI,2016-04-21,0.3850,0.3900,0.3800,0.3900,21300
AVI,2016-04-26,0.3900,0.3950,0.3800,0.3800,60600
AVI,2016-04-27,0.3750,0.3900,0.3750,0.3900,30100
AVI,2016-04-28,0.3900,0.3900,0.3900,0.3900,140000
AVI,2016-04-29,0.4000,0.4000,0.3800,0.3850,152400
AVI,2016-05-03,0.3950,0.3950,0.3750,0.3750,30100
AVI,2016-05-04,0.3650,0.3800,0.3650,0.3650,72000
AVI,2016-05-05,0.3700,0.3950,0.3700,0.3900,224600
AVI,2016-05-06,0.3950,0.3950,0.3950,0.3950,16000
AVI,2016-05-09,0.3800,0.3850,0.3750,0.3800,51900
AVI,2016-05-10,0.3800,0.3950,0.3800,0.3950,64800
AVI,2016-05-11,0.3800,0.3800,0.3650,0.3750,406100
AVI,2016-05-12,0.3750,0.3750,0.3600,0.3750,309000
AVI,2016-05-16,0.3650,0.3700,0.3650,0.3650,106700
AVI,2016-05-17,0.3650,0.3750,0.3650,0.3700,85200
AVI,2016-05-18,0.3700,0.3850,0.3700,0.3750,220600
AVI,2016-05-19,0.3700,0.4100,0.3650,0.3850,494100
AVI,2016-05-20,0.3850,0.3850,0.3800,0.3850,106900
AVI,2016-05-23,0.3750,0.4300,0.3600,0.4050,1719400
AVI,2016-05-24,0.3900,0.3900,0.3800,0.3800,128200
AVI,2016-05-25,0.3800,0.3850,0.3800,0.3850,94700
AVI,2016-05-26,0.3900,0.3900,0.3750,0.3750,70100
AVI,2016-05-27,0.3750,0.3750,0.3700,0.3700,151600
AVI,2016-05-30,0.3700,0.3700,0.3700,0.3700,10000
AVI,2016-05-31,0.3700,0.3800,0.3700,0.3800,117800
AVI,2016-06-01,0.3700,0.3800,0.3650,0.3650,182100
AVI,2016-06-02,0.3650,0.3800,0.3650,0.3800,38100
AVI,2016-06-03,0.3700,0.3750,0.3650,0.3750,155800
AVI,2016-06-06,0.3750,0.3750,0.3750,0.3750,23800
AVI,2016-06-07,0.3750,0.3800,0.3650,0.3700,113000
AVI,2016-06-08,0.3650,0.3650,0.3600,0.3600,60800
AVI,2016-06-09,0.3600,0.3600,0.3600,0.3600,90000
AVI,2016-06-10,0.3600,0.3700,0.3600,0.3700,40000
AVI,2016-06-14,0.3700,0.3700,0.3700,0.3700,20000
AVI,2016-06-15,0.3600,0.3600,0.3550,0.3550,70000
AVI,2016-06-16,0.3500,0.3550,0.3400,0.3550,143700
AVI,2016-06-17,0.3500,0.3550,0.3500,0.3550,71000
AVI,2016-06-20,0.3500,0.3500,0.3500,0.3500,10000
AVI,2016-06-21,0.3450,0.3650,0.3450,0.3600,334900
AVI,2016-06-23,0.3650,0.3650,0.3600,0.3650,36000
AVI,2016-06-24,0.3650,0.3700,0.3550,0.3700,92100
AVI,2016-06-28,0.3600,0.3650,0.3600,0.3650,30000
AVI,2016-06-29,0.3700,0.3700,0.3650,0.3650,22500
AVI,2016-06-30,0.3700,0.3700,0.3700,0.3700,69200
AVI,2016-07-01,0.3700,0.3700,0.3650,0.3650,90800
AVI,2016-07-04,0.3600,0.3600,0.3600,0.3600,70000
AVI,2016-07-05,0.3650,0.3650,0.3650,0.3650,10000
AVI,2016-07-08,0.3750,0.3750,0.3600,0.3600,133700
AVI,2016-07-11,0.3600,0.3700,0.3600,0.3700,177200
AVI,2016-07-12,0.3600,0.3700,0.3600,0.3700,103000
AVI,2016-07-14,0.3550,0.3550,0.3550,0.3550,97600
AVI,2016-07-15,0.3550,0.3550,0.3500,0.3550,83000
AVI,2016-07-18,0.3550,0.3800,0.3550,0.3800,91200
AVI,2016-07-19,0.3700,0.3700,0.3550,0.3550,79000
AVI,2016-07-21,0.3550,0.3600,0.3500,0.3550,381300
AVI,2016-07-22,0.3550,0.3600,0.3500,0.3600,13600
AVI,2016-07-25,0.3500,0.3600,0.3500,0.3550,50200
AVI,2016-07-26,0.3600,0.3600,0.3500,0.3500,20900
AVI,2016-07-27,0.3450,0.3550,0.3450,0.3550,177000
AVI,2016-07-28,0.3600,0.3750,0.3600,0.3750,243800
AVI,2016-07-29,0.3700,0.3700,0.3700,0.3700,30500
AVI,2016-08-01,0.3750,0.3850,0.3700,0.3750,222600
AVI,2016-08-02,0.3750,0.3750,0.3700,0.3700,60100
AVI,2016-08-03,0.3600,0.3750,0.3600,0.3650,56900
AVI,2016-08-04,0.3750,0.3750,0.3700,0.3700,20000
AVI,2016-08-05,0.3750,0.3750,0.3700,0.3700,68100
AVI,2016-08-08,0.3750,0.3750,0.3650,0.3650,146900
AVI,2016-08-09,0.3700,0.3700,0.3650,0.3650,60000
AVI,2016-08-10,0.3700,0.3700,0.3650,0.3700,80700
AVI,2016-08-11,0.3650,0.3700,0.3650,0.3700,20200
AVI,2016-08-12,0.3700,0.3850,0.3650,0.3750,629300
AVI,2016-08-15,0.3750,0.3750,0.3750,0.3750,30000
AVI,2016-08-17,0.3700,0.3700,0.3650,0.3700,63000
AVI,2016-08-18,0.3650,0.3650,0.3650,0.3650,44500
AVI,2016-08-19,0.3650,0.3650,0.3650,0.3650,69200
AVI,2016-08-22,0.3650,0.3650,0.3600,0.3600,34000
AVI,2016-08-23,0.3600,0.3600,0.3600,0.3600,15000
AVI,2016-08-24,0.3600,0.3600,0.3600,0.3600,30000
AVI,2016-08-25,0.3550,0.3600,0.3550,0.3600,73800
AVI,2016-08-29,0.3500,0.3500,0.3500,0.3500,45000
AVI,2016-08-30,0.3550,0.3550,0.3550,0.3550,40200
AVI,2016-09-01,0.3500,0.3550,0.3500,0.3500,101400
AVI,2016-09-02,0.3500,0.3550,0.3500,0.3500,121400
AVI,2016-09-05,0.3550,0.3550,0.3500,0.3500,10000
AVI,2016-09-06,0.3600,0.3600,0.3500,0.3600,78200
AVI,2016-09-07,0.3500,0.3600,0.3500,0.3600,52000
AVI,2016-09-09,0.3400,0.3500,0.3400,0.3500,131000
AVI,2016-09-14,0.3500,0.3500,0.3450,0.3450,25000
AVI,2016-09-19,0.3450,0.3450,0.3450,0.3450,8100
AVI,2016-09-20,0.3500,0.3550,0.3450,0.3550,58000
AVI,2016-09-21,0.3600,0.3600,0.3400,0.3400,83400
AVI,2016-09-22,0.3400,0.3400,0.3400,0.3400,12000
AVI,2016-09-23,0.3500,0.3500,0.3300,0.3400,92300
AVI,2016-09-26,0.3300,0.3400,0.3300,0.3400,127100
AVI,2016-09-27,0.3250,0.3250,0.3200,0.3250,113600
AVI,2016-09-28,0.3200,0.3250,0.3200,0.3250,108200
AVI,2016-09-29,0.3200,0.3300,0.3200,0.3300,126400
AVI,2016-09-30,0.3250,0.3250,0.3200,0.3200,234900
AVI,2016-10-04,0.3200,0.3400,0.3200,0.3400,244000
AVI,2016-10-05,0.3300,0.3350,0.3250,0.3350,287100
AVI,2016-10-06,0.3200,0.3250,0.3200,0.3200,194400
AVI,2016-10-07,0.3250,0.3400,0.3250,0.3400,24100
AVI,2016-10-10,0.3200,0.3250,0.3200,0.3250,80700
AVI,2016-10-11,0.3250,0.3250,0.3250,0.3250,81900
AVI,2016-10-12,0.3250,0.3350,0.3250,0.3300,12400
AVI,2016-10-13,0.3250,0.3400,0.3250,0.3400,85600
AVI,2016-10-14,0.3300,0.3400,0.3300,0.3400,349500
AVI,2016-10-17,0.3300,0.3400,0.3300,0.3400,422000
AVI,2016-10-25,0.3300,0.3350,0.3300,0.3350,57500
AVI,2016-10-26,0.3350,0.3400,0.3300,0.3400,40000
AVI,2016-10-28,0.3300,0.3300,0.3300,0.3300,18700
AVI,2016-10-31,0.3300,0.3300,0.3300,0.3300,3000
AVI,2016-11-02,0.3350,0.3400,0.3350,0.3400,400
AVI,2016-11-04,0.3300,0.3400,0.3300,0.3400,20300
AVI,2016-11-08,0.3300,0.3300,0.3300,0.3300,5000
AVI,2016-11-09,0.3300,0.3300,0.3300,0.3300,25000
AVI,2016-11-11,0.3300,0.3400,0.3300,0.3400,20000
AVI,2016-11-14,0.3250,0.3250,0.3250,0.3250,10000
AVI,2016-11-16,0.3400,0.3400,0.3400,0.3400,17000
AVI,2016-11-17,0.3300,0.3300,0.3300,0.3300,12000
AVI,2016-11-18,0.3350,0.3400,0.3350,0.3400,29400
AVI,2016-11-22,0.3300,0.3350,0.3300,0.3300,21200
AVI,2016-11-23,0.3250,0.3300,0.3250,0.3300,95200
AVI,2016-11-24,0.3250,0.3250,0.3250,0.3250,49000
AVI,2016-11-25,0.3400,0.3400,0.3400,0.3400,20800
AVI,2016-11-29,0.3200,0.3200,0.3200,0.3200,57000
AVI,2016-11-30,0.3200,0.3200,0.3200,0.3200,120000
AVI,2016-12-01,0.3400,0.3400,0.3400,0.3400,24000
AVI,2016-12-02,0.3200,0.3400,0.3150,0.3250,128400
AVI,2016-12-05,0.3300,0.3300,0.3300,0.3300,10000
AVI,2016-12-06,0.3450,0.3450,0.3300,0.3300,10000
AVI,2016-12-07,0.3400,0.3500,0.3400,0.3400,10400
AVI,2016-12-08,0.3350,0.3400,0.3250,0.3350,6100
AVI,2016-12-09,0.3300,0.3300,0.3300,0.3300,10000
AVI,2016-12-13,0.3350,0.3400,0.3300,0.3400,35300
AVI,2016-12-15,0.3300,0.3300,0.3300,0.3300,10200
AVI,2016-12-16,0.3300,0.3300,0.3300,0.3300,56300
AVI,2016-12-19,0.3250,0.3300,0.3250,0.3300,63900
AVI,2016-12-20,0.3200,0.3400,0.3200,0.3400,117800
AVI,2016-12-21,0.3250,0.3250,0.3250,0.3250,18800
AVI,2016-12-23,0.3550,0.3550,0.3250,0.3450,20300
AVI,2016-12-30,0.3250,0.3250,0.3200,0.3200,71000
AVI,2017-01-03,0.3300,0.3300,0.3200,0.3200,20500
AVI,2017-01-04,0.3250,0.3250,0.3250,0.3250,40000
AVI,2017-01-05,0.3350,0.3400,0.3350,0.3400,64000
AVI,2017-01-06,0.3400,0.3450,0.3300,0.3350,66400
AVI,2017-01-09,0.3400,0.3450,0.3300,0.3400,70800
AVI,2017-01-10,0.3350,0.3450,0.3350,0.3450,24900
AVI,2017-01-12,0.3300,0.3300,0.3300,0.3300,30000
AVI,2017-01-13,0.3300,0.3400,0.3250,0.3250,51300
AVI,2017-01-16,0.3300,0.3400,0.3300,0.3400,35400
AVI,2017-01-17,0.3300,0.3300,0.3300,0.3300,15000
AVI,2017-01-18,0.3400,0.3400,0.3300,0.3400,17000
AVI,2017-01-19,0.3300,0.3400,0.3300,0.3350,92500
AVI,2017-01-20,0.3300,0.3350,0.3300,0.3350,10900
AVI,2017-01-23,0.3350,0.3400,0.3350,0.3400,10100
AVI,2017-01-24,0.3300,0.3300,0.3300,0.3300,4000
AVI,2017-01-25,0.3350,0.3400,0.3350,0.3400,11200
AVI,2017-01-27,0.3400,0.3400,0.3400,0.3400,5000
AVI,2017-02-03,0.3300,0.3350,0.3250,0.3300,75200
AVI,2017-02-06,0.3300,0.3350,0.3250,0.3350,47600
AVI,2017-02-08,0.3350,0.3350,0.3350,0.3350,15000
AVI,2017-02-10,0.3350,0.3400,0.3350,0.3350,12000
AVI,2017-02-13,0.3300,0.3400,0.3300,0.3400,33500
AVI,2017-02-14,0.3400,0.3400,0.3400,0.3400,10000
AVI,2017-02-15,0.3350,0.3350,0.3350,0.3350,30000
AVI,2017-02-17,0.3350,0.3350,0.3300,0.3300,21000
AVI,2017-02-20,0.3350,0.3350,0.3350,0.3350,160000
AVI,2017-02-22,0.3400,0.3400,0.3400,0.3400,5000
AVI,2017-02-23,0.3300,0.3300,0.3300,0.3300,20000
AVI,2017-02-27,0.3300,0.3300,0.3300,0.3300,35000
AVI,2017-02-28,0.3300,0.3400,0.3250,0.3400,30500
AVI,2017-03-01,0.3250,0.3250,0.3250,0.3250,65000
AVI,2017-03-03,0.3250,0.3250,0.3250,0.3250,10000
AVI,2017-03-06,0.3400,0.3400,0.3400,0.3400,200
AVI,2017-03-07,0.3250,0.3250,0.3250,0.3250,6200
AVI,2017-03-08,0.3300,0.3300,0.3250,0.3250,50000
AVI,2017-03-10,0.3250,0.3400,0.3250,0.3400,56700
AVI,2017-03-13,0.3200,0.3200,0.3200,0.3200,4000
AVI,2017-03-15,0.3400,0.3400,0.3400,0.3400,1100
AVI,2017-03-16,0.3200,0.3400,0.3200,0.3250,22100
AVI,2017-03-20,0.3200,0.3450,0.3200,0.3450,60000
AVI,2017-03-21,0.3300,0.3400,0.3300,0.3400,51000
AVI,2017-03-23,0.3250,0.3250,0.3250,0.3250,42400
AVI,2017-03-24,0.3350,0.3400,0.3300,0.3400,437800
AVI,2017-03-27,0.3300,0.3300,0.3250,0.3250,50000
AVI,2017-03-28,0.3300,0.3300,0.3300,0.3300,13300
AVI,2017-03-29,0.3250,0.3400,0.3250,0.3400,71400
AVI,2017-04-03,0.3450,0.3450,0.3300,0.3400,35200
AVI,2017-04-04,0.3300,0.3350,0.3250,0.3250,47000
AVI,2017-04-05,0.3350,0.3400,0.3350,0.3400,1000
AVI,2017-04-07,0.3300,0.3300,0.3300,0.3300,20000
AVI,2017-04-11,0.3400,0.3400,0.3300,0.3350,27500
AVI,2017-04-12,0.3400,0.3450,0.3350,0.3400,33100
AVI,2017-04-17,0.3250,0.3250,0.3250,0.3250,20100
AVI,2017-04-18,0.3250,0.3250,0.3250,0.3250,18700
AVI,2017-04-19,0.3350,0.3500,0.3350,0.3500,30200
AVI,2017-04-20,0.3350,0.3350,0.3350,0.3350,30000
AVI,2017-04-25,0.3350,0.3400,0.3350,0.3400,5200
AVI,2017-04-26,0.3350,0.3400,0.3250,0.3400,36300
AVI,2017-04-28,0.3350,0.3350,0.3350,0.3350,23300
AVI,2017-05-02,0.3350,0.3350,0.3350,0.3350,10000
AVI,2017-05-03,0.3300,0.3300,0.3300,0.3300,33000
AVI,2017-05-04,0.3350,0.3400,0.3350,0.3400,22200
AVI,2017-05-09,0.3350,0.3350,0.3350,0.3350,5000
AVI,2017-05-11,0.3300,0.3400,0.3300,0.3400,20100
AVI,2017-05-16,0.3300,0.3300,0.3250,0.3250,116500
AVI,2017-05-17,0.3250,0.3250,0.3250,0.3250,32000
AVI,2017-05-19,0.3250,0.3400,0.3250,0.3400,52400
AVI,2017-05-24,0.3250,0.3250,0.3200,0.3200,92500
AVI,2017-05-25,0.3250,0.3250,0.3250,0.3250,20000
AVI,2017-05-26,0.3250,0.3400,0.3250,0.3400,83800
AVI,2017-05-31,0.3300,0.3300,0.3300,0.3300,1000
AVI,2017-06-01,0.3250,0.3350,0.3200,0.3350,101000
AVI,2017-06-02,0.3350,0.3400,0.3350,0.3400,180800
AVI,2017-06-06,0.3300,0.3300,0.3300,0.3300,23300
AVI,2017-06-07,0.3300,0.3300,0.3300,0.3300,14000
AVI,2017-06-08,0.3400,0.3400,0.3400,0.3400,595000
AVI,2017-06-09,0.3350,0.3400,0.3350,0.3400,295000
AVI,2017-06-13,0.3300,0.3300,0.3300,0.3300,3400
AVI,2017-06-14,0.3350,0.3350,0.3350,0.3350,27500
AVI,2017-06-15,0.3400,0.3400,0.3350,0.3400,27200
AVI,2017-06-16,0.3350,0.3350,0.3350,0.3350,12500
AVI,2017-06-20,0.3350,0.3400,0.3300,0.3400,22500
AVI,2017-06-21,0.3300,0.3300,0.3300,0.3300,10000
AVI,2017-06-28,0.3400,0.3400,0.3400,0.3400,200
AVI,2017-06-30,0.3250,0.3250,0.3250,0.3250,3000
AVI,2017-07-04,0.3350,0.3400,0.3250,0.3250,78000
AVI,2017-07-05,0.3300,0.3400,0.3250,0.3400,105600
AVI,2017-07-10,0.3300,0.3300,0.3250,0.3250,75000
AVI,2017-07-11,0.3250,0.3250,0.3200,0.3250,60000
AVI,2017-07-12,0.3300,0.3400,0.3300,0.3400,23400
AVI,2017-07-13,0.3400,0.3400,0.3400,0.3400,5000
AVI,2017-07-18,0.3300,0.3300,0.3050,0.3050,260000
AVI,2017-07-19,0.3100,0.3200,0.3050,0.3050,108300
AVI,2017-07-20,0.3100,0.3250,0.3050,0.3250,222300
AVI,2017-07-21,0.3250,0.3250,0.3250,0.3250,32100
AVI,2017-07-24,0.3300,0.3300,0.3300,0.3300,14200
AVI,2017-07-25,0.3150,0.3350,0.3150,0.3300,43500
AVI,2017-07-26,0.3150,0.3150,0.3150,0.3150,12000
AVI,2017-07-27,0.3150,0.3150,0.3150,0.3150,16200
AVI,2017-07-28,0.3300,0.3350,0.3150,0.3250,31500
AVI,2017-07-31,0.3250,0.3400,0.3250,0.3400,36600
AVI,2017-08-04,0.3250,0.3250,0.3250,0.3250,15000
AVI,2017-08-08,0.3300,0.3400,0.3300,0.3400,16800
AVI,2017-08-09,0.3400,0.3400,0.3400,0.3400,500
AVI,2017-08-10,0.3300,0.3300,0.3300,0.3300,100
AVI,2017-08-11,0.3300,0.3300,0.3250,0.3300,42200
AVI,2017-08-14,0.3450,0.3450,0.3400,0.3400,700
AVI,2017-08-16,0.3300,0.3400,0.3250,0.3400,60000
AVI,2017-08-17,0.3300,0.3300,0.3300,0.3300,35000
AVI,2017-08-18,0.3250,0.3250,0.3250,0.3250,15000
AVI,2017-08-21,0.3300,0.3300,0.3250,0.3250,15000
AVI,2017-08-22,0.3300,0.3400,0.3200,0.3400,86200
AVI,2017-08-24,0.3250,0.3250,0.3250,0.3250,15100
AVI,2017-08-25,0.3300,0.3300,0.3250,0.3250,9000
AVI,2017-08-28,0.3250,0.3350,0.3250,0.3350,400000
AVI,2017-08-29,0.3300,0.3300,0.3300,0.3300,200
AVI,2017-09-06,0.3300,0.3300,0.3300,0.3300,5000
AVI,2017-09-08,0.3300,0.3300,0.3250,0.3250,35000
AVI,2017-09-12,0.3200,0.3250,0.3200,0.3250,60000
AVI,2017-09-13,0.3250,0.3400,0.3200,0.3400,109200
AVI,2017-09-14,0.3250,0.3250,0.3250,0.3250,5000
AVI,2017-09-15,0.3250,0.3250,0.3250,0.3250,20000
AVI,2017-09-18,0.3300,0.3400,0.3300,0.3400,20200
AVI,2017-09-21,0.3300,0.3300,0.3200,0.3200,64700
AVI,2017-09-25,0.3250,0.3250,0.3250,0.3250,20000
AVI,2017-09-26,0.3250,0.3250,0.3250,0.3250,20300
AVI,2017-09-27,0.3300,0.3400,0.3300,0.3400,54200
AVI,2017-09-29,0.3300,0.3650,0.3300,0.3400,450900
