GOODWAY,2007-01-04,0.5280,0.5280,0.5280,0.5280,3750
GOODWAY,2007-01-08,0.5040,0.5040,0.5000,0.5000,6250
GOODWAY,2007-01-09,0.4960,0.5760,0.4960,0.5600,13750
GOODWAY,2007-01-10,0.5600,0.5760,0.5600,0.5600,13750
GOODWAY,2007-01-11,0.5360,0.5680,0.5360,0.5680,13250
GOODWAY,2007-01-12,0.5720,0.5960,0.5480,0.5960,64375
GOODWAY,2007-01-15,0.6000,0.6000,0.6000,0.6000,8750
GOODWAY,2007-01-16,0.6000,0.6080,0.6000,0.6000,20625
GOODWAY,2007-01-17,0.6000,0.6000,0.6000,0.6000,1250
GOODWAY,2007-01-18,0.5960,0.6000,0.5960,0.6000,23125
GOODWAY,2007-01-19,0.5360,0.6000,0.5360,0.6000,5125
GOODWAY,2007-01-22,0.5840,0.6240,0.5840,0.6240,36000
GOODWAY,2007-01-23,0.6240,0.6240,0.6080,0.6240,25000
GOODWAY,2007-01-24,0.6240,0.6240,0.5600,0.5840,21250
GOODWAY,2007-01-25,0.5920,0.6160,0.5920,0.6160,56250
GOODWAY,2007-01-29,0.6000,0.6240,0.6000,0.6240,51250
GOODWAY,2007-01-30,0.6240,0.6240,0.6240,0.6240,2500
GOODWAY,2007-01-31,0.6240,0.6240,0.5720,0.6240,50000
GOODWAY,2007-02-02,0.6240,0.6800,0.6240,0.6800,77250
GOODWAY,2007-02-05,0.6600,0.6640,0.6400,0.6400,20000
GOODWAY,2007-02-06,0.6080,0.6360,0.6080,0.6360,27500
GOODWAY,2007-02-07,0.6000,0.6240,0.5920,0.6240,10000
GOODWAY,2007-02-08,0.5920,0.6400,0.5920,0.6400,127250
GOODWAY,2007-02-09,0.6000,0.6160,0.6000,0.6000,55000
GOODWAY,2007-02-12,0.5840,0.6400,0.5840,0.6400,9750
GOODWAY,2007-02-13,0.6040,0.6040,0.5800,0.6000,58875
GOODWAY,2007-02-14,0.5960,0.5960,0.5960,0.5960,4250
GOODWAY,2007-02-15,0.6000,0.6040,0.6000,0.6040,24250
GOODWAY,2007-02-16,0.6000,0.6000,0.6000,0.6000,29000
GOODWAY,2007-02-21,0.6000,0.6040,0.5560,0.5880,478875
GOODWAY,2007-02-22,0.5760,0.5920,0.5520,0.5520,1493500
GOODWAY,2007-02-23,0.5600,0.6400,0.5600,0.6240,1085750
GOODWAY,2007-02-26,0.6320,0.8080,0.6320,0.8080,1670125
GOODWAY,2007-02-27,0.8160,0.8720,0.6760,0.7840,958625
GOODWAY,2007-02-28,0.6400,0.7400,0.6400,0.7200,669875
GOODWAY,2007-03-01,0.7280,0.7280,0.6800,0.6800,195125
GOODWAY,2007-03-02,0.6760,0.6920,0.6560,0.6720,218750
GOODWAY,2007-03-05,0.6600,0.6600,0.5360,0.6240,280000
GOODWAY,2007-03-06,0.6240,0.6560,0.6000,0.6240,303750
GOODWAY,2007-03-07,0.6320,0.6400,0.6240,0.6240,140125
GOODWAY,2007-03-08,0.6320,0.6400,0.6240,0.6280,67500
GOODWAY,2007-03-09,0.6400,0.6400,0.6160,0.6240,110625
GOODWAY,2007-03-12,0.6320,0.6400,0.6240,0.6240,233125
GOODWAY,2007-03-13,0.6240,0.6240,0.6080,0.6080,88875
GOODWAY,2007-03-14,0.5640,0.6240,0.5640,0.6240,26250
GOODWAY,2007-03-15,0.6240,0.6480,0.6040,0.6160,80000
GOODWAY,2007-03-16,0.6240,0.6320,0.6160,0.6200,48750
GOODWAY,2007-03-19,0.6120,0.6120,0.6120,0.6120,625
GOODWAY,2007-03-20,0.6120,0.6120,0.6080,0.6080,7500
GOODWAY,2007-03-21,0.6240,0.6320,0.6240,0.6240,31375
GOODWAY,2007-03-22,0.6240,0.6400,0.6160,0.6160,31250
GOODWAY,2007-03-23,0.6000,0.6400,0.6000,0.6400,21250
GOODWAY,2007-03-27,0.6240,0.6240,0.6240,0.6240,2500
GOODWAY,2007-03-28,0.6240,0.6240,0.5760,0.5840,68750
GOODWAY,2007-03-29,0.5920,0.5920,0.5920,0.5920,1250
GOODWAY,2007-03-30,0.6080,0.6080,0.6080,0.6080,2500
GOODWAY,2007-04-02,0.6240,0.6400,0.6080,0.6400,42500
GOODWAY,2007-04-03,0.6400,0.6640,0.6400,0.6640,27500
GOODWAY,2007-04-04,0.6640,0.6720,0.6400,0.6720,30000
GOODWAY,2007-04-05,0.6400,0.6640,0.6400,0.6640,22625
GOODWAY,2007-04-06,0.6400,0.6640,0.6400,0.6640,38750
GOODWAY,2007-04-09,0.6560,0.6800,0.6400,0.6800,93750
GOODWAY,2007-04-10,0.6800,0.6800,0.6640,0.6800,159875
GOODWAY,2007-04-11,0.6800,0.6800,0.6640,0.6800,189875
GOODWAY,2007-04-12,0.6760,0.6800,0.6640,0.6800,185500
GOODWAY,2007-04-13,0.6800,0.7120,0.6760,0.7080,267375
GOODWAY,2007-04-16,0.7080,0.7280,0.7080,0.7280,388125
GOODWAY,2007-04-17,0.7200,0.7320,0.7120,0.7320,203500
GOODWAY,2007-04-18,0.7320,0.7360,0.7040,0.7040,168750
GOODWAY,2007-04-19,0.7040,0.7120,0.6680,0.6880,289375
GOODWAY,2007-04-20,0.6880,0.7360,0.6880,0.7360,254375
GOODWAY,2007-04-23,0.7360,0.7480,0.7200,0.7360,208750
GOODWAY,2007-04-24,0.7200,0.7360,0.7120,0.7360,84750
GOODWAY,2007-04-25,0.7360,0.7440,0.7200,0.7200,273125
GOODWAY,2007-04-27,0.7280,0.7520,0.7200,0.7360,155000
GOODWAY,2007-04-30,0.7240,0.7520,0.7240,0.7520,37500
GOODWAY,2007-05-03,0.7360,0.7600,0.7320,0.7600,46250
GOODWAY,2007-05-04,0.7360,0.7440,0.7360,0.7440,31250
GOODWAY,2007-05-07,0.7520,0.7520,0.7200,0.7440,42625
GOODWAY,2007-05-09,0.7120,0.7160,0.7120,0.7160,51875
GOODWAY,2007-05-10,0.7200,0.7360,0.7200,0.7360,28750
GOODWAY,2007-05-11,0.6800,0.7120,0.6800,0.7120,3750
GOODWAY,2007-05-14,0.6800,0.6880,0.6680,0.6800,41875
GOODWAY,2007-05-15,0.6800,0.6800,0.6400,0.6680,81375
GOODWAY,2007-05-16,0.6680,0.7520,0.6480,0.6800,95000
GOODWAY,2007-05-17,0.6600,0.7040,0.6600,0.7040,13750
GOODWAY,2007-05-18,0.6840,0.7120,0.6600,0.7120,35000
GOODWAY,2007-05-21,0.6680,0.6680,0.6560,0.6640,54500
GOODWAY,2007-05-22,0.6720,0.6880,0.6560,0.6760,30000
GOODWAY,2007-05-23,0.6200,0.6680,0.6200,0.6640,39500
GOODWAY,2007-05-24,0.6640,0.6640,0.6400,0.6600,16250
GOODWAY,2007-05-25,0.6520,0.6520,0.6520,0.6520,3125
GOODWAY,2007-05-28,0.6400,0.6560,0.6400,0.6560,30000
GOODWAY,2007-05-29,0.6640,0.6640,0.6480,0.6600,16250
GOODWAY,2007-05-31,0.6600,0.6640,0.6600,0.6640,8750
GOODWAY,2007-06-01,0.6600,0.6600,0.6600,0.6600,12500
GOODWAY,2007-06-13,0.6160,0.6560,0.6160,0.6560,17500
GOODWAY,2007-06-14,0.6320,0.6640,0.6320,0.6400,28750
GOODWAY,2007-06-15,0.6400,0.6720,0.6400,0.6560,68125
GOODWAY,2007-06-18,0.6560,0.6800,0.6520,0.6800,37500
GOODWAY,2007-06-19,0.6720,0.6800,0.6720,0.6800,12500
GOODWAY,2007-06-20,0.6640,0.7120,0.6560,0.7120,40000
GOODWAY,2007-06-22,0.7040,0.7040,0.7040,0.7040,6250
GOODWAY,2007-06-26,0.7040,0.7200,0.7040,0.7200,8750
GOODWAY,2007-06-27,0.7040,0.7040,0.7040,0.7040,12500
GOODWAY,2007-06-29,0.7040,0.7040,0.6960,0.6960,15000
GOODWAY,2007-07-02,0.7040,0.7040,0.7040,0.7040,1250
GOODWAY,2007-07-04,0.6720,0.7040,0.6720,0.7040,31250
GOODWAY,2007-07-05,0.6720,0.7120,0.6720,0.7120,31250
GOODWAY,2007-07-06,0.7160,0.7200,0.6880,0.6880,255625
GOODWAY,2007-07-09,0.7040,0.7200,0.7040,0.7040,22500
GOODWAY,2007-07-10,0.7080,0.7080,0.7000,0.7040,56250
GOODWAY,2007-07-11,0.7000,0.7000,0.6960,0.6960,7500
GOODWAY,2007-07-12,0.7000,0.7200,0.7000,0.7200,84375
GOODWAY,2007-07-13,0.7200,0.7920,0.7200,0.7880,767375
GOODWAY,2007-07-16,0.7920,0.8560,0.7920,0.8240,701750
GOODWAY,2007-07-17,0.8240,0.8240,0.8000,0.8000,330125
GOODWAY,2007-07-18,0.8000,0.8160,0.7880,0.8000,236875
GOODWAY,2007-07-19,0.8080,0.8720,0.8080,0.8560,627500
GOODWAY,2007-07-20,0.8640,0.9200,0.8560,0.8560,595625
GOODWAY,2007-07-23,0.8560,0.8720,0.8560,0.8720,87500
GOODWAY,2007-07-24,0.8800,0.8960,0.8720,0.8720,151875
GOODWAY,2007-07-25,0.8640,0.9040,0.8640,0.8960,310250
GOODWAY,2007-07-26,0.8960,0.8960,0.8800,0.8880,230500
GOODWAY,2007-07-27,0.8880,0.8880,0.8640,0.8880,178000
GOODWAY,2007-07-30,0.8880,0.8960,0.8800,0.8880,251250
GOODWAY,2007-07-31,0.8960,0.9040,0.8960,0.8960,133625
GOODWAY,2007-08-01,0.8960,0.9040,0.8400,0.8560,154000
GOODWAY,2007-08-02,0.8560,0.8560,0.8160,0.8320,150000
GOODWAY,2007-08-03,0.8320,0.8320,0.8080,0.8320,62500
GOODWAY,2007-08-06,0.8080,0.8320,0.8000,0.8160,86250
GOODWAY,2007-08-07,0.8400,0.8480,0.7880,0.8160,85000
GOODWAY,2007-08-08,0.7920,0.8240,0.7920,0.8240,33750
GOODWAY,2007-08-09,0.8400,0.8400,0.8000,0.8320,50000
GOODWAY,2007-08-10,0.8080,0.8080,0.8080,0.8080,25000
GOODWAY,2007-08-13,0.7600,0.8080,0.7560,0.8080,30
GOODWAY,2007-08-15,0.8160,0.8160,0.7200,0.8000,52500
GOODWAY,2007-08-17,0.7040,0.8000,0.6800,0.8000,38750
GOODWAY,2007-08-20,0.7840,0.8240,0.7840,0.8240,160000
GOODWAY,2007-08-21,0.7960,0.7960,0.7960,0.7960,2500
GOODWAY,2007-08-23,0.8000,0.8240,0.8000,0.8160,51250
GOODWAY,2007-08-24,0.8160,0.8400,0.8000,0.8160,47500
GOODWAY,2007-08-27,0.8240,0.8240,0.8240,0.8240,15000
GOODWAY,2007-08-28,0.7800,0.8160,0.7800,0.8160,13750
GOODWAY,2007-08-29,0.8000,0.8000,0.8000,0.8000,6250
GOODWAY,2007-08-30,0.8080,0.8160,0.7880,0.8000,40000
GOODWAY,2007-09-03,0.7840,0.8000,0.7800,0.8000,13750
GOODWAY,2007-09-04,0.7200,0.8160,0.7200,0.8160,13750
GOODWAY,2007-09-10,0.7760,0.8000,0.7760,0.8000,20250
GOODWAY,2007-09-11,0.7720,0.7800,0.7720,0.7800,3750
GOODWAY,2007-09-12,0.7920,0.8080,0.7600,0.7880,21250
GOODWAY,2007-09-14,0.7760,0.7840,0.7600,0.7840,13750
GOODWAY,2007-09-17,0.7600,0.7840,0.7520,0.7840,42500
GOODWAY,2007-09-19,0.7920,0.7920,0.7560,0.7840,75625
GOODWAY,2007-09-20,0.7520,0.7680,0.7440,0.7680,11000
GOODWAY,2007-09-21,0.7680,0.7760,0.7680,0.7680,18750
GOODWAY,2007-09-24,0.7760,0.8240,0.7760,0.8240,47500
GOODWAY,2007-09-28,0.8240,0.8240,0.7840,0.7880,65000
GOODWAY,2007-10-01,0.7440,0.7560,0.7440,0.7520,12500
GOODWAY,2007-10-02,0.7440,0.7600,0.7360,0.7600,21250
GOODWAY,2007-10-05,0.7240,0.7560,0.7040,0.7560,53750
GOODWAY,2007-10-08,0.7680,0.7760,0.7600,0.7600,27500
GOODWAY,2007-10-10,0.7520,0.7600,0.7360,0.7600,20000
GOODWAY,2007-10-11,0.7200,0.7440,0.7200,0.7440,36375
GOODWAY,2007-10-12,0.7400,0.7440,0.7400,0.7440,17500
GOODWAY,2007-10-16,0.7280,0.7520,0.7280,0.7440,13750
GOODWAY,2007-10-17,0.7280,0.7480,0.7160,0.7480,52500
GOODWAY,2007-10-18,0.7360,0.7520,0.7200,0.7200,15000
GOODWAY,2007-10-19,0.7320,0.7360,0.7200,0.7320,36250
GOODWAY,2007-10-22,0.7200,0.7200,0.6640,0.7120,118750
GOODWAY,2007-10-23,0.7040,0.7080,0.6840,0.7080,47500
GOODWAY,2007-10-24,0.7040,0.7120,0.6800,0.7000,97500
GOODWAY,2007-10-25,0.6800,0.6960,0.6760,0.6960,20250
GOODWAY,2007-10-26,0.6720,0.6960,0.6720,0.6960,41875
GOODWAY,2007-10-29,0.7040,0.7320,0.7040,0.7320,33750
GOODWAY,2007-10-30,0.7320,0.7440,0.7320,0.7400,23750
GOODWAY,2007-10-31,0.7360,0.7560,0.7360,0.7560,17500
GOODWAY,2007-11-01,0.7600,0.7600,0.7600,0.7600,2500
GOODWAY,2007-11-07,0.7600,0.7600,0.7120,0.7520,80250
GOODWAY,2007-11-09,0.7120,0.7400,0.7120,0.7400,10000
GOODWAY,2007-11-12,0.6840,0.7320,0.6800,0.7320,19000
GOODWAY,2007-11-14,0.7440,0.7600,0.7320,0.7480,37500
GOODWAY,2007-11-15,0.7480,0.7480,0.7480,0.7480,7500
GOODWAY,2007-11-16,0.7160,0.7360,0.7000,0.7280,37625
GOODWAY,2007-11-19,0.6960,0.7160,0.6960,0.7160,1375
GOODWAY,2007-11-20,0.7200,0.7200,0.7200,0.7200,17500
GOODWAY,2007-11-21,0.7280,0.7280,0.7280,0.7280,3750
GOODWAY,2007-11-22,0.7520,0.7600,0.7520,0.7600,6250
GOODWAY,2007-11-27,0.7080,0.7200,0.7040,0.7200,35000
GOODWAY,2007-11-28,0.7200,0.7520,0.7200,0.7520,10000
GOODWAY,2007-12-03,0.7360,0.7360,0.7280,0.7280,43125
GOODWAY,2007-12-04,0.7280,0.7400,0.7200,0.7200,55000
GOODWAY,2007-12-05,0.7200,0.7280,0.7200,0.7280,18750
GOODWAY,2007-12-10,0.7120,0.7200,0.7120,0.7200,17500
GOODWAY,2007-12-11,0.7200,0.7200,0.7200,0.7200,12500
GOODWAY,2007-12-12,0.7280,0.7280,0.7280,0.7280,8750
GOODWAY,2007-12-13,0.7200,0.7200,0.7200,0.7200,36250
GOODWAY,2007-12-14,0.7040,0.7040,0.7040,0.7040,3750
GOODWAY,2007-12-18,0.6960,0.6960,0.6960,0.6960,2500
GOODWAY,2007-12-19,0.6960,0.6960,0.6960,0.6960,2500
GOODWAY,2007-12-21,0.6960,0.6960,0.6920,0.6920,25000
GOODWAY,2007-12-24,0.7200,0.7200,0.7200,0.7200,2500
GOODWAY,2007-12-26,0.7120,0.7200,0.7120,0.7200,23750
GOODWAY,2007-12-27,0.7200,0.7240,0.7120,0.7200,47500
GOODWAY,2007-12-28,0.7120,0.7200,0.7120,0.7200,15625
GOODWAY,2007-12-31,0.7200,0.7200,0.7160,0.7160,20000
GOODWAY,2008-01-02,0.7200,0.7200,0.7160,0.7160,15000
GOODWAY,2008-01-04,0.7160,0.7160,0.7120,0.7120,25000
GOODWAY,2008-01-07,0.7200,0.7200,0.7120,0.7120,25000
GOODWAY,2008-01-08,0.7120,0.7200,0.7120,0.7200,56250
GOODWAY,2008-01-14,0.6960,0.6960,0.6960,0.6960,25000
GOODWAY,2008-01-16,0.6800,0.7200,0.6800,0.7200,22500
GOODWAY,2008-01-18,0.7040,0.7200,0.7040,0.7200,12500
GOODWAY,2008-01-22,0.5840,0.7200,0.5840,0.7200,16250
GOODWAY,2008-01-29,0.6520,0.7200,0.6520,0.7200,5000
GOODWAY,2008-01-30,0.6800,0.7160,0.6800,0.6880,8750
GOODWAY,2008-02-05,0.6480,0.6480,0.6400,0.6400,28750
GOODWAY,2008-02-11,0.6800,0.7120,0.6720,0.7120,22500
GOODWAY,2008-02-12,0.6800,0.6800,0.6640,0.6640,15000
GOODWAY,2008-02-13,0.6960,0.6960,0.6640,0.6640,16250
GOODWAY,2008-02-14,0.6400,0.6720,0.6400,0.6720,6250
GOODWAY,2008-02-15,0.6800,0.7200,0.6800,0.7200,341000
GOODWAY,2008-02-18,0.7160,0.7200,0.6960,0.7040,183750
GOODWAY,2008-02-19,0.6400,0.6960,0.6400,0.6960,17500
GOODWAY,2008-02-20,0.6960,0.7040,0.6960,0.7040,103500
GOODWAY,2008-02-21,0.6800,0.6960,0.6800,0.6960,46250
GOODWAY,2008-02-22,0.6960,0.7040,0.6960,0.7040,148750
GOODWAY,2008-02-25,0.6440,0.6800,0.6160,0.6800,18500
GOODWAY,2008-02-27,0.6760,0.6760,0.6280,0.6680,10375
GOODWAY,2008-02-29,0.6240,0.6920,0.6240,0.6920,2500
GOODWAY,2008-03-05,0.5840,0.6320,0.5840,0.6320,5000
GOODWAY,2008-03-06,0.6560,0.6560,0.5600,0.5600,16250
GOODWAY,2008-03-07,0.5920,0.6000,0.5920,0.6000,12500
GOODWAY,2008-03-13,0.5440,0.5440,0.5440,0.5440,1875
GOODWAY,2008-03-14,0.5760,0.6000,0.5760,0.6000,8750
GOODWAY,2008-03-19,0.6400,0.6400,0.6400,0.6400,1250
GOODWAY,2008-03-25,0.6800,0.6800,0.6800,0.6800,1250
GOODWAY,2008-04-02,0.5680,0.5720,0.5680,0.5720,12500
GOODWAY,2008-04-03,0.5920,0.6000,0.5600,0.6000,58250
GOODWAY,2008-04-04,0.6240,0.6640,0.6240,0.6640,28750
GOODWAY,2008-04-07,0.5480,0.6400,0.5480,0.6400,250
GOODWAY,2008-04-10,0.5200,0.5680,0.4840,0.5280,122500
GOODWAY,2008-04-11,0.5760,0.5760,0.5440,0.5440,16250
GOODWAY,2008-04-15,0.5280,0.5280,0.5280,0.5280,5000
GOODWAY,2008-04-16,0.5680,0.5680,0.5680,0.5680,1250
GOODWAY,2008-04-21,0.6000,0.6000,0.5280,0.5840,8750
GOODWAY,2008-04-25,0.5760,0.6000,0.5600,0.5600,12500
GOODWAY,2008-04-29,0.5440,0.6000,0.5440,0.6000,13750
GOODWAY,2008-05-07,0.6160,0.6160,0.6160,0.6160,2500
GOODWAY,2008-05-14,0.5600,0.5600,0.5600,0.5600,30000
GOODWAY,2008-05-20,0.5320,0.5560,0.5280,0.5280,16125
GOODWAY,2008-05-22,0.5600,0.5600,0.5600,0.5600,250
GOODWAY,2008-05-23,0.5600,0.5600,0.5600,0.5600,12500
GOODWAY,2008-05-27,0.5600,0.5600,0.5600,0.5600,37500
GOODWAY,2008-05-28,0.5600,0.5600,0.5600,0.5600,37500
GOODWAY,2008-05-30,0.5280,0.5280,0.5280,0.5280,2500
GOODWAY,2008-06-02,0.5520,0.5520,0.5520,0.5520,1250
GOODWAY,2008-06-04,0.5520,0.5600,0.5520,0.5600,16250
GOODWAY,2008-06-06,0.5760,0.6400,0.5760,0.6400,5000
GOODWAY,2008-06-09,0.5280,0.5600,0.5280,0.5600,250
GOODWAY,2008-06-11,0.5280,0.5280,0.4800,0.4800,2625
GOODWAY,2008-06-12,0.4560,0.5600,0.4560,0.5600,2500
GOODWAY,2008-06-16,0.6000,0.6400,0.6000,0.6400,2625
GOODWAY,2008-06-19,0.4800,0.5440,0.4800,0.5440,12625
GOODWAY,2008-06-20,0.6000,0.6160,0.6000,0.6160,8750
GOODWAY,2008-07-04,0.6320,0.6320,0.6320,0.6320,2500
GOODWAY,2008-07-08,0.5600,0.5600,0.5600,0.5600,12500
GOODWAY,2008-07-09,0.6000,0.6000,0.6000,0.6000,1250
GOODWAY,2008-07-14,0.4840,0.5600,0.4840,0.5120,66125
GOODWAY,2008-07-15,0.4880,0.5680,0.4880,0.5680,6375
GOODWAY,2008-07-16,0.5920,0.6240,0.5120,0.5520,13875
GOODWAY,2008-07-17,0.5040,0.5040,0.5040,0.5040,125
GOODWAY,2008-07-18,0.5360,0.5600,0.5360,0.5600,6125
GOODWAY,2008-07-22,0.5600,0.6000,0.4960,0.5520,12625
GOODWAY,2008-07-23,0.5000,0.5400,0.5000,0.5040,7250
GOODWAY,2008-07-24,0.5200,0.5840,0.5200,0.5840,32500
GOODWAY,2008-07-25,0.6000,0.6800,0.6000,0.6800,8500
GOODWAY,2008-07-28,0.5600,0.5600,0.5600,0.5600,22500
GOODWAY,2008-07-29,0.5840,0.6000,0.5840,0.6000,12500
GOODWAY,2008-07-30,0.5600,0.5760,0.5440,0.5760,13625
GOODWAY,2008-08-01,0.5600,0.6000,0.5600,0.6000,17500
GOODWAY,2008-08-04,0.5040,0.5600,0.5040,0.5600,2625
GOODWAY,2008-08-05,0.4800,0.5760,0.4800,0.5760,1375
GOODWAY,2008-08-06,0.4800,0.5520,0.4800,0.5520,7750
GOODWAY,2008-08-07,0.5440,0.5760,0.5440,0.5760,1375
GOODWAY,2008-08-12,0.4800,0.5720,0.4800,0.5720,375
GOODWAY,2008-08-21,0.5720,0.5720,0.5720,0.5720,3750
GOODWAY,2008-08-22,0.6000,0.6640,0.4880,0.6000,36500
GOODWAY,2008-08-25,0.4800,0.6000,0.4800,0.5440,13125
GOODWAY,2008-08-26,0.4800,0.5760,0.4800,0.5680,2750
GOODWAY,2008-08-27,0.6000,0.6000,0.4800,0.5760,24000
GOODWAY,2008-08-29,0.5840,0.6000,0.5840,0.6000,18000
GOODWAY,2008-09-02,0.6000,0.6320,0.6000,0.6320,7500
GOODWAY,2008-09-03,0.6320,0.6400,0.4720,0.5760,23000
GOODWAY,2008-09-08,0.6000,0.6000,0.6000,0.6000,5000
GOODWAY,2008-09-12,0.4640,0.5680,0.4640,0.5680,16250
GOODWAY,2008-09-18,0.4720,0.5680,0.4720,0.5680,17500
GOODWAY,2008-09-24,0.5680,0.5680,0.5680,0.5680,6125
GOODWAY,2008-09-30,0.4960,0.5600,0.4960,0.5600,17125
GOODWAY,2008-10-06,0.5440,0.5600,0.5440,0.5600,2625
GOODWAY,2008-10-07,0.5040,0.5440,0.5040,0.5440,5125
GOODWAY,2008-10-09,0.5120,0.5400,0.5120,0.5200,20000
GOODWAY,2008-10-10,0.5040,0.5200,0.4800,0.5200,46250
GOODWAY,2008-10-13,0.5040,0.5160,0.4880,0.5160,37500
GOODWAY,2008-10-14,0.5200,0.5200,0.5160,0.5160,18750
GOODWAY,2008-10-15,0.5200,0.5200,0.5200,0.5200,11250
GOODWAY,2008-10-16,0.5200,0.5200,0.5040,0.5200,13875
GOODWAY,2008-10-17,0.5200,0.5200,0.5200,0.5200,24875
GOODWAY,2008-10-20,0.4880,0.5240,0.4640,0.5240,20750
GOODWAY,2008-10-21,0.5040,0.5200,0.4680,0.5040,20750
GOODWAY,2008-10-22,0.4680,0.5120,0.4680,0.4680,7750
GOODWAY,2008-10-23,0.4640,0.4800,0.4640,0.4800,10000
GOODWAY,2008-10-24,0.4640,0.4800,0.4240,0.4800,31250
GOODWAY,2008-10-28,0.4400,0.4720,0.4400,0.4720,8750
GOODWAY,2008-10-29,0.4800,0.4960,0.4240,0.4640,11500
GOODWAY,2008-10-30,0.4400,0.4800,0.4400,0.4800,12500
GOODWAY,2008-11-03,0.4800,0.5200,0.4800,0.5200,10000
GOODWAY,2008-11-06,0.5240,0.5240,0.5240,0.5240,6375
GOODWAY,2008-11-07,0.3680,0.5480,0.3680,0.5480,10000
GOODWAY,2008-11-13,0.4320,0.4800,0.4320,0.4640,21375
GOODWAY,2008-11-14,0.3640,0.4800,0.3640,0.4800,3875
GOODWAY,2008-11-17,0.3680,0.4560,0.3680,0.4560,6375
GOODWAY,2008-11-18,0.3680,0.4640,0.3680,0.4640,4250
GOODWAY,2008-11-19,0.3680,0.4400,0.3680,0.4400,500
GOODWAY,2008-11-20,0.4240,0.4880,0.4240,0.4880,8750
GOODWAY,2008-11-21,0.3600,0.4400,0.3600,0.4400,2625
GOODWAY,2008-11-24,0.4800,0.4800,0.4800,0.4800,125
GOODWAY,2008-12-04,0.4800,0.4800,0.4800,0.4800,2500
GOODWAY,2008-12-22,0.3600,0.4640,0.3600,0.4640,7500
GOODWAY,2008-12-23,0.3600,0.4640,0.3600,0.4640,3750
GOODWAY,2008-12-31,0.4960,0.4960,0.4960,0.4960,1250
GOODWAY,2009-01-02,0.3680,0.4000,0.3680,0.4000,91250
GOODWAY,2009-01-06,0.4400,0.4800,0.4400,0.4800,47500
GOODWAY,2009-01-07,0.4800,0.4800,0.4800,0.4800,2500
GOODWAY,2009-01-16,0.4160,0.4360,0.4000,0.4360,33750
GOODWAY,2009-01-19,0.4240,0.4640,0.4000,0.4640,56250
GOODWAY,2009-01-20,0.4120,0.4800,0.3920,0.4800,88500
GOODWAY,2009-02-06,0.3600,0.4800,0.3600,0.4800,398750
GOODWAY,2009-02-13,0.4040,0.4080,0.4040,0.4080,24000
GOODWAY,2009-02-17,0.4080,0.4080,0.3840,0.3840,11250
GOODWAY,2009-02-19,0.3920,0.4160,0.3840,0.4160,12500
GOODWAY,2009-02-24,0.3600,0.4400,0.3600,0.4400,5000
GOODWAY,2009-03-18,0.3400,0.3760,0.3400,0.3760,20000
GOODWAY,2009-03-20,0.3760,0.3760,0.3200,0.3200,12625
GOODWAY,2009-03-23,0.3280,0.3840,0.3280,0.3840,46375
GOODWAY,2009-03-24,0.3360,0.3360,0.3360,0.3360,16250
GOODWAY,2009-03-26,0.3200,0.3680,0.3200,0.3680,23750
GOODWAY,2009-03-27,0.3200,0.3800,0.3200,0.3800,38750
GOODWAY,2009-03-30,0.3200,0.3200,0.3200,0.3200,22500
GOODWAY,2009-04-01,0.3600,0.3760,0.3200,0.3200,105125
GOODWAY,2009-04-02,0.3280,0.3520,0.3280,0.3520,48125
GOODWAY,2009-04-03,0.3280,0.3440,0.3200,0.3440,29250
GOODWAY,2009-04-06,0.3200,0.3360,0.3160,0.3360,27500
GOODWAY,2009-04-07,0.3360,0.3360,0.3360,0.3360,6250
GOODWAY,2009-04-08,0.3360,0.3360,0.3200,0.3360,45000
GOODWAY,2009-04-09,0.3520,0.3520,0.3520,0.3520,1250
GOODWAY,2009-04-16,0.3440,0.3440,0.3400,0.3400,25000
GOODWAY,2009-04-17,0.3440,0.3440,0.3440,0.3440,1250
GOODWAY,2009-04-20,0.3200,0.3560,0.3200,0.3560,20000
GOODWAY,2009-04-21,0.3200,0.3200,0.3200,0.3200,12500
GOODWAY,2009-04-22,0.3440,0.3440,0.3200,0.3440,41250
GOODWAY,2009-04-24,0.3200,0.3440,0.3200,0.3200,165000
GOODWAY,2009-04-27,0.3360,0.3360,0.3200,0.3200,87500
GOODWAY,2009-04-28,0.3360,0.3360,0.3360,0.3360,1250
GOODWAY,2009-04-29,0.3360,0.3600,0.3360,0.3600,26250
GOODWAY,2009-04-30,0.3200,0.3440,0.3200,0.3360,38750
GOODWAY,2009-05-04,0.3200,0.3200,0.3200,0.3200,3750
GOODWAY,2009-05-05,0.3400,0.3400,0.3400,0.3400,3750
GOODWAY,2009-05-07,0.3400,0.3400,0.3040,0.3400,16250
GOODWAY,2009-05-08,0.3040,0.3440,0.3040,0.3440,46250
GOODWAY,2009-05-11,0.3440,0.3840,0.3440,0.3600,109250
GOODWAY,2009-05-12,0.3680,0.3840,0.3680,0.3840,12500
GOODWAY,2009-05-15,0.3600,0.3840,0.3600,0.3840,12500
GOODWAY,2009-05-21,0.3240,0.3240,0.3240,0.3240,3750
GOODWAY,2009-05-25,0.3200,0.3440,0.3200,0.3440,15000
GOODWAY,2009-05-28,0.3120,0.3440,0.3120,0.3440,137500
GOODWAY,2009-06-01,0.3760,0.3760,0.3760,0.3760,3750
GOODWAY,2009-06-02,0.3840,0.3840,0.3760,0.3760,7500
GOODWAY,2009-06-03,0.3440,0.3840,0.3440,0.3840,16625
GOODWAY,2009-06-08,0.3600,0.3600,0.3600,0.3600,10000
GOODWAY,2009-06-09,0.3760,0.3760,0.3760,0.3760,7875
GOODWAY,2009-06-12,0.3600,0.3600,0.3600,0.3600,10000
GOODWAY,2009-06-16,0.3840,0.3840,0.3840,0.3840,6250
GOODWAY,2009-06-17,0.3960,0.3960,0.3960,0.3960,2250
GOODWAY,2009-06-19,0.3840,0.4000,0.3840,0.4000,7500
GOODWAY,2009-06-22,0.4000,0.4000,0.4000,0.4000,10000
GOODWAY,2009-07-09,0.3240,0.3880,0.3240,0.3440,6250
GOODWAY,2009-07-13,0.3760,0.3760,0.3760,0.3760,6250
GOODWAY,2009-07-14,0.3920,0.4400,0.3920,0.4400,2500
GOODWAY,2009-07-17,0.3680,0.3960,0.3680,0.3680,31000
GOODWAY,2009-07-20,0.3440,0.3440,0.3440,0.3440,1250
GOODWAY,2009-07-21,0.3480,0.3480,0.3480,0.3480,27500
GOODWAY,2009-07-22,0.3840,0.3840,0.3840,0.3840,1250
GOODWAY,2009-07-24,0.3440,0.4240,0.3440,0.4240,21250
GOODWAY,2009-08-06,0.4400,0.4400,0.4400,0.4400,5000
GOODWAY,2009-08-10,0.3480,0.4480,0.3480,0.4480,8750
GOODWAY,2009-08-11,0.4400,0.4800,0.4000,0.4240,41375
GOODWAY,2009-08-12,0.5200,0.5200,0.5200,0.5200,1250
GOODWAY,2009-08-14,0.4440,0.4800,0.4440,0.4440,14375
GOODWAY,2009-08-17,0.4400,0.5200,0.4400,0.5200,11375
GOODWAY,2009-08-18,0.5440,0.5440,0.4800,0.5360,36750
GOODWAY,2009-08-20,0.4080,0.4840,0.4000,0.4200,82750
GOODWAY,2009-08-21,0.4320,0.4320,0.3480,0.4160,48875
GOODWAY,2009-08-24,0.4240,0.4640,0.4240,0.4400,25000
GOODWAY,2009-08-27,0.4000,0.4000,0.4000,0.4000,126250
GOODWAY,2009-08-28,0.4000,0.4000,0.4000,0.4000,12750
GOODWAY,2009-09-03,0.4240,0.4240,0.4080,0.4080,10000
GOODWAY,2009-09-04,0.4160,0.4720,0.4160,0.4720,7500
GOODWAY,2009-09-07,0.4320,0.4720,0.4320,0.4720,5000
GOODWAY,2009-09-16,0.4720,0.5200,0.4720,0.5200,8750
GOODWAY,2009-09-23,0.4160,0.4400,0.4160,0.4320,36250
GOODWAY,2009-09-24,0.4480,0.4480,0.4400,0.4400,7500
GOODWAY,2009-09-25,0.4640,0.4720,0.4400,0.4640,16375
GOODWAY,2009-10-06,0.5200,0.5440,0.5200,0.5440,13750
GOODWAY,2009-10-08,0.4320,0.4320,0.4320,0.4320,6250
GOODWAY,2009-10-09,0.4400,0.4480,0.4000,0.4000,97125
GOODWAY,2009-10-12,0.4160,0.4560,0.4160,0.4560,9875
GOODWAY,2009-10-13,0.4160,0.4560,0.4160,0.4560,13750
GOODWAY,2009-10-15,0.4160,0.4400,0.4080,0.4400,38750
GOODWAY,2009-10-16,0.4080,0.4200,0.4080,0.4200,18750
GOODWAY,2009-10-19,0.4040,0.4280,0.3920,0.4280,93750
GOODWAY,2009-10-21,0.4000,0.4000,0.4000,0.4000,5000
GOODWAY,2009-10-22,0.4000,0.4400,0.3840,0.4280,152125
GOODWAY,2009-10-23,0.4320,0.4320,0.4080,0.4160,110000
GOODWAY,2009-10-26,0.4240,0.4400,0.4240,0.4400,36250
GOODWAY,2009-10-27,0.4240,0.4400,0.4080,0.4320,202500
GOODWAY,2009-10-28,0.4320,0.4480,0.4240,0.4480,63375
GOODWAY,2009-10-29,0.4240,0.4480,0.4240,0.4480,81250
GOODWAY,2009-10-30,0.4480,0.4640,0.4400,0.4560,100000
GOODWAY,2009-11-02,0.4320,0.4560,0.4320,0.4560,153750
GOODWAY,2009-11-03,0.4560,0.4720,0.4400,0.4560,190875
GOODWAY,2009-11-04,0.4560,0.4800,0.4400,0.4600,228750
GOODWAY,2009-11-05,0.4600,0.4600,0.4480,0.4480,132500
GOODWAY,2009-11-06,0.4480,0.4680,0.4400,0.4680,632500
GOODWAY,2009-11-09,0.4680,0.4960,0.4640,0.4680,219250
GOODWAY,2009-11-10,0.4640,0.4760,0.4400,0.4720,194500
GOODWAY,2009-11-12,0.4560,0.4720,0.4480,0.4480,115125
GOODWAY,2009-11-13,0.4520,0.4560,0.4200,0.4560,253000
GOODWAY,2009-11-16,0.4560,0.5000,0.4560,0.4880,424250
GOODWAY,2009-11-17,0.4880,0.4920,0.4560,0.4640,178750
GOODWAY,2009-11-18,0.4640,0.4720,0.4520,0.4680,206375
GOODWAY,2009-11-19,0.4640,0.4760,0.4640,0.4760,87500
GOODWAY,2009-11-20,0.4600,0.4760,0.4600,0.4760,70000
GOODWAY,2009-11-23,0.4600,0.4840,0.4520,0.4600,268750
GOODWAY,2009-11-24,0.4600,0.4680,0.4480,0.4680,210375
GOODWAY,2009-11-26,0.4640,0.4720,0.4600,0.4680,113750
GOODWAY,2009-11-30,0.4480,0.4680,0.4320,0.4680,258250
GOODWAY,2009-12-01,0.4680,0.4720,0.4560,0.4640,88750
GOODWAY,2009-12-02,0.4640,0.4680,0.4600,0.4680,136250
GOODWAY,2009-12-03,0.4520,0.4600,0.4480,0.4600,83875
GOODWAY,2009-12-04,0.4600,0.4600,0.4360,0.4520,217375
GOODWAY,2009-12-07,0.4520,0.4560,0.4480,0.4520,100000
GOODWAY,2009-12-08,0.4520,0.4640,0.4480,0.4560,229625
GOODWAY,2009-12-09,0.4520,0.4560,0.4520,0.4560,63750
GOODWAY,2009-12-10,0.4560,0.4600,0.4480,0.4480,102500
GOODWAY,2009-12-11,0.4520,0.4720,0.4520,0.4640,242500
GOODWAY,2009-12-14,0.4640,0.4640,0.4600,0.4640,97875
GOODWAY,2009-12-15,0.4600,0.4640,0.4520,0.4600,110000
GOODWAY,2009-12-16,0.4560,0.4640,0.4520,0.4640,72500
GOODWAY,2009-12-17,0.4640,0.4640,0.4560,0.4560,145000
GOODWAY,2009-12-21,0.4560,0.4640,0.4560,0.4560,93750
GOODWAY,2009-12-22,0.4560,0.4600,0.4560,0.4600,61250
GOODWAY,2009-12-23,0.4600,0.4600,0.4520,0.4600,23750
GOODWAY,2009-12-24,0.4600,0.4600,0.4480,0.4480,56250
GOODWAY,2009-12-28,0.4560,0.4560,0.4480,0.4560,50000
GOODWAY,2009-12-29,0.4560,0.4600,0.4560,0.4600,12500
GOODWAY,2009-12-30,0.4600,0.4720,0.4600,0.4720,18750
GOODWAY,2010-01-04,0.4600,0.4600,0.4600,0.4600,33750
GOODWAY,2010-01-05,0.4640,0.4720,0.4640,0.4640,50000
GOODWAY,2010-01-06,0.4600,0.4600,0.4560,0.4560,17125
GOODWAY,2010-01-07,0.4640,0.4640,0.4560,0.4560,40000
GOODWAY,2010-01-08,0.4560,0.4600,0.4560,0.4600,11250
GOODWAY,2010-01-11,0.4600,0.4800,0.4600,0.4800,33750
GOODWAY,2010-01-12,0.4800,0.5280,0.4800,0.5200,533125
GOODWAY,2010-01-13,0.5320,0.5600,0.5280,0.5600,283750
GOODWAY,2010-01-14,0.5760,0.6000,0.5720,0.5720,288125
GOODWAY,2010-01-15,0.5720,0.5720,0.5360,0.5600,123750
GOODWAY,2010-01-18,0.5440,0.5520,0.5240,0.5440,43875
GOODWAY,2010-01-19,0.5360,0.5480,0.5120,0.5480,98625
GOODWAY,2010-01-20,0.5480,0.5480,0.5320,0.5400,82500
GOODWAY,2010-01-21,0.5280,0.5600,0.4960,0.5080,210000
GOODWAY,2010-01-22,0.5080,0.5240,0.5040,0.5080,56250
GOODWAY,2010-01-25,0.5080,0.5240,0.4960,0.4960,23750
GOODWAY,2010-01-26,0.4960,0.5160,0.4960,0.4960,37500
GOODWAY,2010-01-27,0.5040,0.5120,0.5000,0.5000,166250
GOODWAY,2010-01-28,0.5480,0.5480,0.5000,0.5000,13750
GOODWAY,2010-01-29,0.5000,0.5240,0.5000,0.5240,12500
GOODWAY,2010-02-02,0.5040,0.5240,0.5040,0.5240,13750
GOODWAY,2010-02-05,0.5040,0.5200,0.4960,0.5200,28750
GOODWAY,2010-02-08,0.5040,0.5040,0.4960,0.4960,18750
GOODWAY,2010-02-10,0.5200,0.5200,0.5040,0.5120,15000
GOODWAY,2010-02-11,0.5120,0.5200,0.5040,0.5200,37500
GOODWAY,2010-02-12,0.5200,0.5600,0.5200,0.5520,32500
GOODWAY,2010-02-18,0.5200,0.5200,0.5200,0.5200,6250
GOODWAY,2010-02-19,0.5200,0.5200,0.4960,0.4960,38750
GOODWAY,2010-02-22,0.5040,0.5600,0.5040,0.5520,27500
GOODWAY,2010-02-23,0.5200,0.5520,0.5120,0.5120,43750
GOODWAY,2010-02-24,0.5040,0.5200,0.5040,0.5200,43750
GOODWAY,2010-02-25,0.5120,0.5760,0.5120,0.5760,17500
GOODWAY,2010-03-01,0.5200,0.5680,0.5200,0.5320,21250
GOODWAY,2010-03-02,0.5040,0.5560,0.4960,0.5560,15125
GOODWAY,2010-03-03,0.4960,0.5200,0.4880,0.5200,41250
GOODWAY,2010-03-04,0.4880,0.5120,0.4800,0.5120,20125
GOODWAY,2010-03-05,0.4800,0.5120,0.4720,0.5120,37500
GOODWAY,2010-03-08,0.4840,0.5200,0.4800,0.5120,26250
GOODWAY,2010-03-09,0.4800,0.5200,0.4720,0.4760,43750
GOODWAY,2010-03-12,0.4720,0.5080,0.4720,0.4760,25750
GOODWAY,2010-03-19,0.4760,0.4760,0.4760,0.4760,25000
GOODWAY,2010-03-22,0.4760,0.4960,0.4760,0.4960,18875
GOODWAY,2010-03-23,0.4760,0.4760,0.4760,0.4760,75000
GOODWAY,2010-03-25,0.4760,0.4760,0.4760,0.4760,23750
GOODWAY,2010-03-26,0.4760,0.4760,0.4760,0.4760,1250
GOODWAY,2010-03-29,0.4800,0.4800,0.4720,0.4720,87500
GOODWAY,2010-03-30,0.4760,0.4760,0.4760,0.4760,18750
GOODWAY,2010-03-31,0.4760,0.4760,0.4720,0.4760,86250
GOODWAY,2010-04-01,0.4960,0.4960,0.4760,0.4760,251250
GOODWAY,2010-04-02,0.4840,0.4840,0.4840,0.4840,12500
GOODWAY,2010-04-05,0.4800,0.4800,0.4800,0.4800,12500
GOODWAY,2010-04-06,0.4800,0.4800,0.4800,0.4800,7500
GOODWAY,2010-04-07,0.4920,0.4960,0.4920,0.4920,25000
GOODWAY,2010-04-08,0.4960,0.4960,0.4760,0.4760,132500
GOODWAY,2010-04-09,0.4760,0.4800,0.4760,0.4800,53125
GOODWAY,2010-04-12,0.4960,0.4960,0.4960,0.4960,17500
GOODWAY,2010-04-13,0.4960,0.5040,0.4960,0.5040,25000
GOODWAY,2010-04-14,0.4960,0.4960,0.4960,0.4960,12500
GOODWAY,2010-04-15,0.5040,0.5040,0.4880,0.4880,131250
GOODWAY,2010-04-16,0.4960,0.4960,0.4880,0.4880,275000
GOODWAY,2010-04-19,0.4920,0.4920,0.4800,0.4800,150000
GOODWAY,2010-04-20,0.4840,0.5040,0.4800,0.5040,127625
GOODWAY,2010-04-21,0.5120,0.5120,0.5040,0.5120,101125
GOODWAY,2010-04-22,0.5120,0.5280,0.5120,0.5280,188125
GOODWAY,2010-04-23,0.5280,0.5600,0.5280,0.5480,125875
GOODWAY,2010-04-26,0.5520,0.5600,0.5520,0.5600,105875
GOODWAY,2010-04-27,0.5640,0.6160,0.5640,0.6160,266875
GOODWAY,2010-04-28,0.6160,0.6640,0.6160,0.6480,227500
GOODWAY,2010-04-29,0.6440,0.6560,0.6000,0.6240,258750
GOODWAY,2010-04-30,0.6240,0.6360,0.6000,0.6080,259500
GOODWAY,2010-05-03,0.6120,0.6120,0.6000,0.6080,81250
GOODWAY,2010-05-04,0.6080,0.6160,0.6080,0.6080,52500
GOODWAY,2010-05-05,0.6000,0.6160,0.6000,0.6080,153750
GOODWAY,2010-05-06,0.6080,0.6080,0.5920,0.5920,156250
GOODWAY,2010-05-10,0.5920,0.6000,0.5440,0.6000,46250
GOODWAY,2010-05-11,0.6000,0.6040,0.5760,0.6040,45000
GOODWAY,2010-05-12,0.6040,0.6040,0.6040,0.6040,30000
GOODWAY,2010-05-13,0.5840,0.5840,0.5840,0.5840,12500
GOODWAY,2010-05-14,0.5920,0.6000,0.5920,0.6000,12500
GOODWAY,2010-05-18,0.5600,0.5840,0.5600,0.5760,23750
GOODWAY,2010-05-21,0.5600,0.5800,0.5520,0.5800,51875
GOODWAY,2010-05-25,0.5360,0.5360,0.5360,0.5360,12500
GOODWAY,2010-05-26,0.5360,0.5680,0.5120,0.5440,26250
GOODWAY,2010-05-27,0.4880,0.5200,0.4880,0.5200,32500
GOODWAY,2010-06-01,0.5040,0.5040,0.5040,0.5040,6250
GOODWAY,2010-06-02,0.4880,0.4880,0.4800,0.4800,7500
GOODWAY,2010-06-03,0.4960,0.5040,0.4960,0.5040,13750
GOODWAY,2010-06-04,0.5280,0.5280,0.5280,0.5280,6250
GOODWAY,2010-06-10,0.4960,0.4960,0.4960,0.4960,12500
GOODWAY,2010-06-11,0.5040,0.5080,0.5040,0.5080,20000
GOODWAY,2010-06-25,0.4960,0.4960,0.4960,0.4960,11250
GOODWAY,2010-06-29,0.5240,0.5240,0.4800,0.4800,15000
GOODWAY,2010-07-02,0.5160,0.6000,0.5160,0.6000,30000
GOODWAY,2010-07-05,0.6000,0.6000,0.6000,0.6000,2500
GOODWAY,2010-07-14,0.6000,0.6000,0.6000,0.6000,2500
GOODWAY,2010-07-15,0.5840,0.6400,0.5840,0.6400,27500
GOODWAY,2010-07-16,0.5280,0.6000,0.5280,0.6000,8750
GOODWAY,2010-07-21,0.5440,0.5440,0.5440,0.5440,2500
GOODWAY,2010-07-23,0.5840,0.5840,0.5120,0.5120,8750
GOODWAY,2010-07-30,0.5080,0.5080,0.5080,0.5080,1250
GOODWAY,2010-08-03,0.5360,0.5360,0.5360,0.5360,3750
GOODWAY,2010-08-06,0.5440,0.5440,0.5440,0.5440,1250
GOODWAY,2010-08-09,0.5520,0.5520,0.5520,0.5520,2500
GOODWAY,2010-08-12,0.5440,0.6000,0.5440,0.6000,11000
GOODWAY,2010-08-16,0.6000,0.6000,0.6000,0.6000,6250
GOODWAY,2010-08-23,0.6000,0.6560,0.6000,0.6520,206625
GOODWAY,2010-08-24,0.6560,0.6600,0.6160,0.6600,231250
GOODWAY,2010-08-25,0.6400,0.6400,0.6080,0.6200,92500
GOODWAY,2010-08-26,0.6400,0.6400,0.6400,0.6400,1250
GOODWAY,2010-08-27,0.6400,0.6560,0.6240,0.6480,2036000
GOODWAY,2010-08-30,0.6520,0.6560,0.6400,0.6520,298625
GOODWAY,2010-09-01,0.6520,0.6680,0.6400,0.6640,1350125
GOODWAY,2010-09-02,0.6680,0.6680,0.6560,0.6600,250000
GOODWAY,2010-09-03,0.6600,0.6640,0.6480,0.6640,385375
GOODWAY,2010-09-06,0.6600,0.6760,0.6600,0.6760,1274500
GOODWAY,2010-09-07,0.6800,0.7120,0.6680,0.6760,2310125
GOODWAY,2010-09-08,0.6760,0.6840,0.6600,0.6680,393125
GOODWAY,2010-09-09,0.6720,0.6800,0.6680,0.6720,222000
GOODWAY,2010-09-13,0.6680,0.6760,0.6600,0.6760,343750
GOODWAY,2010-09-14,0.6760,0.6800,0.6600,0.6800,484500
GOODWAY,2010-09-15,0.6880,0.7120,0.6720,0.7120,113875
GOODWAY,2010-09-17,0.7120,0.7280,0.6960,0.7160,922125
GOODWAY,2010-09-20,0.7040,0.7840,0.7040,0.7760,1033000
GOODWAY,2010-09-21,0.7800,0.8080,0.7800,0.7960,2405125
GOODWAY,2010-09-22,0.8000,0.8160,0.7920,0.8080,1033750
GOODWAY,2010-09-23,0.8000,0.8000,0.7880,0.8000,473750
GOODWAY,2010-09-24,0.8000,0.8160,0.7880,0.8000,1096250
GOODWAY,2010-09-27,0.8080,0.8480,0.7960,0.8240,2431250
GOODWAY,2010-09-28,0.8240,0.8240,0.7960,0.8000,556250
GOODWAY,2010-09-29,0.8000,0.8080,0.7760,0.7960,925625
GOODWAY,2010-09-30,0.7960,0.7960,0.7840,0.7920,552500
GOODWAY,2010-10-01,0.7920,0.7920,0.7760,0.7760,539875
GOODWAY,2010-10-04,0.7920,0.7920,0.7800,0.7840,350625
GOODWAY,2010-10-05,0.7880,0.8000,0.7720,0.7880,925125
GOODWAY,2010-10-06,0.8000,0.8160,0.7920,0.8000,1081000
GOODWAY,2010-10-07,0.7960,0.8000,0.7880,0.7960,662500
GOODWAY,2010-10-08,0.7960,0.8080,0.7920,0.8080,729375
GOODWAY,2010-10-11,0.8080,0.8160,0.7840,0.7960,940000
GOODWAY,2010-10-12,0.7960,0.8000,0.7760,0.8000,546750
GOODWAY,2010-10-13,0.8080,0.8240,0.7920,0.8080,1921000
GOODWAY,2010-10-14,0.8080,0.8080,0.7800,0.7840,1029000
GOODWAY,2010-10-15,0.7840,0.7840,0.7720,0.7800,397500
GOODWAY,2010-10-18,0.7840,0.8080,0.7800,0.7920,1814750
GOODWAY,2010-10-19,0.7960,0.8000,0.7840,0.8000,1033750
GOODWAY,2010-10-20,0.7920,0.8080,0.7840,0.8000,731750
GOODWAY,2010-10-21,0.8000,0.8080,0.7920,0.8080,1380000
GOODWAY,2010-10-22,0.8000,0.8000,0.7800,0.7840,1472250
GOODWAY,2010-10-25,0.7920,0.7960,0.7840,0.7840,894000
GOODWAY,2010-10-26,0.7920,0.7960,0.7760,0.7920,1414125
GOODWAY,2010-10-27,0.7880,0.7920,0.7800,0.7920,1080250
GOODWAY,2010-10-28,0.7880,0.7920,0.7800,0.7920,837125
GOODWAY,2010-10-29,0.7880,0.8080,0.7800,0.8080,1686750
GOODWAY,2010-11-01,0.8080,0.8080,0.7920,0.7920,1315125
GOODWAY,2010-11-02,0.8000,0.8240,0.7920,0.8160,1678125
GOODWAY,2010-11-03,0.8240,0.8560,0.8000,0.8080,5434625
GOODWAY,2010-11-04,0.8000,0.8000,0.7800,0.7880,860375
GOODWAY,2010-11-08,0.7920,0.7960,0.7720,0.7760,977500
GOODWAY,2010-11-09,0.7720,0.7720,0.7000,0.7000,1947000
GOODWAY,2010-11-10,0.7040,0.7200,0.6800,0.7200,1447625
GOODWAY,2010-11-11,0.7240,0.7280,0.7040,0.7160,585500
GOODWAY,2010-11-12,0.7040,0.7120,0.6880,0.6880,206250
GOODWAY,2010-11-15,0.7000,0.7000,0.6760,0.6840,851625
GOODWAY,2010-11-16,0.6960,0.7080,0.6760,0.6800,1427375
GOODWAY,2010-11-18,0.6840,0.6840,0.6720,0.6720,69375
GOODWAY,2010-11-19,0.6960,0.6960,0.6720,0.6720,71250
GOODWAY,2010-11-22,0.6800,0.6840,0.6760,0.6840,50000
GOODWAY,2010-11-23,0.6800,0.6880,0.6640,0.6640,251250
GOODWAY,2010-11-24,0.6800,0.6960,0.6640,0.6800,187500
GOODWAY,2010-11-25,0.6840,0.6880,0.6720,0.6720,72500
GOODWAY,2010-11-26,0.6800,0.6920,0.6720,0.6760,364875
GOODWAY,2010-11-29,0.6760,0.6880,0.6720,0.6720,340625
GOODWAY,2010-11-30,0.8000,0.8000,0.8000,0.8000,1250
GOODWAY,2010-12-01,0.6800,0.7040,0.6720,0.6920,595625
GOODWAY,2010-12-02,0.6880,0.7600,0.6880,0.7040,470625
GOODWAY,2010-12-03,0.7080,0.7080,0.6880,0.6880,96250
GOODWAY,2010-12-06,0.7040,0.7200,0.6880,0.6880,644875
GOODWAY,2010-12-08,0.7120,0.7240,0.7040,0.7240,568750
GOODWAY,2010-12-09,0.7120,0.7160,0.7120,0.7120,188750
GOODWAY,2010-12-10,0.7240,0.7240,0.7160,0.7240,685375
GOODWAY,2010-12-13,0.7240,0.7320,0.7160,0.7240,628750
GOODWAY,2010-12-14,0.7280,0.7280,0.7200,0.7280,431250
GOODWAY,2010-12-15,0.7280,0.7440,0.7160,0.7440,525375
GOODWAY,2010-12-16,0.7360,0.7560,0.7040,0.7480,751750
GOODWAY,2010-12-17,0.7480,0.7600,0.7480,0.7560,582500
GOODWAY,2010-12-20,0.7560,0.7680,0.7560,0.7680,747500
GOODWAY,2010-12-21,0.7640,0.7840,0.7640,0.7840,910625
GOODWAY,2010-12-22,0.7840,0.8160,0.7320,0.7480,7805125
GOODWAY,2010-12-23,0.7480,0.7600,0.7120,0.7160,1842000
GOODWAY,2010-12-24,0.7240,0.7320,0.7160,0.7320,710125
GOODWAY,2010-12-27,0.7320,0.7440,0.7160,0.7280,1622000
GOODWAY,2010-12-28,0.7360,0.7360,0.7000,0.7200,729500
GOODWAY,2010-12-29,0.7280,0.7360,0.6800,0.7080,2467250
GOODWAY,2010-12-30,0.7120,0.7320,0.7040,0.7280,1550500
GOODWAY,2011-01-03,0.7320,0.7360,0.7240,0.7320,1441250
GOODWAY,2011-01-04,0.7320,0.7440,0.7280,0.7440,1495125
GOODWAY,2011-01-05,0.7440,0.7600,0.7320,0.7600,965250
GOODWAY,2011-01-06,0.7600,0.7640,0.7520,0.7600,1516875
GOODWAY,2011-01-07,0.7600,0.7600,0.7200,0.7520,1829750
GOODWAY,2011-01-10,0.7520,0.7520,0.7360,0.7520,543000
GOODWAY,2011-01-11,0.7480,0.7480,0.7280,0.7280,1152250
GOODWAY,2011-01-12,0.7400,0.7520,0.7200,0.7200,2020125
GOODWAY,2011-01-13,0.7280,0.7360,0.6960,0.7200,1175000
GOODWAY,2011-01-14,0.7280,0.7320,0.6720,0.6720,1677250
GOODWAY,2011-01-17,0.6800,0.6920,0.6640,0.6640,1720125
GOODWAY,2011-01-18,0.6680,0.6800,0.6000,0.6640,2074000
GOODWAY,2011-01-19,0.6400,0.6400,0.6160,0.6280,812500
GOODWAY,2011-01-21,0.6360,0.6360,0.6120,0.6360,152375
GOODWAY,2011-01-24,0.6400,0.6440,0.6080,0.6360,1066875
GOODWAY,2011-01-25,0.6360,0.6400,0.6000,0.6000,790875
GOODWAY,2011-01-26,0.6440,0.6720,0.6000,0.6000,276250
GOODWAY,2011-01-27,0.6320,0.6400,0.6280,0.6280,471250
GOODWAY,2011-01-28,0.6440,0.6440,0.6000,0.6320,317125
GOODWAY,2011-01-31,0.6160,0.6320,0.6160,0.6320,1500000
GOODWAY,2011-02-02,0.6400,0.6680,0.6120,0.6400,244375
GOODWAY,2011-02-07,0.6520,0.6520,0.6520,0.6520,6250
GOODWAY,2011-02-08,0.6080,0.6240,0.6080,0.6080,66250
GOODWAY,2011-02-09,0.6080,0.6160,0.6040,0.6160,305000
GOODWAY,2011-02-10,0.6160,0.6600,0.6160,0.6240,328125
GOODWAY,2011-02-11,0.6320,0.6440,0.6320,0.6360,206250
GOODWAY,2011-02-14,0.6320,0.6400,0.6160,0.6160,612500
GOODWAY,2011-02-16,0.6240,0.6360,0.6160,0.6240,563125
GOODWAY,2011-02-17,0.6240,0.6280,0.6240,0.6280,83750
GOODWAY,2011-02-18,0.6160,0.6520,0.6160,0.6520,875625
GOODWAY,2011-02-21,0.6560,0.6600,0.6320,0.6560,95000
GOODWAY,2011-02-22,0.6520,0.6600,0.6160,0.6320,641500
GOODWAY,2011-02-23,0.6240,0.6320,0.6240,0.6320,2375
GOODWAY,2011-02-24,0.6480,0.6520,0.6080,0.6080,440000
GOODWAY,2011-02-25,0.6080,0.6320,0.6080,0.6320,21250
GOODWAY,2011-02-28,0.6080,0.6520,0.6000,0.6160,611250
GOODWAY,2011-03-01,0.6360,0.6360,0.6360,0.6360,12500
GOODWAY,2011-03-02,0.6080,0.6360,0.6080,0.6080,464750
GOODWAY,2011-03-03,0.6360,0.6400,0.6240,0.6320,137750
GOODWAY,2011-03-04,0.6240,0.6400,0.6240,0.6240,878750
GOODWAY,2011-03-07,0.6240,0.6240,0.6240,0.6240,6250
GOODWAY,2011-03-08,0.6160,0.6280,0.6160,0.6280,526250
GOODWAY,2011-03-09,0.6200,0.6280,0.6200,0.6280,141500
GOODWAY,2011-03-10,0.6080,0.6200,0.6000,0.6160,559875
GOODWAY,2011-03-11,0.6200,0.6200,0.5920,0.5920,474000
GOODWAY,2011-03-14,0.6200,0.6240,0.6160,0.6200,584500
GOODWAY,2011-03-15,0.5920,0.6200,0.5920,0.6120,322500
GOODWAY,2011-03-16,0.6080,0.6120,0.5880,0.5920,175625
GOODWAY,2011-03-17,0.6120,0.6200,0.6080,0.6200,333500
GOODWAY,2011-03-18,0.6080,0.6200,0.6080,0.6200,291250
GOODWAY,2011-03-21,0.6080,0.6080,0.5960,0.5960,27500
GOODWAY,2011-03-22,0.5960,0.6160,0.5920,0.5960,418750
GOODWAY,2011-03-23,0.5960,0.6200,0.5920,0.6080,1138750
GOODWAY,2011-03-24,0.6080,0.6080,0.6080,0.6080,246250
GOODWAY,2011-03-25,0.6080,0.6080,0.6000,0.6080,178375
GOODWAY,2011-03-28,0.6080,0.6080,0.5960,0.5960,104375
GOODWAY,2011-03-29,0.6080,0.6120,0.5960,0.6080,295000
GOODWAY,2011-03-30,0.6000,0.6000,0.6000,0.6000,26750
GOODWAY,2011-03-31,0.6080,0.6120,0.5920,0.5920,172750
GOODWAY,2011-04-01,0.6080,0.6080,0.5880,0.5880,70000
GOODWAY,2011-04-04,0.5920,0.6000,0.5920,0.6000,77500
GOODWAY,2011-04-05,0.5840,0.5880,0.5840,0.5880,43750
GOODWAY,2011-04-06,0.5960,0.6000,0.5720,0.5920,264000
GOODWAY,2011-04-07,0.5880,0.5880,0.5720,0.5840,381250
GOODWAY,2011-04-08,0.5720,0.5880,0.5720,0.5880,25250
GOODWAY,2011-04-11,0.5920,0.6000,0.5720,0.5720,73750
GOODWAY,2011-04-12,0.5800,0.5800,0.5800,0.5800,18625
GOODWAY,2011-04-13,0.5640,0.5640,0.5480,0.5600,520250
GOODWAY,2011-04-14,0.5600,0.5720,0.5600,0.5720,57500
GOODWAY,2011-04-15,0.5680,0.5680,0.5560,0.5680,125000
GOODWAY,2011-04-18,0.5680,0.5800,0.5480,0.5800,286375
GOODWAY,2011-04-19,0.5560,0.5960,0.5560,0.5960,128750
GOODWAY,2011-04-20,0.5760,0.5760,0.5640,0.5640,93750
GOODWAY,2011-04-21,0.5640,0.5800,0.5640,0.5800,20000
GOODWAY,2011-04-22,0.5600,0.5600,0.5600,0.5600,12500
GOODWAY,2011-04-25,0.5800,0.5920,0.5760,0.5760,392500
GOODWAY,2011-04-26,0.5920,0.5920,0.5680,0.5800,135000
GOODWAY,2011-04-27,0.5640,0.5760,0.5640,0.5760,107500
GOODWAY,2011-04-28,0.5640,0.5760,0.5600,0.5600,368750
GOODWAY,2011-04-29,0.5560,0.5640,0.5520,0.5600,240000
GOODWAY,2011-05-03,0.5600,0.5640,0.5520,0.5520,192500
GOODWAY,2011-05-04,0.5480,0.5480,0.5480,0.5480,25000
GOODWAY,2011-05-05,0.5480,0.5480,0.5480,0.5480,12500
GOODWAY,2011-05-06,0.5480,0.5480,0.5480,0.5480,21250
GOODWAY,2011-05-09,0.5440,0.5440,0.5440,0.5440,12500
GOODWAY,2011-05-10,0.5400,0.5760,0.5400,0.5760,20000
GOODWAY,2011-05-11,0.5760,0.5760,0.5480,0.5480,12500
GOODWAY,2011-05-16,0.5520,0.5520,0.5520,0.5520,41250
GOODWAY,2011-05-18,0.5600,0.5600,0.5600,0.5600,2500
GOODWAY,2011-05-19,0.5680,0.5720,0.5600,0.5720,72375
GOODWAY,2011-05-20,0.5560,0.5640,0.5560,0.5640,2500
GOODWAY,2011-05-24,0.5800,0.5800,0.5800,0.5800,2500
GOODWAY,2011-05-26,0.5800,0.5800,0.5800,0.5800,6250
GOODWAY,2011-05-27,0.5680,0.5800,0.5680,0.5800,60000
GOODWAY,2011-05-30,0.5960,0.6560,0.5960,0.6520,424500
GOODWAY,2011-05-31,0.6600,0.6600,0.6160,0.6160,473625
GOODWAY,2011-06-01,0.6600,0.6600,0.6000,0.6000,178750
GOODWAY,2011-06-02,0.6000,0.6320,0.6000,0.6160,185000
GOODWAY,2011-06-03,0.6200,0.6280,0.5880,0.6000,1262000
GOODWAY,2011-06-06,0.6040,0.6040,0.5840,0.5840,11250
GOODWAY,2011-06-07,0.5760,0.5840,0.5760,0.5760,37625
GOODWAY,2011-06-08,0.5560,0.5560,0.5560,0.5560,1250
GOODWAY,2011-06-09,0.5560,0.5600,0.5480,0.5520,163625
GOODWAY,2011-06-10,0.5520,0.6000,0.5520,0.5920,42625
GOODWAY,2011-06-13,0.5840,0.5880,0.5600,0.5600,7750
GOODWAY,2011-06-14,0.6000,0.6000,0.5560,0.5560,250
GOODWAY,2011-06-15,0.5600,0.5600,0.5600,0.5600,25000
GOODWAY,2011-06-16,0.5600,0.5600,0.5600,0.5600,6250
GOODWAY,2011-06-20,0.5560,0.5560,0.5560,0.5560,12500
GOODWAY,2011-06-22,0.5600,0.5600,0.5560,0.5600,19875
GOODWAY,2011-06-23,0.5520,0.5520,0.5440,0.5440,31500
GOODWAY,2011-06-24,0.5440,0.5440,0.5440,0.5440,12500
GOODWAY,2011-06-29,0.5440,0.5600,0.5440,0.5440,23250
GOODWAY,2011-07-01,0.5600,0.5800,0.5560,0.5760,291250
GOODWAY,2011-07-04,0.5800,0.5880,0.5600,0.5680,188750
GOODWAY,2011-07-05,0.5680,0.5720,0.5600,0.5720,56250
GOODWAY,2011-07-06,0.5720,0.5800,0.5640,0.5760,313750
GOODWAY,2011-07-07,0.5760,0.5760,0.5640,0.5640,667500
GOODWAY,2011-07-08,0.5680,0.5960,0.5640,0.5640,76250
GOODWAY,2011-07-11,0.5760,0.5760,0.5640,0.5640,107125
GOODWAY,2011-07-12,0.5680,0.5680,0.5520,0.5680,407500
GOODWAY,2011-07-13,0.5680,0.5880,0.5680,0.5880,920750
GOODWAY,2011-07-14,0.5840,0.6120,0.5800,0.5840,1074875
GOODWAY,2011-07-15,0.5840,0.5920,0.5720,0.5840,3306125
GOODWAY,2011-07-18,0.5700,0.5700,0.5400,0.5400,70000
GOODWAY,2011-07-19,0.5300,0.5400,0.5300,0.5350,50000
GOODWAY,2011-07-20,0.5300,0.5600,0.5300,0.5400,107600
GOODWAY,2011-07-21,0.5600,0.5750,0.5500,0.5500,307500
GOODWAY,2011-07-22,0.5700,0.5800,0.5700,0.5750,333000
GOODWAY,2011-07-25,0.5800,0.5850,0.5800,0.5850,354000
GOODWAY,2011-07-26,0.5850,0.5900,0.5850,0.5900,128200
GOODWAY,2011-07-27,0.5900,0.5900,0.5750,0.5750,207500
GOODWAY,2011-07-28,0.5400,0.5950,0.5400,0.5850,309200
GOODWAY,2011-07-29,0.5900,0.5900,0.5850,0.5850,127700
GOODWAY,2011-08-01,0.5550,0.5550,0.5550,0.5550,1000
GOODWAY,2011-08-02,0.5500,0.5600,0.5500,0.5500,23700
GOODWAY,2011-08-03,0.5500,0.5500,0.5500,0.5500,43700
GOODWAY,2011-08-04,0.5550,0.5550,0.5550,0.5550,15000
GOODWAY,2011-08-05,0.5400,0.5400,0.5400,0.5400,61700
GOODWAY,2011-08-08,0.5200,0.5200,0.5100,0.5100,59400
GOODWAY,2011-08-09,0.5000,0.5000,0.4900,0.5000,61700
GOODWAY,2011-08-10,0.5300,0.5300,0.5300,0.5300,89000
GOODWAY,2011-08-12,0.5300,0.5300,0.5300,0.5300,96200
GOODWAY,2011-08-15,0.5200,0.5200,0.5200,0.5200,55000
GOODWAY,2011-08-16,0.5200,0.5300,0.5150,0.5300,104900
GOODWAY,2011-08-18,0.5200,0.5200,0.5200,0.5200,60000
GOODWAY,2011-08-19,0.5000,0.5100,0.5000,0.5100,26700
GOODWAY,2011-08-22,0.5000,0.5000,0.5000,0.5000,33700
GOODWAY,2011-08-24,0.5000,0.5000,0.4950,0.4950,37500
GOODWAY,2011-08-26,0.4900,0.5000,0.4900,0.5000,24700
GOODWAY,2011-08-29,0.5050,0.5050,0.5050,0.5050,10000
GOODWAY,2011-09-02,0.5100,0.5100,0.5100,0.5100,8000
GOODWAY,2011-09-06,0.5000,0.5000,0.5000,0.5000,15500
GOODWAY,2011-09-07,0.5000,0.5000,0.5000,0.5000,39200
GOODWAY,2011-09-08,0.5000,0.5000,0.4950,0.5000,56200
GOODWAY,2011-09-14,0.5000,0.5000,0.5000,0.5000,115500
GOODWAY,2011-09-15,0.5000,0.5000,0.5000,0.5000,36200
GOODWAY,2011-09-21,0.5000,0.5000,0.5000,0.5000,20000
GOODWAY,2011-09-22,0.4900,0.4900,0.4900,0.4900,16000
GOODWAY,2011-09-23,0.3500,0.4950,0.3500,0.4900,49000
GOODWAY,2011-10-12,0.4800,0.4800,0.4700,0.4700,270000
GOODWAY,2011-10-13,0.4700,0.4700,0.4650,0.4650,323000
GOODWAY,2011-10-14,0.4650,0.4650,0.4550,0.4550,250000
GOODWAY,2011-10-17,0.4700,0.4700,0.4700,0.4700,5000
GOODWAY,2011-10-18,0.4700,0.4700,0.4700,0.4700,2000
GOODWAY,2011-10-19,0.4500,0.4500,0.4500,0.4500,33000
GOODWAY,2011-10-20,0.4550,0.4550,0.4500,0.4500,75000
GOODWAY,2011-10-24,0.4400,0.4700,0.4400,0.4700,6000
GOODWAY,2011-10-28,0.4450,0.4450,0.4450,0.4450,5000
GOODWAY,2011-11-02,0.4700,0.4700,0.4700,0.4700,1000
GOODWAY,2011-11-08,0.4500,0.4500,0.4500,0.4500,5000
GOODWAY,2011-11-15,0.4500,0.4500,0.4500,0.4500,5000
GOODWAY,2011-11-16,0.4500,0.4500,0.4500,0.4500,30000
GOODWAY,2011-11-17,0.4500,0.4500,0.4500,0.4500,20000
GOODWAY,2011-11-18,0.4500,0.4500,0.4500,0.4500,20000
GOODWAY,2011-11-21,0.4500,0.4500,0.4500,0.4500,5500
GOODWAY,2011-11-23,0.4600,0.4600,0.4600,0.4600,10000
GOODWAY,2011-11-24,0.4500,0.4500,0.4500,0.4500,20000
GOODWAY,2011-11-25,0.4500,0.4600,0.4500,0.4600,270000
GOODWAY,2011-11-29,0.4600,0.4600,0.4550,0.4550,45000
GOODWAY,2011-11-30,0.4500,0.4550,0.4500,0.4500,310000
GOODWAY,2011-12-01,0.4500,0.4500,0.4500,0.4500,242500
GOODWAY,2011-12-02,0.4600,0.4600,0.4600,0.4600,2000
GOODWAY,2011-12-05,0.4500,0.4500,0.4500,0.4500,25000
GOODWAY,2011-12-08,0.4500,0.4500,0.4400,0.4400,307600
GOODWAY,2011-12-12,0.4400,0.4400,0.4400,0.4400,27500
GOODWAY,2011-12-14,0.4400,0.4400,0.4250,0.4250,250800
GOODWAY,2011-12-15,0.4300,0.4300,0.4300,0.4300,55000
GOODWAY,2011-12-20,0.4300,0.4300,0.4300,0.4300,40000
GOODWAY,2011-12-21,0.4250,0.4250,0.4250,0.4250,30000
GOODWAY,2011-12-22,0.4300,0.4300,0.4300,0.4300,20000
GOODWAY,2011-12-23,0.4250,0.4400,0.4250,0.4250,25000
GOODWAY,2011-12-27,0.4300,0.4300,0.4300,0.4300,20000
GOODWAY,2011-12-30,0.4250,0.4250,0.4200,0.4200,27900
GOODWAY,2012-01-03,0.4250,0.4250,0.4250,0.4250,10000
GOODWAY,2012-01-05,0.4250,0.4250,0.4200,0.4250,100000
GOODWAY,2012-01-10,0.4250,0.4500,0.4250,0.4500,2000
GOODWAY,2012-01-11,0.4250,0.4250,0.4250,0.4250,3700
GOODWAY,2012-01-12,0.4300,0.4300,0.4300,0.4300,40000
GOODWAY,2012-01-13,0.4300,0.4300,0.4300,0.4300,2000
GOODWAY,2012-01-19,0.4150,0.4150,0.4150,0.4150,20000
GOODWAY,2012-01-20,0.4150,0.4150,0.4150,0.4150,5000
GOODWAY,2012-01-25,0.4100,0.4100,0.4100,0.4100,1200
GOODWAY,2012-01-27,0.4300,0.4750,0.4300,0.4750,7400
GOODWAY,2012-02-02,0.4300,0.4300,0.4300,0.4300,10000
GOODWAY,2012-02-08,0.4200,0.4200,0.4200,0.4200,269000
GOODWAY,2012-02-16,0.4150,0.4150,0.4150,0.4150,3700
GOODWAY,2012-02-20,0.4100,0.4100,0.4100,0.4100,12500
GOODWAY,2012-02-23,0.4150,0.4150,0.4150,0.4150,10000
GOODWAY,2012-02-24,0.4100,0.4100,0.4100,0.4100,62500
GOODWAY,2012-02-29,0.4100,0.4100,0.4100,0.4100,12500
GOODWAY,2012-03-07,0.4100,0.4100,0.4100,0.4100,1200
GOODWAY,2012-03-08,0.4000,0.4000,0.4000,0.4000,5000
GOODWAY,2012-03-15,0.4000,0.4000,0.4000,0.4000,82500
GOODWAY,2012-03-16,0.4000,0.4000,0.4000,0.4000,10000
GOODWAY,2012-03-19,0.4000,0.4050,0.4000,0.4050,40000
GOODWAY,2012-03-20,0.4050,0.4050,0.4000,0.4000,12800
GOODWAY,2012-03-26,0.4100,0.4700,0.4050,0.4050,5100
GOODWAY,2012-04-02,0.4000,0.4000,0.4000,0.4000,15000
GOODWAY,2012-04-12,0.4050,0.4050,0.4050,0.4050,10000
GOODWAY,2012-05-10,0.4050,0.4050,0.4050,0.4050,1800
GOODWAY,2012-05-11,0.4000,0.4000,0.4000,0.4000,11200
GOODWAY,2012-05-15,0.4000,0.4000,0.4000,0.4000,30000
GOODWAY,2012-05-16,0.4000,0.4000,0.4000,0.4000,29200
GOODWAY,2012-05-24,0.3800,0.3800,0.3800,0.3800,8200
GOODWAY,2012-05-25,0.3800,0.3800,0.3800,0.3800,2500
GOODWAY,2012-06-05,0.3800,0.3800,0.3800,0.3800,170000
GOODWAY,2012-06-07,0.3800,0.3800,0.3800,0.3800,1800
GOODWAY,2012-06-18,0.3800,0.3800,0.3800,0.3800,12500
GOODWAY,2012-06-25,0.3900,0.3900,0.3900,0.3900,5400
GOODWAY,2012-06-29,0.3900,0.4000,0.3750,0.4000,8000
GOODWAY,2012-07-06,0.3800,0.3800,0.3800,0.3800,30000
GOODWAY,2012-07-10,0.3700,0.3750,0.3700,0.3750,60000
GOODWAY,2012-07-11,0.3800,0.3800,0.3800,0.3800,1200
GOODWAY,2012-07-19,0.4000,0.4100,0.4000,0.4100,232700
GOODWAY,2012-07-20,0.4150,0.4500,0.4150,0.4450,782500
GOODWAY,2012-07-23,0.4050,0.4650,0.4050,0.4650,1020000
GOODWAY,2012-07-24,0.4650,0.4850,0.4600,0.4800,1274000
GOODWAY,2012-07-25,0.4750,0.4900,0.4600,0.4850,854000
GOODWAY,2012-07-26,0.4900,0.5050,0.4800,0.4800,3825000
GOODWAY,2012-07-27,0.4850,0.5000,0.4700,0.4750,2447300
GOODWAY,2012-07-30,0.4800,0.4950,0.4750,0.4850,2751900
GOODWAY,2012-07-31,0.4850,0.4850,0.4700,0.4750,598000
GOODWAY,2012-08-01,0.4700,0.4750,0.4350,0.4750,502100
GOODWAY,2012-08-02,0.4700,0.4700,0.4450,0.4500,165000
GOODWAY,2012-08-03,0.4700,0.4750,0.4300,0.4300,405900
GOODWAY,2012-08-06,0.4500,0.4650,0.4400,0.4650,332900
GOODWAY,2012-08-07,0.4700,0.4850,0.4650,0.4700,4663100
GOODWAY,2012-08-08,0.4750,0.4850,0.4700,0.4800,1649000
GOODWAY,2012-08-09,0.4800,0.4900,0.4650,0.4700,1163500
GOODWAY,2012-08-10,0.4700,0.4750,0.4450,0.4450,1077500
GOODWAY,2012-08-13,0.4500,0.4550,0.4400,0.4400,131200
GOODWAY,2012-08-14,0.4400,0.4450,0.4300,0.4450,211100
GOODWAY,2012-08-15,0.4350,0.4700,0.4300,0.4700,494300
GOODWAY,2012-08-16,0.4650,0.4900,0.4650,0.4900,2432200
GOODWAY,2012-08-17,0.4850,0.4900,0.4750,0.4850,3513400
GOODWAY,2012-08-22,0.4850,0.4950,0.4700,0.4750,3823700
GOODWAY,2012-08-23,0.4600,0.4700,0.4600,0.4700,22000
GOODWAY,2012-08-24,0.4350,0.4500,0.4350,0.4500,55000
GOODWAY,2012-08-28,0.4400,0.4400,0.4150,0.4150,238400
GOODWAY,2012-08-29,0.4300,0.4300,0.4200,0.4250,20000
GOODWAY,2012-08-30,0.4150,0.4150,0.3800,0.4000,38000
GOODWAY,2012-09-04,0.4000,0.4000,0.3800,0.3800,28800
GOODWAY,2012-09-05,0.3850,0.4200,0.3800,0.4200,10400
GOODWAY,2012-09-10,0.3950,0.4000,0.3950,0.4000,10000
GOODWAY,2012-09-14,0.3850,0.4350,0.3800,0.4350,30300
GOODWAY,2012-09-21,0.3850,0.3850,0.3700,0.3700,30000
GOODWAY,2012-09-24,0.3800,0.3800,0.3800,0.3800,5000
GOODWAY,2012-10-03,0.3750,0.3750,0.3750,0.3750,10000
GOODWAY,2012-10-04,0.4000,0.4000,0.4000,0.4000,10000
GOODWAY,2012-10-15,0.3750,0.4000,0.3750,0.4000,22600
GOODWAY,2012-10-18,0.3800,0.3800,0.3750,0.3800,31300
GOODWAY,2012-10-19,0.3700,0.3800,0.3700,0.3800,2600
GOODWAY,2012-10-23,0.3600,0.3600,0.3600,0.3600,50000
GOODWAY,2012-10-24,0.3600,0.3650,0.3600,0.3650,78600
GOODWAY,2012-10-25,0.3750,0.3750,0.3750,0.3750,2000
GOODWAY,2012-10-29,0.3900,0.3900,0.3900,0.3900,1000
GOODWAY,2012-10-30,0.3550,0.4400,0.3550,0.4400,10100
GOODWAY,2012-11-02,0.3600,0.3600,0.3600,0.3600,5000
GOODWAY,2012-11-05,0.3650,0.3650,0.3650,0.3650,2000
GOODWAY,2012-11-08,0.3550,0.3550,0.3550,0.3550,2000
GOODWAY,2012-11-12,0.3700,0.3700,0.3700,0.3700,2000
GOODWAY,2012-11-16,0.3750,0.3750,0.3650,0.3650,8000
GOODWAY,2012-11-20,0.3650,0.3800,0.3600,0.3800,12000
GOODWAY,2012-11-21,0.3900,0.3900,0.3900,0.3900,3000
GOODWAY,2012-11-27,0.3900,0.3900,0.3900,0.3900,3000
GOODWAY,2012-11-28,0.3900,0.3900,0.3900,0.3900,5000
GOODWAY,2012-12-04,0.3550,0.3550,0.3550,0.3550,2500
GOODWAY,2012-12-05,0.3700,0.3900,0.3600,0.3600,3100
GOODWAY,2012-12-06,0.3650,0.3650,0.3650,0.3650,300
GOODWAY,2012-12-07,0.3800,0.3800,0.3800,0.3800,3400
GOODWAY,2012-12-12,0.3800,0.3850,0.3800,0.3850,5000
GOODWAY,2012-12-13,0.3850,0.3850,0.3750,0.3750,2100
GOODWAY,2012-12-18,0.3800,0.3800,0.3700,0.3700,5500
GOODWAY,2012-12-21,0.3550,0.3700,0.3550,0.3700,10200
GOODWAY,2012-12-24,0.3700,0.3800,0.3700,0.3800,5100
GOODWAY,2012-12-27,0.3600,0.3800,0.3600,0.3800,16500
GOODWAY,2012-12-28,0.3700,0.3700,0.3700,0.3700,4900
GOODWAY,2013-01-02,0.3700,0.3900,0.3550,0.3900,8000
GOODWAY,2013-01-04,0.3750,0.3750,0.3750,0.3750,4000
GOODWAY,2013-01-07,0.3700,0.3700,0.3700,0.3700,10000
GOODWAY,2013-01-08,0.3700,0.3700,0.3700,0.3700,6000
GOODWAY,2013-01-10,0.3700,0.3700,0.3700,0.3700,13000
GOODWAY,2013-01-11,0.3650,0.3700,0.3650,0.3700,7900
GOODWAY,2013-01-18,0.3750,0.3750,0.3750,0.3750,6200
GOODWAY,2013-01-22,0.3500,0.3800,0.3500,0.3800,9500
GOODWAY,2013-01-23,0.3700,0.3750,0.3650,0.3700,24000
GOODWAY,2013-01-25,0.3800,0.3800,0.3800,0.3800,4200
GOODWAY,2013-02-04,0.3500,0.3750,0.3500,0.3750,11000
GOODWAY,2013-02-05,0.3700,0.3700,0.3700,0.3700,5000
GOODWAY,2013-02-13,0.3500,0.3750,0.3500,0.3750,5200
GOODWAY,2013-02-25,0.3600,0.3800,0.3500,0.3800,12000
GOODWAY,2013-03-04,0.3600,0.3600,0.3600,0.3600,2500
GOODWAY,2013-03-05,0.4000,0.4000,0.4000,0.4000,1000
GOODWAY,2013-03-06,0.3700,0.3700,0.3700,0.3700,3700
GOODWAY,2013-03-08,0.3700,0.3700,0.3700,0.3700,6000
GOODWAY,2013-03-11,0.3600,0.4000,0.3550,0.4000,11000
GOODWAY,2013-03-21,0.3700,0.3950,0.3650,0.3950,10500
GOODWAY,2013-03-22,0.3650,0.4000,0.3650,0.4000,2000
GOODWAY,2013-03-29,0.3700,0.3700,0.3700,0.3700,3000
GOODWAY,2013-04-03,0.3700,0.3700,0.3700,0.3700,3000
GOODWAY,2013-04-17,0.3550,0.3900,0.3550,0.3900,1500
GOODWAY,2013-04-23,0.3550,0.3850,0.3550,0.3850,7100
GOODWAY,2013-04-25,0.3550,0.3800,0.3550,0.3800,7700
GOODWAY,2013-04-26,0.3550,0.3800,0.3550,0.3800,8700
GOODWAY,2013-05-02,0.3600,0.3700,0.3600,0.3700,11000
GOODWAY,2013-05-03,0.3500,0.3550,0.3450,0.3550,35000
GOODWAY,2013-05-06,0.3600,0.3600,0.3600,0.3600,5000
GOODWAY,2013-05-07,0.3950,0.3950,0.3500,0.3600,20900
GOODWAY,2013-05-08,0.3600,0.3600,0.3600,0.3600,10000
GOODWAY,2013-05-09,0.3400,0.3700,0.3400,0.3700,40400
GOODWAY,2013-05-10,0.3700,0.3700,0.3700,0.3700,20000
GOODWAY,2013-05-13,0.3800,0.3800,0.3800,0.3800,20000
GOODWAY,2013-05-15,0.3800,0.3800,0.3800,0.3800,6000
GOODWAY,2013-05-16,0.3600,0.3800,0.3600,0.3800,6000
GOODWAY,2013-05-17,0.3800,0.3800,0.3800,0.3800,60000
GOODWAY,2013-05-20,0.3800,0.3800,0.3600,0.3800,56500
GOODWAY,2013-05-21,0.4000,0.4300,0.3950,0.4100,152000
GOODWAY,2013-05-22,0.4000,0.4300,0.4000,0.4000,64900
GOODWAY,2013-05-23,0.3800,0.3800,0.3750,0.3750,110000
GOODWAY,2013-05-27,0.3700,0.3800,0.3600,0.3800,108000
GOODWAY,2013-05-28,0.3600,0.3700,0.3550,0.3700,311700
GOODWAY,2013-05-29,0.3600,0.3700,0.3600,0.3700,219700
GOODWAY,2013-05-30,0.3600,0.3650,0.3550,0.3650,126000
GOODWAY,2013-05-31,0.3650,0.3650,0.3600,0.3650,40100
GOODWAY,2013-06-03,0.3600,0.3600,0.3600,0.3600,31300
GOODWAY,2013-06-04,0.3550,0.3650,0.3550,0.3650,61100
GOODWAY,2013-06-05,0.3550,0.3650,0.3550,0.3650,26600
GOODWAY,2013-06-06,0.3650,0.3950,0.3650,0.3950,16100
GOODWAY,2013-06-10,0.3700,0.3700,0.3700,0.3700,5000
GOODWAY,2013-06-11,0.3600,0.3700,0.3600,0.3700,33000
GOODWAY,2013-06-12,0.3500,0.3650,0.3500,0.3650,66000
GOODWAY,2013-06-14,0.3550,0.3650,0.3550,0.3650,21000
GOODWAY,2013-06-17,0.3550,0.3650,0.3500,0.3650,67000
GOODWAY,2013-06-18,0.3550,0.3650,0.3550,0.3650,12500
GOODWAY,2013-06-19,0.3600,0.3700,0.3600,0.3700,8600
GOODWAY,2013-06-21,0.3500,0.3650,0.3500,0.3650,11500
GOODWAY,2013-06-26,0.3600,0.3650,0.3500,0.3500,33000
GOODWAY,2013-06-27,0.3650,0.3650,0.3550,0.3650,39000
GOODWAY,2013-06-28,0.3650,0.3650,0.3600,0.3600,50500
GOODWAY,2013-07-01,0.3650,0.3700,0.3650,0.3700,21000
GOODWAY,2013-07-02,0.3650,0.3650,0.3650,0.3650,32500
GOODWAY,2013-07-03,0.3650,0.3900,0.3650,0.3900,19000
GOODWAY,2013-07-04,0.3650,0.3800,0.3600,0.3650,94300
GOODWAY,2013-07-05,0.3600,0.3850,0.3600,0.3700,6600
GOODWAY,2013-07-08,0.3650,0.3950,0.3650,0.3950,6700
GOODWAY,2013-07-10,0.3650,0.3650,0.3650,0.3650,24600
GOODWAY,2013-07-11,0.3650,0.3650,0.3650,0.3650,40800
GOODWAY,2013-07-12,0.3800,0.3800,0.3800,0.3800,20000
GOODWAY,2013-07-15,0.3800,0.3800,0.3800,0.3800,30000
GOODWAY,2013-07-16,0.3700,0.3700,0.3700,0.3700,25000
GOODWAY,2013-07-17,0.3700,0.3700,0.3700,0.3700,41200
GOODWAY,2013-07-19,0.3700,0.3700,0.3700,0.3700,30000
GOODWAY,2013-07-22,0.3750,0.3750,0.3750,0.3750,20000
GOODWAY,2013-07-23,0.3700,0.3700,0.3700,0.3700,40000
GOODWAY,2013-07-24,0.3800,0.3800,0.3750,0.3750,21200
GOODWAY,2013-07-29,0.3700,0.3700,0.3650,0.3650,22900
GOODWAY,2013-07-30,0.3650,0.3800,0.3650,0.3750,87800
GOODWAY,2013-07-31,0.3700,0.3700,0.3700,0.3700,12500
GOODWAY,2013-08-02,0.3800,0.3800,0.3750,0.3750,5000
GOODWAY,2013-08-12,0.3750,0.3750,0.3750,0.3750,4200
GOODWAY,2013-08-16,0.3800,0.3800,0.3800,0.3800,13500
GOODWAY,2013-08-20,0.3650,0.3650,0.3650,0.3650,25000
GOODWAY,2013-08-22,0.3650,0.3650,0.3650,0.3650,6500
GOODWAY,2013-08-23,0.3600,0.3700,0.3600,0.3700,42000
GOODWAY,2013-08-26,0.3650,0.3650,0.3650,0.3650,3000
GOODWAY,2013-08-27,0.3600,0.3650,0.3600,0.3650,16000
GOODWAY,2013-08-28,0.3550,0.3600,0.3200,0.3600,32000
GOODWAY,2013-08-29,0.3550,0.3750,0.3550,0.3750,9000
GOODWAY,2013-09-02,0.3550,0.3700,0.3550,0.3700,4000
GOODWAY,2013-09-19,0.3850,0.3950,0.3850,0.3950,18000
GOODWAY,2013-09-20,0.3900,0.4000,0.3900,0.4000,34500
GOODWAY,2013-09-23,0.3650,0.3750,0.3650,0.3750,2200
GOODWAY,2013-10-02,0.3800,0.3800,0.3800,0.3800,13000
GOODWAY,2013-10-03,0.3800,0.3800,0.3800,0.3800,9100
GOODWAY,2013-10-09,0.3800,0.3800,0.3800,0.3800,20000
GOODWAY,2013-10-10,0.3650,0.3850,0.3650,0.3850,9200
GOODWAY,2013-10-14,0.3650,0.3750,0.3550,0.3750,13000
GOODWAY,2013-10-16,0.3750,0.3800,0.3750,0.3750,17000
GOODWAY,2013-10-17,0.3800,0.3800,0.3800,0.3800,52100
GOODWAY,2013-10-18,0.3700,0.3700,0.3700,0.3700,12500
GOODWAY,2013-10-22,0.3750,0.3750,0.3750,0.3750,2500
GOODWAY,2013-10-23,0.3800,0.3800,0.3800,0.3800,25700
GOODWAY,2013-10-25,0.3800,0.3800,0.3750,0.3800,42000
GOODWAY,2013-10-28,0.3800,0.3800,0.3800,0.3800,20000
GOODWAY,2013-10-29,0.3900,0.3900,0.3850,0.3900,40000
GOODWAY,2013-10-31,0.3900,0.3900,0.3900,0.3900,15000
GOODWAY,2013-11-01,0.3900,0.3900,0.3900,0.3900,15200
GOODWAY,2013-11-04,0.3900,0.3900,0.3900,0.3900,20000
GOODWAY,2013-11-07,0.3900,0.3900,0.3900,0.3900,54900
GOODWAY,2013-11-11,0.3950,0.3950,0.3950,0.3950,20000
GOODWAY,2013-11-12,0.3950,0.3950,0.3950,0.3950,11000
GOODWAY,2013-11-13,0.3950,0.3950,0.3950,0.3950,10000
GOODWAY,2013-11-18,0.3850,0.3850,0.3850,0.3850,1200
GOODWAY,2013-11-20,0.3750,0.3750,0.3750,0.3750,22200
GOODWAY,2013-11-22,0.4000,0.4150,0.4000,0.4100,33000
GOODWAY,2013-12-02,0.3800,0.3800,0.3800,0.3800,3600
GOODWAY,2013-12-04,0.3800,0.3800,0.3800,0.3800,6000
GOODWAY,2013-12-06,0.3800,0.3800,0.3800,0.3800,13000
GOODWAY,2013-12-16,0.3800,0.3800,0.3800,0.3800,15000
GOODWAY,2013-12-18,0.3700,0.3700,0.3700,0.3700,3700
GOODWAY,2013-12-20,0.3700,0.3700,0.3700,0.3700,16000
GOODWAY,2013-12-26,0.3700,0.3700,0.3700,0.3700,100
GOODWAY,2013-12-30,0.3650,0.4050,0.3650,0.4050,24300
GOODWAY,2014-01-09,0.3750,0.3750,0.3750,0.3750,10000
GOODWAY,2014-01-10,0.3700,0.3950,0.3700,0.3950,13000
GOODWAY,2014-01-27,0.3750,0.3750,0.3700,0.3700,10000
GOODWAY,2014-02-07,0.3700,0.3900,0.3650,0.3900,46300
GOODWAY,2014-02-13,0.3700,0.3700,0.3700,0.3700,2000
GOODWAY,2014-02-14,0.3750,0.3900,0.3750,0.3850,4200
GOODWAY,2014-02-17,0.3850,0.3850,0.3850,0.3850,10000
GOODWAY,2014-02-18,0.3800,0.3800,0.3800,0.3800,5000
GOODWAY,2014-02-20,0.3800,0.3900,0.3750,0.3800,21800
GOODWAY,2014-02-21,0.3750,0.3750,0.3750,0.3750,6200
GOODWAY,2014-03-03,0.3650,0.3800,0.3650,0.3700,20900
GOODWAY,2014-03-04,0.3700,0.3700,0.3700,0.3700,35000
GOODWAY,2014-03-05,0.3750,0.3900,0.3750,0.3900,54900
GOODWAY,2014-03-06,0.3750,0.3900,0.3750,0.3900,14400
GOODWAY,2014-03-07,0.3800,0.3900,0.3800,0.3900,5100
GOODWAY,2014-03-10,0.3700,0.3800,0.3700,0.3800,3100
GOODWAY,2014-03-11,0.3650,0.3800,0.3650,0.3800,15800
GOODWAY,2014-03-12,0.3750,0.3750,0.3700,0.3750,6900
GOODWAY,2014-03-14,0.4500,0.4500,0.3800,0.3800,36500
GOODWAY,2014-03-17,0.3800,0.3800,0.3800,0.3800,5000
GOODWAY,2014-03-18,0.3800,0.3850,0.3800,0.3850,20000
GOODWAY,2014-03-19,0.4000,0.4000,0.3900,0.3900,21200
GOODWAY,2014-03-20,0.3900,0.3950,0.3900,0.3900,71100
GOODWAY,2014-03-25,0.3900,0.4000,0.3900,0.4000,61500
GOODWAY,2014-03-26,0.4000,0.4450,0.4000,0.4400,183300
GOODWAY,2014-03-27,0.4400,0.4900,0.4350,0.4600,344600
GOODWAY,2014-03-28,0.4600,0.4600,0.4600,0.4600,13000
GOODWAY,2014-04-02,0.4200,0.4350,0.4200,0.4350,153500
GOODWAY,2014-04-03,0.4300,0.4450,0.4300,0.4450,106100
GOODWAY,2014-04-08,0.4300,0.4300,0.4300,0.4300,6000
GOODWAY,2014-04-11,0.4250,0.4300,0.4200,0.4200,70000
GOODWAY,2014-04-14,0.4200,0.4200,0.4200,0.4200,19900
GOODWAY,2014-04-15,0.4300,0.5000,0.4300,0.4800,311900
GOODWAY,2014-04-16,0.4800,0.4800,0.4350,0.4350,95000
GOODWAY,2014-04-17,0.4400,0.4400,0.4400,0.4400,20000
GOODWAY,2014-04-18,0.4450,0.4500,0.4450,0.4500,77000
GOODWAY,2014-04-21,0.4400,0.4500,0.4400,0.4500,8100
GOODWAY,2014-04-22,0.4550,0.4800,0.4550,0.4800,23200
GOODWAY,2014-04-23,0.4500,0.4500,0.4500,0.4500,10000
GOODWAY,2014-04-24,0.4450,0.4450,0.4450,0.4450,6200
GOODWAY,2014-04-25,0.4750,0.4750,0.4700,0.4700,50000
GOODWAY,2014-04-28,0.4500,0.4500,0.4300,0.4300,64300
GOODWAY,2014-04-29,0.4300,0.4400,0.4250,0.4250,68500
GOODWAY,2014-04-30,0.4300,0.4300,0.4300,0.4300,32400
GOODWAY,2014-05-02,0.4300,0.4400,0.4200,0.4200,40000
GOODWAY,2014-05-05,0.4200,0.4300,0.4200,0.4300,5500
GOODWAY,2014-05-07,0.4300,0.4300,0.4300,0.4300,30000
GOODWAY,2014-05-15,0.4350,0.4800,0.4350,0.4600,123100
GOODWAY,2014-05-16,0.4550,0.4800,0.4500,0.4800,23200
GOODWAY,2014-05-19,0.4800,0.4800,0.4700,0.4800,54000
GOODWAY,2014-05-20,0.4700,0.4900,0.4650,0.4850,117100
GOODWAY,2014-05-21,0.4750,0.4800,0.4650,0.4800,150200
GOODWAY,2014-05-22,0.4650,0.4900,0.4600,0.4850,184900
GOODWAY,2014-05-23,0.4800,0.5700,0.4800,0.5450,1535700
GOODWAY,2014-05-26,0.5550,0.5750,0.5350,0.5450,766500
GOODWAY,2014-05-27,0.5350,0.5350,0.5150,0.5150,292700
GOODWAY,2014-05-28,0.5100,0.5200,0.5100,0.5200,118000
GOODWAY,2014-05-29,0.5200,0.5200,0.5100,0.5100,67000
GOODWAY,2014-05-30,0.5100,0.5250,0.5100,0.5200,74200
GOODWAY,2014-06-02,0.5150,0.5200,0.5050,0.5200,127000
GOODWAY,2014-06-03,0.5250,0.5450,0.5250,0.5450,36200
GOODWAY,2014-06-04,0.5300,0.5300,0.5250,0.5250,64500
GOODWAY,2014-06-05,0.5250,0.5250,0.5250,0.5250,123000
GOODWAY,2014-06-06,0.5150,0.5150,0.5100,0.5100,171000
GOODWAY,2014-06-09,0.5300,0.5700,0.5300,0.5700,294900
GOODWAY,2014-06-10,0.5800,0.6000,0.5500,0.5650,941400
GOODWAY,2014-06-11,0.5650,0.5750,0.5550,0.5650,560000
GOODWAY,2014-06-12,0.5750,0.5750,0.5650,0.5650,379200
GOODWAY,2014-06-13,0.5650,0.5700,0.5500,0.5600,330600
GOODWAY,2014-06-16,0.5600,0.5600,0.5150,0.5350,510400
GOODWAY,2014-06-17,0.5250,0.5250,0.5150,0.5150,93000
GOODWAY,2014-06-18,0.5250,0.5350,0.5200,0.5350,469800
GOODWAY,2014-06-19,0.5350,0.5350,0.5100,0.5150,215000
GOODWAY,2014-06-20,0.5250,0.5450,0.5200,0.5300,552100
GOODWAY,2014-06-23,0.5200,0.5200,0.5100,0.5150,150000
GOODWAY,2014-06-24,0.5100,0.5100,0.5100,0.5100,50000
GOODWAY,2014-06-25,0.5000,0.5000,0.5000,0.5000,60000
GOODWAY,2014-06-26,0.5000,0.5000,0.4600,0.4700,460300
GOODWAY,2014-06-27,0.4700,0.4800,0.4600,0.4600,446100
GOODWAY,2014-06-30,0.4800,0.4800,0.4650,0.4650,55000
GOODWAY,2014-07-01,0.4600,0.4800,0.4500,0.4800,228900
GOODWAY,2014-07-02,0.4800,0.4800,0.4550,0.4750,105400
GOODWAY,2014-07-03,0.4700,0.4850,0.4700,0.4700,104300
GOODWAY,2014-07-04,0.4650,0.4650,0.4650,0.4650,36000
GOODWAY,2014-07-07,0.4900,0.5200,0.4900,0.5000,1245900
GOODWAY,2014-07-08,0.5000,0.5150,0.4800,0.4850,690400
GOODWAY,2014-07-09,0.4900,0.4950,0.4850,0.4950,153900
GOODWAY,2014-07-10,0.4800,0.5100,0.4800,0.5000,697200
GOODWAY,2014-07-11,0.5000,0.5100,0.5000,0.5000,519400
GOODWAY,2014-07-14,0.4950,0.5000,0.4900,0.4900,369300
GOODWAY,2014-07-16,0.4900,0.5100,0.4900,0.5050,332900
GOODWAY,2014-07-17,0.5050,0.5100,0.4900,0.4950,391200
GOODWAY,2014-07-18,0.4900,0.5000,0.4900,0.4950,250400
GOODWAY,2014-07-21,0.5000,0.5100,0.5000,0.5050,361100
GOODWAY,2014-07-22,0.5100,0.5350,0.5100,0.5350,2198600
GOODWAY,2014-07-23,0.5350,0.5450,0.5150,0.5200,2045800
GOODWAY,2014-07-24,0.5250,0.5350,0.5150,0.5250,1274800
GOODWAY,2014-07-25,0.5250,0.5300,0.5150,0.5250,41500
GOODWAY,2014-07-30,0.5200,0.5200,0.5100,0.5100,372300
GOODWAY,2014-07-31,0.5050,0.5050,0.4900,0.5000,138400
GOODWAY,2014-08-01,0.4800,0.5000,0.4800,0.4850,279800
GOODWAY,2014-08-04,0.4900,0.5000,0.4900,0.4950,200100
GOODWAY,2014-08-05,0.4950,0.4950,0.4900,0.4950,173000
GOODWAY,2014-08-06,0.4850,0.4900,0.4850,0.4900,213700
GOODWAY,2014-08-07,0.4950,0.5000,0.4950,0.4950,45500
GOODWAY,2014-08-08,0.4900,0.4900,0.4850,0.4850,128100
GOODWAY,2014-08-11,0.4850,0.4950,0.4850,0.4950,71000
GOODWAY,2014-08-12,0.4900,0.4900,0.4800,0.4800,90000
GOODWAY,2014-08-13,0.4800,0.5000,0.4800,0.4900,126600
GOODWAY,2014-08-14,0.4900,0.5000,0.4900,0.5000,40000
GOODWAY,2014-08-15,0.4800,0.4900,0.4800,0.4850,100000
GOODWAY,2014-08-18,0.4900,0.4900,0.4900,0.4900,20000
GOODWAY,2014-08-19,0.4900,0.5000,0.4850,0.4900,223600
GOODWAY,2014-08-20,0.4900,0.4950,0.4850,0.4850,273600
GOODWAY,2014-08-21,0.4900,0.4900,0.4850,0.4900,116700
GOODWAY,2014-08-22,0.4850,0.4900,0.4850,0.4900,17000
GOODWAY,2014-08-25,0.4750,0.5000,0.4750,0.4800,48200
GOODWAY,2014-08-26,0.4800,0.4950,0.4800,0.4900,202200
GOODWAY,2014-08-27,0.4900,0.4900,0.4900,0.4900,93000
GOODWAY,2014-08-28,0.4900,0.4950,0.4900,0.4950,208000
GOODWAY,2014-08-29,0.4900,0.5200,0.4850,0.5050,1340900
GOODWAY,2014-09-02,0.5050,0.5250,0.4950,0.5150,738100
GOODWAY,2014-09-03,0.5200,0.5550,0.5200,0.5400,3893100
GOODWAY,2014-09-04,0.5500,0.5600,0.5250,0.5300,1554700
GOODWAY,2014-09-05,0.5300,0.5350,0.5200,0.5250,571300
GOODWAY,2014-09-08,0.5350,0.5850,0.5250,0.5800,5670100
GOODWAY,2014-09-09,0.5850,0.5900,0.5650,0.5650,2517900
GOODWAY,2014-09-10,0.5700,0.5700,0.5550,0.5650,306900
GOODWAY,2014-09-11,0.5600,0.5900,0.5600,0.5700,1736700
GOODWAY,2014-09-12,0.5650,0.5700,0.5600,0.5650,276500
GOODWAY,2014-09-15,0.5700,0.5850,0.5500,0.5750,2475600
GOODWAY,2014-09-17,0.5800,0.6250,0.5750,0.5800,18470400
GOODWAY,2014-09-18,0.5900,0.5950,0.5750,0.5850,1497100
GOODWAY,2014-09-19,0.5800,0.5950,0.5800,0.5850,1208100
GOODWAY,2014-09-22,0.5850,0.6000,0.5800,0.5950,3370200
GOODWAY,2014-09-23,0.5950,0.6150,0.5900,0.6100,7957500
GOODWAY,2014-09-24,0.6200,0.6550,0.6100,0.6250,12349700
GOODWAY,2014-09-25,0.6250,0.6250,0.6050,0.6050,1181000
GOODWAY,2014-09-26,0.6000,0.6150,0.6000,0.6050,1656500
GOODWAY,2014-09-29,0.6100,0.6100,0.5900,0.5950,1185700
GOODWAY,2014-09-30,0.5950,0.5950,0.5700,0.5750,1477900
GOODWAY,2014-10-01,0.5700,0.5750,0.5650,0.5700,805900
GOODWAY,2014-10-02,0.5700,0.5700,0.5300,0.5500,710600
GOODWAY,2014-10-03,0.5450,0.5550,0.5350,0.5400,237000
GOODWAY,2014-10-07,0.5450,0.5750,0.5400,0.5500,1867200
GOODWAY,2014-10-08,0.5400,0.5400,0.5100,0.5300,667300
GOODWAY,2014-10-09,0.5400,0.5700,0.5400,0.5700,1663300
GOODWAY,2014-10-10,0.5500,0.5800,0.5400,0.5450,1932300
GOODWAY,2014-10-13,0.5400,0.5400,0.5000,0.5000,1744200
GOODWAY,2014-10-14,0.4850,0.5050,0.4800,0.4900,1752800
GOODWAY,2014-10-15,0.4950,0.5000,0.4600,0.4650,1240300
GOODWAY,2014-10-16,0.4550,0.4550,0.4250,0.4350,734900
GOODWAY,2014-10-17,0.4400,0.4750,0.4400,0.4700,880400
GOODWAY,2014-10-20,0.4750,0.4750,0.4600,0.4600,903300
GOODWAY,2014-10-21,0.4600,0.4650,0.4500,0.4600,308200
GOODWAY,2014-10-24,0.4750,0.4950,0.4700,0.4850,1041400
GOODWAY,2014-10-27,0.4900,0.5150,0.4850,0.5150,975000
GOODWAY,2014-10-28,0.5150,0.5150,0.4900,0.4900,726700
GOODWAY,2014-10-29,0.5050,0.5250,0.4950,0.5200,777100
GOODWAY,2014-10-30,0.5100,0.5350,0.5100,0.5300,692000
GOODWAY,2014-10-31,0.5350,0.5500,0.5300,0.5500,1226800
GOODWAY,2014-11-03,0.5500,0.5500,0.5250,0.5300,456300
GOODWAY,2014-11-04,0.5300,0.5350,0.5250,0.5350,191900
GOODWAY,2014-11-05,0.5250,0.5300,0.5200,0.5200,260100
GOODWAY,2014-11-06,0.5200,0.5350,0.5200,0.5200,150100
GOODWAY,2014-11-07,0.5300,0.5350,0.5000,0.5100,225400
GOODWAY,2014-11-10,0.5150,0.5200,0.5000,0.5100,96400
GOODWAY,2014-11-11,0.5100,0.5100,0.4900,0.5000,211200
GOODWAY,2014-11-12,0.4900,0.4950,0.4800,0.4950,95100
GOODWAY,2014-11-13,0.4900,0.4900,0.4700,0.4800,84500
GOODWAY,2014-11-14,0.4700,0.4750,0.4700,0.4750,29000
GOODWAY,2014-11-21,0.4950,0.4950,0.4800,0.4950,58100
GOODWAY,2014-11-27,0.4900,0.4900,0.4750,0.4800,400500
GOODWAY,2014-11-28,0.4700,0.4800,0.4500,0.4800,128200
GOODWAY,2014-12-01,0.4600,0.4600,0.4200,0.4350,232500
GOODWAY,2014-12-02,0.4600,0.4600,0.4350,0.4350,10100
GOODWAY,2014-12-03,0.4300,0.4300,0.4200,0.4300,119700
GOODWAY,2014-12-04,0.4400,0.4450,0.4200,0.4250,28300
GOODWAY,2014-12-05,0.4200,0.4250,0.4100,0.4200,234100
GOODWAY,2014-12-08,0.4050,0.4050,0.4000,0.4050,48100
GOODWAY,2014-12-09,0.3800,0.3950,0.3800,0.3950,109200
GOODWAY,2014-12-10,0.3950,0.4000,0.3900,0.4000,47000
GOODWAY,2014-12-12,0.3750,0.4000,0.3750,0.4000,18600
GOODWAY,2014-12-15,0.3700,0.3700,0.3550,0.3550,99900
GOODWAY,2014-12-16,0.4000,0.4000,0.3800,0.3800,20100
GOODWAY,2014-12-17,0.4000,0.4000,0.3700,0.4000,102500
GOODWAY,2014-12-18,0.4200,0.4300,0.3800,0.4200,32100
GOODWAY,2014-12-19,0.4100,0.4100,0.3800,0.4000,62200
GOODWAY,2014-12-24,0.4000,0.4000,0.3900,0.3900,3100
GOODWAY,2014-12-26,0.3950,0.4200,0.3950,0.4050,37300
GOODWAY,2014-12-29,0.4050,0.4200,0.4000,0.4150,148600
GOODWAY,2014-12-30,0.4000,0.4400,0.4000,0.4400,75200
GOODWAY,2014-12-31,0.4050,0.4300,0.3950,0.3950,273500
GOODWAY,2015-01-02,0.3950,0.4300,0.3950,0.4000,41800
GOODWAY,2015-01-06,0.3850,0.3850,0.3800,0.3850,39800
GOODWAY,2015-01-07,0.3800,0.4000,0.3750,0.3750,60000
GOODWAY,2015-01-08,0.4000,0.4000,0.4000,0.4000,100
GOODWAY,2015-01-09,0.4000,0.4200,0.3850,0.4000,61200
GOODWAY,2015-01-12,0.4000,0.4300,0.3950,0.3950,120200
GOODWAY,2015-01-13,0.4000,0.4000,0.3950,0.4000,105000
GOODWAY,2015-01-14,0.4000,0.4300,0.4000,0.4300,35100
GOODWAY,2015-01-16,0.4200,0.4200,0.4000,0.4100,23200
GOODWAY,2015-01-19,0.4300,0.4300,0.4300,0.4300,100
GOODWAY,2015-01-20,0.4000,0.4300,0.3950,0.4300,39100
GOODWAY,2015-01-21,0.4100,0.4300,0.4100,0.4300,25000
GOODWAY,2015-01-22,0.3950,0.4200,0.3950,0.4200,40100
GOODWAY,2015-01-23,0.4000,0.4000,0.4000,0.4000,92500
GOODWAY,2015-01-26,0.4050,0.4200,0.4050,0.4200,46600
GOODWAY,2015-01-29,0.4050,0.4050,0.4050,0.4050,15000
GOODWAY,2015-01-30,0.4050,0.4200,0.4000,0.4200,37400
GOODWAY,2015-02-05,0.4000,0.4050,0.4000,0.4050,40700
GOODWAY,2015-02-06,0.4000,0.4200,0.4000,0.4200,27100
GOODWAY,2015-02-10,0.4000,0.4050,0.4000,0.4000,144900
GOODWAY,2015-02-11,0.4000,0.4000,0.4000,0.4000,25000
GOODWAY,2015-02-12,0.4000,0.4100,0.4000,0.4100,22900
GOODWAY,2015-02-13,0.4000,0.4000,0.4000,0.4000,5000
GOODWAY,2015-02-17,0.3900,0.4000,0.3850,0.4000,87000
GOODWAY,2015-02-23,0.3900,0.4000,0.3900,0.4000,322100
GOODWAY,2015-02-24,0.3900,0.4000,0.3900,0.4000,7000
GOODWAY,2015-02-26,0.3800,0.4000,0.3800,0.4000,50000
GOODWAY,2015-02-27,0.3950,0.4000,0.3950,0.3950,9800
GOODWAY,2015-03-02,0.3850,0.3900,0.3800,0.3800,109500
GOODWAY,2015-03-03,0.3800,0.3850,0.3800,0.3800,46000
GOODWAY,2015-03-04,0.3650,0.3650,0.3400,0.3650,286800
GOODWAY,2015-03-05,0.3550,0.3750,0.3550,0.3750,250800
GOODWAY,2015-03-06,0.3750,0.3750,0.3750,0.3750,9900
GOODWAY,2015-03-09,0.3750,0.3750,0.3750,0.3750,20000
GOODWAY,2015-03-10,0.3700,0.3700,0.3550,0.3700,142300
GOODWAY,2015-03-11,0.3600,0.3600,0.3600,0.3600,54600
GOODWAY,2015-03-12,0.3600,0.3650,0.3600,0.3650,12500
GOODWAY,2015-03-13,0.3650,0.3800,0.3600,0.3800,14300
GOODWAY,2015-03-18,0.3550,0.3800,0.3550,0.3800,51600
GOODWAY,2015-03-19,0.3650,0.3650,0.3650,0.3650,42800
GOODWAY,2015-03-20,0.3600,0.3600,0.3600,0.3600,16900
GOODWAY,2015-03-23,0.3650,0.3650,0.3600,0.3600,87000
GOODWAY,2015-03-24,0.3650,0.3650,0.3650,0.3650,100000
GOODWAY,2015-03-25,0.3650,0.3750,0.3650,0.3750,61000
GOODWAY,2015-03-26,0.3600,0.3750,0.3600,0.3750,11500
GOODWAY,2015-03-31,0.3650,0.3700,0.3650,0.3700,8000
GOODWAY,2015-04-01,0.3750,0.3750,0.3750,0.3750,100
GOODWAY,2015-04-02,0.3700,0.3700,0.3700,0.3700,25000
GOODWAY,2015-04-03,0.3700,0.3800,0.3700,0.3800,43100
GOODWAY,2015-04-07,0.3700,0.3700,0.3700,0.3700,141000
GOODWAY,2015-04-08,0.3650,0.3650,0.3650,0.3650,8000
GOODWAY,2015-04-09,0.3650,0.3750,0.3650,0.3750,55200
GOODWAY,2015-04-10,0.3750,0.3950,0.3750,0.3950,10000
GOODWAY,2015-04-13,0.3800,0.3800,0.3750,0.3750,37000
GOODWAY,2015-04-14,0.3700,0.3700,0.3700,0.3700,9900
GOODWAY,2015-04-15,0.3650,0.3700,0.3650,0.3700,21900
GOODWAY,2015-04-16,0.3700,0.3750,0.3700,0.3750,81000
GOODWAY,2015-04-17,0.3750,0.4050,0.3750,0.4050,252700
GOODWAY,2015-04-20,0.4200,0.4200,0.4100,0.4100,84000
GOODWAY,2015-04-22,0.3950,0.4000,0.3900,0.4000,50900
GOODWAY,2015-04-27,0.3800,0.3950,0.3800,0.3950,110200
GOODWAY,2015-04-28,0.3700,0.3700,0.3700,0.3700,20000
GOODWAY,2015-04-29,0.3600,0.3900,0.3600,0.3900,20400
GOODWAY,2015-04-30,0.3600,0.3800,0.3600,0.3800,249000
GOODWAY,2015-05-05,0.3650,0.3700,0.3650,0.3700,27600
GOODWAY,2015-05-06,0.3650,0.3750,0.3650,0.3750,5100
GOODWAY,2015-05-07,0.3650,0.3750,0.3650,0.3750,10100
GOODWAY,2015-05-08,0.3800,0.3850,0.3700,0.3850,90300
GOODWAY,2015-05-11,0.3750,0.3750,0.3750,0.3750,189200
GOODWAY,2015-05-14,0.3800,0.3800,0.3800,0.3800,25000
GOODWAY,2015-05-22,0.3400,0.3800,0.3400,0.3800,80100
GOODWAY,2015-05-25,0.3500,0.3800,0.3500,0.3800,40100
GOODWAY,2015-05-29,0.3550,0.3850,0.3550,0.3700,59900
GOODWAY,2015-06-04,0.3550,0.3550,0.3550,0.3550,10000
GOODWAY,2015-06-05,0.3500,0.3500,0.3500,0.3500,111000
GOODWAY,2015-06-10,0.3600,0.3600,0.3600,0.3600,100
GOODWAY,2015-06-12,0.3400,0.3450,0.3400,0.3450,16300
GOODWAY,2015-06-15,0.3350,0.3400,0.3200,0.3400,108200
GOODWAY,2015-06-16,0.3200,0.3300,0.3200,0.3200,126200
GOODWAY,2015-06-17,0.3100,0.3300,0.3100,0.3300,30100
GOODWAY,2015-06-18,0.3300,0.3600,0.3250,0.3300,190300
GOODWAY,2015-06-19,0.3300,0.3300,0.3300,0.3300,146600
GOODWAY,2015-06-24,0.3200,0.3400,0.3150,0.3400,187100
GOODWAY,2015-06-25,0.3200,0.3200,0.3150,0.3150,93800
GOODWAY,2015-06-26,0.3150,0.3150,0.3150,0.3150,200000
GOODWAY,2015-06-30,0.3050,0.3150,0.3050,0.3150,12500
GOODWAY,2015-07-13,0.3300,0.3300,0.3300,0.3300,100
GOODWAY,2015-07-20,0.3200,0.3500,0.3200,0.3500,16100
GOODWAY,2015-07-21,0.3150,0.3500,0.3150,0.3500,169500
GOODWAY,2015-07-28,0.3900,0.3900,0.3500,0.3500,170000
GOODWAY,2015-07-29,0.3300,0.3600,0.3300,0.3600,60200
GOODWAY,2015-08-12,0.3100,0.3100,0.2600,0.3050,147900
GOODWAY,2015-08-13,0.3000,0.3400,0.3000,0.3400,36100
GOODWAY,2015-08-17,0.3000,0.3150,0.2800,0.3150,71200
GOODWAY,2015-08-18,0.2700,0.2900,0.2700,0.2900,23100
GOODWAY,2015-08-19,0.2800,0.2900,0.2700,0.2900,25100
GOODWAY,2015-08-20,0.2700,0.2850,0.2700,0.2850,167000
GOODWAY,2015-08-21,0.2700,0.2850,0.2700,0.2850,74900
GOODWAY,2015-08-24,0.2700,0.2700,0.2050,0.2500,114100
GOODWAY,2015-08-25,0.2100,0.2700,0.2100,0.2700,68500
GOODWAY,2015-08-27,0.2700,0.2850,0.2700,0.2850,114700
GOODWAY,2015-08-28,0.2500,0.2600,0.2400,0.2600,79100
GOODWAY,2015-09-01,0.2450,0.2550,0.2400,0.2550,161100
GOODWAY,2015-09-02,0.2500,0.2500,0.2500,0.2500,5000
GOODWAY,2015-09-04,0.2700,0.2700,0.2700,0.2700,100
GOODWAY,2015-09-07,0.2350,0.2650,0.2350,0.2650,10100
GOODWAY,2015-09-11,0.2500,0.2600,0.2500,0.2600,15100
GOODWAY,2015-09-15,0.2600,0.2600,0.2600,0.2600,105000
GOODWAY,2015-09-17,0.2350,0.2350,0.2350,0.2350,1500
GOODWAY,2015-09-18,0.2700,0.2700,0.2700,0.2700,100
GOODWAY,2015-09-23,0.2400,0.2500,0.2400,0.2500,1500
GOODWAY,2015-09-25,0.2950,0.2950,0.2950,0.2950,100
GOODWAY,2015-09-28,0.2400,0.2800,0.2400,0.2800,5100
GOODWAY,2015-10-07,0.2800,0.3250,0.2800,0.3250,3400
GOODWAY,2015-10-15,0.2950,0.2950,0.2900,0.2900,19500
GOODWAY,2015-10-19,0.2800,0.2900,0.2800,0.2900,11900
GOODWAY,2015-10-21,0.2800,0.2900,0.2800,0.2900,20000
GOODWAY,2015-10-23,0.2800,0.2800,0.2800,0.2800,4900
GOODWAY,2015-10-26,0.2650,0.2900,0.2650,0.2900,5300
GOODWAY,2015-10-27,0.3000,0.3000,0.3000,0.3000,100
GOODWAY,2015-10-29,0.3000,0.3000,0.3000,0.3000,100
GOODWAY,2015-10-30,0.2800,0.2900,0.2800,0.2900,44100
GOODWAY,2015-11-02,0.2700,0.2900,0.2700,0.2900,35600
GOODWAY,2015-11-03,0.2800,0.2800,0.2800,0.2800,19500
GOODWAY,2015-11-04,0.2700,0.2950,0.2700,0.2950,10100
GOODWAY,2015-11-05,0.2800,0.2950,0.2800,0.2950,31000
GOODWAY,2015-11-06,0.2800,0.3000,0.2700,0.3000,80200
GOODWAY,2015-11-12,0.2600,0.2750,0.2600,0.2750,78200
GOODWAY,2015-11-13,0.2750,0.2800,0.2750,0.2800,228800
GOODWAY,2015-11-16,0.2800,0.2850,0.2800,0.2850,13800
GOODWAY,2015-11-18,0.2900,0.2900,0.2900,0.2900,100
GOODWAY,2015-11-19,0.2700,0.2850,0.2700,0.2850,58000
GOODWAY,2015-11-20,0.2700,0.2850,0.2700,0.2850,2600
GOODWAY,2015-11-23,0.2650,0.2850,0.2650,0.2850,3800
GOODWAY,2015-11-24,0.2700,0.2900,0.2700,0.2900,45100
GOODWAY,2015-12-03,0.2850,0.2850,0.2850,0.2850,10000
GOODWAY,2015-12-08,0.2650,0.2750,0.2650,0.2750,49100
GOODWAY,2015-12-10,0.2600,0.2800,0.2600,0.2800,10000
GOODWAY,2015-12-11,0.2600,0.2600,0.2600,0.2600,30000
GOODWAY,2015-12-14,0.2600,0.2800,0.2600,0.2800,10100
GOODWAY,2015-12-21,0.2700,0.2800,0.2700,0.2800,33100
GOODWAY,2015-12-29,0.2450,0.2700,0.2450,0.2700,74600
GOODWAY,2016-01-04,0.2400,0.2700,0.2400,0.2700,1300
GOODWAY,2016-01-06,0.2450,0.2600,0.2450,0.2600,193500
GOODWAY,2016-01-11,0.2450,0.2700,0.2450,0.2700,30100
GOODWAY,2016-01-14,0.2500,0.2500,0.2500,0.2500,5000
GOODWAY,2016-01-15,0.2500,0.2700,0.2500,0.2700,30100
GOODWAY,2016-01-19,0.2500,0.2700,0.2500,0.2700,50100
GOODWAY,2016-01-20,0.2400,0.2700,0.2400,0.2700,12100
GOODWAY,2016-01-21,0.2500,0.2550,0.2450,0.2550,37800
GOODWAY,2016-01-22,0.2700,0.2700,0.2700,0.2700,100
GOODWAY,2016-01-27,0.2600,0.2700,0.2600,0.2700,40100
GOODWAY,2016-01-29,0.2900,0.2900,0.2900,0.2900,100
GOODWAY,2016-02-02,0.2450,0.2600,0.2400,0.2600,20100
GOODWAY,2016-02-03,0.2450,0.2600,0.2450,0.2600,1100
GOODWAY,2016-02-04,0.2600,0.2600,0.2600,0.2600,14900
GOODWAY,2016-02-05,0.2650,0.2650,0.2650,0.2650,100
GOODWAY,2016-02-18,0.2550,0.2550,0.2550,0.2550,34000
GOODWAY,2016-02-19,0.2900,0.2900,0.2900,0.2900,100
GOODWAY,2016-02-22,0.2450,0.2800,0.2450,0.2800,23800
GOODWAY,2016-02-25,0.2450,0.2650,0.2450,0.2450,52600
GOODWAY,2016-02-26,0.2400,0.2600,0.2400,0.2600,30100
GOODWAY,2016-03-01,0.2600,0.2600,0.2300,0.2550,56100
GOODWAY,2016-03-02,0.2300,0.2500,0.2300,0.2500,10000
GOODWAY,2016-03-03,0.2300,0.2450,0.2300,0.2450,25600
GOODWAY,2016-03-04,0.2200,0.2400,0.2050,0.2200,192900
GOODWAY,2016-03-07,0.2300,0.2400,0.2050,0.2200,42300
GOODWAY,2016-03-08,0.2200,0.2300,0.2200,0.2300,15000
GOODWAY,2016-03-10,0.2300,0.2300,0.2250,0.2300,20000
GOODWAY,2016-03-16,0.2250,0.2300,0.2250,0.2250,17200
GOODWAY,2016-03-17,0.2250,0.2250,0.2250,0.2250,15000
GOODWAY,2016-03-18,0.2300,0.2300,0.2300,0.2300,100
GOODWAY,2016-03-25,0.2200,0.2300,0.2200,0.2300,63100
GOODWAY,2016-03-28,0.2300,0.2300,0.2300,0.2300,100000
GOODWAY,2016-03-29,0.2150,0.2300,0.2150,0.2300,80300
GOODWAY,2016-04-04,0.2200,0.2300,0.2200,0.2300,20100
GOODWAY,2016-04-05,0.2400,0.2400,0.2400,0.2400,100
GOODWAY,2016-04-08,0.2200,0.2450,0.2200,0.2450,15000
GOODWAY,2016-04-13,0.2150,0.2300,0.2150,0.2300,18100
GOODWAY,2016-04-21,0.2150,0.2300,0.2000,0.2300,10100
GOODWAY,2016-04-26,0.2300,0.2300,0.2300,0.2300,10000
GOODWAY,2016-05-18,0.2100,0.2850,0.2100,0.2500,3216500
GOODWAY,2016-05-19,0.2300,0.2500,0.2300,0.2500,470000
GOODWAY,2016-05-20,0.2300,0.2300,0.2300,0.2300,18000
GOODWAY,2016-05-23,0.2300,0.2350,0.2250,0.2250,154200
GOODWAY,2016-05-24,0.2250,0.2250,0.2150,0.2250,297100
GOODWAY,2016-05-25,0.2200,0.2200,0.2100,0.2200,84100
GOODWAY,2016-05-26,0.2150,0.2200,0.2150,0.2150,69000
GOODWAY,2016-05-27,0.2200,0.2200,0.2200,0.2200,100
GOODWAY,2016-05-30,0.2200,0.2200,0.2000,0.2150,226900
GOODWAY,2016-06-02,0.2000,0.2100,0.2000,0.2100,19500
GOODWAY,2016-06-03,0.2000,0.2150,0.2000,0.2150,36100
GOODWAY,2016-06-15,0.1800,0.2150,0.1800,0.2150,1300
GOODWAY,2016-06-21,0.2150,0.2300,0.2150,0.2300,157000
GOODWAY,2016-06-23,0.2000,0.2250,0.2000,0.2250,1300
GOODWAY,2016-06-27,0.2250,0.2250,0.2100,0.2200,179900
GOODWAY,2016-06-28,0.2300,0.2300,0.2300,0.2300,60000
GOODWAY,2016-06-29,0.2350,0.2350,0.2350,0.2350,100
GOODWAY,2016-06-30,0.2350,0.2350,0.2150,0.2350,70100
GOODWAY,2016-07-04,0.2400,0.2550,0.2300,0.2550,157900
GOODWAY,2016-07-05,0.2500,0.2600,0.2500,0.2600,136800
GOODWAY,2016-07-08,0.2700,0.2700,0.2700,0.2700,100
GOODWAY,2016-07-11,0.2800,0.3100,0.2700,0.3100,872200
GOODWAY,2016-07-12,0.3250,0.3600,0.3000,0.3550,1727300
GOODWAY,2016-07-13,0.3600,0.3850,0.3400,0.3850,2489900
GOODWAY,2016-07-14,0.3900,0.4450,0.3900,0.4300,6344200
GOODWAY,2016-07-15,0.4350,0.4600,0.4050,0.4550,2838600
GOODWAY,2016-07-19,0.4600,0.5100,0.4500,0.4800,8866800
GOODWAY,2016-07-20,0.4800,0.4800,0.4500,0.4650,1295200
GOODWAY,2016-07-21,0.4600,0.4650,0.4450,0.4500,1168200
GOODWAY,2016-07-22,0.4400,0.4500,0.4050,0.4450,2214600
GOODWAY,2016-07-25,0.4300,0.5000,0.4300,0.4900,2455500
GOODWAY,2016-07-26,0.4900,0.5600,0.4850,0.5300,3698100
GOODWAY,2016-07-27,0.5450,0.5900,0.5450,0.5800,2334300
GOODWAY,2016-07-28,0.5800,0.5850,0.5550,0.5750,1210900
GOODWAY,2016-07-29,0.5750,0.5750,0.5550,0.5650,713900
GOODWAY,2016-08-01,0.5550,0.5900,0.5450,0.5900,2086600
GOODWAY,2016-08-02,0.5750,0.5750,0.5550,0.5700,1100800
GOODWAY,2016-08-03,0.5650,0.6000,0.5650,0.5800,1279300
GOODWAY,2016-08-04,0.5750,0.5750,0.5600,0.5750,248100
GOODWAY,2016-08-05,0.5600,0.5700,0.5600,0.5600,263100
GOODWAY,2016-08-08,0.5600,0.5650,0.5500,0.5500,1408600
GOODWAY,2016-08-09,0.5450,0.5450,0.5300,0.5350,453400
GOODWAY,2016-08-10,0.5550,0.5550,0.5350,0.5500,394700
GOODWAY,2016-08-11,0.5500,0.5500,0.5300,0.5300,430000
GOODWAY,2016-08-12,0.5300,0.5400,0.5300,0.5400,426100
GOODWAY,2016-08-15,0.5350,0.5450,0.5250,0.5300,307400
GOODWAY,2016-08-16,0.5350,0.5350,0.5350,0.5350,170000
GOODWAY,2016-08-17,0.5350,0.5400,0.5300,0.5400,144400
GOODWAY,2016-08-18,0.5350,0.5400,0.5350,0.5400,150000
GOODWAY,2016-08-19,0.5400,0.6150,0.5400,0.6000,2270500
GOODWAY,2016-08-22,0.6300,0.6550,0.6250,0.6550,2583900
GOODWAY,2016-08-23,0.6550,0.6750,0.6250,0.6250,2239600
GOODWAY,2016-08-24,0.6250,0.6350,0.5700,0.5800,1733900
GOODWAY,2016-08-25,0.5750,0.6050,0.5650,0.5850,678000
GOODWAY,2016-08-26,0.5750,0.5850,0.5750,0.5850,65900
GOODWAY,2016-08-29,0.5800,0.5850,0.5750,0.5750,121200
GOODWAY,2016-08-30,0.5750,0.6300,0.5750,0.6250,1074300
GOODWAY,2016-09-01,0.6350,0.7350,0.6350,0.7350,3186200
GOODWAY,2016-09-02,0.7300,0.7300,0.6850,0.6850,1662000
GOODWAY,2016-09-05,0.7000,0.7000,0.6850,0.6850,1039000
GOODWAY,2016-09-06,0.6850,0.7150,0.6800,0.6850,1364600
GOODWAY,2016-09-07,0.6950,0.7000,0.6700,0.6750,1607800
GOODWAY,2016-09-08,0.6750,0.6750,0.6500,0.6500,1228400
GOODWAY,2016-09-09,0.6500,0.6950,0.6500,0.6900,2655600
GOODWAY,2016-09-13,0.6900,0.6900,0.6400,0.6500,1616400
GOODWAY,2016-09-14,0.6500,0.6500,0.6250,0.6350,1291500
GOODWAY,2016-09-15,0.6350,0.6400,0.6150,0.6200,941500
GOODWAY,2016-09-19,0.6250,0.6250,0.5950,0.6100,1203100
GOODWAY,2016-09-20,0.6050,0.6050,0.5550,0.5600,2825900
GOODWAY,2016-09-21,0.5600,0.5850,0.5150,0.5850,5636300
GOODWAY,2016-09-22,0.5950,0.6450,0.5950,0.6350,3531600
GOODWAY,2016-09-23,0.6450,0.6550,0.6100,0.6350,1380500
GOODWAY,2016-09-26,0.6400,0.6750,0.6400,0.6700,2208700
GOODWAY,2016-09-27,0.6750,0.6850,0.6600,0.6850,1314800
GOODWAY,2016-09-28,0.6750,0.6850,0.6650,0.6750,519800
GOODWAY,2016-09-29,0.6700,0.6850,0.6700,0.6800,1048500
GOODWAY,2016-09-30,0.6700,0.6800,0.6700,0.6800,390600
GOODWAY,2016-10-04,0.6800,0.7100,0.6750,0.7100,1032400
GOODWAY,2016-10-05,0.7050,0.7350,0.7050,0.7100,2089300
GOODWAY,2016-10-06,0.7100,0.7200,0.7050,0.7050,342200
GOODWAY,2016-10-07,0.7150,0.7150,0.6950,0.7100,259200
GOODWAY,2016-10-10,0.7000,0.7000,0.6750,0.6850,315400
GOODWAY,2016-10-11,0.6800,0.7200,0.6800,0.7150,701700
GOODWAY,2016-10-12,0.7200,0.7200,0.7050,0.7100,364000
GOODWAY,2016-10-13,0.7100,0.7100,0.6900,0.7050,412000
GOODWAY,2016-10-14,0.6950,0.7100,0.6950,0.6950,224100
GOODWAY,2016-10-17,0.7000,0.7150,0.6900,0.6900,392100
GOODWAY,2016-10-18,0.6900,0.6950,0.6850,0.6950,233000
GOODWAY,2016-10-19,0.6950,0.6950,0.6200,0.6550,524900
GOODWAY,2016-10-20,0.6600,0.6900,0.6600,0.6850,418600
GOODWAY,2016-10-21,0.6850,0.6850,0.6600,0.6700,561900
GOODWAY,2016-10-24,0.6700,0.6800,0.6650,0.6650,223400
GOODWAY,2016-10-25,0.6600,0.6650,0.6550,0.6550,406000
GOODWAY,2016-10-26,0.6550,0.6550,0.6250,0.6400,802000
GOODWAY,2016-10-27,0.6300,0.6450,0.6250,0.6250,221100
GOODWAY,2016-10-28,0.6300,0.6500,0.6300,0.6300,161000
GOODWAY,2016-10-31,0.6400,0.6400,0.6000,0.6050,2067900
GOODWAY,2016-11-01,0.6000,0.6300,0.5950,0.6200,377900
GOODWAY,2016-11-02,0.6050,0.6100,0.6050,0.6050,190000
GOODWAY,2016-11-03,0.6050,0.6050,0.5950,0.6000,189600
GOODWAY,2016-11-04,0.5900,0.6000,0.5900,0.5900,407000
GOODWAY,2016-11-07,0.5950,0.6050,0.5950,0.6000,151000
GOODWAY,2016-11-08,0.6000,0.6150,0.6000,0.6150,137400
GOODWAY,2016-11-09,0.6150,0.6250,0.6000,0.6000,448500
GOODWAY,2016-11-10,0.6100,0.6450,0.6100,0.6400,682400
GOODWAY,2016-11-11,0.6350,0.6350,0.6200,0.6300,154900
GOODWAY,2016-11-14,0.6200,0.6200,0.6100,0.6100,52200
GOODWAY,2016-11-15,0.6100,0.6200,0.6100,0.6200,109800
GOODWAY,2016-11-16,0.6100,0.6150,0.6100,0.6100,73700
GOODWAY,2016-11-17,0.6100,0.6100,0.6100,0.6100,38800
GOODWAY,2016-11-18,0.6150,0.6150,0.6000,0.6000,191400
GOODWAY,2016-11-21,0.5950,0.6000,0.5950,0.6000,80000
GOODWAY,2016-11-22,0.6000,0.6000,0.6000,0.6000,40000
GOODWAY,2016-11-23,0.6000,0.6050,0.6000,0.6000,291500
GOODWAY,2016-11-25,0.6050,0.6200,0.6000,0.6200,46100
GOODWAY,2016-11-28,0.6150,0.6150,0.6100,0.6150,90000
GOODWAY,2016-11-29,0.6200,0.6400,0.6200,0.6300,484200
GOODWAY,2016-11-30,0.6200,0.6200,0.6150,0.6150,135000
GOODWAY,2016-12-01,0.6200,0.6200,0.6200,0.6200,81000
GOODWAY,2016-12-02,0.6200,0.6300,0.6200,0.6300,203800
GOODWAY,2016-12-05,0.6250,0.6300,0.6200,0.6200,93000
GOODWAY,2016-12-06,0.6300,0.6500,0.6250,0.6450,379700
GOODWAY,2016-12-07,0.6450,0.6550,0.6450,0.6450,124000
GOODWAY,2016-12-08,0.6450,0.6600,0.6450,0.6600,388300
GOODWAY,2016-12-13,0.6500,0.6500,0.6450,0.6450,311800
GOODWAY,2016-12-14,0.6400,0.6400,0.6350,0.6400,58700
GOODWAY,2016-12-15,0.6200,0.6300,0.6200,0.6300,155000
GOODWAY,2016-12-16,0.6350,0.6350,0.6300,0.6350,241500
GOODWAY,2016-12-19,0.6300,0.6350,0.6300,0.6350,98400
GOODWAY,2016-12-20,0.6300,0.6400,0.6300,0.6400,262000
GOODWAY,2016-12-21,0.6400,0.6500,0.6400,0.6400,167700
GOODWAY,2016-12-22,0.6450,0.6450,0.6350,0.6350,183800
GOODWAY,2016-12-23,0.6300,0.6500,0.6300,0.6300,21800
GOODWAY,2016-12-27,0.6300,0.6300,0.6250,0.6250,104100
GOODWAY,2016-12-28,0.6250,0.6300,0.6250,0.6300,100000
GOODWAY,2016-12-29,0.6250,0.6250,0.6250,0.6250,92000
GOODWAY,2016-12-30,0.6250,0.6250,0.6250,0.6250,43000
GOODWAY,2017-01-03,0.6250,0.6400,0.6250,0.6350,222600
GOODWAY,2017-01-04,0.6400,0.6600,0.6400,0.6500,290100
GOODWAY,2017-01-05,0.6600,0.6700,0.6600,0.6650,375400
GOODWAY,2017-01-06,0.6750,0.6950,0.6750,0.6900,1132700
GOODWAY,2017-01-09,0.6800,0.6800,0.6750,0.6800,138700
GOODWAY,2017-01-10,0.6800,0.6800,0.6500,0.6500,601500
GOODWAY,2017-01-11,0.6500,0.6500,0.6350,0.6400,1915000
GOODWAY,2017-01-12,0.6450,0.6500,0.6300,0.6350,654700
GOODWAY,2017-01-13,0.6350,0.6500,0.6250,0.6500,441900
GOODWAY,2017-01-16,0.6250,0.6300,0.6250,0.6300,64500
GOODWAY,2017-01-17,0.6250,0.6350,0.6250,0.6350,271800
GOODWAY,2017-01-18,0.6450,0.6450,0.6300,0.6350,74500
GOODWAY,2017-01-19,0.6300,0.6300,0.6300,0.6300,40000
GOODWAY,2017-01-20,0.6300,0.6300,0.6250,0.6300,84000
GOODWAY,2017-01-23,0.6350,0.6350,0.6350,0.6350,63000
GOODWAY,2017-01-24,0.6350,0.6350,0.6250,0.6250,88000
GOODWAY,2017-01-25,0.6250,0.6250,0.6200,0.6250,65200
GOODWAY,2017-01-26,0.6250,0.6250,0.6250,0.6250,80000
GOODWAY,2017-01-27,0.6350,0.6350,0.6350,0.6350,2000
GOODWAY,2017-02-02,0.6200,0.6350,0.6200,0.6350,25000
GOODWAY,2017-02-03,0.6350,0.6550,0.6350,0.6550,212800
GOODWAY,2017-02-06,0.6450,0.6700,0.6400,0.6700,511000
GOODWAY,2017-02-07,0.6600,0.6750,0.6600,0.6600,87600
GOODWAY,2017-02-08,0.6500,0.6500,0.6200,0.6200,625600
GOODWAY,2017-02-10,0.6050,0.6100,0.5700,0.5750,3153900
GOODWAY,2017-02-13,0.5750,0.5750,0.5100,0.5200,3247000
GOODWAY,2017-02-14,0.5150,0.5400,0.5150,0.5200,1550800
GOODWAY,2017-02-15,0.5050,0.5200,0.4700,0.5100,2227800
GOODWAY,2017-02-16,0.5150,0.5300,0.5000,0.5050,1241900
GOODWAY,2017-02-17,0.5150,0.5250,0.5050,0.5100,921300
GOODWAY,2017-02-20,0.5100,0.5100,0.4950,0.5000,1188500
GOODWAY,2017-02-21,0.4900,0.4900,0.4800,0.4850,248400
GOODWAY,2017-02-22,0.4850,0.4850,0.4600,0.4700,541100
GOODWAY,2017-02-23,0.4550,0.4600,0.4400,0.4400,1489700
GOODWAY,2017-02-24,0.4400,0.4700,0.4400,0.4650,499800
GOODWAY,2017-02-27,0.4850,0.4850,0.4650,0.4650,172300
GOODWAY,2017-02-28,0.4700,0.4700,0.4500,0.4500,380100
GOODWAY,2017-03-01,0.4150,0.4450,0.4150,0.4450,321300
GOODWAY,2017-03-02,0.4500,0.4900,0.4500,0.4900,463800
GOODWAY,2017-03-03,0.4900,0.4950,0.4750,0.4750,544400
GOODWAY,2017-03-06,0.4750,0.5150,0.4750,0.5150,543800
GOODWAY,2017-03-07,0.5250,0.5350,0.5200,0.5200,425200
GOODWAY,2017-03-08,0.5300,0.5300,0.5150,0.5150,165000
GOODWAY,2017-03-09,0.5100,0.5200,0.5000,0.5150,502700
GOODWAY,2017-03-10,0.5150,0.5150,0.5050,0.5050,66700
GOODWAY,2017-03-13,0.5100,0.5200,0.5100,0.5150,49400
GOODWAY,2017-03-14,0.5150,0.5350,0.5150,0.5200,494700
GOODWAY,2017-03-15,0.5150,0.5150,0.5150,0.5150,43000
GOODWAY,2017-03-16,0.5150,0.5200,0.5150,0.5200,25000
GOODWAY,2017-03-17,0.5150,0.5400,0.5100,0.5100,335100
GOODWAY,2017-03-20,0.5100,0.5100,0.5050,0.5100,308400
GOODWAY,2017-03-21,0.5100,0.5100,0.5050,0.5100,120000
GOODWAY,2017-03-22,0.5050,0.5050,0.5000,0.5050,69900
GOODWAY,2017-03-23,0.5050,0.5100,0.5050,0.5050,252400
GOODWAY,2017-03-24,0.5050,0.5050,0.5050,0.5050,88000
GOODWAY,2017-03-27,0.5050,0.5250,0.5000,0.5200,169400
GOODWAY,2017-03-28,0.5200,0.5200,0.5200,0.5200,5000
GOODWAY,2017-03-30,0.5100,0.5200,0.5100,0.5200,106000
GOODWAY,2017-03-31,0.5100,0.5100,0.5100,0.5100,63700
GOODWAY,2017-04-03,0.5000,0.5100,0.4900,0.5100,431200
GOODWAY,2017-04-04,0.5050,0.5100,0.5000,0.5100,101000
GOODWAY,2017-04-05,0.4950,0.4950,0.4850,0.4850,381900
GOODWAY,2017-04-06,0.4850,0.4850,0.4500,0.4550,1062700
GOODWAY,2017-04-07,0.4550,0.4700,0.4550,0.4700,65000
GOODWAY,2017-04-10,0.4550,0.4600,0.4550,0.4600,13500
GOODWAY,2017-04-11,0.4600,0.4600,0.3350,0.3600,4293900
GOODWAY,2017-04-12,0.3500,0.3500,0.3150,0.3200,7535300
GOODWAY,2017-04-13,0.3050,0.3250,0.3050,0.3100,1989200
GOODWAY,2017-04-14,0.3100,0.3100,0.2950,0.2950,487300
GOODWAY,2017-04-17,0.2950,0.3200,0.2950,0.3000,2171500
GOODWAY,2017-04-18,0.3050,0.3200,0.3050,0.3100,1692100
GOODWAY,2017-04-19,0.3100,0.3350,0.3100,0.3200,3179300
GOODWAY,2017-04-20,0.3100,0.3150,0.3050,0.3100,584200
GOODWAY,2017-04-21,0.3050,0.3200,0.3050,0.3150,615300
GOODWAY,2017-04-25,0.3100,0.3150,0.3050,0.3100,271200
GOODWAY,2017-04-26,0.3050,0.3150,0.2900,0.2950,1511700
GOODWAY,2017-04-27,0.2950,0.2950,0.2800,0.2900,1886800
GOODWAY,2017-04-28,0.2900,0.2950,0.2800,0.2950,779000
GOODWAY,2017-05-02,0.2950,0.2950,0.2750,0.2800,698600
GOODWAY,2017-05-03,0.2900,0.3100,0.2800,0.3000,1842300
GOODWAY,2017-05-04,0.2900,0.2950,0.2850,0.2900,396700
GOODWAY,2017-05-05,0.2900,0.2900,0.2850,0.2850,167700
GOODWAY,2017-05-08,0.2850,0.2900,0.2850,0.2900,455500
GOODWAY,2017-05-09,0.2900,0.2900,0.2700,0.2700,606400
GOODWAY,2017-05-11,0.2800,0.2800,0.2650,0.2650,414700
GOODWAY,2017-05-12,0.2750,0.2750,0.2600,0.2600,98200
GOODWAY,2017-05-15,0.2600,0.2650,0.2600,0.2600,177900
GOODWAY,2017-05-16,0.2650,0.2750,0.2650,0.2700,214500
GOODWAY,2017-05-17,0.2650,0.2700,0.2650,0.2700,155300
GOODWAY,2017-05-18,0.2650,0.2700,0.2600,0.2650,121900
GOODWAY,2017-05-19,0.2600,0.2650,0.2600,0.2650,106100
GOODWAY,2017-05-22,0.2700,0.2700,0.2600,0.2700,99500
GOODWAY,2017-05-24,0.2650,0.2700,0.2600,0.2600,23800
GOODWAY,2017-05-25,0.2600,0.2750,0.2500,0.2750,167900
GOODWAY,2017-05-26,0.2500,0.2650,0.2500,0.2650,3500
GOODWAY,2017-05-29,0.2500,0.2550,0.2500,0.2550,30500
GOODWAY,2017-05-31,0.2450,0.2450,0.2400,0.2400,82500
GOODWAY,2017-06-06,0.2350,0.2350,0.2200,0.2300,55000
GOODWAY,2017-06-07,0.2350,0.2350,0.2250,0.2250,54500
GOODWAY,2017-06-08,0.2200,0.2300,0.2200,0.2250,151500
GOODWAY,2017-06-09,0.2350,0.2350,0.2350,0.2350,47000
GOODWAY,2017-06-13,0.2400,0.2500,0.2350,0.2350,63500
GOODWAY,2017-06-14,0.2500,0.2500,0.2500,0.2500,10000
GOODWAY,2017-06-16,0.2250,0.2300,0.2250,0.2300,75000
GOODWAY,2017-06-19,0.2350,0.2600,0.2350,0.2550,256500
GOODWAY,2017-06-20,0.2450,0.2600,0.2450,0.2500,166600
GOODWAY,2017-06-22,0.2500,0.2900,0.2500,0.2800,313800
GOODWAY,2017-06-23,0.2800,0.2800,0.2750,0.2800,88100
GOODWAY,2017-06-28,0.2800,0.2800,0.2800,0.2800,15000
GOODWAY,2017-06-29,0.2600,0.2800,0.2600,0.2800,12200
GOODWAY,2017-06-30,0.2600,0.2650,0.2600,0.2650,32000
GOODWAY,2017-07-03,0.2500,0.2500,0.2500,0.2500,5400
GOODWAY,2017-07-04,0.2500,0.2500,0.2500,0.2500,75000
GOODWAY,2017-07-05,0.2550,0.2550,0.2550,0.2550,40000
GOODWAY,2017-07-06,0.2700,0.2850,0.2550,0.2550,89200
GOODWAY,2017-07-07,0.2550,0.2550,0.2500,0.2500,82400
GOODWAY,2017-07-11,0.2500,0.2500,0.2500,0.2500,83000
GOODWAY,2017-07-13,0.2650,0.2650,0.2650,0.2650,1000
GOODWAY,2017-07-17,0.2650,0.2650,0.2650,0.2650,1000
GOODWAY,2017-07-18,0.2450,0.2450,0.2450,0.2450,20000
GOODWAY,2017-07-21,0.2400,0.2500,0.2400,0.2500,60900
GOODWAY,2017-07-24,0.2500,0.2500,0.2500,0.2500,81300
GOODWAY,2017-07-25,0.2600,0.2600,0.2600,0.2600,100
GOODWAY,2017-07-27,0.2400,0.2400,0.2400,0.2400,152000
GOODWAY,2017-07-28,0.2500,0.2500,0.2450,0.2450,63500
GOODWAY,2017-07-31,0.2400,0.2400,0.2400,0.2400,121600
GOODWAY,2017-08-01,0.2400,0.2400,0.2400,0.2400,101900
GOODWAY,2017-08-02,0.2450,0.2550,0.2450,0.2450,1009100
GOODWAY,2017-08-03,0.2400,0.2400,0.2400,0.2400,160600
GOODWAY,2017-08-04,0.2400,0.2450,0.2300,0.2450,233100
GOODWAY,2017-08-07,0.2350,0.2400,0.2300,0.2400,100000
GOODWAY,2017-08-08,0.2300,0.2300,0.2200,0.2200,320600
GOODWAY,2017-08-10,0.2200,0.2200,0.2200,0.2200,7000
GOODWAY,2017-08-11,0.2050,0.2050,0.2000,0.2000,88400
GOODWAY,2017-08-14,0.1900,0.2300,0.1850,0.2000,91000
GOODWAY,2017-08-15,0.2000,0.2100,0.2000,0.2000,52200
GOODWAY,2017-08-16,0.2000,0.2050,0.2000,0.2050,62800
GOODWAY,2017-08-17,0.2050,0.2100,0.2050,0.2050,54900
GOODWAY,2017-08-18,0.2050,0.2050,0.2050,0.2050,45000
GOODWAY,2017-08-21,0.2100,0.2100,0.2100,0.2100,79400
GOODWAY,2017-08-22,0.2100,0.2150,0.2100,0.2150,57400
GOODWAY,2017-08-24,0.2150,0.2150,0.2100,0.2100,83000
GOODWAY,2017-08-25,0.2050,0.2050,0.2050,0.2050,101400
GOODWAY,2017-08-28,0.2050,0.2050,0.2000,0.2000,61500
GOODWAY,2017-08-29,0.2100,0.2100,0.2050,0.2050,75500
GOODWAY,2017-09-05,0.2000,0.2000,0.1950,0.1950,229500
GOODWAY,2017-09-07,0.2000,0.2050,0.2000,0.2050,54000
GOODWAY,2017-09-11,0.2100,0.2100,0.2100,0.2100,27500
GOODWAY,2017-09-12,0.2100,0.2100,0.2050,0.2050,51000
GOODWAY,2017-09-14,0.2150,0.2150,0.2050,0.2050,16000
GOODWAY,2017-09-15,0.2100,0.2100,0.2100,0.2100,33000
GOODWAY,2017-09-18,0.2050,0.2050,0.2050,0.2050,2000
GOODWAY,2017-09-20,0.2100,0.2100,0.2100,0.2100,20000
GOODWAY,2017-09-21,0.2100,0.2100,0.2100,0.2100,3900
GOODWAY,2017-09-25,0.2000,0.2000,0.2000,0.2000,2500
GOODWAY,2017-09-26,0.2000,0.2000,0.2000,0.2000,35000
GOODWAY,2017-09-28,0.2000,0.2000,0.2000,0.2000,3200
GOODWAY,2017-09-29,0.2100,0.2400,0.2100,0.2250,1577300
