HEVEA,2007-01-17,0.4975,0.5025,0.4975,0.5000,104800
HEVEA,2007-01-22,0.5025,0.5050,0.4925,0.5000,546000
HEVEA,2007-01-29,0.4975,0.5075,0.4875,0.4950,884
HEVEA,2007-02-02,0.4775,0.5025,0.4700,0.4775,143600
HEVEA,2007-02-13,0.4650,0.4750,0.4575,0.4575,228000
HEVEA,2007-02-15,0.4600,0.4650,0.4575,0.4575,412800
HEVEA,2007-02-22,0.4700,0.4700,0.4575,0.4675,24000
HEVEA,2007-02-28,0.4500,0.4500,0.4125,0.4350,580000
HEVEA,2007-03-07,0.4250,0.4350,0.4200,0.4350,156800
HEVEA,2007-03-13,0.4500,0.4500,0.4425,0.4475,136
HEVEA,2007-03-14,0.4375,0.4950,0.4375,0.4450,140000
HEVEA,2007-03-16,0.4425,0.4425,0.4425,0.4425,4000
HEVEA,2007-04-18,0.4375,0.4375,0.4300,0.4375,122400
HEVEA,2007-04-20,0.4300,0.4400,0.4300,0.4400,144000
HEVEA,2007-04-25,0.4325,0.4375,0.4325,0.4375,44
HEVEA,2007-05-08,0.4300,0.4300,0.4300,0.4300,8000
HEVEA,2007-05-14,0.4250,0.4250,0.4125,0.4250,8800
HEVEA,2007-05-15,0.4125,0.4200,0.4125,0.4200,44800
HEVEA,2007-05-29,0.3650,0.3650,0.3625,0.3650,408000
HEVEA,2007-06-06,0.3800,0.3825,0.3800,0.3825,12000
HEVEA,2007-06-14,0.3825,0.3850,0.3825,0.3850,8
HEVEA,2007-06-25,0.3875,0.3950,0.3550,0.3875,12800
HEVEA,2007-06-28,0.3825,0.3875,0.3825,0.3875,4000
HEVEA,2007-06-29,0.3850,0.3850,0.3625,0.3800,69600
HEVEA,2007-07-02,0.3800,0.3875,0.3700,0.3800,16400
HEVEA,2007-07-04,0.3875,0.3900,0.3850,0.3875,17200
HEVEA,2007-07-05,0.3875,0.3875,0.3825,0.3825,20000
HEVEA,2007-07-10,0.3875,0.3875,0.3750,0.3875,8400
HEVEA,2007-07-19,0.3800,0.3800,0.3725,0.3750,28800
HEVEA,2007-07-20,0.3800,0.3800,0.3625,0.3625,1124400
HEVEA,2007-07-30,0.3750,0.3750,0.3575,0.3675,64000
HEVEA,2007-07-31,0.3700,0.3750,0.3625,0.3750,434000
HEVEA,2007-08-09,0.3625,0.3650,0.3500,0.3625,36800
HEVEA,2007-08-13,0.3650,0.3650,0.3400,0.3600,24
HEVEA,2007-08-14,0.3600,0.3600,0.3400,0.3400,6000
HEVEA,2007-08-15,0.3500,0.3500,0.3400,0.3450,32000
HEVEA,2007-08-20,0.3550,0.3550,0.3550,0.3550,8000
HEVEA,2007-08-24,0.3500,0.3500,0.3500,0.3500,4000
HEVEA,2007-08-30,0.3550,0.3625,0.3550,0.3625,8000
HEVEA,2007-09-05,0.3525,0.3525,0.3525,0.3525,4000
HEVEA,2007-09-17,0.3375,0.3375,0.3250,0.3250,88000
HEVEA,2007-09-24,0.3125,0.3200,0.3125,0.3200,23200
HEVEA,2007-09-25,0.3250,0.3250,0.3125,0.3125,408400
HEVEA,2007-09-28,0.3125,0.3125,0.3075,0.3125,448000
HEVEA,2007-10-03,0.3200,0.3200,0.3100,0.3100,38000
HEVEA,2007-10-04,0.3200,0.3200,0.3100,0.3100,24
HEVEA,2007-10-08,0.3200,0.3200,0.3000,0.3150,26000
HEVEA,2007-10-11,0.3025,0.3125,0.3025,0.3025,56000
HEVEA,2007-10-17,0.3100,0.3100,0.3025,0.3100,24000
HEVEA,2007-10-18,0.3150,0.3150,0.3150,0.3150,4000
HEVEA,2007-10-24,0.2950,0.2950,0.2700,0.2750,102800
HEVEA,2007-10-30,0.2675,0.2675,0.2600,0.2650,48000
HEVEA,2007-11-01,0.2625,0.2625,0.2625,0.2625,52000
HEVEA,2007-11-05,0.2650,0.2650,0.2650,0.2650,20000
HEVEA,2007-11-07,0.2625,0.2625,0.2575,0.2575,52000
HEVEA,2007-11-16,0.2625,0.2625,0.2625,0.2625,4000
HEVEA,2007-12-13,0.2700,0.2700,0.2700,0.2700,107600
HEVEA,2008-01-04,0.2675,0.2675,0.2675,0.2675,8000
HEVEA,2008-01-07,0.2675,0.2675,0.2675,0.2675,4000
HEVEA,2008-01-11,0.2550,0.2550,0.2550,0.2550,60800
HEVEA,2008-01-24,0.2575,0.2575,0.2575,0.2575,16000
HEVEA,2008-01-30,0.2700,0.2700,0.2700,0.2700,4000
HEVEA,2008-02-26,0.2550,0.2550,0.2550,0.2550,4400
HEVEA,2008-03-06,0.2625,0.2625,0.2600,0.2600,10000
HEVEA,2008-03-07,0.2675,0.2675,0.2625,0.2625,120000
HEVEA,2008-03-24,0.2575,0.2575,0.2575,0.2575,4000
HEVEA,2008-03-28,0.2575,0.2575,0.2575,0.2575,4000
HEVEA,2008-04-15,0.2675,0.2675,0.2675,0.2675,4000
HEVEA,2008-05-06,0.2575,0.2575,0.2575,0.2575,12000
HEVEA,2008-05-27,0.2725,0.2725,0.2650,0.2650,68000
HEVEA,2008-05-28,0.2750,0.2750,0.2625,0.2650,150000
HEVEA,2008-06-09,0.2700,0.2700,0.2625,0.2625,88000
HEVEA,2008-06-13,0.2575,0.2575,0.2575,0.2575,48000
HEVEA,2008-06-19,0.2500,0.2500,0.2500,0.2500,56000
HEVEA,2008-06-30,0.2425,0.2425,0.2425,0.2425,8000
HEVEA,2008-07-04,0.2375,0.2550,0.2375,0.2375,292000
HEVEA,2008-07-09,0.2325,0.2350,0.2325,0.2350,25600
HEVEA,2008-07-16,0.2263,0.2263,0.2238,0.2238,484000
HEVEA,2008-07-24,0.2250,0.2250,0.2250,0.2250,32000
HEVEA,2008-07-25,0.2125,0.2250,0.2125,0.2250,40000
HEVEA,2008-07-30,0.2250,0.2250,0.2250,0.2250,12
HEVEA,2008-08-06,0.2250,0.2250,0.2250,0.2250,24
HEVEA,2008-08-07,0.2250,0.2250,0.2250,0.2250,20
HEVEA,2008-08-08,0.2250,0.2250,0.2250,0.2250,20
HEVEA,2008-08-11,0.2250,0.2250,0.2250,0.2250,20
HEVEA,2008-08-12,0.2250,0.2250,0.2250,0.2250,20
HEVEA,2008-08-13,0.2250,0.2250,0.2250,0.2250,20
HEVEA,2008-08-14,0.2250,0.2250,0.2200,0.2200,64000
HEVEA,2008-08-15,0.2200,0.2200,0.2200,0.2200,40
HEVEA,2008-08-18,0.2200,0.2200,0.2200,0.2200,28000
HEVEA,2008-09-04,0.2000,0.2125,0.2000,0.2125,24000
HEVEA,2008-09-09,0.2050,0.2125,0.2000,0.2125,72000
HEVEA,2008-09-11,0.2000,0.2000,0.2000,0.2000,14400
HEVEA,2008-09-15,0.1875,0.2000,0.1875,0.2000,184000
HEVEA,2008-09-16,0.1875,0.2000,0.1875,0.2000,68000
HEVEA,2008-09-17,0.1875,0.2000,0.1875,0.2000,24000
HEVEA,2008-10-06,0.1800,0.1950,0.1800,0.1950,24000
HEVEA,2008-10-08,0.1750,0.1925,0.1750,0.1925,37600
HEVEA,2008-11-05,0.2075,0.2125,0.2075,0.2125,40000
HEVEA,2008-11-12,0.1613,0.1625,0.1338,0.1338,330400
HEVEA,2008-11-13,0.1338,0.1338,0.1175,0.1225,891200
HEVEA,2008-11-18,0.1000,0.1062,0.0850,0.0988,1764400
HEVEA,2008-11-19,0.0938,0.0938,0.0700,0.0762,5011200
HEVEA,2008-11-28,0.0575,0.0600,0.0563,0.0563,644400
HEVEA,2008-12-01,0.0563,0.0600,0.0550,0.0550,702400
HEVEA,2008-12-05,0.0550,0.0563,0.0537,0.0563,173200
HEVEA,2008-12-09,0.0612,0.0612,0.0563,0.0575,80400
HEVEA,2008-12-23,0.0362,0.0362,0.0338,0.0350,9337200
HEVEA,2008-12-26,0.0338,0.0338,0.0312,0.0325,3893200
HEVEA,2009-01-08,0.0362,0.0362,0.0338,0.0362,3368000
HEVEA,2009-01-09,0.0350,0.0362,0.0350,0.0350,3300000
HEVEA,2009-01-15,0.0338,0.0338,0.0325,0.0338,1475600
HEVEA,2009-02-19,0.0312,0.0312,0.0312,0.0312,200000
HEVEA,2009-02-27,0.0288,0.0288,0.0275,0.0288,321200
HEVEA,2009-03-02,0.0288,0.0288,0.0275,0.0275,464400
HEVEA,2009-03-03,0.0275,0.0275,0.0275,0.0275,160000
HEVEA,2009-03-10,0.0238,0.0238,0.0238,0.0238,1293200
HEVEA,2009-03-11,0.0238,0.0238,0.0238,0.0238,920000
HEVEA,2009-03-20,0.0275,0.0300,0.0275,0.0275,351600
HEVEA,2009-03-26,0.0275,0.0312,0.0275,0.0288,40400
HEVEA,2009-04-01,0.0275,0.0275,0.0275,0.0275,624000
HEVEA,2009-04-08,0.0288,0.0288,0.0275,0.0275,300000
HEVEA,2009-04-09,0.0275,0.0275,0.0275,0.0275,80000
HEVEA,2009-04-15,0.0325,0.0362,0.0325,0.0338,876000
HEVEA,2009-04-23,0.0362,0.0362,0.0350,0.0362,971600
HEVEA,2009-04-28,0.0375,0.0437,0.0375,0.0413,10588400
HEVEA,2009-05-05,0.0425,0.0425,0.0400,0.0413,2685200
HEVEA,2009-05-11,0.0450,0.0500,0.0450,0.0462,12479200
HEVEA,2009-05-14,0.0537,0.0700,0.0525,0.0663,14826400
HEVEA,2009-05-15,0.0688,0.0725,0.0575,0.0612,9509200
HEVEA,2009-05-22,0.0550,0.0575,0.0537,0.0563,1619200
HEVEA,2009-05-28,0.0537,0.0537,0.0450,0.0475,2630000
HEVEA,2009-06-04,0.0500,0.0550,0.0500,0.0550,528000
HEVEA,2009-06-08,0.0575,0.0612,0.0537,0.0575,2816000
HEVEA,2009-06-10,0.0575,0.0587,0.0575,0.0587,1224400
HEVEA,2009-06-11,0.0575,0.0688,0.0575,0.0688,6106400
HEVEA,2009-06-22,0.0575,0.0625,0.0563,0.0563,4950000
HEVEA,2009-06-23,0.0525,0.0563,0.0525,0.0550,816000
HEVEA,2009-06-24,0.0537,0.0575,0.0537,0.0575,719600
HEVEA,2009-06-26,0.0575,0.0587,0.0575,0.0587,1060000
HEVEA,2009-06-30,0.0587,0.0600,0.0587,0.0600,700000
HEVEA,2009-07-10,0.0563,0.0575,0.0563,0.0575,1070400
HEVEA,2009-07-17,0.0600,0.0600,0.0587,0.0587,752000
HEVEA,2009-07-22,0.0587,0.0587,0.0587,0.0587,858800
HEVEA,2009-07-28,0.0600,0.0625,0.0600,0.0612,764800
HEVEA,2009-07-29,0.0600,0.0612,0.0587,0.0612,1244400
HEVEA,2009-07-31,0.0638,0.0638,0.0600,0.0612,1065200
HEVEA,2009-08-03,0.0600,0.0612,0.0600,0.0612,220000
HEVEA,2009-08-10,0.0625,0.0650,0.0612,0.0625,356800
HEVEA,2009-08-13,0.0638,0.0650,0.0625,0.0638,284000
HEVEA,2009-08-14,0.0625,0.0650,0.0625,0.0650,376400
HEVEA,2009-08-17,0.0675,0.0675,0.0587,0.0600,2354400
HEVEA,2009-09-01,0.0712,0.0762,0.0688,0.0712,9416400
HEVEA,2009-09-03,0.0700,0.0737,0.0700,0.0737,1227600
HEVEA,2009-09-10,0.0712,0.0725,0.0712,0.0725,1007200
HEVEA,2009-09-18,0.0750,0.0850,0.0750,0.0838,5940400
HEVEA,2009-09-23,0.0875,0.1000,0.0875,0.0887,14033600
HEVEA,2009-10-05,0.0850,0.0875,0.0838,0.0875,1486400
HEVEA,2009-10-06,0.0887,0.0887,0.0838,0.0850,1627600
HEVEA,2009-10-19,0.1025,0.1150,0.1025,0.1087,11257200
HEVEA,2009-10-26,0.1225,0.1600,0.1187,0.1487,44453200
HEVEA,2009-10-30,0.1487,0.1500,0.1437,0.1450,4752800
HEVEA,2009-11-02,0.1437,0.1487,0.1375,0.1437,2858800
HEVEA,2009-11-06,0.1512,0.1688,0.1512,0.1625,7644800
HEVEA,2009-11-18,0.1787,0.1850,0.1787,0.1837,1426000
HEVEA,2009-11-25,0.1650,0.1762,0.1650,0.1713,6534400
HEVEA,2009-12-02,0.1725,0.1725,0.1663,0.1688,2001600
HEVEA,2009-12-03,0.1688,0.1737,0.1688,0.1700,1799600
HEVEA,2009-12-04,0.1700,0.1700,0.1675,0.1688,921200
HEVEA,2009-12-11,0.1613,0.1613,0.1562,0.1575,1849600
HEVEA,2010-01-04,0.1650,0.1688,0.1625,0.1675,2275600
HEVEA,2010-01-06,0.1700,0.1713,0.1638,0.1663,1027600
HEVEA,2010-01-11,0.1625,0.1725,0.1613,0.1675,2619200
HEVEA,2010-01-13,0.1762,0.1775,0.1700,0.1737,589200
HEVEA,2010-01-18,0.1713,0.1825,0.1700,0.1825,7930400
HEVEA,2010-01-19,0.1963,0.1963,0.1875,0.1875,12174400
HEVEA,2010-01-21,0.1787,0.1825,0.1737,0.1762,2413200
HEVEA,2010-01-29,0.1487,0.1487,0.1462,0.1487,1232800
HEVEA,2010-02-03,0.1450,0.1537,0.1450,0.1537,1668000
HEVEA,2010-02-09,0.1425,0.1475,0.1400,0.1475,922800
HEVEA,2010-02-11,0.1462,0.1475,0.1437,0.1475,615600
HEVEA,2010-02-17,0.1550,0.1550,0.1475,0.1512,476000
HEVEA,2010-02-22,0.1437,0.1437,0.1437,0.1437,634800
HEVEA,2010-03-05,0.1613,0.1675,0.1600,0.1675,748000
HEVEA,2010-03-15,0.1750,0.1800,0.1663,0.1663,4588000
HEVEA,2010-03-25,0.1700,0.1700,0.1650,0.1650,668000
HEVEA,2010-04-07,0.1700,0.1700,0.1650,0.1650,362000
HEVEA,2010-04-22,0.1613,0.1625,0.1588,0.1625,178000
HEVEA,2010-05-06,0.1512,0.1550,0.1512,0.1550,263600
HEVEA,2010-05-11,0.1525,0.1525,0.1500,0.1500,90000
HEVEA,2010-05-14,0.1500,0.1500,0.1500,0.1500,40000
HEVEA,2010-06-01,0.1450,0.1462,0.1450,0.1450,119600
HEVEA,2010-06-03,0.1462,0.1462,0.1437,0.1437,116000
HEVEA,2010-06-08,0.1450,0.1450,0.1450,0.1450,40000
HEVEA,2010-06-10,0.1437,0.1437,0.1425,0.1425,428000
HEVEA,2010-06-16,0.1425,0.1425,0.1412,0.1425,1497600
HEVEA,2010-06-25,0.1437,0.1437,0.1412,0.1412,316000
HEVEA,2010-06-28,0.1400,0.1400,0.1375,0.1400,328000
HEVEA,2010-06-29,0.1388,0.1388,0.1350,0.1350,124000
HEVEA,2010-07-01,0.1375,0.1388,0.1338,0.1375,216000
HEVEA,2010-07-07,0.1325,0.1338,0.1325,0.1338,52400
HEVEA,2010-07-21,0.1450,0.1475,0.1450,0.1475,276000
HEVEA,2010-07-30,0.1425,0.1425,0.1425,0.1425,175600
HEVEA,2010-08-06,0.1437,0.1437,0.1437,0.1437,20000
HEVEA,2010-08-12,0.1437,0.1700,0.1437,0.1613,4358800
HEVEA,2010-09-03,0.1537,0.1537,0.1500,0.1500,428000
HEVEA,2010-09-13,0.1613,0.1625,0.1613,0.1625,172000
HEVEA,2010-09-15,0.1600,0.1613,0.1600,0.1613,60000
HEVEA,2010-09-17,0.1588,0.1588,0.1588,0.1588,96000
HEVEA,2010-09-21,0.1588,0.1588,0.1537,0.1537,365600
HEVEA,2010-09-24,0.1550,0.1550,0.1550,0.1550,4000
HEVEA,2010-09-28,0.1575,0.1575,0.1550,0.1550,116000
HEVEA,2010-09-30,0.1512,0.1525,0.1512,0.1512,140000
HEVEA,2010-10-08,0.1550,0.1550,0.1512,0.1512,84000
HEVEA,2010-10-11,0.1512,0.1550,0.1512,0.1550,340400
HEVEA,2010-10-13,0.1550,0.1550,0.1525,0.1525,168400
HEVEA,2010-10-14,0.1600,0.1613,0.1562,0.1562,188000
HEVEA,2010-10-19,0.1512,0.1525,0.1512,0.1512,588000
HEVEA,2010-10-21,0.1512,0.1512,0.1512,0.1512,594800
HEVEA,2010-10-25,0.1575,0.1588,0.1550,0.1550,709600
HEVEA,2010-10-26,0.1550,0.1550,0.1537,0.1550,420000
HEVEA,2010-10-29,0.1537,0.1537,0.1525,0.1537,356000
HEVEA,2010-11-10,0.1575,0.1588,0.1575,0.1588,64000
HEVEA,2010-11-18,0.1550,0.1588,0.1537,0.1588,234000
HEVEA,2010-11-23,0.1575,0.1575,0.1525,0.1525,180000
HEVEA,2010-12-06,0.1588,0.1613,0.1550,0.1600,1048000
HEVEA,2010-12-13,0.1675,0.1750,0.1675,0.1688,2852800
HEVEA,2010-12-24,0.1825,0.1938,0.1825,0.1913,4871200
HEVEA,2010-12-28,0.2062,0.2075,0.2013,0.2013,1884800
HEVEA,2011-01-03,0.2050,0.2087,0.2013,0.2075,2348000
HEVEA,2011-01-05,0.2100,0.2125,0.2062,0.2062,704400
HEVEA,2011-01-06,0.2075,0.2075,0.2000,0.2025,2468000
HEVEA,2011-01-10,0.2025,0.2037,0.1988,0.2000,1228000
HEVEA,2011-01-12,0.2000,0.2000,0.1938,0.1975,1283200
HEVEA,2011-01-14,0.1975,0.1975,0.1950,0.1963,756400
HEVEA,2011-01-18,0.1950,0.1963,0.1875,0.1875,889600
HEVEA,2011-01-25,0.1875,0.1875,0.1812,0.1812,579200
HEVEA,2011-01-26,0.1812,0.1825,0.1787,0.1812,453200
HEVEA,2011-01-31,0.2125,0.2350,0.2125,0.2300,4309600
HEVEA,2011-02-11,0.2625,0.2650,0.2575,0.2600,2083200
HEVEA,2011-02-18,0.2700,0.2750,0.2675,0.2750,1171600
HEVEA,2011-03-11,0.2675,0.2725,0.2625,0.2675,1122800
HEVEA,2011-03-15,0.2675,0.2675,0.2500,0.2525,1449200
HEVEA,2011-03-18,0.2700,0.2800,0.2650,0.2675,4590000
HEVEA,2011-03-23,0.2625,0.2675,0.2600,0.2675,1352000
HEVEA,2011-04-05,0.2850,0.2900,0.2825,0.2825,1650800
HEVEA,2011-04-06,0.2825,0.2900,0.2800,0.2825,1553600
HEVEA,2011-04-19,0.2625,0.2650,0.2600,0.2625,323200
HEVEA,2011-04-21,0.2625,0.2700,0.2625,0.2650,720000
HEVEA,2011-04-22,0.2650,0.2725,0.2650,0.2725,1333600
HEVEA,2011-04-28,0.2750,0.2750,0.2700,0.2700,408000
HEVEA,2011-04-29,0.2700,0.2700,0.2675,0.2675,502800
HEVEA,2011-05-04,0.2675,0.2675,0.2575,0.2600,408800
HEVEA,2011-05-05,0.2525,0.2550,0.2462,0.2500,2554800
HEVEA,2011-05-13,0.2475,0.2475,0.2462,0.2475,424000
HEVEA,2011-05-20,0.2500,0.2525,0.2487,0.2487,302000
HEVEA,2011-05-23,0.2500,0.2500,0.2462,0.2462,420000
HEVEA,2011-05-31,0.1775,0.1775,0.1675,0.1713,2756000
HEVEA,2011-06-06,0.1737,0.1737,0.1700,0.1713,604000
HEVEA,2011-06-15,0.1688,0.1713,0.1688,0.1688,337600
HEVEA,2011-06-21,0.1737,0.1750,0.1713,0.1737,387600
HEVEA,2011-06-24,0.1725,0.1725,0.1700,0.1713,670400
HEVEA,2011-07-05,0.1800,0.1812,0.1800,0.1800,376000
HEVEA,2011-07-06,0.1850,0.1850,0.1800,0.1812,200000
HEVEA,2011-07-08,0.1875,0.1875,0.1825,0.1837,204400
HEVEA,2011-07-11,0.1837,0.1850,0.1800,0.1800,152400
HEVEA,2011-07-12,0.1812,0.1812,0.1800,0.1800,180000
HEVEA,2011-07-20,0.1762,0.1762,0.1750,0.1750,234000
HEVEA,2011-07-21,0.1750,0.1762,0.1737,0.1737,140000
HEVEA,2011-07-22,0.1737,0.1737,0.1737,0.1737,80000
HEVEA,2011-07-25,0.1737,0.1737,0.1737,0.1737,100000
HEVEA,2011-07-26,0.1737,0.1737,0.1737,0.1737,21600
HEVEA,2011-08-01,0.1650,0.1750,0.1650,0.1675,60400
HEVEA,2011-08-12,0.1512,0.1575,0.1512,0.1512,238000
HEVEA,2011-08-16,0.1562,0.1562,0.1550,0.1550,96000
HEVEA,2011-09-02,0.1250,0.1400,0.1250,0.1400,244000
HEVEA,2011-09-06,0.1250,0.1300,0.1250,0.1263,2347200
HEVEA,2011-09-07,0.1288,0.1288,0.1288,0.1288,2800
HEVEA,2011-09-13,0.1425,0.1487,0.1375,0.1375,372000
HEVEA,2011-09-15,0.1388,0.1425,0.1388,0.1425,120000
HEVEA,2011-09-30,0.1250,0.1250,0.1200,0.1225,102000
HEVEA,2011-10-10,0.1200,0.1250,0.1138,0.1163,50000
HEVEA,2011-10-12,0.1200,0.1225,0.1175,0.1225,170000
HEVEA,2011-10-18,0.1275,0.1275,0.1250,0.1250,148000
HEVEA,2011-10-27,0.1325,0.1325,0.1325,0.1325,60000
HEVEA,2011-11-04,0.1400,0.1462,0.1400,0.1462,16000
HEVEA,2011-11-09,0.1375,0.1375,0.1375,0.1375,4000
HEVEA,2011-11-17,0.1300,0.1313,0.1300,0.1300,44000
HEVEA,2011-11-18,0.1313,0.1350,0.1313,0.1350,96800
HEVEA,2011-11-21,0.1325,0.1338,0.1325,0.1325,480400
HEVEA,2011-11-22,0.1462,0.1462,0.1375,0.1375,426000
HEVEA,2011-11-25,0.1425,0.1425,0.1363,0.1375,64000
HEVEA,2011-11-29,0.1425,0.1425,0.1400,0.1425,232000
HEVEA,2011-11-30,0.1400,0.1425,0.1400,0.1400,148000
HEVEA,2011-12-09,0.1388,0.1388,0.1388,0.1388,20000
HEVEA,2011-12-13,0.1425,0.1425,0.1425,0.1425,400
HEVEA,2011-12-21,0.1375,0.1450,0.1375,0.1375,184800
HEVEA,2012-01-27,0.1363,0.1363,0.1363,0.1363,220000
HEVEA,2012-02-03,0.1425,0.1425,0.1412,0.1425,60000
HEVEA,2012-02-14,0.1450,0.1450,0.1425,0.1425,362400
HEVEA,2012-02-15,0.1450,0.1450,0.1450,0.1450,8000
HEVEA,2012-02-21,0.1425,0.1425,0.1412,0.1425,100000
HEVEA,2012-03-06,0.1425,0.1450,0.1425,0.1450,228000
HEVEA,2012-03-07,0.1450,0.1450,0.1425,0.1437,42000
HEVEA,2012-03-27,0.1400,0.1412,0.1388,0.1388,24000
HEVEA,2012-04-03,0.1400,0.1400,0.1350,0.1350,92000
HEVEA,2012-04-12,0.1350,0.1350,0.1350,0.1350,4800
HEVEA,2012-04-20,0.1388,0.1487,0.1388,0.1475,183200
HEVEA,2012-05-07,0.1325,0.1325,0.1313,0.1313,40000
HEVEA,2012-05-15,0.1350,0.1462,0.1350,0.1450,262000
HEVEA,2012-05-17,0.1300,0.1300,0.1300,0.1300,80000
HEVEA,2012-05-31,0.1350,0.1350,0.1350,0.1350,4000
HEVEA,2012-07-13,0.1388,0.1400,0.1388,0.1400,100000
HEVEA,2012-07-16,0.1400,0.1400,0.1400,0.1400,616000
HEVEA,2012-07-24,0.1375,0.1375,0.1375,0.1375,2400
HEVEA,2012-07-30,0.1375,0.1375,0.1375,0.1375,14800
HEVEA,2012-08-13,0.1412,0.1412,0.1400,0.1400,32000
HEVEA,2012-08-14,0.1400,0.1400,0.1400,0.1400,8000
HEVEA,2012-08-16,0.1350,0.1363,0.1350,0.1363,44000
HEVEA,2012-08-29,0.1325,0.1350,0.1325,0.1338,28000
HEVEA,2012-09-10,0.1338,0.1338,0.1338,0.1338,80000
HEVEA,2012-09-19,0.1325,0.1325,0.1325,0.1325,40000
HEVEA,2012-09-20,0.1313,0.1313,0.1288,0.1300,180000
HEVEA,2012-09-21,0.1300,0.1325,0.1300,0.1325,4040000
HEVEA,2012-10-01,0.1288,0.1288,0.1288,0.1288,12000
HEVEA,2012-10-05,0.1225,0.1250,0.1225,0.1250,204800
HEVEA,2012-10-15,0.1150,0.1150,0.1150,0.1150,20000
HEVEA,2012-10-29,0.1138,0.1138,0.1125,0.1125,144000
HEVEA,2012-11-02,0.1163,0.1200,0.1163,0.1200,60400
HEVEA,2012-11-28,0.1250,0.1313,0.1250,0.1313,32000
HEVEA,2012-12-04,0.1263,0.1275,0.1263,0.1263,22800
HEVEA,2013-01-16,0.1275,0.1275,0.1263,0.1263,80000
HEVEA,2013-02-19,0.1200,0.1200,0.1200,0.1200,40000
HEVEA,2013-02-21,0.1150,0.1200,0.1100,0.1150,103600
HEVEA,2013-02-22,0.1150,0.1250,0.1150,0.1150,3200
HEVEA,2013-02-26,0.1150,0.1175,0.1125,0.1163,145600
HEVEA,2013-03-05,0.1187,0.1225,0.1187,0.1225,58000
HEVEA,2013-03-06,0.1200,0.1225,0.1200,0.1225,375600
HEVEA,2013-03-27,0.1525,0.1588,0.1525,0.1575,736000
HEVEA,2013-03-29,0.1600,0.1613,0.1588,0.1588,1122400
HEVEA,2013-04-03,0.1562,0.1575,0.1525,0.1550,418800
HEVEA,2013-04-16,0.1750,0.1862,0.1713,0.1787,1540000
HEVEA,2013-04-19,0.1825,0.1825,0.1787,0.1787,1003600
HEVEA,2013-04-23,0.1837,0.1862,0.1825,0.1862,361600
HEVEA,2013-04-26,0.1800,0.1837,0.1787,0.1800,372000
HEVEA,2013-05-02,0.1775,0.1825,0.1737,0.1737,1903200
HEVEA,2013-05-06,0.1775,0.1837,0.1775,0.1787,4421200
HEVEA,2013-05-07,0.1825,0.1837,0.1800,0.1812,2101600
HEVEA,2013-05-09,0.1825,0.1925,0.1825,0.1925,2902800
HEVEA,2013-05-10,0.1938,0.2100,0.1925,0.2025,3991600
HEVEA,2013-05-16,0.2013,0.2013,0.1950,0.1975,629600
HEVEA,2013-05-20,0.2025,0.2062,0.2025,0.2062,1960000
HEVEA,2013-05-27,0.1925,0.1988,0.1925,0.1988,344000
HEVEA,2013-06-07,0.1900,0.1925,0.1900,0.1925,128000
HEVEA,2013-06-12,0.1938,0.1938,0.1875,0.1900,212000
HEVEA,2013-06-17,0.1850,0.1900,0.1850,0.1900,80000
HEVEA,2013-06-20,0.1825,0.1825,0.1762,0.1762,194400
HEVEA,2013-06-24,0.1850,0.1850,0.1762,0.1787,500000
HEVEA,2013-06-25,0.1825,0.1825,0.1775,0.1800,122000
HEVEA,2013-06-26,0.1775,0.1812,0.1775,0.1787,644000
HEVEA,2013-07-03,0.1812,0.1812,0.1787,0.1787,116000
HEVEA,2013-07-04,0.1800,0.1800,0.1800,0.1800,92000
HEVEA,2013-07-09,0.1812,0.1825,0.1800,0.1825,660000
HEVEA,2013-07-12,0.1850,0.1963,0.1837,0.1938,2262800
HEVEA,2013-07-26,0.2000,0.2000,0.1963,0.1963,308000
HEVEA,2013-08-21,0.2000,0.2000,0.2000,0.2000,200000
HEVEA,2013-08-30,0.1850,0.1862,0.1850,0.1862,133200
HEVEA,2013-09-05,0.1850,0.1850,0.1850,0.1850,40000
HEVEA,2013-09-12,0.1925,0.1925,0.1925,0.1925,120400
HEVEA,2013-09-18,0.1950,0.1988,0.1950,0.1988,72000
HEVEA,2013-09-19,0.1988,0.2025,0.1988,0.1988,1053600
HEVEA,2013-09-24,0.1988,0.2000,0.1988,0.2000,296800
HEVEA,2013-09-26,0.2000,0.2000,0.1988,0.1988,24000
HEVEA,2013-09-27,0.1988,0.1988,0.1975,0.1988,132000
HEVEA,2013-10-03,0.1925,0.1925,0.1812,0.1925,260000
HEVEA,2013-10-21,0.1900,0.1900,0.1900,0.1900,120000
HEVEA,2013-10-31,0.1900,0.1900,0.1900,0.1900,116000
HEVEA,2013-11-06,0.2112,0.2300,0.2112,0.2200,10452400
HEVEA,2013-11-08,0.2150,0.2250,0.2150,0.2200,797200
HEVEA,2013-11-11,0.2188,0.2425,0.2188,0.2400,6393600
HEVEA,2013-11-19,0.2338,0.2338,0.2300,0.2338,557600
HEVEA,2013-11-25,0.2263,0.2350,0.2263,0.2300,832400
HEVEA,2013-11-27,0.2300,0.2313,0.2263,0.2275,200000
HEVEA,2013-12-02,0.2275,0.2300,0.2250,0.2275,404000
HEVEA,2013-12-05,0.2412,0.2412,0.2350,0.2350,518000
HEVEA,2013-12-06,0.2375,0.2375,0.2325,0.2375,154000
HEVEA,2013-12-10,0.2400,0.2650,0.2400,0.2600,5862000
HEVEA,2013-12-30,0.3300,0.3400,0.3250,0.3325,3955600
HEVEA,2014-01-15,0.2725,0.2725,0.2525,0.2575,5985600
HEVEA,2014-01-21,0.2625,0.2675,0.2625,0.2650,1493200
HEVEA,2014-01-22,0.2675,0.2950,0.2625,0.2875,7943200
HEVEA,2014-01-29,0.2625,0.2650,0.2575,0.2625,2916000
HEVEA,2014-01-30,0.2600,0.2650,0.2600,0.2650,590800
HEVEA,2014-02-04,0.2625,0.2675,0.2525,0.2675,1436400
HEVEA,2014-02-18,0.3025,0.3175,0.3025,0.3150,15094000
HEVEA,2014-02-25,0.3350,0.3375,0.3200,0.3275,4836000
HEVEA,2014-02-26,0.3350,0.3400,0.3250,0.3300,12791600
HEVEA,2014-03-03,0.3125,0.3150,0.2950,0.2950,5148400
HEVEA,2014-03-07,0.3125,0.3225,0.3100,0.3200,4866400
HEVEA,2014-03-13,0.3200,0.3200,0.3150,0.3150,969600
HEVEA,2014-03-14,0.3125,0.3150,0.3100,0.3150,1350800
HEVEA,2014-03-17,0.3150,0.3175,0.3150,0.3150,1697600
HEVEA,2014-03-27,0.3650,0.3700,0.3550,0.3575,6236400
HEVEA,2014-04-02,0.3600,0.3600,0.3550,0.3600,2261200
HEVEA,2014-04-07,0.3525,0.3525,0.3425,0.3425,3276400
HEVEA,2014-04-14,0.3350,0.3425,0.3325,0.3400,1486800
HEVEA,2014-04-16,0.3425,0.3425,0.3350,0.3375,964400
HEVEA,2014-04-22,0.3450,0.3575,0.3450,0.3525,4271600
HEVEA,2014-05-05,0.3475,0.3625,0.3425,0.3450,4498400
HEVEA,2014-05-07,0.3525,0.3525,0.3375,0.3425,1365600
HEVEA,2014-05-12,0.3400,0.3450,0.3400,0.3425,690800
HEVEA,2014-05-26,0.3650,0.3675,0.3525,0.3550,3112000
HEVEA,2014-06-02,0.3475,0.3475,0.3425,0.3450,1778000
HEVEA,2014-06-11,0.3500,0.3600,0.3500,0.3575,4576000
HEVEA,2014-06-13,0.3475,0.3475,0.3425,0.3475,3140400
HEVEA,2014-06-16,0.3500,0.3500,0.3475,0.3500,682000
HEVEA,2014-06-19,0.3475,0.3500,0.3450,0.3500,1492400
HEVEA,2014-06-23,0.3525,0.3525,0.3450,0.3475,3859200
HEVEA,2014-06-30,0.3475,0.3525,0.3475,0.3500,2477600
HEVEA,2014-07-02,0.3500,0.3525,0.3450,0.3500,2249200
HEVEA,2014-07-04,0.3450,0.3475,0.3425,0.3475,1424800
HEVEA,2014-07-14,1.4100,1.4100,1.3800,1.3800,416600
HEVEA,2014-07-16,1.3700,1.4000,1.3700,1.3900,650100
HEVEA,2014-07-17,0.3500,0.3550,0.3475,0.3550,4844800
HEVEA,2014-07-18,0.3525,0.3650,0.3525,0.3625,5169600
HEVEA,2014-07-21,1.4600,1.4900,1.4600,1.4900,1167700
HEVEA,2014-07-22,0.3725,0.3725,0.3625,0.3675,3442400
HEVEA,2014-07-23,0.3675,0.3675,0.3625,0.3650,1225200
HEVEA,2014-07-24,1.4600,1.4700,1.4400,1.4400,268700
HEVEA,2014-07-25,0.3600,0.3625,0.3575,0.3625,1425600
HEVEA,2014-07-30,1.4500,1.4800,1.4500,1.4800,473800
HEVEA,2014-07-31,1.4800,1.5400,1.4800,1.5100,1959100
HEVEA,2014-08-01,1.4900,1.5300,1.4800,1.4900,944700
HEVEA,2014-08-04,0.3750,0.3800,0.3725,0.3775,2110000
HEVEA,2014-08-05,1.5100,1.5300,1.5000,1.5200,592100
HEVEA,2014-08-06,1.5200,1.5900,1.5200,1.5900,2585800
HEVEA,2014-08-07,0.4025,0.4125,0.4000,0.4100,8491200
HEVEA,2014-08-08,1.6200,1.6300,1.5500,1.5800,1882800
HEVEA,2014-08-11,1.5900,1.6200,1.5900,1.6200,763300
HEVEA,2014-08-12,1.6300,1.6900,1.6200,1.6800,1228100
HEVEA,2014-08-13,1.6800,1.7300,1.6800,1.7200,1216100
HEVEA,2014-08-14,1.7300,1.7800,1.6900,1.7600,1751700
HEVEA,2014-08-15,1.7900,1.7900,1.7000,1.7200,1081200
HEVEA,2014-08-18,1.7400,1.7800,1.7200,1.7700,1741800
HEVEA,2014-08-19,1.7700,1.7700,1.7200,1.7200,512900
HEVEA,2014-08-20,1.7200,1.7400,1.6600,1.6900,1281300
HEVEA,2014-08-21,1.6900,1.7100,1.6700,1.6900,756100
HEVEA,2014-08-22,1.6900,1.7000,1.6800,1.7000,265400
HEVEA,2014-08-25,1.7000,1.7500,1.7000,1.7300,1061400
HEVEA,2014-08-26,1.7400,1.8100,1.7300,1.8000,3054100
HEVEA,2014-08-27,1.8200,1.8300,1.7700,1.7800,2598600
HEVEA,2014-08-28,0.4500,0.4500,0.4375,0.4425,3086400
HEVEA,2014-08-29,1.7700,1.7700,1.7000,1.7100,1065900
HEVEA,2014-09-08,0.4425,0.4600,0.4425,0.4550,8784400
HEVEA,2014-09-10,0.4850,0.4875,0.4675,0.4775,4290800
HEVEA,2014-09-11,0.4750,0.4825,0.4700,0.4825,3195200
HEVEA,2014-09-12,1.8900,1.9300,1.8900,1.9300,516000
HEVEA,2014-09-15,0.4750,0.4800,0.4725,0.4800,2156400
HEVEA,2014-09-17,1.8900,1.9400,1.8800,1.9200,337000
HEVEA,2014-09-18,0.4850,0.5025,0.4850,0.5000,8599200
HEVEA,2014-09-19,2.0100,2.0100,1.9900,2.0000,804300
HEVEA,2014-09-22,2.0100,2.0100,1.9700,2.0000,224100
HEVEA,2014-09-23,0.5000,0.5000,0.4925,0.4950,538400
HEVEA,2014-09-24,1.9700,1.9700,1.9200,1.9300,570000
HEVEA,2014-09-25,0.4875,0.4900,0.4825,0.4850,802000
HEVEA,2014-09-26,1.9200,1.9300,1.8900,1.9300,236000
HEVEA,2014-09-29,1.9300,1.9400,1.9100,1.9300,182500
HEVEA,2014-09-30,1.9300,1.9800,1.9200,1.9800,449900
HEVEA,2014-10-01,1.9800,2.0500,1.9800,2.0100,805400
HEVEA,2014-10-02,1.9800,2.0000,1.9300,1.9400,628000
HEVEA,2014-10-03,1.9500,1.9600,1.9300,1.9400,129000
HEVEA,2014-10-07,1.9600,1.9600,1.8300,1.8600,499100
HEVEA,2014-10-08,1.8400,1.8400,1.7500,1.8000,1513600
HEVEA,2014-10-09,1.7800,1.8500,1.7800,1.8400,164900
HEVEA,2014-10-10,0.4475,0.4525,0.4425,0.4475,1261200
HEVEA,2014-10-13,0.4325,0.4475,0.4275,0.4275,1855200
HEVEA,2014-10-14,1.6900,1.7000,1.6300,1.7000,1089200
HEVEA,2014-10-15,1.7200,1.7500,1.6400,1.7000,656300
HEVEA,2014-10-16,1.6400,1.6700,1.5500,1.5700,1193500
HEVEA,2014-10-17,0.3900,0.4175,0.3900,0.4150,3475600
HEVEA,2014-10-20,1.7100,1.7200,1.6600,1.6600,721000
HEVEA,2014-10-21,1.6600,1.7000,1.6600,1.6800,188600
HEVEA,2014-10-24,0.4425,0.4500,0.4375,0.4375,2578800
HEVEA,2014-10-27,1.7600,1.7800,1.7200,1.7700,677100
HEVEA,2014-10-28,0.4400,0.4425,0.4350,0.4400,1193200
HEVEA,2014-10-29,0.4450,0.4475,0.4400,0.4450,2585600
HEVEA,2014-10-30,0.4425,0.4425,0.4350,0.4425,1651600
HEVEA,2014-10-31,1.7900,1.8400,1.7700,1.8300,552100
HEVEA,2014-11-03,1.8500,1.8800,1.8100,1.8400,1121900
HEVEA,2014-11-04,1.8300,1.8700,1.8100,1.8700,213500
HEVEA,2014-11-05,0.4700,0.4700,0.4500,0.4625,1309200
HEVEA,2014-11-06,1.8600,1.8600,1.8400,1.8400,110000
HEVEA,2014-11-07,1.8600,1.8900,1.8500,1.8700,498600
HEVEA,2014-11-10,1.8800,1.9000,1.8600,1.8900,459900
HEVEA,2014-11-11,0.4725,0.4725,0.4600,0.4625,1220800
HEVEA,2014-11-12,1.8400,1.8400,1.7500,1.7600,666400
HEVEA,2014-11-13,0.4325,0.4425,0.4325,0.4425,470400
HEVEA,2014-11-14,1.7700,1.7700,1.7500,1.7600,121900
HEVEA,2014-11-17,1.7600,1.7600,1.7300,1.7400,107800
HEVEA,2014-11-18,1.7400,1.7800,1.7300,1.7800,178700
HEVEA,2014-11-19,1.7700,1.8000,1.7200,1.7500,403800
HEVEA,2014-11-20,0.4425,0.4450,0.4350,0.4350,887600
HEVEA,2014-11-21,1.7500,1.7700,1.7500,1.7500,83000
HEVEA,2014-11-24,1.7200,1.7300,1.6900,1.7200,942000
HEVEA,2014-11-25,1.7200,1.7700,1.7200,1.7300,427400
HEVEA,2014-11-26,1.7400,1.7600,1.7200,1.7300,818300
HEVEA,2014-11-27,1.7300,1.7300,1.6900,1.7100,189400
HEVEA,2014-11-28,1.6800,1.6900,1.6300,1.6500,305900
HEVEA,2014-12-01,1.6400,1.6400,1.5300,1.5800,731700
HEVEA,2014-12-02,1.6100,1.6200,1.5600,1.6200,369200
HEVEA,2014-12-03,1.6300,1.6300,1.6000,1.6300,313100
HEVEA,2014-12-04,1.6300,1.6300,1.5800,1.6200,141100
HEVEA,2014-12-05,1.6000,1.6200,1.5800,1.6200,243000
HEVEA,2014-12-08,0.4000,0.4100,0.3950,0.4100,872400
HEVEA,2014-12-09,0.4000,0.4025,0.3975,0.4025,584400
HEVEA,2014-12-10,1.5800,1.6500,1.5800,1.6400,227100
HEVEA,2014-12-11,1.6000,1.6400,1.6000,1.6400,213700
HEVEA,2014-12-12,1.6300,1.6300,1.5600,1.6100,616000
HEVEA,2014-12-15,0.3950,0.3950,0.3675,0.3850,1498400
HEVEA,2014-12-16,1.4800,1.5000,1.4700,1.4800,147000
HEVEA,2014-12-17,0.3625,0.3800,0.3625,0.3800,1462000
HEVEA,2014-12-18,1.5600,1.5700,1.5200,1.5600,237500
HEVEA,2014-12-19,1.6000,1.6000,1.5600,1.6000,256200
HEVEA,2014-12-22,1.6000,1.6500,1.6000,1.6400,396000
HEVEA,2014-12-23,0.4100,0.4125,0.4075,0.4075,1144000
HEVEA,2014-12-24,1.6000,1.6500,1.6000,1.6500,159300
HEVEA,2014-12-26,1.6100,1.6400,1.6000,1.6300,268000
HEVEA,2014-12-29,0.4000,0.4125,0.4000,0.4125,1556400
HEVEA,2014-12-30,0.4125,0.4150,0.4100,0.4150,1015600
HEVEA,2014-12-31,0.4125,0.4150,0.4125,0.4150,324400
HEVEA,2015-01-02,1.6500,1.6700,1.6500,1.6700,88900
HEVEA,2015-01-05,1.6800,1.7800,1.6700,1.7300,508500
HEVEA,2015-01-06,1.7000,1.7300,1.7000,1.7300,81000
HEVEA,2015-01-07,1.7100,1.8200,1.7100,1.7900,1213000
HEVEA,2015-01-08,1.8100,1.8200,1.7800,1.8000,784100
HEVEA,2015-01-09,0.4500,0.4525,0.4400,0.4500,1646800
HEVEA,2015-01-12,1.8000,1.9000,1.7800,1.8800,2376100
HEVEA,2015-01-13,1.8800,1.9000,1.8400,1.9000,1030900
HEVEA,2015-01-14,1.9000,1.9300,1.8800,1.9300,1123000
HEVEA,2015-01-15,0.4825,0.4950,0.4750,0.4925,3957600
HEVEA,2015-01-16,1.9600,2.0500,1.9500,2.0200,1215900
HEVEA,2015-01-19,2.0200,2.0600,2.0000,2.0200,1823800
HEVEA,2015-01-20,2.0200,2.0600,1.9800,2.0300,2183700
HEVEA,2015-01-21,2.0200,2.0600,2.0000,2.0400,2031500
HEVEA,2015-01-22,0.5125,0.5325,0.5100,0.5300,5651200
HEVEA,2015-01-23,2.1400,2.2000,2.1400,2.1700,991600
HEVEA,2015-01-26,0.5450,0.5500,0.5375,0.5375,3686000
HEVEA,2015-01-27,2.1500,2.1500,2.1100,2.1400,1496700
HEVEA,2015-01-28,2.1200,2.1300,2.0900,2.1200,1941400
HEVEA,2015-01-29,0.5225,0.5250,0.5125,0.5250,2684800
HEVEA,2015-01-30,0.5200,0.5275,0.5125,0.5250,2364000
HEVEA,2015-02-04,2.1000,2.1200,2.0500,2.1000,562800
HEVEA,2015-02-05,2.0900,2.1500,2.0900,2.1400,1073000
HEVEA,2015-02-06,2.1800,2.1900,2.1600,2.1700,449600
HEVEA,2015-02-09,2.1900,2.2300,2.1600,2.1900,485100
HEVEA,2015-02-10,0.6375,0.6375,0.6050,0.6250,26406000
HEVEA,2015-02-11,2.5200,2.7800,2.5100,2.7300,5969600
HEVEA,2015-02-12,2.7300,2.7300,2.6200,2.7000,1123800
HEVEA,2015-02-13,2.7000,2.7600,2.6700,2.6700,1196300
HEVEA,2015-02-16,2.7000,2.8700,2.6900,2.7900,1721800
HEVEA,2015-02-17,2.8000,2.8100,2.6400,2.6400,1969500
HEVEA,2015-02-18,2.6800,2.7100,2.6800,2.6800,187100
HEVEA,2015-02-23,0.6800,0.6800,0.6600,0.6675,2700400
HEVEA,2015-02-24,2.6900,2.7600,2.6800,2.7200,1850700
HEVEA,2015-02-25,2.7100,2.7500,2.6800,2.7300,803000
HEVEA,2015-02-26,2.6400,2.7500,2.6400,2.7500,2724700
HEVEA,2015-02-27,2.7200,2.7300,2.6700,2.6800,525600
HEVEA,2015-03-02,2.6800,2.6900,2.5300,2.5500,722500
HEVEA,2015-03-03,2.5500,2.6200,2.5500,2.5800,299300
HEVEA,2015-03-04,2.5500,2.5800,2.5300,2.5500,112100
HEVEA,2015-03-05,0.6350,0.6400,0.6250,0.6300,827600
HEVEA,2015-03-06,2.5000,2.5800,2.4900,2.5500,919800
HEVEA,2015-03-09,2.5900,2.6300,2.5600,2.6200,961600
HEVEA,2015-03-10,2.6600,2.7000,2.6500,2.6600,644100
HEVEA,2015-03-11,2.6300,2.6600,2.6100,2.6500,567100
HEVEA,2015-03-12,2.6500,2.7800,2.6500,2.7800,1634700
HEVEA,2015-03-13,0.6975,0.7425,0.6975,0.7375,9098000
HEVEA,2015-03-16,2.9600,3.0100,2.9300,3.0000,1110000
HEVEA,2015-03-17,2.9800,3.0000,2.9400,2.9900,306700
HEVEA,2015-03-18,2.9800,2.9800,2.9200,2.9200,330500
HEVEA,2015-03-19,2.9500,2.9900,2.9200,2.9300,630200
HEVEA,2015-03-20,2.9500,3.0200,2.9500,2.9500,883000
HEVEA,2015-03-23,2.9100,2.9500,2.9000,2.9100,209700
HEVEA,2015-03-24,2.9100,2.9600,2.9100,2.9100,209700
HEVEA,2015-03-25,2.9000,2.9700,2.9000,2.9600,563900
HEVEA,2015-03-26,2.9400,3.0400,2.9400,3.0000,869500
HEVEA,2015-03-27,3.0000,3.0000,2.9400,2.9500,141900
HEVEA,2015-03-30,2.9500,3.2200,2.9500,3.1700,2286700
HEVEA,2015-03-31,3.1400,3.2200,3.1100,3.1100,1348400
HEVEA,2015-04-01,3.0700,3.1100,3.0600,3.0600,283900
HEVEA,2015-04-02,3.0900,3.0900,3.0300,3.0500,156200
HEVEA,2015-04-03,3.1000,3.1000,3.0300,3.0500,160900
HEVEA,2015-04-06,3.0500,3.0500,2.9600,2.9900,653700
HEVEA,2015-04-07,3.0000,3.0000,2.9600,3.0000,80400
HEVEA,2015-04-08,3.0000,3.0500,2.9700,3.0500,342300
HEVEA,2015-04-09,3.0500,3.1200,3.0500,3.1000,301500
HEVEA,2015-04-10,3.1100,3.1200,3.1000,3.1100,124300
HEVEA,2015-04-13,3.1100,3.1200,3.0400,3.0600,92800
HEVEA,2015-04-14,3.0100,3.0500,3.0100,3.0400,49800
HEVEA,2015-04-15,0.7600,0.7850,0.7600,0.7700,2789600
HEVEA,2015-04-16,3.0900,3.1600,3.0700,3.0800,746000
HEVEA,2015-04-17,3.0800,3.0800,3.0400,3.0600,247500
HEVEA,2015-04-20,3.0600,3.0800,3.0000,3.0300,284400
HEVEA,2015-04-21,3.0300,3.0500,3.0200,3.0400,188000
HEVEA,2015-04-22,0.7725,0.7800,0.7550,0.7575,3283200
HEVEA,2015-04-23,0.7575,0.7700,0.7575,0.7575,2798000
HEVEA,2015-04-24,3.0300,3.0600,2.9600,3.0000,387100
HEVEA,2015-04-27,0.7500,0.7550,0.7350,0.7450,1372000
HEVEA,2015-04-28,2.9800,2.9800,2.8000,2.8000,678200
HEVEA,2015-04-29,2.8300,2.9000,2.8300,2.9000,163400
HEVEA,2015-04-30,2.9300,3.0000,2.8800,2.9500,876800
HEVEA,2015-05-05,3.0100,3.0300,2.9700,3.0000,564500
HEVEA,2015-05-06,3.0000,3.0000,2.9300,2.9300,357800
HEVEA,2015-05-07,2.9300,3.0100,2.9300,2.9700,205900
HEVEA,2015-05-08,2.9500,3.0000,2.9500,2.9700,252700
HEVEA,2015-05-11,2.9700,2.9800,2.9300,2.9500,230000
HEVEA,2015-05-12,2.9600,2.9600,2.9100,2.9500,420100
HEVEA,2015-05-13,2.9000,2.9600,2.9000,2.9500,101000
HEVEA,2015-05-14,2.9600,2.9700,2.9400,2.9700,475200
HEVEA,2015-05-15,2.9800,3.0000,2.9700,2.9700,487100
HEVEA,2015-05-18,0.7425,0.7450,0.7325,0.7400,396000
HEVEA,2015-05-20,2.9600,3.1000,2.9600,3.1000,662900
HEVEA,2015-05-25,0.7800,0.7925,0.7650,0.7875,7031600
HEVEA,2015-05-28,0.7700,0.7775,0.7625,0.7675,1001200
HEVEA,2015-06-01,0.7750,0.7900,0.7650,0.7850,1613600
HEVEA,2015-06-08,3.4500,3.5700,3.4400,3.5500,715300
HEVEA,2015-06-09,3.5300,3.5300,3.4700,3.4700,1316400
HEVEA,2015-06-10,0.8575,0.8750,0.8575,0.8625,1485600
HEVEA,2015-06-17,0.8225,0.8425,0.8225,0.8400,931200
HEVEA,2015-06-22,0.8450,0.8625,0.8450,0.8575,474000
HEVEA,2015-06-24,0.8475,0.8700,0.8475,0.8675,4349200
HEVEA,2015-07-07,0.8900,0.9125,0.8875,0.8875,1920800
HEVEA,2015-07-09,0.8550,0.9000,0.8525,0.8975,803200
HEVEA,2015-07-13,3.6700,3.7900,3.6600,3.7300,588100
HEVEA,2015-07-27,1.1200,1.1200,1.0600,1.0600,4604900
HEVEA,2015-07-29,1.0800,1.1000,1.0400,1.0700,2951200
HEVEA,2015-08-04,1.0900,1.1000,1.0600,1.0600,1944800
HEVEA,2015-08-05,1.0600,1.0600,1.0400,1.0500,1339100
HEVEA,2015-08-07,0.9950,1.0000,0.9350,1.0000,7791400
HEVEA,2015-08-11,0.9600,0.9850,0.9250,0.9550,3815600
HEVEA,2015-08-13,0.8700,0.9300,0.8700,0.9250,9417700
HEVEA,2015-08-14,0.9300,0.9400,0.8600,0.9000,7550600
HEVEA,2015-08-26,0.9100,0.9550,0.9100,0.9150,5769200
HEVEA,2015-08-27,0.9300,0.9400,0.9250,0.9350,4533300
HEVEA,2015-08-28,0.9450,0.9600,0.9200,0.9400,6349700
HEVEA,2015-09-01,0.9600,0.9800,0.9300,0.9400,7721800
HEVEA,2015-09-02,0.9300,0.9650,0.9200,0.9600,5354500
HEVEA,2015-09-03,0.9650,1.0400,0.9650,1.0400,19456900
HEVEA,2015-09-04,1.0600,1.1200,1.0600,1.0700,19691400
HEVEA,2015-09-07,1.0500,1.1800,1.0400,1.1600,12836000
HEVEA,2015-09-08,1.1600,1.2000,1.1400,1.1700,11024700
HEVEA,2015-09-11,1.1800,1.1900,1.1600,1.1700,2777200
HEVEA,2015-09-14,1.1800,1.1800,1.0900,1.1300,6269400
HEVEA,2015-09-15,1.1300,1.1900,1.1300,1.1600,4305200
HEVEA,2015-09-17,1.1800,1.1800,1.1300,1.1400,2050500
HEVEA,2015-09-18,1.1500,1.2000,1.1500,1.2000,6977000
HEVEA,2015-09-21,1.2100,1.2300,1.1800,1.1900,2578200
HEVEA,2015-09-22,1.1900,1.2500,1.1800,1.2100,5979300
HEVEA,2015-09-23,1.1900,1.1900,1.1700,1.1900,1579500
HEVEA,2015-09-25,1.1900,1.2200,1.1900,1.2100,1669100
HEVEA,2015-09-28,1.2200,1.2300,1.2000,1.2100,859200
HEVEA,2015-09-29,1.1900,1.2000,1.1600,1.1800,1501000
HEVEA,2015-09-30,1.1800,1.2100,1.1700,1.1900,1958500
HEVEA,2015-10-01,1.2100,1.2200,1.1900,1.2000,1493100
HEVEA,2015-10-06,1.2900,1.3000,1.1900,1.1900,8693600
HEVEA,2015-10-08,1.2100,1.2200,1.1600,1.1800,3561300
HEVEA,2015-10-12,1.1400,1.1700,1.1400,1.1600,1790800
HEVEA,2015-10-15,1.1600,1.1700,1.1300,1.1400,1915800
HEVEA,2015-10-16,1.1500,1.1900,1.1500,1.1800,3272000
HEVEA,2015-10-19,1.1800,1.2200,1.1800,1.2100,5040000
HEVEA,2015-10-20,1.2200,1.2500,1.2000,1.2200,4168800
HEVEA,2015-10-22,1.2900,1.3500,1.2800,1.3400,11068700
HEVEA,2015-10-26,1.3200,1.3500,1.3100,1.3300,1843300
HEVEA,2015-10-27,1.3100,1.3300,1.3000,1.3000,2248100
HEVEA,2015-10-28,1.3000,1.3600,1.3000,1.3500,5626100
HEVEA,2015-10-30,1.3600,1.3800,1.3500,1.3700,2324100
HEVEA,2015-11-02,1.3700,1.4100,1.3700,1.4000,7342900
HEVEA,2015-11-03,1.4000,1.4000,1.3600,1.3800,3175200
HEVEA,2015-11-04,1.3800,1.3900,1.3700,1.3700,2554400
HEVEA,2015-11-06,1.3500,1.3700,1.3300,1.3600,2040400
HEVEA,2015-11-09,1.3500,1.3700,1.3500,1.3500,1521400
HEVEA,2015-11-11,1.3700,1.3700,1.3300,1.3500,2295300
HEVEA,2015-11-12,1.3500,1.3900,1.3400,1.3800,4492500
HEVEA,2015-11-13,1.3700,1.3800,1.3600,1.3700,1655300
HEVEA,2015-11-16,1.3600,1.3800,1.3500,1.3500,3090200
HEVEA,2015-11-17,1.3600,1.3700,1.3500,1.3600,2422200
HEVEA,2015-11-18,1.4100,1.5000,1.3900,1.4700,22124600
HEVEA,2015-11-19,1.4900,1.5400,1.4800,1.5300,9483200
HEVEA,2015-11-20,1.5400,1.5400,1.4500,1.4700,5733800
HEVEA,2015-11-23,1.4800,1.5000,1.4800,1.4800,1476300
HEVEA,2015-11-24,1.4800,1.4900,1.4400,1.4600,2333400
HEVEA,2015-11-25,1.4500,1.4900,1.4300,1.4400,3647500
HEVEA,2015-11-26,1.4400,1.4700,1.4300,1.4300,1473900
HEVEA,2015-11-27,1.4300,1.4800,1.4300,1.4500,2163600
HEVEA,2015-11-30,1.4500,1.4700,1.4100,1.4700,2265000
HEVEA,2015-12-01,1.4700,1.4800,1.4500,1.4700,2070900
HEVEA,2015-12-02,1.4700,1.4800,1.4500,1.4800,768700
HEVEA,2015-12-03,1.4700,1.5300,1.4500,1.5200,3729500
HEVEA,2015-12-04,1.5100,1.5900,1.5000,1.5800,5033400
HEVEA,2015-12-07,1.5900,1.6000,1.5500,1.5900,2658400
HEVEA,2015-12-08,1.5700,1.5900,1.5600,1.5700,886000
HEVEA,2015-12-09,1.5700,1.5800,1.5600,1.5700,914700
HEVEA,2015-12-10,1.5700,1.6200,1.5700,1.6100,3306300
HEVEA,2015-12-11,1.6200,1.6200,1.5800,1.6000,1408000
HEVEA,2015-12-14,1.5900,1.5900,1.5300,1.5400,1991700
HEVEA,2015-12-15,1.5400,1.5700,1.5400,1.5600,1390000
HEVEA,2015-12-16,1.5600,1.5800,1.5500,1.5500,1131900
HEVEA,2015-12-17,1.5500,1.5900,1.5500,1.5900,1677000
HEVEA,2015-12-18,1.5700,1.5800,1.5500,1.5600,937900
HEVEA,2015-12-21,1.5500,1.5700,1.5500,1.5600,723700
HEVEA,2015-12-22,1.5600,1.5700,1.5500,1.5600,553600
HEVEA,2015-12-23,1.5600,1.5700,1.5500,1.5600,574200
HEVEA,2015-12-28,1.5600,1.6100,1.5400,1.6000,1914000
HEVEA,2015-12-29,1.6000,1.6700,1.6000,1.6600,3114400
HEVEA,2015-12-30,1.6700,1.6700,1.6000,1.6000,2584200
HEVEA,2015-12-31,1.6000,1.6400,1.6000,1.6200,1334300
HEVEA,2016-01-04,1.6000,1.7000,1.6000,1.7000,5068900
HEVEA,2016-01-05,1.6800,1.7500,1.6800,1.7300,3376500
HEVEA,2016-01-06,1.7300,1.7900,1.6300,1.6300,12157800
HEVEA,2016-01-07,1.6200,1.6900,1.6000,1.6000,10534300
HEVEA,2016-01-08,1.6100,1.6300,1.5800,1.5900,3678000
HEVEA,2016-01-11,1.5800,1.5800,1.4200,1.4600,13204100
HEVEA,2016-01-12,1.4600,1.5800,1.4500,1.5500,10347200
HEVEA,2016-01-13,1.6200,1.6400,1.5500,1.5700,10467100
HEVEA,2016-01-14,1.5900,1.5900,1.5400,1.5400,4884500
HEVEA,2016-01-15,1.5600,1.5800,1.5300,1.5400,2549200
HEVEA,2016-01-18,1.5300,1.5400,1.4600,1.5200,3352800
HEVEA,2016-01-19,1.5200,1.5500,1.5000,1.5400,2228400
HEVEA,2016-01-20,1.5400,1.5500,1.4600,1.4600,3006200
HEVEA,2016-01-21,1.4600,1.5100,1.3700,1.4000,4634700
HEVEA,2016-01-22,1.4300,1.4900,1.4300,1.4900,3566800
HEVEA,2016-01-26,1.5000,1.5100,1.4500,1.4600,2396800
HEVEA,2016-01-27,1.4800,1.5100,1.4700,1.4800,5861300
HEVEA,2016-01-28,1.4900,1.4900,1.4500,1.4700,2140500
HEVEA,2016-01-29,1.4700,1.4800,1.2700,1.3500,5131100
HEVEA,2016-02-02,1.3300,1.3500,1.2900,1.3300,4561000
HEVEA,2016-02-03,1.3200,1.3800,1.3000,1.3400,3257400
HEVEA,2016-02-04,1.3400,1.3600,1.2500,1.2600,6206300
HEVEA,2016-02-05,1.2200,1.3000,1.2200,1.3000,3033900
HEVEA,2016-02-10,1.2800,1.3000,1.2700,1.2800,1327500
HEVEA,2016-02-11,1.2800,1.3000,1.2300,1.2300,3147100
HEVEA,2016-02-12,1.2300,1.2400,1.1100,1.1600,4938600
HEVEA,2016-02-15,1.1600,1.2100,1.1600,1.1900,1842100
HEVEA,2016-02-16,1.1800,1.2800,1.1800,1.2700,4387500
HEVEA,2016-02-17,1.2800,1.3500,1.2800,1.3300,4724000
HEVEA,2016-02-18,1.3300,1.3800,1.3300,1.3400,3316200
HEVEA,2016-02-19,1.3500,1.4400,1.3500,1.4300,5109000
HEVEA,2016-02-22,1.4400,1.4900,1.4400,1.4700,4081000
HEVEA,2016-02-23,1.4900,1.5100,1.4100,1.4200,4826200
HEVEA,2016-02-24,1.4300,1.4300,1.3700,1.4000,1996400
HEVEA,2016-02-25,1.4800,1.5000,1.4100,1.4300,5834100
HEVEA,2016-02-26,1.4500,1.4600,1.3600,1.4000,1865700
HEVEA,2016-02-29,1.4100,1.4100,1.3300,1.3400,1404600
HEVEA,2016-03-01,1.3400,1.3700,1.3100,1.3400,1657200
HEVEA,2016-03-02,1.3700,1.3800,1.2900,1.2900,3485800
HEVEA,2016-03-03,1.3000,1.3300,1.2700,1.2900,3519700
HEVEA,2016-03-04,1.3000,1.3100,1.2600,1.2800,2454100
HEVEA,2016-03-07,1.2500,1.2600,1.1900,1.2000,4079300
HEVEA,2016-03-08,1.1800,1.2500,1.1600,1.2500,3790100
HEVEA,2016-03-09,1.2800,1.3400,1.2700,1.3300,6531600
HEVEA,2016-03-10,1.3300,1.3300,1.2800,1.2900,1619000
HEVEA,2016-03-11,1.2900,1.3200,1.2600,1.2700,1386400
HEVEA,2016-03-14,1.2800,1.2900,1.2300,1.2500,1049500
HEVEA,2016-03-15,1.2500,1.2900,1.2500,1.2700,1501000
HEVEA,2016-03-16,1.2800,1.2900,1.2400,1.2600,634200
HEVEA,2016-03-17,1.2400,1.2700,1.2400,1.2400,1544200
HEVEA,2016-03-18,1.2400,1.2800,1.2300,1.2700,2221800
HEVEA,2016-03-21,1.2800,1.2800,1.2500,1.2800,1169900
HEVEA,2016-03-22,1.2700,1.2700,1.2100,1.2100,3342700
HEVEA,2016-03-23,1.2300,1.2400,1.2000,1.2300,1495200
HEVEA,2016-03-24,1.2400,1.2500,1.2100,1.2200,2157100
HEVEA,2016-03-25,1.2200,1.2200,1.2000,1.2100,939700
HEVEA,2016-03-28,1.2200,1.2200,1.1900,1.1900,1750100
HEVEA,2016-03-29,1.1900,1.2200,1.1700,1.1900,4676900
HEVEA,2016-03-30,1.1800,1.2100,1.1800,1.2000,1393800
HEVEA,2016-03-31,1.2100,1.2100,1.1800,1.1900,823900
HEVEA,2016-04-01,1.1900,1.2000,1.1600,1.1800,2296800
HEVEA,2016-04-04,1.1700,1.1800,1.1500,1.1600,2105900
HEVEA,2016-04-05,1.1700,1.2400,1.1600,1.2300,8190000
HEVEA,2016-04-06,1.2300,1.2300,1.1900,1.2000,2091500
HEVEA,2016-04-07,1.1900,1.2100,1.1800,1.2000,1517100
HEVEA,2016-04-08,1.2200,1.2400,1.2100,1.2100,1395300
HEVEA,2016-04-11,1.2200,1.2200,1.1900,1.1900,1925200
HEVEA,2016-04-12,1.2000,1.2000,1.1700,1.1700,2454000
HEVEA,2016-04-13,1.1800,1.1800,1.1600,1.1700,1642800
HEVEA,2016-04-14,1.1800,1.2000,1.1700,1.1700,1382600
HEVEA,2016-04-15,1.1800,1.1800,1.1600,1.1700,1222700
HEVEA,2016-04-18,1.1900,1.2100,1.1800,1.1800,1817200
HEVEA,2016-04-19,1.1800,1.2000,1.1800,1.1900,1174800
HEVEA,2016-04-20,1.1900,1.1900,1.1800,1.1900,606100
HEVEA,2016-04-21,1.1900,1.2300,1.1800,1.2200,4202400
HEVEA,2016-04-22,1.2200,1.2800,1.2200,1.2700,5478600
HEVEA,2016-04-25,1.2800,1.3000,1.2600,1.2700,3211400
HEVEA,2016-04-26,1.2700,1.2700,1.2000,1.2000,2321100
HEVEA,2016-04-27,1.2100,1.2500,1.2100,1.2400,835100
HEVEA,2016-04-28,1.2300,1.2400,1.2000,1.2100,990600
HEVEA,2016-04-29,1.2200,1.2300,1.2100,1.2100,666400
HEVEA,2016-05-03,1.2200,1.2200,1.1900,1.1900,815400
HEVEA,2016-05-04,1.2100,1.2500,1.2100,1.2400,1747000
HEVEA,2016-05-05,1.2300,1.2700,1.2300,1.2500,2550800
HEVEA,2016-05-06,1.2500,1.2600,1.2300,1.2500,1048300
HEVEA,2016-05-09,1.2500,1.2500,1.2200,1.2200,973900
HEVEA,2016-05-10,1.2300,1.2700,1.2200,1.2500,2766000
HEVEA,2016-05-11,1.2500,1.2700,1.2400,1.2500,2145700
HEVEA,2016-05-12,1.2400,1.2500,1.2200,1.2300,1010900
HEVEA,2016-05-13,1.2300,1.2400,1.2200,1.2400,1059200
HEVEA,2016-05-16,1.2300,1.2300,1.2100,1.2200,909300
HEVEA,2016-05-17,1.2200,1.2300,1.2100,1.2200,774200
HEVEA,2016-05-18,1.2100,1.2300,1.2100,1.2100,523400
HEVEA,2016-05-19,1.2200,1.2500,1.2200,1.2200,1896900
HEVEA,2016-05-20,1.2200,1.2400,1.2100,1.2200,455300
HEVEA,2016-05-23,1.2200,1.2300,1.2100,1.2100,690400
HEVEA,2016-05-24,1.2100,1.2300,1.2100,1.2200,989700
HEVEA,2016-05-25,1.2200,1.2200,1.1900,1.2000,887400
HEVEA,2016-05-26,1.2000,1.2100,1.1900,1.1900,543900
HEVEA,2016-05-27,1.1900,1.2000,1.1800,1.1800,1043000
HEVEA,2016-05-30,1.2400,1.2800,1.2400,1.2800,3828400
HEVEA,2016-05-31,1.2900,1.3400,1.2600,1.2800,5189900
HEVEA,2016-06-01,1.2900,1.3000,1.2500,1.2800,1254100
HEVEA,2016-06-02,1.3000,1.3300,1.2900,1.3000,3795000
HEVEA,2016-06-03,1.3100,1.3100,1.2700,1.3000,974900
HEVEA,2016-06-06,1.2900,1.2900,1.2700,1.2700,1301000
HEVEA,2016-06-07,1.2700,1.3100,1.2600,1.2900,1311200
HEVEA,2016-06-08,1.2900,1.2900,1.2600,1.2800,1064900
HEVEA,2016-06-09,1.2900,1.2900,1.2500,1.2600,1086500
HEVEA,2016-06-10,1.2500,1.2500,1.2300,1.2300,1810600
HEVEA,2016-06-13,1.2300,1.2500,1.2200,1.2500,521500
HEVEA,2016-06-14,1.2400,1.2400,1.2200,1.2400,468600
HEVEA,2016-06-15,1.2300,1.2400,1.2200,1.2400,270000
HEVEA,2016-06-16,1.2300,1.2400,1.2000,1.2100,924700
HEVEA,2016-06-17,1.2100,1.2300,1.2000,1.2100,317600
HEVEA,2016-06-20,1.2300,1.2300,1.2000,1.2100,622800
HEVEA,2016-06-21,1.2100,1.2300,1.2000,1.2100,852000
HEVEA,2016-06-23,1.2100,1.2100,1.1900,1.2000,1006700
HEVEA,2016-06-24,1.2000,1.2000,1.1500,1.1900,1961500
HEVEA,2016-06-27,1.1900,1.2400,1.1700,1.2200,1310100
HEVEA,2016-06-30,1.2200,1.2200,1.1900,1.1900,584000
HEVEA,2016-07-01,1.2000,1.2000,1.1700,1.1800,1638100
HEVEA,2016-07-04,1.1800,1.2000,1.1800,1.1900,157300
HEVEA,2016-07-05,1.1900,1.2000,1.1800,1.1800,192800
HEVEA,2016-07-08,1.1800,1.2000,1.1700,1.1900,512100
HEVEA,2016-07-11,1.1900,1.2000,1.1800,1.1900,807200
HEVEA,2016-07-12,1.1900,1.2000,1.1800,1.1900,558900
HEVEA,2016-07-13,1.1900,1.2200,1.1900,1.2200,1077500
HEVEA,2016-07-14,1.2200,1.2200,1.1900,1.1900,655700
HEVEA,2016-07-15,1.1900,1.2300,1.1900,1.2000,1032100
HEVEA,2016-07-18,1.2000,1.2400,1.2000,1.2200,1060000
HEVEA,2016-07-19,1.2300,1.2600,1.2300,1.2400,1835100
HEVEA,2016-07-20,1.2500,1.2700,1.2300,1.2300,1978700
HEVEA,2016-07-21,1.2300,1.2400,1.2000,1.2100,1438400
HEVEA,2016-07-22,1.2100,1.2300,1.2000,1.2100,766500
HEVEA,2016-07-25,1.2300,1.2400,1.2200,1.2400,776700
HEVEA,2016-07-26,1.2300,1.2400,1.2100,1.2100,1032900
HEVEA,2016-07-27,1.2200,1.2200,1.2000,1.2000,739100
HEVEA,2016-07-28,1.2000,1.2200,1.1900,1.2000,813300
HEVEA,2016-07-29,1.2000,1.2100,1.1800,1.1800,2498800
HEVEA,2016-08-01,1.1900,1.2000,1.1800,1.2000,1031600
HEVEA,2016-08-02,1.1900,1.1900,1.1700,1.1700,3056300
HEVEA,2016-08-03,1.1800,1.2000,1.1700,1.1800,1026500
HEVEA,2016-08-04,1.1900,1.1900,1.1700,1.1800,1129400
HEVEA,2016-08-05,1.1800,1.1900,1.1700,1.1800,512500
HEVEA,2016-08-08,1.1900,1.2200,1.1900,1.2100,2492300
HEVEA,2016-08-09,1.2100,1.2200,1.2000,1.2200,1287400
HEVEA,2016-08-10,1.2100,1.2200,1.2000,1.2000,685000
HEVEA,2016-08-11,1.2100,1.2200,1.1900,1.2000,1469500
HEVEA,2016-08-12,1.2000,1.2100,1.1900,1.2000,666000
HEVEA,2016-08-15,1.2000,1.2200,1.1900,1.2000,2471800
HEVEA,2016-08-16,1.2000,1.2100,1.1900,1.1900,1310600
HEVEA,2016-08-17,1.2000,1.2000,1.1800,1.1800,1160900
HEVEA,2016-08-18,1.1800,1.1900,1.1700,1.1800,1394600
HEVEA,2016-08-19,1.1900,1.2000,1.1700,1.1800,1197500
HEVEA,2016-08-22,1.1900,1.2100,1.1800,1.1900,1305100
HEVEA,2016-08-23,1.2000,1.2000,1.1800,1.1800,852900
HEVEA,2016-08-24,1.1600,1.1800,1.1500,1.1700,3153900
HEVEA,2016-08-25,1.1600,1.1700,1.1300,1.1600,3739800
HEVEA,2016-08-26,1.1400,1.1500,1.1200,1.1200,2062000
HEVEA,2016-08-29,1.1400,1.1400,1.1200,1.1200,1423000
HEVEA,2016-08-30,1.1200,1.1200,1.0500,1.0500,6423400
HEVEA,2016-09-01,1.0500,1.1700,1.0500,1.1500,6584800
HEVEA,2016-09-02,1.1700,1.2100,1.1500,1.2000,6699400
HEVEA,2016-09-05,1.2000,1.2400,1.1700,1.2200,3433900
HEVEA,2016-09-06,1.2100,1.2100,1.1800,1.1900,1792000
HEVEA,2016-09-07,1.2000,1.2700,1.1800,1.2300,9222500
HEVEA,2016-09-08,1.2500,1.2700,1.2200,1.2700,5076900
HEVEA,2016-09-09,1.2600,1.2700,1.2400,1.2400,4216800
HEVEA,2016-09-13,1.2200,1.2400,1.2100,1.2200,1486100
HEVEA,2016-09-14,1.2200,1.2700,1.2200,1.2600,4892300
HEVEA,2016-09-15,1.2600,1.2600,1.2500,1.2500,1628200
HEVEA,2016-09-19,1.2500,1.2900,1.2400,1.2400,3969800
HEVEA,2016-09-20,1.2400,1.2900,1.2400,1.2700,2879600
HEVEA,2016-09-21,1.2800,1.2800,1.2600,1.2700,824400
HEVEA,2016-09-22,1.2700,1.2800,1.2500,1.2600,792000
HEVEA,2016-09-23,1.2600,1.2800,1.2200,1.2300,2115500
HEVEA,2016-09-26,1.2400,1.2400,1.2100,1.2200,722700
HEVEA,2016-09-27,1.2100,1.2300,1.2100,1.2200,187800
HEVEA,2016-09-28,1.2200,1.2700,1.2200,1.2600,2136400
HEVEA,2016-09-29,1.2600,1.2600,1.2200,1.2200,1179100
HEVEA,2016-09-30,1.2200,1.2500,1.2000,1.2000,2408000
HEVEA,2016-10-04,1.2100,1.2400,1.2100,1.2400,565700
HEVEA,2016-10-05,1.2400,1.2700,1.2300,1.2700,2432400
HEVEA,2016-10-06,1.2700,1.2800,1.2600,1.2700,5352100
HEVEA,2016-10-07,1.2700,1.3800,1.2600,1.3700,16582300
HEVEA,2016-10-10,1.3800,1.4300,1.3800,1.4000,11151800
HEVEA,2016-10-11,1.4000,1.4200,1.3500,1.3600,7324500
HEVEA,2016-10-12,1.3800,1.3900,1.3600,1.3700,3921200
HEVEA,2016-10-13,1.3800,1.4200,1.3700,1.4100,9114500
HEVEA,2016-10-14,1.4000,1.4300,1.3900,1.4000,11282400
HEVEA,2016-10-17,1.4100,1.4500,1.4100,1.4200,15041700
HEVEA,2016-10-18,1.4200,1.4400,1.4200,1.4300,4621700
HEVEA,2016-10-19,1.4400,1.4500,1.4200,1.4300,5109100
HEVEA,2016-10-20,1.4100,1.4300,1.4000,1.4100,6944800
HEVEA,2016-10-21,1.4000,1.4100,1.3800,1.3800,4237100
HEVEA,2016-10-24,1.3800,1.4000,1.3700,1.4000,1252400
HEVEA,2016-10-25,1.4000,1.4200,1.3800,1.3800,3686000
HEVEA,2016-10-26,1.3800,1.3900,1.3400,1.3500,3760700
HEVEA,2016-10-27,1.3600,1.4000,1.3600,1.4000,3744800
HEVEA,2016-10-28,1.4000,1.4000,1.3600,1.3800,2896300
HEVEA,2016-10-31,1.3700,1.3900,1.3400,1.3500,2039600
HEVEA,2016-11-01,1.3600,1.4100,1.3500,1.4000,3793200
HEVEA,2016-11-02,1.4000,1.4000,1.3700,1.3700,1599100
HEVEA,2016-11-03,1.3700,1.3800,1.3400,1.3500,2068500
HEVEA,2016-11-04,1.3400,1.3500,1.3100,1.3300,3697100
HEVEA,2016-11-07,1.3500,1.3700,1.3500,1.3700,2071300
HEVEA,2016-11-08,1.3800,1.3800,1.3600,1.3700,955500
HEVEA,2016-11-09,1.3600,1.3800,1.2900,1.3400,5766600
HEVEA,2016-11-10,1.3600,1.4000,1.3500,1.3800,3635000
HEVEA,2016-11-11,1.4100,1.4500,1.4000,1.4300,11677400
HEVEA,2016-11-14,1.4500,1.4500,1.4100,1.4400,4768000
HEVEA,2016-11-15,1.4400,1.4500,1.4300,1.4400,1949100
HEVEA,2016-11-16,1.4400,1.5100,1.4400,1.5100,7458300
HEVEA,2016-11-17,1.5100,1.5200,1.4800,1.5100,3576300
HEVEA,2016-11-18,1.5100,1.5600,1.5000,1.5500,7021900
HEVEA,2016-11-21,1.5600,1.5800,1.5300,1.5300,6038500
HEVEA,2016-11-22,1.5300,1.5400,1.5100,1.5100,2771600
HEVEA,2016-11-23,1.4600,1.4800,1.4200,1.4600,12244400
HEVEA,2016-11-24,1.4700,1.5400,1.4700,1.5200,6616700
HEVEA,2016-11-25,1.5500,1.5600,1.5300,1.5500,3908500
HEVEA,2016-11-28,1.5600,1.5600,1.5200,1.5400,3717800
HEVEA,2016-11-29,1.5500,1.5700,1.4900,1.5100,3918100
HEVEA,2016-11-30,1.5100,1.5200,1.4600,1.5000,3484600
HEVEA,2016-12-01,1.5100,1.5200,1.5000,1.5000,2183700
HEVEA,2016-12-02,1.5000,1.5100,1.4700,1.4900,2491000
HEVEA,2016-12-05,1.4900,1.4900,1.4100,1.4400,3146000
HEVEA,2016-12-06,1.4400,1.4500,1.3900,1.4400,2338700
HEVEA,2016-12-07,1.4400,1.4400,1.4100,1.4200,640900
HEVEA,2016-12-08,1.4200,1.4400,1.4200,1.4200,1047700
HEVEA,2016-12-09,1.4400,1.4500,1.4200,1.4400,2443100
HEVEA,2016-12-13,1.4400,1.4900,1.4400,1.4500,3903000
HEVEA,2016-12-14,1.4600,1.4800,1.4600,1.4700,2350400
HEVEA,2016-12-15,1.4800,1.5200,1.4700,1.5200,4134600
HEVEA,2016-12-16,1.5100,1.5500,1.5000,1.5300,2870100
HEVEA,2016-12-19,1.5400,1.5700,1.5200,1.5500,2734300
HEVEA,2016-12-20,1.5500,1.5600,1.5200,1.5300,1359800
HEVEA,2016-12-21,1.5300,1.5300,1.5000,1.5200,2330100
HEVEA,2016-12-22,1.5000,1.5200,1.4800,1.4800,1933600
HEVEA,2016-12-23,1.4800,1.5100,1.4700,1.5000,1327100
HEVEA,2016-12-27,1.5100,1.5100,1.5000,1.5100,419300
HEVEA,2016-12-28,1.5000,1.5000,1.4800,1.5000,455700
HEVEA,2016-12-29,1.4800,1.5000,1.4700,1.5000,610900
HEVEA,2016-12-30,1.5000,1.5100,1.4800,1.5000,538100
HEVEA,2017-01-03,1.5000,1.5000,1.4900,1.5000,214500
HEVEA,2017-01-04,1.5000,1.5600,1.4900,1.5500,3874100
HEVEA,2017-01-05,1.5400,1.5800,1.5300,1.5700,4295200
HEVEA,2017-01-06,1.5700,1.5800,1.5400,1.5500,1177900
HEVEA,2017-01-09,1.5600,1.5700,1.5300,1.5300,706300
HEVEA,2017-01-10,1.5300,1.5500,1.5200,1.5400,1229800
HEVEA,2017-01-11,1.5400,1.5500,1.5200,1.5400,1199500
HEVEA,2017-01-12,1.5400,1.5500,1.5200,1.5200,2756700
HEVEA,2017-01-13,1.5300,1.5400,1.5200,1.5300,2023600
HEVEA,2017-01-16,1.5300,1.5300,1.4900,1.5100,1729200
HEVEA,2017-01-17,1.5200,1.5400,1.5000,1.5300,1850100
HEVEA,2017-01-18,1.5300,1.5300,1.4700,1.4800,2379100
HEVEA,2017-01-19,1.4900,1.5000,1.4800,1.4900,662900
HEVEA,2017-01-20,1.4800,1.5000,1.4800,1.4900,1981000
HEVEA,2017-01-23,1.4900,1.5000,1.4700,1.4700,1146500
HEVEA,2017-01-24,1.4700,1.4900,1.4600,1.4700,2496300
HEVEA,2017-01-25,1.4700,1.4800,1.4600,1.4700,540100
HEVEA,2017-01-26,1.4700,1.4900,1.4500,1.4600,2182900
HEVEA,2017-01-27,1.4600,1.4900,1.4600,1.4600,971100
HEVEA,2017-01-31,1.4700,1.4700,1.4500,1.4600,694100
HEVEA,2017-02-02,1.4700,1.4900,1.4600,1.4700,3056900
HEVEA,2017-02-03,1.4700,1.4900,1.4600,1.4900,3115800
HEVEA,2017-02-06,1.5000,1.5200,1.4300,1.4400,5731400
HEVEA,2017-02-07,1.4400,1.4700,1.4300,1.4700,3091200
HEVEA,2017-02-08,1.4700,1.4700,1.4400,1.4700,1986700
HEVEA,2017-02-10,1.4700,1.4800,1.4500,1.4600,3057000
HEVEA,2017-02-13,1.4600,1.4700,1.4500,1.4700,1518000
HEVEA,2017-02-14,1.4700,1.4700,1.4500,1.4600,2608700
HEVEA,2017-02-15,1.4700,1.5300,1.4700,1.5300,4051800
HEVEA,2017-02-16,1.5400,1.5400,1.5000,1.5100,5073600
HEVEA,2017-02-17,1.5100,1.5200,1.4900,1.5000,1291100
HEVEA,2017-02-20,1.5000,1.5300,1.4900,1.5300,2756100
HEVEA,2017-02-21,1.5300,1.5300,1.5200,1.5200,1540800
HEVEA,2017-02-22,1.5300,1.5300,1.5100,1.5200,1627800
HEVEA,2017-02-23,1.5300,1.5700,1.5200,1.5500,4836000
HEVEA,2017-02-24,1.5700,1.5700,1.5200,1.5400,3923800
HEVEA,2017-02-27,1.5500,1.5500,1.5000,1.5100,1955900
HEVEA,2017-02-28,1.5100,1.5100,1.4700,1.4800,1232500
HEVEA,2017-03-01,1.4800,1.5200,1.4800,1.5200,1063700
HEVEA,2017-03-02,1.5300,1.5400,1.5100,1.5200,5152000
HEVEA,2017-03-03,1.5200,1.5300,1.5000,1.5100,833100
HEVEA,2017-03-06,1.5100,1.5200,1.5000,1.5100,676400
HEVEA,2017-03-07,1.5100,1.5200,1.4900,1.4900,2230700
HEVEA,2017-03-08,1.5000,1.5200,1.4900,1.5100,3536400
HEVEA,2017-03-09,1.5100,1.5200,1.4900,1.4900,736800
HEVEA,2017-03-10,1.4900,1.5100,1.4800,1.5100,1327200
HEVEA,2017-03-13,1.5200,1.5200,1.4800,1.4900,1660200
HEVEA,2017-03-14,1.5000,1.5100,1.4900,1.4900,1151300
HEVEA,2017-03-15,1.4900,1.5100,1.4700,1.4900,2196700
HEVEA,2017-03-16,1.4900,1.4900,1.4600,1.4700,1333400
HEVEA,2017-03-17,1.4700,1.4800,1.4600,1.4700,725100
HEVEA,2017-03-20,1.4800,1.4800,1.4400,1.4400,1555200
HEVEA,2017-03-21,1.4400,1.4800,1.4400,1.4600,3277600
HEVEA,2017-03-22,1.4500,1.4500,1.4300,1.4500,1283900
HEVEA,2017-03-23,1.4500,1.4800,1.4500,1.4600,2375000
HEVEA,2017-03-24,1.4600,1.4700,1.4000,1.4200,3033500
HEVEA,2017-03-27,1.4200,1.4300,1.3900,1.4100,2925900
HEVEA,2017-03-28,1.4100,1.4100,1.3600,1.3900,7499100
HEVEA,2017-03-29,1.3900,1.4300,1.3900,1.4000,3793100
HEVEA,2017-04-03,1.4100,1.4200,1.4000,1.4100,2967200
HEVEA,2017-04-04,1.4100,1.4100,1.3800,1.3900,2462200
HEVEA,2017-04-05,1.3900,1.4000,1.3800,1.3800,1741900
HEVEA,2017-04-06,1.3900,1.3900,1.3600,1.3700,5109500
HEVEA,2017-04-07,1.3700,1.3800,1.3600,1.3700,2217100
HEVEA,2017-04-10,1.3800,1.4100,1.3800,1.3800,3045300
HEVEA,2017-04-11,1.3800,1.3800,1.3400,1.3600,5605200
HEVEA,2017-04-12,1.3600,1.3700,1.3500,1.3500,1898100
HEVEA,2017-04-13,1.3500,1.3600,1.3200,1.3300,2687600
HEVEA,2017-04-14,1.3200,1.3600,1.3000,1.3500,2265500
HEVEA,2017-04-17,1.3500,1.3600,1.3300,1.3600,1161100
HEVEA,2017-04-18,1.3600,1.3700,1.3400,1.3400,748200
HEVEA,2017-04-19,1.3400,1.3500,1.3200,1.3400,969600
HEVEA,2017-04-20,1.3400,1.3400,1.3200,1.3300,818300
HEVEA,2017-04-21,1.3400,1.3500,1.3200,1.3400,1631500
HEVEA,2017-04-25,1.3400,1.3400,1.3200,1.3300,1514000
HEVEA,2017-04-26,1.3200,1.3300,1.3100,1.3200,1578000
HEVEA,2017-04-27,1.3200,1.3300,1.3100,1.3200,2293900
HEVEA,2017-04-28,1.3300,1.3700,1.3200,1.3600,1755400
HEVEA,2017-05-02,1.3600,1.3600,1.3200,1.3400,2218500
HEVEA,2017-05-03,1.3400,1.3500,1.3200,1.3500,3100400
HEVEA,2017-05-04,1.3400,1.3400,1.3200,1.3300,2289100
HEVEA,2017-05-05,1.3400,1.3400,1.3200,1.3200,1641900
HEVEA,2017-05-08,1.3300,1.3500,1.3000,1.3100,4211100
HEVEA,2017-05-09,1.3100,1.3200,1.2900,1.3000,3028100
HEVEA,2017-05-11,1.3000,1.3100,1.2800,1.3000,4302900
HEVEA,2017-05-12,1.3000,1.3100,1.2900,1.2900,3276400
HEVEA,2017-05-15,1.3000,1.3100,1.2900,1.2900,2786400
HEVEA,2017-05-16,1.3000,1.3400,1.2900,1.3300,2166000
HEVEA,2017-05-17,1.3200,1.3300,1.3100,1.3100,1778000
HEVEA,2017-05-18,1.3100,1.4300,1.3000,1.4200,8314400
HEVEA,2017-05-19,1.4200,1.4500,1.4000,1.4200,5600500
HEVEA,2017-05-22,1.4200,1.4300,1.4000,1.4200,1662700
HEVEA,2017-05-23,1.4200,1.4200,1.3900,1.3900,1617600
HEVEA,2017-05-24,1.4400,1.4400,1.3900,1.4100,3600100
HEVEA,2017-05-25,1.4100,1.4400,1.3900,1.4200,2285000
HEVEA,2017-05-26,1.4100,1.4400,1.3800,1.3900,1060400
HEVEA,2017-05-29,1.3900,1.3900,1.3500,1.3600,862800
HEVEA,2017-05-31,1.3300,1.3500,1.3300,1.3300,967500
HEVEA,2017-06-01,1.3500,1.3800,1.3300,1.3700,554900
HEVEA,2017-06-02,1.3900,1.4000,1.3600,1.3700,980000
HEVEA,2017-06-05,1.3800,1.3900,1.3700,1.3700,847700
HEVEA,2017-06-06,1.3700,1.3900,1.3600,1.3600,1127800
HEVEA,2017-06-07,1.3500,1.3800,1.3500,1.3700,1301500
HEVEA,2017-06-08,1.3700,1.3800,1.3500,1.3600,699100
HEVEA,2017-06-09,1.3700,1.3700,1.3600,1.3600,583800
HEVEA,2017-06-13,1.3500,1.3500,1.3200,1.3300,568100
HEVEA,2017-06-14,1.3300,1.3300,1.3100,1.3200,1005000
HEVEA,2017-06-15,1.3300,1.3300,1.3200,1.3300,488100
HEVEA,2017-06-16,1.3300,1.3300,1.3000,1.3100,1645000
HEVEA,2017-06-19,1.3200,1.3200,1.3000,1.3000,1283700
HEVEA,2017-06-20,1.3100,1.3100,1.3000,1.3000,616700
HEVEA,2017-06-21,1.3100,1.3200,1.3000,1.3100,550900
HEVEA,2017-06-22,1.3200,1.3200,1.3000,1.3100,355800
HEVEA,2017-06-23,1.3100,1.3200,1.3000,1.3100,940900
HEVEA,2017-06-28,1.3100,1.3200,1.2900,1.3000,1741200
HEVEA,2017-06-29,1.3000,1.4000,1.2900,1.3800,3021900
HEVEA,2017-06-30,1.3700,1.4200,1.3700,1.4100,3528600
HEVEA,2017-07-03,1.4300,1.4600,1.4200,1.4300,6735600
HEVEA,2017-07-04,1.4400,1.5000,1.4400,1.4900,11212900
HEVEA,2017-07-05,1.5000,1.5200,1.4900,1.5200,6293700
HEVEA,2017-07-06,1.5300,1.5300,1.4700,1.4700,2525100
HEVEA,2017-07-07,1.4800,1.4900,1.4600,1.4800,2485400
HEVEA,2017-07-10,1.4900,1.5200,1.4900,1.5000,4439400
HEVEA,2017-07-11,1.5100,1.5100,1.4400,1.4700,3012900
HEVEA,2017-07-12,1.4700,1.5000,1.4700,1.4800,612300
HEVEA,2017-07-13,1.4800,1.5300,1.4800,1.5200,6022200
HEVEA,2017-07-14,1.5200,1.5200,1.5100,1.5100,795200
HEVEA,2017-07-17,1.5100,1.5300,1.5000,1.5300,1675900
HEVEA,2017-07-18,1.5300,1.5400,1.5100,1.5200,872000
HEVEA,2017-07-19,1.5100,1.5300,1.5100,1.5300,2706200
HEVEA,2017-07-20,1.5300,1.6400,1.5300,1.6200,19110800
HEVEA,2017-07-21,1.6200,1.6500,1.6000,1.6500,6310900
HEVEA,2017-07-24,1.6600,1.6800,1.6200,1.6200,6389300
HEVEA,2017-07-25,1.6300,1.6300,1.6100,1.6200,2375300
HEVEA,2017-07-26,1.6200,1.6300,1.6100,1.6200,1511600
HEVEA,2017-07-27,1.6300,1.6900,1.6300,1.6700,9850300
HEVEA,2017-07-28,1.6700,1.6900,1.6500,1.6800,6234600
HEVEA,2017-07-31,1.6800,1.6800,1.6600,1.6700,1938400
HEVEA,2017-08-01,1.6700,1.6700,1.6300,1.6300,3639100
HEVEA,2017-08-02,1.6300,1.6800,1.6200,1.6700,4163900
HEVEA,2017-08-03,1.6700,1.7800,1.6600,1.7400,14829200
HEVEA,2017-08-04,1.7500,1.7700,1.7200,1.7300,6937700
HEVEA,2017-08-07,1.7400,1.7600,1.7300,1.7500,3103300
HEVEA,2017-08-08,1.7500,1.7600,1.6700,1.7300,6061200
HEVEA,2017-08-09,1.7300,1.7600,1.7000,1.7200,5013500
HEVEA,2017-08-10,1.7000,1.7100,1.6600,1.6700,4102500
HEVEA,2017-08-11,1.6500,1.6600,1.6100,1.6600,6034000
HEVEA,2017-08-14,1.6600,1.7000,1.6600,1.7000,5688000
HEVEA,2017-08-15,1.7100,1.7200,1.6600,1.6900,4335600
HEVEA,2017-08-16,1.6800,1.7100,1.6600,1.7000,2971800
HEVEA,2017-08-17,1.7000,1.7200,1.6900,1.7000,2066900
HEVEA,2017-08-18,1.6800,1.7100,1.6700,1.7100,1945800
HEVEA,2017-08-21,1.7100,1.7700,1.7000,1.7500,4424600
HEVEA,2017-08-22,1.7500,1.7500,1.7200,1.7300,1538600
HEVEA,2017-08-23,1.7300,1.7600,1.7200,1.7500,1912000
HEVEA,2017-08-24,1.7400,1.7600,1.7200,1.7500,2217000
HEVEA,2017-08-25,1.6900,1.7300,1.6500,1.7000,10228600
HEVEA,2017-08-28,1.6900,1.7000,1.6700,1.6800,2496500
HEVEA,2017-08-30,1.6400,1.6800,1.6400,1.6700,1449200
HEVEA,2017-09-05,1.6700,1.6700,1.6000,1.6200,4117900
HEVEA,2017-09-06,1.6100,1.6100,1.5700,1.6000,5789100
HEVEA,2017-09-07,1.6000,1.6100,1.4800,1.5100,7124400
HEVEA,2017-09-08,1.5100,1.5300,1.4900,1.5100,2760700
HEVEA,2017-09-11,1.5200,1.5200,1.4900,1.5100,2479300
HEVEA,2017-09-12,1.5100,1.5800,1.5000,1.5700,3809400
HEVEA,2017-09-13,1.5700,1.5900,1.5400,1.5600,2053900
HEVEA,2017-09-14,1.5700,1.6000,1.5700,1.5900,1551200
HEVEA,2017-09-15,1.6100,1.6400,1.6100,1.6200,3273400
HEVEA,2017-09-18,1.6300,1.6400,1.5600,1.5700,1698800
HEVEA,2017-09-19,1.5700,1.5900,1.5600,1.5800,1746600
HEVEA,2017-09-20,1.5700,1.6100,1.5600,1.6100,1724900
HEVEA,2017-09-21,1.6200,1.6200,1.5800,1.5800,763200
HEVEA,2017-09-25,1.5900,1.5900,1.5600,1.5600,572800
HEVEA,2017-09-26,1.5500,1.5500,1.5200,1.5400,1141500
HEVEA,2017-09-27,1.5300,1.5900,1.5200,1.5800,1276500
HEVEA,2017-09-28,1.5800,1.6000,1.5500,1.5600,876000
HEVEA,2017-09-29,1.5500,1.5900,1.5300,1.5900,1047700
