IBHD,2007-01-03,0.2223,0.2235,0.2211,0.2211,55269
IBHD,2007-01-05,0.2223,0.2235,0.2211,0.2223,187064
IBHD,2007-01-09,0.2211,0.2235,0.2211,0.2235,131795
IBHD,2007-01-10,0.2211,0.2235,0.2199,0.2235,221076
IBHD,2007-01-11,0.2211,0.2235,0.2199,0.2235,99484
IBHD,2007-01-12,0.2211,0.2235,0.2188,0.2235,161555
IBHD,2007-01-15,0.2211,0.2235,0.2176,0.2235,154753
IBHD,2007-01-16,0.2199,0.2235,0.2188,0.2235,127544
IBHD,2007-01-17,0.2199,0.2235,0.2164,0.2235,153478
IBHD,2007-01-18,0.2223,0.2235,0.2199,0.2235,331614
IBHD,2007-01-19,0.2223,0.2235,0.2223,0.2235,216824
IBHD,2007-01-22,0.2587,0.2705,0.2329,0.2376,114789
IBHD,2007-01-24,0.2329,0.2329,0.2235,0.2246,123292
IBHD,2007-01-25,0.2235,0.2235,0.2223,0.2223,68023
IBHD,2007-01-26,0.2258,0.2282,0.2235,0.2235,72275
IBHD,2007-01-29,0.2258,0.2258,0.2235,0.2235,144550
IBHD,2007-01-30,0.2258,0.2305,0.2235,0.2235,89281
IBHD,2007-01-31,0.2235,0.2258,0.2235,0.2235,13180
IBHD,2007-02-02,0.2235,0.2235,0.2235,0.2235,68023
IBHD,2007-02-06,0.2235,0.2235,0.2223,0.2223,123292
IBHD,2007-02-07,0.2235,0.2235,0.2235,0.2235,17006
IBHD,2007-02-08,0.2235,0.2705,0.2211,0.2258,353296
IBHD,2007-02-09,0.2235,0.2352,0.2235,0.2282,76526
IBHD,2007-02-14,0.2305,0.2305,0.2305,0.2305,21257
IBHD,2007-02-15,0.2376,0.2705,0.2376,0.2446,56119
IBHD,2007-02-21,0.2705,0.3058,0.2517,0.2634,122442
IBHD,2007-02-22,0.2587,0.2658,0.2540,0.2634,173885
IBHD,2007-02-23,0.2658,0.3058,0.2658,0.2705,127969
IBHD,2007-02-26,0.2752,0.2893,0.2705,0.2823,601581
IBHD,2007-02-27,0.2823,0.2823,0.2493,0.2493,123292
IBHD,2007-03-01,0.2752,0.2752,0.2587,0.2587,186639
IBHD,2007-03-02,0.2470,0.2470,0.2446,0.2446,272093
IBHD,2007-03-05,0.2352,0.2352,0.2164,0.2164,168783
IBHD,2007-03-06,0.2352,0.2587,0.2246,0.2246,149226
IBHD,2007-03-07,0.2317,0.2340,0.2317,0.2340,59095
IBHD,2007-03-08,0.2329,0.2329,0.2329,0.2329,51017
IBHD,2007-03-09,0.2399,0.2470,0.2399,0.2470,59520
IBHD,2007-03-14,0.2352,0.2517,0.2352,0.2423,407289
IBHD,2007-03-19,0.2634,0.2705,0.2634,0.2705,42515
IBHD,2007-03-20,0.2658,0.2658,0.2634,0.2634,12754
IBHD,2007-03-21,0.2634,0.2634,0.2634,0.2634,9353
IBHD,2007-03-22,0.2611,0.2611,0.2587,0.2611,113939
IBHD,2007-03-23,0.2634,0.2634,0.2611,0.2611,30610
IBHD,2007-03-27,0.2634,0.2634,0.2611,0.2634,65898
IBHD,2007-03-28,0.2587,0.2587,0.2517,0.2587,229579
IBHD,2007-03-29,0.2587,0.2634,0.2587,0.2634,351595
IBHD,2007-03-30,0.2705,0.2823,0.2705,0.2728,530157
IBHD,2007-04-03,0.2893,0.2893,0.2846,0.2846,174310
IBHD,2007-04-04,0.2823,0.2846,0.2823,0.2823,1024176
IBHD,2007-04-05,0.2823,0.2893,0.2823,0.2893,208321
IBHD,2007-04-06,0.2917,0.2917,0.2870,0.2870,80778
IBHD,2007-04-09,0.2893,0.2964,0.2893,0.2940,187064
IBHD,2007-04-11,0.2917,0.2964,0.2917,0.2964,310356
IBHD,2007-04-12,0.2964,0.2987,0.2964,0.2964,232980
IBHD,2007-04-13,0.2987,0.3081,0.2964,0.3081,589252
IBHD,2007-04-16,0.3081,0.3340,0.3081,0.3340,528456
IBHD,2007-04-17,0.3340,0.3434,0.3199,0.3246,707442
IBHD,2007-04-18,0.3246,0.3246,0.3128,0.3152,221076
IBHD,2007-04-24,0.3763,0.3952,0.3740,0.3857,2572131
IBHD,2007-04-27,0.3646,0.3646,0.3575,0.3622,195567
IBHD,2007-04-30,0.3646,0.3646,0.3270,0.3387,268267
IBHD,2007-05-03,0.3270,0.3434,0.3246,0.3293,277620
IBHD,2007-05-04,0.3293,0.3317,0.3293,0.3317,39539
IBHD,2007-05-07,0.3246,0.3293,0.3222,0.3246,55269
IBHD,2007-05-08,0.3246,0.3246,0.3128,0.3175,204070
IBHD,2007-05-09,0.3175,0.3175,0.3058,0.3058,131795
IBHD,2007-05-10,0.3011,0.3058,0.3011,0.3058,72700
IBHD,2007-05-11,0.2987,0.3011,0.2987,0.3011,63772
IBHD,2007-05-15,0.3011,0.3011,0.3011,0.3011,25509
IBHD,2007-05-16,0.3011,0.3011,0.2964,0.2964,29760
IBHD,2007-05-18,0.2964,0.2964,0.2964,0.2964,29760
IBHD,2007-05-21,0.2964,0.2964,0.2846,0.2846,8503
IBHD,2007-05-22,0.2846,0.2964,0.2846,0.2964,56970
IBHD,2007-05-24,0.2752,0.2846,0.2752,0.2846,31461
IBHD,2007-05-25,0.2870,0.2870,0.2870,0.2870,13180
IBHD,2007-05-30,0.2752,0.2752,0.2587,0.2587,38263
IBHD,2007-05-31,0.2658,0.2658,0.2658,0.2658,12754
IBHD,2007-06-01,0.2799,0.2940,0.2799,0.2870,150502
IBHD,2007-06-04,0.2823,0.2823,0.2823,0.2823,5527
IBHD,2007-06-05,0.2823,0.2823,0.2752,0.2776,82478
IBHD,2007-06-07,0.2823,0.2940,0.2823,0.2940,36988
IBHD,2007-06-08,0.2940,0.2940,0.2823,0.2823,4251
IBHD,2007-06-11,0.2823,0.2940,0.2823,0.2846,93532
IBHD,2007-06-13,0.2940,0.2940,0.2893,0.2893,38263
IBHD,2007-06-15,0.2893,0.2893,0.2823,0.2823,15305
IBHD,2007-06-18,0.2940,0.3011,0.2917,0.2940,72275
IBHD,2007-06-19,0.2940,0.2940,0.2940,0.2940,6377
IBHD,2007-06-21,0.2728,0.2917,0.2728,0.2917,53143
IBHD,2007-06-22,0.2917,0.2917,0.2870,0.2870,31036
IBHD,2007-06-27,0.2893,0.2917,0.2893,0.2917,31886
IBHD,2007-07-02,0.2940,0.2987,0.2940,0.2987,25509
IBHD,2007-07-03,0.2964,0.2964,0.2917,0.2917,116915
IBHD,2007-07-04,0.2917,0.2964,0.2917,0.2964,58670
IBHD,2007-07-05,0.2964,0.2964,0.2964,0.2964,17006
IBHD,2007-07-09,0.2940,0.2940,0.2940,0.2940,9353
IBHD,2007-07-10,0.2940,0.2940,0.2940,0.2940,68023
IBHD,2007-07-11,0.2940,0.2940,0.2893,0.2893,110963
IBHD,2007-07-12,0.2870,0.3058,0.2870,0.3058,21257
IBHD,2007-07-13,0.3222,0.3222,0.3034,0.3058,25509
IBHD,2007-07-16,0.2870,0.3011,0.2870,0.3011,9778
IBHD,2007-07-17,0.3011,0.3011,0.2964,0.2964,68874
IBHD,2007-07-18,0.2964,0.2964,0.2964,0.2964,80778
IBHD,2007-07-19,0.2964,0.2987,0.2917,0.2940,46341
IBHD,2007-07-20,0.2987,0.2987,0.2987,0.2987,80778
IBHD,2007-07-23,0.2987,0.3058,0.2987,0.3058,122442
IBHD,2007-07-24,0.3058,0.3105,0.3034,0.3034,308231
IBHD,2007-07-25,0.3034,0.3105,0.3034,0.3034,204495
IBHD,2007-07-26,0.3058,0.3058,0.3058,0.3058,136047
IBHD,2007-07-27,0.2917,0.3128,0.2917,0.3058,92682
IBHD,2007-07-31,0.2940,0.2987,0.2940,0.2987,97783
IBHD,2007-08-01,0.2964,0.2964,0.2940,0.2940,102035
IBHD,2007-08-02,0.2870,0.2940,0.2870,0.2893,24658
IBHD,2007-08-03,0.2893,0.2893,0.2893,0.2893,34012
IBHD,2007-08-06,0.2846,0.2846,0.2776,0.2823,85029
IBHD,2007-08-07,0.2823,0.2823,0.2799,0.2799,68023
IBHD,2007-08-08,0.2799,0.2799,0.2799,0.2799,34012
IBHD,2007-08-09,0.2823,0.3011,0.2823,0.3011,85029
IBHD,2007-08-14,0.2752,0.2752,0.2752,0.2752,8503
IBHD,2007-08-15,0.2705,0.2799,0.2705,0.2799,72275
IBHD,2007-08-16,0.2705,0.2705,0.2564,0.2705,21257
IBHD,2007-08-17,0.2446,0.2681,0.2446,0.2681,70149
IBHD,2007-08-20,0.2587,0.2587,0.2587,0.2587,5952
IBHD,2007-08-21,0.2587,0.2587,0.2587,0.2587,68023
IBHD,2007-08-27,0.2823,0.2823,0.2399,0.2776,127544
IBHD,2007-08-28,0.2728,0.2728,0.2681,0.2681,28485
IBHD,2007-09-03,0.2705,0.2823,0.2705,0.2823,21257
IBHD,2007-09-05,0.2705,0.2705,0.2705,0.2705,17006
IBHD,2007-09-07,0.2681,0.2681,0.2681,0.2681,25509
IBHD,2007-09-11,0.2634,0.2634,0.2634,0.2634,2976
IBHD,2007-09-14,0.2587,0.2587,0.2587,0.2587,12754
IBHD,2007-09-19,0.2705,0.2705,0.2705,0.2705,12754
IBHD,2007-09-21,0.2564,0.2634,0.2540,0.2634,52293
IBHD,2007-09-26,0.2540,0.2658,0.2517,0.2611,419194
IBHD,2007-09-27,0.2517,0.2611,0.2517,0.2564,440026
IBHD,2007-09-28,0.2540,0.2540,0.2517,0.2540,187064
IBHD,2007-10-02,0.2540,0.2587,0.2493,0.2587,354997
IBHD,2007-10-03,0.2540,0.2540,0.2517,0.2517,314608
IBHD,2007-10-04,0.2517,0.2517,0.2517,0.2517,21257
IBHD,2007-10-05,0.2517,0.2540,0.2493,0.2540,233405
IBHD,2007-10-09,0.2493,0.2540,0.2493,0.2540,148801
IBHD,2007-10-10,0.2587,0.2587,0.2517,0.2517,164106
IBHD,2007-10-11,0.2587,0.2634,0.2587,0.2634,174310
IBHD,2007-10-16,0.2564,0.2634,0.2564,0.2611,199393
IBHD,2007-10-17,0.2540,0.2540,0.2540,0.2540,72275
IBHD,2007-10-23,0.2611,0.2611,0.2611,0.2611,12754
IBHD,2007-10-24,0.2634,0.2634,0.2634,0.2634,8503
IBHD,2007-10-26,0.2634,0.2658,0.2634,0.2658,68023
IBHD,2007-10-31,0.2658,0.2658,0.2658,0.2658,42515
IBHD,2007-11-02,0.2564,0.2564,0.2564,0.2564,29760
IBHD,2007-11-05,0.2540,0.2564,0.2540,0.2540,56970
IBHD,2007-11-06,0.2540,0.2540,0.2540,0.2540,21257
IBHD,2007-11-07,0.2540,0.2587,0.2540,0.2587,204920
IBHD,2007-11-09,0.2564,0.2564,0.2564,0.2564,31886
IBHD,2007-11-12,0.2540,0.2540,0.2540,0.2540,21257
IBHD,2007-11-13,0.2564,0.2564,0.2540,0.2540,85029
IBHD,2007-11-15,0.2517,0.2587,0.2517,0.2540,174310
IBHD,2007-11-19,0.2540,0.2540,0.2540,0.2540,23808
IBHD,2007-11-20,0.2493,0.2493,0.2493,0.2493,4251
IBHD,2007-11-21,0.2540,0.2540,0.2517,0.2517,34012
IBHD,2007-11-22,0.2517,0.2658,0.2493,0.2658,51443
IBHD,2007-11-28,0.2517,0.2658,0.2517,0.2658,99484
IBHD,2007-12-03,0.2587,0.2587,0.2540,0.2587,86305
IBHD,2007-12-06,0.2517,0.2564,0.2517,0.2564,26359
IBHD,2007-12-07,0.2540,0.2564,0.2517,0.2564,96083
IBHD,2007-12-10,0.2540,0.2540,0.2540,0.2540,51017
IBHD,2007-12-12,0.2540,0.2540,0.2540,0.2540,25509
IBHD,2007-12-17,0.2540,0.2634,0.2540,0.2634,7227
IBHD,2007-12-18,0.2540,0.2587,0.2517,0.2587,26359
IBHD,2007-12-21,0.2493,0.2564,0.2493,0.2564,63772
IBHD,2007-12-24,0.2517,0.2540,0.2517,0.2540,66748
IBHD,2007-12-26,0.2540,0.2540,0.2517,0.2517,60796
IBHD,2007-12-27,0.2517,0.2564,0.2517,0.2540,471486
IBHD,2008-01-02,0.2540,0.2540,0.2517,0.2517,42515
IBHD,2008-01-03,0.2540,0.2564,0.2540,0.2564,42515
IBHD,2008-01-04,0.2540,0.2540,0.2540,0.2540,26359
IBHD,2008-01-07,0.2352,0.2540,0.2352,0.2517,55269
IBHD,2008-01-09,0.2517,0.2587,0.2493,0.2587,268267
IBHD,2008-01-11,0.2493,0.2540,0.2493,0.2540,110538
IBHD,2008-01-14,0.2493,0.2517,0.2493,0.2517,195567
IBHD,2008-01-15,0.2493,0.2517,0.2493,0.2493,199818
IBHD,2008-01-16,0.2493,0.2493,0.2493,0.2493,47191
IBHD,2008-01-17,0.2517,0.2540,0.2517,0.2540,63347
IBHD,2008-01-18,0.2517,0.2540,0.2517,0.2540,63772
IBHD,2008-01-21,0.2517,0.2517,0.2493,0.2517,72275
IBHD,2008-01-24,0.2493,0.2517,0.2446,0.2517,85454
IBHD,2008-01-25,0.2540,0.2540,0.2517,0.2517,89706
IBHD,2008-01-28,0.2493,0.2493,0.2423,0.2493,131795
IBHD,2008-01-29,0.2493,0.2493,0.2470,0.2493,85029
IBHD,2008-01-30,0.2493,0.2493,0.2117,0.2470,123717
IBHD,2008-01-31,0.2470,0.2493,0.2470,0.2493,97783
IBHD,2008-02-05,0.2470,0.2493,0.2352,0.2470,206196
IBHD,2008-02-06,0.2470,0.2470,0.2470,0.2470,85029
IBHD,2008-02-12,0.2470,0.2470,0.2376,0.2470,152202
IBHD,2008-02-13,0.2446,0.2470,0.2376,0.2470,119041
IBHD,2008-02-15,0.2376,0.2376,0.2352,0.2376,106286
IBHD,2008-02-18,0.2352,0.2399,0.2352,0.2399,106712
IBHD,2008-02-19,0.2376,0.2399,0.2352,0.2399,107562
IBHD,2008-02-20,0.2352,0.2399,0.2329,0.2399,166232
IBHD,2008-02-22,0.2305,0.2329,0.2235,0.2329,185363
IBHD,2008-02-25,0.2329,0.2329,0.2023,0.2023,89706
IBHD,2008-02-26,0.2329,0.2399,0.2305,0.2399,87155
IBHD,2008-02-27,0.2376,0.2423,0.2376,0.2423,46766
IBHD,2008-03-04,0.2329,0.2329,0.2282,0.2293,85029
IBHD,2008-03-07,0.2305,0.2376,0.2305,0.2376,130095
IBHD,2008-03-12,0.2235,0.2235,0.2235,0.2235,22533
IBHD,2008-03-13,0.2235,0.2235,0.2235,0.2235,38263
IBHD,2008-03-14,0.2235,0.2235,0.2188,0.2211,85029
IBHD,2008-03-21,0.2823,0.2823,0.2823,0.2823,4251
IBHD,2008-03-24,0.2446,0.2470,0.2446,0.2470,42515
IBHD,2008-03-25,0.2423,0.2446,0.2423,0.2446,42515
IBHD,2008-03-26,0.2446,0.2446,0.2446,0.2446,46766
IBHD,2008-03-27,0.2423,0.2423,0.2423,0.2423,42515
IBHD,2008-03-31,0.2446,0.2776,0.2446,0.2776,42515
IBHD,2008-04-02,0.2823,0.2823,0.2823,0.2823,42515
IBHD,2008-04-16,0.2164,0.2164,0.2164,0.2164,425
IBHD,2008-04-17,0.2305,0.2305,0.2305,0.2305,8503
IBHD,2008-04-21,0.2399,0.2399,0.2399,0.2399,4251
IBHD,2008-04-30,0.2258,0.2258,0.2258,0.2258,12754
IBHD,2008-05-08,0.2258,0.2258,0.2258,0.2258,25509
IBHD,2008-05-09,0.2258,0.2258,0.2258,0.2258,22108
IBHD,2008-05-16,0.2258,0.2258,0.2258,0.2258,44640
IBHD,2008-05-20,0.2352,0.2423,0.2352,0.2423,53143
IBHD,2008-05-22,0.2352,0.2352,0.2352,0.2352,42515
IBHD,2008-05-23,0.2352,0.2352,0.2352,0.2352,47191
IBHD,2008-05-28,0.2352,0.2352,0.2352,0.2352,11054
IBHD,2008-05-30,0.2352,0.2352,0.2352,0.2352,8503
IBHD,2008-06-03,0.2352,0.2352,0.2352,0.2352,17006
IBHD,2008-06-04,0.2352,0.2352,0.2329,0.2329,9353
IBHD,2008-06-05,0.2329,0.2329,0.2329,0.2329,45916
IBHD,2008-06-06,0.2352,0.2399,0.2329,0.2399,8503
IBHD,2008-06-11,0.2329,0.2376,0.2329,0.2376,4251
IBHD,2008-06-12,0.2329,0.2399,0.2329,0.2399,8503
IBHD,2008-06-16,0.2352,0.2399,0.2329,0.2399,119891
IBHD,2008-06-18,0.2305,0.2305,0.2305,0.2305,9778
IBHD,2008-06-19,0.2352,0.2352,0.2352,0.2352,10629
IBHD,2008-06-20,0.2352,0.2352,0.2352,0.2352,21257
IBHD,2008-06-23,0.2352,0.2352,0.2352,0.2352,21257
IBHD,2008-06-24,0.2329,0.2352,0.2329,0.2352,21257
IBHD,2008-06-25,0.2352,0.2352,0.2352,0.2352,21257
IBHD,2008-06-26,0.2352,0.2352,0.2352,0.2352,21257
IBHD,2008-06-27,0.2352,0.2352,0.2352,0.2352,21257
IBHD,2008-06-30,0.2352,0.2352,0.2352,0.2352,21257
IBHD,2008-07-04,0.2282,0.2352,0.2282,0.2352,19557
IBHD,2008-07-10,0.2352,0.2352,0.2211,0.2235,42515
IBHD,2008-07-14,0.2340,0.2340,0.2340,0.2340,8503
IBHD,2008-07-17,0.2352,0.2352,0.2352,0.2352,21257
IBHD,2008-07-18,0.2352,0.2352,0.2352,0.2352,21257
IBHD,2008-07-21,0.2235,0.2352,0.2235,0.2352,18281
IBHD,2008-07-23,0.2258,0.2352,0.2258,0.2352,55269
IBHD,2008-07-24,0.2282,0.2340,0.2282,0.2340,6802
IBHD,2008-07-29,0.2352,0.2470,0.2340,0.2470,19557
IBHD,2008-07-30,0.2376,0.2376,0.2376,0.2376,4
IBHD,2008-08-01,0.2470,0.2470,0.2470,0.2470,9
IBHD,2008-08-07,0.2470,0.2470,0.2470,0.2470,21
IBHD,2008-08-08,0.2470,0.2470,0.2423,0.2470,56544
IBHD,2008-08-11,0.2470,0.2470,0.2470,0.2470,64
IBHD,2008-08-18,0.2470,0.2470,0.2376,0.2470,14880
IBHD,2008-08-21,0.2470,0.2470,0.2470,0.2470,42515
IBHD,2008-08-22,0.2423,0.2470,0.2423,0.2470,55269
IBHD,2008-08-28,0.2399,0.2517,0.2352,0.2470,25934
IBHD,2008-09-04,0.2399,0.2423,0.2352,0.2423,73975
IBHD,2008-09-08,0.2399,0.2823,0.2329,0.2823,153478
IBHD,2008-09-09,0.2399,0.2587,0.2376,0.2587,107562
IBHD,2008-09-10,0.2399,0.2470,0.2211,0.2470,122017
IBHD,2008-09-11,0.2352,0.2470,0.2352,0.2470,93532
IBHD,2008-09-12,0.2446,0.2470,0.2446,0.2470,28060
IBHD,2008-09-17,0.2340,0.2340,0.2340,0.2340,85029
IBHD,2008-09-22,0.2258,0.2258,0.2258,0.2258,42515
IBHD,2008-09-25,0.2258,0.2258,0.2258,0.2258,42515
IBHD,2008-10-07,0.2211,0.2211,0.2211,0.2211,42515
IBHD,2008-10-10,0.2117,0.2117,0.2117,0.2117,42515
IBHD,2008-10-13,0.2117,0.2305,0.1858,0.2305,81203
IBHD,2008-10-14,0.2117,0.2117,0.2117,0.2117,8503
IBHD,2008-10-20,0.2070,0.2070,0.2070,0.2070,8503
IBHD,2008-10-28,0.2117,0.2117,0.2117,0.2117,42515
IBHD,2008-10-29,0.2235,0.2235,0.1882,0.2093,140298
IBHD,2008-10-30,0.2117,0.2117,0.2117,0.2117,4251
IBHD,2008-11-10,0.2117,0.2117,0.2117,0.2117,42515
IBHD,2008-11-11,0.2117,0.2117,0.2117,0.2117,63772
IBHD,2008-11-13,0.1999,0.1999,0.1999,0.1999,42515
IBHD,2008-11-14,0.1999,0.1999,0.1999,0.1999,21257
IBHD,2008-11-25,0.1999,0.1999,0.1999,0.1999,8503
IBHD,2008-11-26,0.1846,0.1846,0.1823,0.1823,51017
IBHD,2008-11-27,0.1976,0.1976,0.1646,0.1976,18281
IBHD,2008-12-05,0.1882,0.1882,0.1882,0.1882,12329
IBHD,2008-12-12,0.1764,0.1764,0.1764,0.1764,99484
IBHD,2008-12-26,0.1882,0.2235,0.1882,0.2235,29760
IBHD,2008-12-30,0.2211,0.2352,0.2211,0.2352,65047
IBHD,2008-12-31,0.1999,0.2470,0.1999,0.2470,543761
IBHD,2009-01-06,0.2117,0.2340,0.2070,0.2340,85029
IBHD,2009-01-07,0.2235,0.2235,0.1988,0.2199,102885
IBHD,2009-01-08,0.2023,0.2117,0.1999,0.2117,25509
IBHD,2009-01-13,0.1882,0.1882,0.1882,0.1882,25934
IBHD,2009-01-14,0.1882,0.1882,0.1882,0.1882,25934
IBHD,2009-01-19,0.1835,0.1835,0.1670,0.1670,21257
IBHD,2009-01-20,0.1811,0.1811,0.1811,0.1811,8503
IBHD,2009-01-29,0.1764,0.1764,0.1764,0.1764,25934
IBHD,2009-01-30,0.1788,0.1788,0.1788,0.1788,8503
IBHD,2009-02-17,0.1811,0.1811,0.1811,0.1811,44215
IBHD,2009-02-19,0.1882,0.1882,0.1835,0.1835,46766
IBHD,2009-02-20,0.1882,0.1882,0.1882,0.1882,14455
IBHD,2009-02-23,0.1941,0.1941,0.1941,0.1941,44215
IBHD,2009-03-02,0.1811,0.1811,0.1811,0.1811,34012
IBHD,2009-03-10,0.1835,0.1835,0.1835,0.1835,29760
IBHD,2009-03-17,0.1835,0.1858,0.1835,0.1858,25509
IBHD,2009-03-19,0.1811,0.1835,0.1811,0.1835,12754
IBHD,2009-03-25,0.1835,0.1835,0.1835,0.1835,4251
IBHD,2009-04-01,0.1835,0.1882,0.1835,0.1882,144975
IBHD,2009-04-02,0.1882,0.1882,0.1835,0.1835,86305
IBHD,2009-04-03,0.1835,0.1835,0.1835,0.1835,127544
IBHD,2009-04-13,0.1952,0.2023,0.1952,0.2023,63772
IBHD,2009-04-15,0.1999,0.1999,0.1976,0.1976,4251
IBHD,2009-04-16,0.1976,0.2046,0.1976,0.2046,117765
IBHD,2009-04-22,0.2046,0.2046,0.1976,0.1976,74826
IBHD,2009-04-24,0.2093,0.2093,0.2046,0.2070,76951
IBHD,2009-04-27,0.1999,0.1999,0.1999,0.1999,78227
IBHD,2009-04-28,0.1976,0.1976,0.1976,0.1976,8503
IBHD,2009-04-30,0.2035,0.2046,0.2035,0.2046,55269
IBHD,2009-05-05,0.2023,0.2023,0.1999,0.1999,67173
IBHD,2009-05-06,0.1999,0.1999,0.1999,0.1999,17006
IBHD,2009-05-07,0.2046,0.2164,0.2046,0.2164,85029
IBHD,2009-05-12,0.1929,0.2223,0.1929,0.2223,2551
IBHD,2009-05-20,0.2035,0.2035,0.2035,0.2035,26359
IBHD,2009-05-22,0.1999,0.1999,0.1999,0.1999,51017
IBHD,2009-05-26,0.1929,0.1929,0.1929,0.1929,21257
IBHD,2009-06-03,0.1999,0.1999,0.1999,0.1999,44215
IBHD,2009-06-15,0.1905,0.2235,0.1905,0.2235,4251
IBHD,2009-06-17,0.2235,0.2305,0.2235,0.2235,128819
IBHD,2009-06-18,0.2070,0.2070,0.2070,0.2070,42515
IBHD,2009-06-25,0.2117,0.2164,0.2117,0.2164,140298
IBHD,2009-06-26,0.2188,0.2188,0.2188,0.2188,42515
IBHD,2009-07-10,0.2117,0.2117,0.2117,0.2117,14030
IBHD,2009-07-13,0.2117,0.2117,0.2117,0.2117,42515
IBHD,2009-07-14,0.2117,0.2117,0.2117,0.2117,29760
IBHD,2009-07-15,0.2117,0.2129,0.2117,0.2117,29760
IBHD,2009-07-16,0.2117,0.2117,0.2117,0.2117,42515
IBHD,2009-07-17,0.2117,0.2117,0.2117,0.2117,42515
IBHD,2009-07-21,0.2164,0.2164,0.2117,0.2140,62922
IBHD,2009-07-24,0.2140,0.2140,0.2117,0.2140,42515
IBHD,2009-08-07,0.2188,0.2188,0.2188,0.2188,42515
IBHD,2009-08-10,0.2199,0.2199,0.2199,0.2199,4251
IBHD,2009-08-11,0.2199,0.2258,0.2199,0.2258,25509
IBHD,2009-08-12,0.2211,0.2211,0.2199,0.2199,42515
IBHD,2009-08-13,0.2188,0.2188,0.2188,0.2188,17006
IBHD,2009-08-14,0.2211,0.2235,0.2211,0.2235,76526
IBHD,2009-08-19,0.2352,0.2376,0.2352,0.2376,64197
IBHD,2009-08-21,0.2470,0.2470,0.2352,0.2352,76526
IBHD,2009-08-26,0.2493,0.2493,0.2493,0.2493,8503
IBHD,2009-09-01,0.2235,0.2235,0.2235,0.2235,850
IBHD,2009-09-07,0.2258,0.2258,0.2258,0.2258,42515
IBHD,2009-09-08,0.2258,0.2258,0.2258,0.2258,27209
IBHD,2009-09-09,0.2329,0.2329,0.2329,0.2329,63772
IBHD,2009-09-10,0.2258,0.2258,0.2258,0.2258,51443
IBHD,2009-09-14,0.2258,0.2258,0.2258,0.2258,8503
IBHD,2009-09-23,0.2235,0.2235,0.2235,0.2235,4251
IBHD,2009-09-28,0.2235,0.2235,0.2235,0.2235,80778
IBHD,2009-09-29,0.2235,0.2258,0.2235,0.2258,99909
IBHD,2009-10-01,0.2258,0.2258,0.2258,0.2258,39113
IBHD,2009-10-02,0.2258,0.2258,0.2258,0.2258,29760
IBHD,2009-10-06,0.2258,0.2258,0.2258,0.2258,4251
IBHD,2009-10-13,0.2282,0.2282,0.2282,0.2282,6377
IBHD,2009-10-15,0.2258,0.2258,0.2258,0.2258,12754
IBHD,2009-10-19,0.2235,0.2235,0.2235,0.2235,4251
IBHD,2009-10-20,0.2235,0.2235,0.2235,0.2235,80778
IBHD,2009-10-21,0.2235,0.2235,0.2235,0.2235,8503
IBHD,2009-10-22,0.2235,0.2235,0.2235,0.2235,15305
IBHD,2009-10-29,0.2235,0.2235,0.2235,0.2235,15730
IBHD,2009-10-30,0.2235,0.2235,0.2235,0.2235,3826
IBHD,2009-11-02,0.2282,0.2282,0.2258,0.2258,29760
IBHD,2009-11-04,0.2258,0.2258,0.2258,0.2258,139873
IBHD,2009-11-10,0.2235,0.2246,0.2235,0.2235,63772
IBHD,2009-11-11,0.2235,0.2235,0.2235,0.2235,268267
IBHD,2009-11-13,0.2235,0.2235,0.2235,0.2235,21257
IBHD,2009-11-17,0.2258,0.2258,0.1929,0.1929,42515
IBHD,2009-11-18,0.2164,0.2164,0.2164,0.2164,4251
IBHD,2009-11-19,0.2129,0.2129,0.2117,0.2117,28485
IBHD,2009-11-20,0.2129,0.2129,0.2117,0.2117,8503
IBHD,2009-11-23,0.2117,0.2117,0.2117,0.2117,59520
IBHD,2009-11-24,0.2164,0.2164,0.2164,0.2164,17006
IBHD,2009-12-03,0.2117,0.2352,0.2117,0.2258,42515
IBHD,2009-12-07,0.1882,0.2258,0.1882,0.2258,850
IBHD,2009-12-08,0.2117,0.2117,0.2117,0.2117,8078
IBHD,2009-12-14,0.2117,0.2117,0.2117,0.2117,1701
IBHD,2009-12-15,0.2117,0.2117,0.2117,0.2117,40814
IBHD,2009-12-22,0.2235,0.2235,0.2235,0.2235,22108
IBHD,2009-12-23,0.2164,0.2164,0.2164,0.2164,21257
IBHD,2009-12-24,0.2140,0.2352,0.2140,0.2352,22533
IBHD,2010-01-07,0.2329,0.2329,0.2329,0.2329,42515
IBHD,2010-01-11,0.2305,0.2329,0.2305,0.2329,42515
IBHD,2010-01-13,0.2117,0.2117,0.2117,0.2117,25084
IBHD,2010-01-14,0.2152,0.2152,0.2152,0.2152,12754
IBHD,2010-01-15,0.2176,0.2223,0.2152,0.2199,180262
IBHD,2010-01-18,0.2164,0.2164,0.2164,0.2164,25509
IBHD,2010-01-19,0.2164,0.2164,0.2164,0.2164,3401
IBHD,2010-01-20,0.2188,0.2188,0.2188,0.2188,42515
IBHD,2010-01-26,0.2117,0.2117,0.2117,0.2117,21257
IBHD,2010-02-08,0.2117,0.2117,0.2117,0.2117,42515
IBHD,2010-02-09,0.2117,0.2117,0.2117,0.2117,30185
IBHD,2010-02-12,0.2117,0.2140,0.2117,0.2140,43365
IBHD,2010-02-17,0.2211,0.2211,0.2140,0.2140,65047
IBHD,2010-02-18,0.2140,0.2140,0.2140,0.2140,51017
IBHD,2010-02-22,0.2140,0.2140,0.2140,0.2140,38263
IBHD,2010-02-23,0.2117,0.2117,0.2117,0.2117,42515
IBHD,2010-02-24,0.2211,0.2211,0.2211,0.2211,42515
IBHD,2010-03-01,0.2117,0.2117,0.2117,0.2117,425
IBHD,2010-03-05,0.2211,0.2305,0.2188,0.2305,130945
IBHD,2010-03-18,0.2117,0.2117,0.2117,0.2117,38263
IBHD,2010-03-22,0.2164,0.2164,0.2117,0.2117,42515
IBHD,2010-03-23,0.2129,0.2129,0.2129,0.2129,21257
IBHD,2010-03-25,0.2140,0.2140,0.2140,0.2140,7653
IBHD,2010-03-30,0.2152,0.2164,0.2152,0.2164,59520
IBHD,2010-04-01,0.2164,0.2188,0.2164,0.2188,106286
IBHD,2010-04-02,0.2188,0.2235,0.2188,0.2188,106286
IBHD,2010-04-05,0.2188,0.2188,0.2188,0.2188,29760
IBHD,2010-04-08,0.2235,0.2246,0.2188,0.2188,79502
IBHD,2010-04-12,0.2188,0.2188,0.2188,0.2188,82053
IBHD,2010-04-15,0.2188,0.2188,0.2188,0.2188,2551
IBHD,2010-04-16,0.2188,0.2188,0.2188,0.2188,42515
IBHD,2010-04-19,0.2188,0.2188,0.2188,0.2188,32736
IBHD,2010-04-21,0.2117,0.2117,0.2117,0.2117,4251
IBHD,2010-04-22,0.2164,0.2164,0.2117,0.2117,25509
IBHD,2010-04-23,0.2117,0.2140,0.2117,0.2117,45916
IBHD,2010-04-26,0.2129,0.2129,0.2070,0.2070,143274
IBHD,2010-04-28,0.2164,0.2164,0.2129,0.2129,69724
IBHD,2010-04-30,0.2117,0.2117,0.2117,0.2117,42515
IBHD,2010-05-04,0.2117,0.2117,0.2117,0.2117,42515
IBHD,2010-05-05,0.2117,0.2117,0.2117,0.2117,42515
IBHD,2010-05-06,0.2117,0.2117,0.2117,0.2117,42515
IBHD,2010-05-13,0.2070,0.2070,0.2070,0.2070,4251
IBHD,2010-05-18,0.2070,0.2070,0.2070,0.2070,22108
IBHD,2010-05-19,0.2117,0.2117,0.2117,0.2117,12754
IBHD,2010-05-21,0.1999,0.1999,0.1999,0.1999,25934
IBHD,2010-05-25,0.2023,0.2023,0.1999,0.1999,145825
IBHD,2010-05-26,0.1999,0.1999,0.1999,0.1999,35712
IBHD,2010-05-31,0.2011,0.2011,0.2011,0.2011,12754
IBHD,2010-06-07,0.1999,0.2117,0.1999,0.2117,42515
IBHD,2010-06-08,0.2117,0.2117,0.2117,0.2117,25509
IBHD,2010-06-09,0.2117,0.2117,0.2117,0.2117,42515
IBHD,2010-06-18,0.2140,0.2164,0.2140,0.2164,14455
IBHD,2010-06-21,0.2117,0.2117,0.2117,0.2117,17006
IBHD,2010-06-24,0.2117,0.2117,0.2117,0.2117,42515
IBHD,2010-06-25,0.2117,0.2117,0.2117,0.2117,42515
IBHD,2010-06-28,0.2117,0.2117,0.2117,0.2117,42515
IBHD,2010-07-02,0.2117,0.2117,0.2117,0.2117,17006
IBHD,2010-07-12,0.1999,0.1999,0.1999,0.1999,850
IBHD,2010-08-06,0.2023,0.2164,0.2023,0.2164,37838
IBHD,2010-08-12,0.2082,0.2164,0.2082,0.2129,102885
IBHD,2010-08-13,0.2070,0.2117,0.2070,0.2070,85029
IBHD,2010-08-19,0.2117,0.2235,0.2117,0.2117,34012
IBHD,2010-08-20,0.1999,0.1999,0.1999,0.1999,22108
IBHD,2010-08-25,0.1999,0.1999,0.1999,0.1999,4251
IBHD,2010-09-20,0.1999,0.1999,0.1999,0.1999,21257
IBHD,2010-09-21,0.2035,0.2035,0.2035,0.2035,111388
IBHD,2010-09-22,0.2023,0.2023,0.2023,0.2023,42515
IBHD,2010-09-23,0.2023,0.2023,0.2023,0.2023,39113
IBHD,2010-10-01,0.2023,0.2023,0.1999,0.1999,165382
IBHD,2010-10-04,0.2023,0.2046,0.2023,0.2046,38263
IBHD,2010-10-05,0.1999,0.1999,0.1999,0.1999,42515
IBHD,2010-10-07,0.2211,0.2211,0.2023,0.2023,106286
IBHD,2010-10-08,0.2023,0.2023,0.2023,0.2023,127544
IBHD,2010-10-11,0.2023,0.2023,0.2023,0.2023,88430
IBHD,2010-10-14,0.2035,0.2035,0.2035,0.2035,14455
IBHD,2010-10-22,0.2035,0.2117,0.2023,0.2117,87155
IBHD,2010-10-27,0.2011,0.2035,0.2011,0.2035,25509
IBHD,2010-10-28,0.2058,0.2082,0.2058,0.2082,29760
IBHD,2010-11-03,0.2023,0.2023,0.2023,0.2023,21257
IBHD,2010-11-08,0.2035,0.2035,0.2023,0.2035,377104
IBHD,2010-11-11,0.2011,0.2011,0.1999,0.1999,46766
IBHD,2010-11-12,0.1999,0.1999,0.1999,0.1999,21257
IBHD,2010-11-18,0.1999,0.1999,0.1999,0.1999,425
IBHD,2010-11-19,0.1999,0.1999,0.1999,0.1999,17006
IBHD,2010-11-23,0.1999,0.1999,0.1999,0.1999,21257
IBHD,2010-11-25,0.1999,0.1999,0.1999,0.1999,119041
IBHD,2010-11-29,0.1999,0.1999,0.1999,0.1999,36137
IBHD,2010-12-03,0.1999,0.1999,0.1999,0.1999,26359
IBHD,2010-12-13,0.2082,0.2082,0.2082,0.2082,42515
IBHD,2010-12-14,0.2058,0.2058,0.2058,0.2058,8503
IBHD,2010-12-16,0.2093,0.2093,0.2011,0.2011,341817
IBHD,2010-12-22,0.1999,0.1999,0.1999,0.1999,62922
IBHD,2010-12-24,0.1999,0.1999,0.1999,0.1999,51017
IBHD,2010-12-28,0.2046,0.2046,0.2023,0.2023,48467
IBHD,2010-12-30,0.2023,0.2023,0.2023,0.2023,55269
IBHD,2011-01-04,0.2046,0.2046,0.2023,0.2023,55269
IBHD,2011-01-06,0.2046,0.2046,0.2023,0.2023,127544
IBHD,2011-01-12,0.2070,0.2070,0.2070,0.2070,31886
IBHD,2011-01-13,0.2070,0.2070,0.2070,0.2070,77376
IBHD,2011-01-14,0.2070,0.2093,0.2070,0.2070,106286
IBHD,2011-01-18,0.2082,0.2082,0.2070,0.2070,127544
IBHD,2011-01-21,0.2070,0.2070,0.2070,0.2070,12754
IBHD,2011-01-26,0.2117,0.2117,0.2117,0.2117,8503
IBHD,2011-02-02,0.2117,0.2117,0.2117,0.2117,68023
IBHD,2011-02-07,0.2117,0.2117,0.2117,0.2117,12754
IBHD,2011-02-08,0.2117,0.2188,0.2117,0.2188,191316
IBHD,2011-02-10,0.2117,0.2117,0.2117,0.2117,22533
IBHD,2011-02-11,0.2117,0.2117,0.2117,0.2117,59520
IBHD,2011-02-14,0.2117,0.2117,0.2117,0.2117,8503
IBHD,2011-02-17,0.2140,0.2140,0.2117,0.2117,21257
IBHD,2011-02-18,0.2117,0.2223,0.2117,0.2223,89706
IBHD,2011-02-21,0.2235,0.2235,0.2235,0.2235,17006
IBHD,2011-02-23,0.2117,0.2117,0.2117,0.2117,37413
IBHD,2011-02-24,0.2117,0.2117,0.2117,0.2117,102885
IBHD,2011-02-25,0.2117,0.2117,0.2117,0.2117,149651
IBHD,2011-03-01,0.2117,0.2117,0.2117,0.2117,63772
IBHD,2011-03-03,0.2117,0.2117,0.2117,0.2117,42515
IBHD,2011-03-04,0.2117,0.2117,0.2117,0.2117,6377
IBHD,2011-03-07,0.2117,0.2117,0.2117,0.2117,38263
IBHD,2011-03-09,0.2258,0.2258,0.2117,0.2117,46766
IBHD,2011-03-10,0.2117,0.2140,0.2117,0.2140,87580
IBHD,2011-03-15,0.2129,0.2129,0.2129,0.2129,39964
IBHD,2011-03-17,0.2117,0.2129,0.2117,0.2117,148801
IBHD,2011-03-18,0.2117,0.2117,0.2117,0.2117,8503
IBHD,2011-03-21,0.2117,0.2117,0.2117,0.2117,33587
IBHD,2011-03-22,0.2129,0.2129,0.2129,0.2129,2551
IBHD,2011-03-23,0.2129,0.2129,0.2129,0.2129,8503
IBHD,2011-03-25,0.2129,0.2129,0.2129,0.2129,4251
IBHD,2011-03-28,0.2129,0.2129,0.2129,0.2129,25509
IBHD,2011-03-29,0.2117,0.2129,0.2117,0.2129,85029
IBHD,2011-03-31,0.2117,0.2117,0.2117,0.2117,21257
IBHD,2011-04-06,0.2117,0.2117,0.2117,0.2117,17006
IBHD,2011-04-07,0.2117,0.2117,0.2117,0.2117,17006
IBHD,2011-04-11,0.2117,0.2117,0.2117,0.2117,85029
IBHD,2011-04-12,0.2140,0.2140,0.2117,0.2117,88430
IBHD,2011-04-13,0.2117,0.2117,0.2117,0.2117,4251
IBHD,2011-04-14,0.2117,0.2129,0.2117,0.2129,151352
IBHD,2011-04-15,0.2129,0.2129,0.2129,0.2129,8503
IBHD,2011-04-20,0.2117,0.2140,0.2117,0.2140,183663
IBHD,2011-04-21,0.2117,0.2117,0.2117,0.2117,1275
IBHD,2011-04-25,0.2117,0.2164,0.2117,0.2164,128394
IBHD,2011-04-26,0.2117,0.2117,0.2117,0.2117,29760
IBHD,2011-04-27,0.2117,0.2117,0.2117,0.2117,51017
IBHD,2011-04-29,0.2117,0.2117,0.2117,0.2117,38263
IBHD,2011-05-03,0.2117,0.2117,0.2117,0.2117,42515
IBHD,2011-05-04,0.2117,0.2117,0.2117,0.2117,106286
IBHD,2011-05-06,0.2117,0.2117,0.2117,0.2117,42515
IBHD,2011-05-13,0.2129,0.2140,0.2129,0.2140,226177
IBHD,2011-05-16,0.2117,0.2140,0.2117,0.2140,72275
IBHD,2011-05-19,0.2117,0.2117,0.2117,0.2117,42515
IBHD,2011-05-24,0.2117,0.2117,0.2117,0.2117,97783
IBHD,2011-05-25,0.2117,0.2117,0.2117,0.2117,81203
IBHD,2011-05-26,0.2117,0.2117,0.2117,0.2117,255087
IBHD,2011-05-27,0.2117,0.2117,0.2117,0.2117,63772
IBHD,2011-06-01,0.1952,0.1952,0.1952,0.1952,13605
IBHD,2011-06-13,0.1952,0.1952,0.1952,0.1952,7653
IBHD,2011-06-22,0.1929,0.1929,0.1929,0.1929,1701
IBHD,2011-07-06,0.1882,0.1882,0.1882,0.1882,172609
IBHD,2011-07-11,0.1858,0.1858,0.1858,0.1858,25084
IBHD,2011-07-15,0.1576,0.1576,0.1576,0.1576,8503
IBHD,2011-07-19,0.1764,0.1882,0.1764,0.1882,80778
IBHD,2011-07-21,0.1776,0.1835,0.1776,0.1835,10203
IBHD,2011-07-22,0.1941,0.1941,0.1941,0.1941,6802
IBHD,2011-07-29,0.1941,0.1941,0.1941,0.1941,55694
IBHD,2011-08-01,0.1941,0.1941,0.1941,0.1941,212573
IBHD,2011-08-02,0.1929,0.1929,0.1882,0.1882,33587
IBHD,2011-08-08,0.1670,0.1858,0.1670,0.1858,25509
IBHD,2011-08-09,0.1670,0.1788,0.1670,0.1788,9353
IBHD,2011-08-10,0.1764,0.1764,0.1764,0.1764,850
IBHD,2011-10-11,0.1741,0.1741,0.1741,0.1741,46766
IBHD,2011-10-24,0.1741,0.1741,0.1741,0.1741,42515
IBHD,2011-10-28,0.1717,0.1717,0.1717,0.1717,47616
IBHD,2011-11-15,0.1764,0.1764,0.1764,0.1764,17856
IBHD,2011-12-02,0.1764,0.1764,0.1764,0.1764,42515
IBHD,2011-12-16,0.1764,0.1764,0.1764,0.1764,212573
IBHD,2011-12-20,0.1764,0.1764,0.1764,0.1764,106286
IBHD,2011-12-30,0.1705,0.1729,0.1705,0.1729,45065
IBHD,2012-01-05,0.1729,0.1729,0.1729,0.1729,35712
IBHD,2012-01-12,0.1670,0.1670,0.1670,0.1670,14455
IBHD,2012-01-16,0.1670,0.1670,0.1670,0.1670,8503
IBHD,2012-02-03,0.1764,0.1788,0.1717,0.1717,42515
IBHD,2012-02-08,0.1717,0.1717,0.1717,0.1717,80778
IBHD,2012-02-10,0.1717,0.1717,0.1717,0.1717,63772
IBHD,2012-02-13,0.1670,0.1670,0.1670,0.1670,4251
IBHD,2012-02-14,0.1694,0.1694,0.1694,0.1694,42515
IBHD,2012-02-17,0.1717,0.1717,0.1694,0.1694,142424
IBHD,2012-02-23,0.1670,0.1670,0.1670,0.1670,42515
IBHD,2012-02-24,0.1670,0.1764,0.1670,0.1670,255087
IBHD,2012-02-27,0.1670,0.1670,0.1670,0.1670,78652
IBHD,2012-02-29,0.1646,0.1646,0.1646,0.1646,93532
IBHD,2012-03-01,0.1611,0.1611,0.1611,0.1611,39113
IBHD,2012-03-02,0.1646,0.1646,0.1646,0.1646,321410
IBHD,2012-03-08,0.1658,0.1658,0.1658,0.1658,42515
IBHD,2012-03-09,0.1600,0.1600,0.1600,0.1600,8503
IBHD,2012-03-12,0.1658,0.1670,0.1658,0.1670,42515
IBHD,2012-03-13,0.1646,0.1646,0.1646,0.1646,42515
IBHD,2012-03-19,0.1646,0.1646,0.1646,0.1646,42515
IBHD,2012-03-22,0.1646,0.1646,0.1646,0.1646,4251
IBHD,2012-03-23,0.1764,0.1788,0.1764,0.1764,391984
IBHD,2012-03-26,0.1788,0.1788,0.1776,0.1776,8078
IBHD,2012-03-27,0.1788,0.1929,0.1788,0.1929,285273
IBHD,2012-03-28,0.1846,0.1882,0.1835,0.1835,117340
IBHD,2012-04-04,0.1835,0.1929,0.1729,0.1929,126268
IBHD,2012-04-05,0.1929,0.1929,0.1788,0.1788,20832
IBHD,2012-04-06,0.1929,0.1929,0.1917,0.1917,89281
IBHD,2012-04-10,0.1952,0.1952,0.1917,0.1917,55269
IBHD,2012-04-17,0.1764,0.1788,0.1764,0.1764,65472
IBHD,2012-04-18,0.1788,0.1788,0.1788,0.1788,12754
IBHD,2012-04-20,0.1764,0.1764,0.1764,0.1764,14880
IBHD,2012-04-24,0.1835,0.1905,0.1835,0.1835,244459
IBHD,2012-04-25,0.1835,0.1835,0.1835,0.1835,42515
IBHD,2012-04-30,0.1811,0.1811,0.1811,0.1811,15305
IBHD,2012-05-02,0.1764,0.1764,0.1764,0.1764,21257
IBHD,2012-05-03,0.1788,0.1835,0.1788,0.1788,165807
IBHD,2012-05-07,0.1764,0.1835,0.1764,0.1835,46766
IBHD,2012-05-08,0.1764,0.1764,0.1764,0.1764,8503
IBHD,2012-05-09,0.1764,0.1835,0.1764,0.1764,74400
IBHD,2012-05-10,0.1764,0.1776,0.1764,0.1764,51017
IBHD,2012-05-11,0.1788,0.1788,0.1788,0.1788,29760
IBHD,2012-05-17,0.1788,0.1788,0.1788,0.1788,23383
IBHD,2012-05-18,0.1799,0.1799,0.1788,0.1788,129669
IBHD,2012-05-22,0.1835,0.1858,0.1835,0.1858,89281
IBHD,2012-05-23,0.1858,0.1941,0.1846,0.1941,224902
IBHD,2012-05-24,0.1952,0.1952,0.1917,0.1929,63772
IBHD,2012-05-25,0.1917,0.1917,0.1905,0.1917,79927
IBHD,2012-05-28,0.1905,0.1905,0.1882,0.1882,15730
IBHD,2012-05-31,0.1882,0.1882,0.1882,0.1882,68023
IBHD,2012-06-05,0.1952,0.1952,0.1941,0.1941,48467
IBHD,2012-06-06,0.1905,0.1941,0.1882,0.1882,565869
IBHD,2012-06-08,0.1882,0.1882,0.1858,0.1858,22108
IBHD,2012-06-11,0.1870,0.1870,0.1858,0.1858,170058
IBHD,2012-06-20,0.1882,0.1952,0.1882,0.1952,48892
IBHD,2012-06-29,0.1905,0.1905,0.1905,0.1905,8503
IBHD,2012-07-10,0.1893,0.1893,0.1882,0.1882,567995
IBHD,2012-07-12,0.1835,0.1988,0.1835,0.1988,47616
IBHD,2012-07-13,0.1835,0.1964,0.1835,0.1835,102885
IBHD,2012-07-16,0.1882,0.1882,0.1882,0.1882,72275
IBHD,2012-07-17,0.1999,0.2023,0.1999,0.2023,53568
IBHD,2012-07-18,0.1893,0.1893,0.1882,0.1882,47616
IBHD,2012-07-19,0.1882,0.1976,0.1882,0.1952,124993
IBHD,2012-07-20,0.1893,0.1905,0.1893,0.1905,64622
IBHD,2012-07-26,0.1905,0.1929,0.1905,0.1929,21257
IBHD,2012-07-27,0.1882,0.1882,0.1882,0.1882,8503
IBHD,2012-07-31,0.1905,0.1929,0.1882,0.1893,478289
IBHD,2012-08-02,0.1905,0.1905,0.1882,0.1905,42515
IBHD,2012-08-03,0.1835,0.1835,0.1835,0.1835,22108
IBHD,2012-08-07,0.1941,0.1941,0.1941,0.1941,42515
IBHD,2012-08-09,0.1929,0.1929,0.1929,0.1929,127544
IBHD,2012-08-13,0.1929,0.1999,0.1929,0.1988,122442
IBHD,2012-08-14,0.1999,0.2093,0.1999,0.2093,120741
IBHD,2012-08-15,0.1999,0.1999,0.1999,0.1999,29760
IBHD,2012-08-24,0.2188,0.2188,0.2188,0.2188,93532
IBHD,2012-08-27,0.2211,0.2211,0.2211,0.2211,109262
IBHD,2012-08-29,0.2188,0.2188,0.2188,0.2188,425
IBHD,2012-08-30,0.2164,0.2235,0.2164,0.2235,89281
IBHD,2012-09-03,0.2258,0.2258,0.2258,0.2258,8503
IBHD,2012-09-07,0.2305,0.2399,0.2305,0.2399,329913
IBHD,2012-09-12,0.2658,0.2658,0.2634,0.2634,106286
IBHD,2012-09-13,0.2634,0.2634,0.2611,0.2611,31461
IBHD,2012-09-14,0.2705,0.2893,0.2705,0.2776,362649
IBHD,2012-09-18,0.2823,0.2917,0.2823,0.2917,601156
IBHD,2012-09-19,0.2917,0.3364,0.2917,0.3270,1174677
IBHD,2012-09-20,0.3199,0.3199,0.3081,0.3175,519953
IBHD,2012-09-25,0.3058,0.3058,0.3011,0.3011,117765
IBHD,2012-09-26,0.3011,0.3011,0.2940,0.2940,249986
IBHD,2012-09-27,0.2964,0.3128,0.2964,0.3081,372002
IBHD,2012-09-28,0.3128,0.3128,0.3058,0.3058,197693
IBHD,2012-10-02,0.3011,0.3034,0.2964,0.2964,209172
IBHD,2012-10-03,0.3011,0.3034,0.2964,0.2987,359673
IBHD,2012-10-04,0.3011,0.3011,0.2987,0.2987,63772
IBHD,2012-10-05,0.3034,0.3081,0.2987,0.3081,94807
IBHD,2012-10-08,0.3011,0.3034,0.2987,0.2987,286973
IBHD,2012-10-11,0.2964,0.2964,0.2964,0.2964,68874
IBHD,2012-10-12,0.2940,0.2964,0.2940,0.2940,58670
IBHD,2012-10-16,0.2964,0.2964,0.2940,0.2940,126268
IBHD,2012-10-17,0.2940,0.2964,0.2917,0.2917,180687
IBHD,2012-10-22,0.2964,0.2964,0.2940,0.2940,54419
IBHD,2012-10-23,0.2987,0.2987,0.2964,0.2987,73550
IBHD,2012-10-24,0.3011,0.3105,0.3011,0.3034,168783
IBHD,2012-10-25,0.3034,0.3081,0.3034,0.3081,271243
IBHD,2012-10-29,0.3152,0.3152,0.3058,0.3058,371152
IBHD,2012-10-30,0.3034,0.3034,0.3011,0.3011,158579
IBHD,2012-10-31,0.2987,0.3034,0.2987,0.3034,215124
IBHD,2012-11-02,0.3011,0.3034,0.3011,0.3011,17006
IBHD,2012-11-06,0.3011,0.3011,0.2964,0.2987,65047
IBHD,2012-11-08,0.3011,0.3011,0.2987,0.2987,51017
IBHD,2012-11-12,0.2987,0.3011,0.2987,0.3011,62071
IBHD,2012-11-14,0.3011,0.3011,0.3011,0.3011,23808
IBHD,2012-11-16,0.3011,0.3058,0.3011,0.3034,118616
IBHD,2012-11-19,0.3058,0.3081,0.3058,0.3081,281872
IBHD,2012-11-20,0.3105,0.3105,0.3081,0.3105,63772
IBHD,2012-11-21,0.3105,0.3246,0.3081,0.3246,352871
IBHD,2012-11-23,0.3293,0.3387,0.3246,0.3293,739753
IBHD,2012-11-26,0.3270,0.3528,0.3270,0.3528,590952
IBHD,2012-11-27,0.3528,0.3528,0.3340,0.3528,423870
IBHD,2012-11-28,0.3505,0.3505,0.3411,0.3411,169633
IBHD,2012-11-29,0.3434,0.3434,0.3340,0.3340,34012
IBHD,2012-12-03,0.3528,0.3528,0.3481,0.3481,80778
IBHD,2012-12-04,0.3528,0.3528,0.3411,0.3481,408140
IBHD,2012-12-05,0.3458,0.3458,0.3411,0.3458,31461
IBHD,2012-12-06,0.3364,0.3411,0.3340,0.3411,81628
IBHD,2012-12-07,0.3364,0.3411,0.3293,0.3293,398361
IBHD,2012-12-10,0.3276,0.3528,0.3276,0.3528,9126
IBHD,2012-12-12,0.3276,0.3276,0.3276,0.3276,2381
IBHD,2012-12-13,0.3327,0.3327,0.3327,0.3327,7936
IBHD,2012-12-14,0.3327,0.3327,0.3301,0.3301,87297
IBHD,2012-12-18,0.3301,0.3301,0.3301,0.3301,39680
IBHD,2012-12-24,0.3352,0.3352,0.3352,0.3352,34919
IBHD,2012-12-27,0.3427,0.3427,0.3427,0.3427,794
IBHD,2012-12-28,0.3427,0.3427,0.3427,0.3427,16666
IBHD,2012-12-31,0.3352,0.3352,0.3352,0.3352,49600
IBHD,2013-01-02,0.3352,0.3402,0.3276,0.3352,98804
IBHD,2013-01-03,0.3301,0.3352,0.3301,0.3352,119041
IBHD,2013-01-04,0.3301,0.3301,0.3301,0.3301,32538
IBHD,2013-01-07,0.3352,0.3352,0.3352,0.3352,78964
IBHD,2013-01-08,0.3402,0.3553,0.3377,0.3528,284904
IBHD,2013-01-10,0.3528,0.3528,0.3478,0.3528,305935
IBHD,2013-01-11,0.3528,0.3553,0.3528,0.3528,388073
IBHD,2013-01-14,0.3402,0.3528,0.3402,0.3528,56743
IBHD,2013-01-15,0.3553,0.3553,0.3528,0.3528,60711
IBHD,2013-01-17,0.3579,0.3579,0.3503,0.3528,356329
IBHD,2013-01-18,0.3528,0.3553,0.3528,0.3528,278159
IBHD,2013-01-21,0.3528,0.3528,0.3453,0.3453,105153
IBHD,2013-01-22,0.3402,0.3402,0.3352,0.3352,63885
IBHD,2013-01-25,0.3427,0.3503,0.3377,0.3503,210305
IBHD,2013-01-29,0.3503,0.3579,0.3503,0.3503,163086
IBHD,2013-01-30,0.3528,0.3579,0.3503,0.3528,366249
IBHD,2013-02-06,0.3503,0.3503,0.3453,0.3478,165863
IBHD,2013-02-07,0.3478,0.3503,0.3427,0.3427,29760
IBHD,2013-02-08,0.3427,0.3478,0.3427,0.3427,64282
IBHD,2013-02-13,0.3427,0.3427,0.3427,0.3427,15872
IBHD,2013-02-14,0.3427,0.3427,0.3402,0.3427,50394
IBHD,2013-02-18,0.3427,0.3427,0.3402,0.3427,72218
IBHD,2013-02-19,0.3402,0.3453,0.3402,0.3453,12301
IBHD,2013-02-26,0.3427,0.3427,0.3427,0.3427,47220
IBHD,2013-02-27,0.3427,0.3427,0.3427,0.3427,19840
IBHD,2013-03-01,0.3402,0.3528,0.3402,0.3528,15872
IBHD,2013-03-04,0.3402,0.3478,0.3402,0.3478,31744
IBHD,2013-03-07,0.3427,0.3427,0.3377,0.3377,59520
IBHD,2013-03-11,0.3528,0.3780,0.3528,0.3654,1514992
IBHD,2013-03-12,0.3730,0.4234,0.3730,0.4133,3365283
IBHD,2013-03-13,0.4284,0.4435,0.4158,0.4234,1332860
IBHD,2013-03-14,0.4259,0.4284,0.4083,0.4158,262683
IBHD,2013-03-15,0.4183,0.4209,0.4158,0.4209,206337
IBHD,2013-03-18,0.4083,0.4183,0.3931,0.4057,274984
IBHD,2013-03-19,0.4057,0.4284,0.4057,0.4234,672580
IBHD,2013-03-21,0.4360,0.4713,0.4360,0.4637,1076922
IBHD,2013-03-22,0.4637,0.5368,0.4637,0.5192,2805791
IBHD,2013-03-25,0.5292,0.5746,0.5292,0.5670,2688337
IBHD,2013-03-27,0.5544,0.5721,0.5393,0.5544,1322146
IBHD,2013-03-29,0.5494,0.5494,0.5217,0.5368,491638
IBHD,2013-04-02,0.5091,0.5217,0.5040,0.5217,444022
IBHD,2013-04-03,0.5166,0.5166,0.4914,0.5065,1295164
IBHD,2013-04-04,0.5065,0.5393,0.5065,0.5292,474179
IBHD,2013-04-05,0.5317,0.5444,0.5267,0.5393,544810
IBHD,2013-04-08,0.5393,0.5418,0.5091,0.5292,261096
IBHD,2013-04-09,0.5343,0.5343,0.5040,0.5217,479337
IBHD,2013-04-10,0.5166,0.5166,0.5091,0.5166,294427
IBHD,2013-04-11,0.5192,0.5217,0.5166,0.5166,246811
IBHD,2013-04-12,0.5141,0.5192,0.5116,0.5192,278555
IBHD,2013-04-15,0.5192,0.5192,0.5141,0.5192,422595
IBHD,2013-04-16,0.5166,0.5645,0.5166,0.5645,447196
IBHD,2013-04-17,0.5645,0.5796,0.5645,0.5670,1441981
IBHD,2013-04-18,0.5569,0.5746,0.5569,0.5696,147611
IBHD,2013-04-19,0.5595,0.5595,0.5519,0.5544,105153
IBHD,2013-04-22,0.5696,0.5948,0.5670,0.5796,1639191
IBHD,2013-04-23,0.5847,0.5847,0.5620,0.5696,423785
IBHD,2013-04-24,0.5696,0.5746,0.5620,0.5696,485290
IBHD,2013-04-25,0.5721,0.5721,0.5670,0.5670,45235
IBHD,2013-04-26,0.5670,0.5746,0.5670,0.5670,264271
IBHD,2013-04-29,0.5670,0.5670,0.5418,0.5494,608298
IBHD,2013-04-30,0.5444,0.5469,0.5343,0.5469,333314
IBHD,2013-05-02,0.5494,0.5771,0.5444,0.5519,804319
IBHD,2013-05-03,0.5444,0.5721,0.5393,0.5519,878124
IBHD,2013-05-06,0.5771,0.6048,0.5771,0.5948,1068589
IBHD,2013-05-07,0.5948,0.6250,0.5948,0.6250,1158663
IBHD,2013-05-08,0.6275,0.6704,0.6225,0.6452,1145569
IBHD,2013-05-09,0.6401,0.6628,0.6275,0.6477,418230
IBHD,2013-05-10,0.6552,0.6905,0.6527,0.6880,918995
IBHD,2013-05-13,0.7006,0.7812,0.7006,0.7661,2200270
IBHD,2013-05-14,0.7888,0.7913,0.7031,0.7157,1589194
IBHD,2013-05-17,0.7182,0.7560,0.7182,0.7485,670993
IBHD,2013-05-20,0.7560,0.7812,0.7560,0.7661,671787
IBHD,2013-05-21,0.7661,0.7661,0.7510,0.7636,528144
IBHD,2013-05-22,0.7535,0.7560,0.7359,0.7485,346012
IBHD,2013-05-28,0.7409,0.7535,0.7384,0.7510,255938
IBHD,2013-05-29,0.7535,0.7535,0.7283,0.7535,478941
IBHD,2013-05-30,0.7460,0.7460,0.7308,0.7308,86900
IBHD,2013-05-31,0.7308,0.7812,0.7308,0.7510,309506
IBHD,2013-06-03,0.7460,0.7460,0.7434,0.7460,33331
IBHD,2013-06-04,0.7434,0.7434,0.7384,0.7434,48410
IBHD,2013-06-05,0.7510,0.7510,0.7384,0.7384,83725
IBHD,2013-06-06,0.7308,0.7334,0.7157,0.7283,464259
IBHD,2013-06-07,0.7182,0.7409,0.7182,0.7409,83725
IBHD,2013-06-10,0.7409,0.7434,0.7334,0.7384,78964
IBHD,2013-06-11,0.7384,0.7384,0.7258,0.7308,98407
IBHD,2013-06-12,0.7258,0.7258,0.7132,0.7258,107137
IBHD,2013-06-13,0.7132,0.7132,0.6981,0.7006,301967
IBHD,2013-06-14,0.7056,0.7157,0.7031,0.7031,93645
IBHD,2013-06-17,0.7031,0.7132,0.7006,0.7132,5158
IBHD,2013-06-18,0.7006,0.7308,0.7006,0.7308,51584
IBHD,2013-06-20,0.7157,0.7157,0.7107,0.7107,134913
IBHD,2013-06-21,0.6930,0.7056,0.6930,0.7056,67456
IBHD,2013-06-24,0.7006,0.7107,0.6754,0.6754,602743
IBHD,2013-06-25,0.6754,0.6779,0.6578,0.6653,631313
IBHD,2013-06-27,0.6326,0.6578,0.6326,0.6351,790828
IBHD,2013-06-28,0.6426,0.6426,0.6200,0.6326,296015
IBHD,2013-07-01,0.6401,0.6401,0.6250,0.6351,90074
IBHD,2013-07-02,0.6351,0.6351,0.6124,0.6300,108327
IBHD,2013-07-04,0.6200,0.6250,0.6174,0.6174,192846
IBHD,2013-07-05,0.6275,0.6754,0.6275,0.6678,259112
IBHD,2013-07-09,0.6552,0.6754,0.6552,0.6754,63885
IBHD,2013-07-10,0.6603,0.6754,0.6552,0.6678,59520
IBHD,2013-07-11,0.6578,0.6603,0.6552,0.6578,67853
IBHD,2013-07-16,0.6678,0.6754,0.6552,0.6754,53568
IBHD,2013-07-18,0.6704,0.6804,0.6704,0.6779,55949
IBHD,2013-07-23,0.6729,0.6855,0.6729,0.6855,109518
IBHD,2013-07-24,0.6855,0.7056,0.6855,0.6981,126977
IBHD,2013-07-25,0.6981,0.6981,0.6880,0.6956,94042
IBHD,2013-07-26,0.7182,0.7233,0.7006,0.7006,103565
IBHD,2013-07-30,0.7006,0.7006,0.6981,0.6981,85313
IBHD,2013-07-31,0.7006,0.7006,0.6804,0.6804,309903
IBHD,2013-08-01,0.6855,0.7031,0.6855,0.7031,86106
IBHD,2013-08-02,0.6930,0.6956,0.6930,0.6956,29760
IBHD,2013-08-05,0.6905,0.6956,0.6905,0.6930,91265
IBHD,2013-08-06,0.6930,0.6930,0.6905,0.6905,30157
IBHD,2013-08-12,0.6930,0.7031,0.6930,0.7031,253954
IBHD,2013-08-13,0.7031,0.7157,0.7031,0.7107,233717
IBHD,2013-08-15,0.7182,0.7334,0.7182,0.7182,132532
IBHD,2013-08-16,0.6326,0.7233,0.6326,0.7233,62298
IBHD,2013-08-20,0.6981,0.7233,0.6880,0.6880,49997
IBHD,2013-08-21,0.6880,0.6880,0.6880,0.6880,9523
IBHD,2013-08-22,0.6880,0.6880,0.6603,0.6855,243240
IBHD,2013-08-23,0.6729,0.6729,0.6578,0.6578,125390
IBHD,2013-08-27,0.6552,0.6552,0.6426,0.6426,238478
IBHD,2013-08-28,0.6401,0.6401,0.6023,0.6200,360694
IBHD,2013-08-30,0.6300,0.6300,0.6300,0.6300,108724
IBHD,2013-09-02,0.6275,0.6275,0.6225,0.6225,81345
IBHD,2013-09-03,0.6300,0.6351,0.6300,0.6300,144039
IBHD,2013-09-04,0.6326,0.6326,0.6300,0.6300,32141
IBHD,2013-09-05,0.6351,0.6502,0.6351,0.6502,92058
IBHD,2013-09-09,0.6704,0.6704,0.6704,0.6704,19840
IBHD,2013-09-10,0.6754,0.6804,0.6729,0.6754,138881
IBHD,2013-09-12,0.6830,0.6930,0.6830,0.6905,97613
IBHD,2013-09-17,0.6956,0.7006,0.6956,0.7006,23808
IBHD,2013-09-18,0.7006,0.7056,0.7006,0.7031,66266
IBHD,2013-09-20,0.7132,0.7182,0.7056,0.7056,136103
IBHD,2013-09-23,0.7056,0.7233,0.7056,0.7132,38887
IBHD,2013-09-24,0.7157,0.7182,0.7132,0.7132,63488
IBHD,2013-09-25,0.7132,0.7208,0.7132,0.7182,199988
IBHD,2013-09-27,0.7132,0.7132,0.7056,0.7056,101185
IBHD,2013-09-30,0.7056,0.7132,0.7056,0.7056,28967
IBHD,2013-10-01,0.7056,0.7056,0.6855,0.6855,68250
IBHD,2013-10-02,0.6930,0.6930,0.6930,0.6930,19840
IBHD,2013-10-03,0.6905,0.6905,0.6905,0.6905,3968
IBHD,2013-10-04,0.6930,0.6930,0.6930,0.6930,27776
IBHD,2013-10-07,0.6880,0.6930,0.6880,0.6880,71424
IBHD,2013-10-09,0.6880,0.6880,0.6855,0.6855,93645
IBHD,2013-10-10,0.6830,0.6830,0.6804,0.6830,45632
IBHD,2013-10-11,0.6930,0.6930,0.6830,0.6930,35712
IBHD,2013-10-14,0.6930,0.6930,0.6880,0.6930,63488
IBHD,2013-10-17,0.7258,0.7258,0.7056,0.7056,69044
IBHD,2013-10-21,0.6956,0.6981,0.6956,0.6981,38490
IBHD,2013-10-23,0.6981,0.6981,0.6956,0.6981,79361
IBHD,2013-10-24,0.6981,0.6981,0.6956,0.6981,86503
IBHD,2013-10-25,0.6981,0.6981,0.6981,0.6981,30554
IBHD,2013-10-28,0.6930,0.6930,0.6754,0.6804,92852
IBHD,2013-10-29,0.6804,0.6804,0.6804,0.6804,40077
IBHD,2013-10-31,0.6804,0.6804,0.6754,0.6754,42458
IBHD,2013-11-01,0.6729,0.6729,0.6729,0.6729,19840
IBHD,2013-11-06,0.6880,0.7056,0.6855,0.7006,94836
IBHD,2013-11-07,0.7031,0.7132,0.7006,0.7132,253557
IBHD,2013-11-08,0.7107,0.7208,0.7107,0.7182,97217
IBHD,2013-11-11,0.7233,0.7359,0.7233,0.7308,201179
IBHD,2013-11-12,0.7384,0.7384,0.7308,0.7308,131342
IBHD,2013-11-13,0.7308,0.7334,0.7308,0.7308,189275
IBHD,2013-11-14,0.7334,0.7334,0.7056,0.7056,164673
IBHD,2013-11-15,0.7182,0.7182,0.6930,0.6930,148404
IBHD,2013-11-18,0.6930,0.6930,0.6704,0.6704,102772
IBHD,2013-11-19,0.6754,0.6754,0.6250,0.6300,294031
IBHD,2013-11-20,0.6552,0.6678,0.6300,0.6300,388470
IBHD,2013-11-21,0.6376,0.6376,0.6174,0.6174,432515
IBHD,2013-11-22,0.6300,0.6300,0.5998,0.6048,855903
IBHD,2013-11-25,0.6250,0.6351,0.6200,0.6275,117850
IBHD,2013-11-26,0.6351,0.6351,0.6326,0.6351,72218
IBHD,2013-11-27,0.6401,0.6401,0.6326,0.6326,11904
IBHD,2013-11-29,0.6401,0.6401,0.6376,0.6376,3571
IBHD,2013-12-02,0.6250,0.6326,0.6200,0.6225,86106
IBHD,2013-12-04,0.6200,0.6300,0.6200,0.6300,20634
IBHD,2013-12-05,0.6426,0.6426,0.6300,0.6300,41267
IBHD,2013-12-10,0.6225,0.6225,0.6048,0.6149,59520
IBHD,2013-12-12,0.6174,0.6200,0.6149,0.6149,62695
IBHD,2013-12-13,0.6149,0.6149,0.5998,0.6073,166657
IBHD,2013-12-17,0.5998,0.5998,0.5696,0.5796,348789
IBHD,2013-12-18,0.5796,0.5796,0.5796,0.5796,2778
IBHD,2013-12-19,0.6048,0.6048,0.5796,0.5796,90471
IBHD,2013-12-20,0.5847,0.6426,0.5847,0.6426,49204
IBHD,2013-12-23,0.6678,0.6880,0.6678,0.6704,1103111
IBHD,2013-12-24,0.6729,0.6729,0.6426,0.6653,221019
IBHD,2013-12-30,0.6804,0.6804,0.6326,0.6351,136103
IBHD,2013-12-31,0.6426,0.6477,0.6351,0.6351,80551
IBHD,2014-01-02,0.6351,0.6502,0.6351,0.6502,19840
IBHD,2014-01-06,0.6502,0.6603,0.6477,0.6603,10714
IBHD,2014-01-07,0.6603,0.6603,0.6578,0.6603,132929
IBHD,2014-01-08,0.6578,0.6653,0.6552,0.6653,20237
IBHD,2014-01-09,0.6578,0.6804,0.6578,0.6754,299189
IBHD,2014-01-13,0.6930,0.6956,0.6804,0.6830,495606
IBHD,2014-01-15,0.6855,0.6930,0.6830,0.6880,201179
IBHD,2014-01-16,0.6956,0.7233,0.6930,0.7082,830111
IBHD,2014-01-20,0.7182,0.7359,0.7082,0.7208,898758
IBHD,2014-01-21,0.7208,0.7334,0.7208,0.7308,688056
IBHD,2014-01-22,0.7359,0.7359,0.7283,0.7283,411881
IBHD,2014-01-24,0.7056,0.7107,0.7056,0.7107,166260
IBHD,2014-01-27,0.7107,0.7107,0.6552,0.6804,84519
IBHD,2014-01-28,0.6678,0.6678,0.6678,0.6678,19840
IBHD,2014-01-29,0.6678,0.6804,0.6678,0.6804,63488
IBHD,2014-01-30,0.6804,0.6804,0.6804,0.6804,19047
IBHD,2014-02-04,0.6704,0.6704,0.6704,0.6704,15872
IBHD,2014-02-05,0.6729,0.6754,0.6704,0.6754,38887
IBHD,2014-02-06,0.6754,0.6754,0.6754,0.6754,11110
IBHD,2014-02-07,0.6804,0.6804,0.6804,0.6804,28967
IBHD,2014-02-10,0.6930,0.6930,0.6930,0.6930,3968
IBHD,2014-02-11,0.6930,0.6930,0.6930,0.6930,42855
IBHD,2014-02-17,0.6930,0.6956,0.6930,0.6956,149198
IBHD,2014-02-18,0.6930,0.6930,0.6930,0.6930,55552
IBHD,2014-02-20,0.6956,0.7157,0.6956,0.6956,152372
IBHD,2014-02-21,0.7233,0.7233,0.7233,0.7233,23808
IBHD,2014-02-24,0.7082,0.7308,0.7056,0.7308,111105
IBHD,2014-02-26,0.7283,0.7334,0.7283,0.7334,371010
IBHD,2014-02-27,0.7334,0.7485,0.7334,0.7359,361487
IBHD,2014-02-28,0.7308,0.7485,0.7308,0.7460,399580
IBHD,2014-03-03,0.7586,0.7586,0.7308,0.7510,377756
IBHD,2014-03-04,0.7359,0.7510,0.7308,0.7510,112295
IBHD,2014-03-05,0.7510,0.7510,0.7359,0.7510,279746
IBHD,2014-03-06,0.7384,0.7510,0.7384,0.7510,133722
IBHD,2014-03-07,0.7384,0.7510,0.7384,0.7510,87297
IBHD,2014-03-10,0.7384,0.7510,0.7384,0.7510,53568
IBHD,2014-03-11,0.7485,0.7485,0.7460,0.7460,48807
IBHD,2014-03-12,0.7434,0.7485,0.7434,0.7460,190862
IBHD,2014-03-13,0.7359,0.7510,0.7359,0.7510,92455
IBHD,2014-03-14,0.7510,0.7560,0.7434,0.7434,109518
IBHD,2014-03-18,0.7359,0.7434,0.7359,0.7384,76583
IBHD,2014-03-19,0.7384,0.7384,0.7384,0.7384,25792
IBHD,2014-03-21,0.7384,0.7384,0.7384,0.7384,397
IBHD,2014-03-24,0.7308,0.7308,0.7283,0.7283,50394
IBHD,2014-03-25,0.7258,0.7384,0.7258,0.7384,163483
IBHD,2014-03-26,0.7334,0.7334,0.7308,0.7308,7936
IBHD,2014-03-31,0.7308,0.7308,0.7308,0.7308,119041
IBHD,2014-04-01,0.7308,0.7308,0.7258,0.7308,17063
IBHD,2014-04-03,0.7208,0.7208,0.7208,0.7208,91661
IBHD,2014-04-08,0.7510,0.7560,0.7308,0.7334,37696
IBHD,2014-04-09,0.7434,0.7460,0.7434,0.7434,25395
IBHD,2014-04-10,0.7535,0.8014,0.7535,0.7938,618218
IBHD,2014-04-11,0.7938,0.7938,0.7737,0.7812,647185
IBHD,2014-04-15,0.7762,0.7762,0.7560,0.7686,455133
IBHD,2014-04-16,0.7812,0.7812,0.7787,0.7787,188084
IBHD,2014-04-18,0.8115,0.8417,0.8115,0.8367,582506
IBHD,2014-04-21,0.8392,0.8442,0.8266,0.8317,990022
IBHD,2014-04-23,0.8317,0.8417,0.8317,0.8367,268635
IBHD,2014-04-24,0.8317,0.8342,0.8190,0.8190,62298
IBHD,2014-04-25,0.8291,0.8417,0.8266,0.8367,1063034
IBHD,2014-04-28,0.8367,0.9148,0.8317,0.9022,824556
IBHD,2014-04-29,0.8821,0.8821,0.8417,0.8745,541239
IBHD,2014-04-30,0.8745,0.8770,0.8594,0.8745,160308
IBHD,2014-05-02,0.8694,0.8821,0.8694,0.8770,294031
IBHD,2014-05-05,0.8770,0.8770,0.8165,0.8291,618218
IBHD,2014-05-08,0.8392,0.8442,0.8392,0.8442,215464
IBHD,2014-05-09,0.8417,0.8442,0.8266,0.8417,279746
IBHD,2014-05-12,0.8291,0.8442,0.8266,0.8317,297999
IBHD,2014-05-14,0.8266,0.8468,0.8266,0.8442,88884
IBHD,2014-05-15,0.8367,0.8468,0.8317,0.8317,101185
IBHD,2014-05-16,0.8442,0.8493,0.8317,0.8317,27776
IBHD,2014-05-19,0.8317,0.8619,0.8291,0.8569,739243
IBHD,2014-05-20,0.8518,0.8518,0.8493,0.8518,321013
IBHD,2014-05-22,0.8392,0.8442,0.8317,0.8317,533699
IBHD,2014-05-26,0.8317,0.8317,0.8291,0.8317,106343
IBHD,2014-05-27,0.8342,0.8342,0.8317,0.8317,61504
IBHD,2014-05-28,0.8291,0.8342,0.8266,0.8342,220622
IBHD,2014-05-29,0.8342,0.8417,0.8317,0.8417,689643
IBHD,2014-05-30,0.8569,0.8569,0.8342,0.8367,26189
IBHD,2014-06-02,0.8367,0.8367,0.8291,0.8291,624964
IBHD,2014-06-04,0.8190,0.8190,0.8190,0.8190,26189
IBHD,2014-06-05,0.8216,0.8216,0.8216,0.8216,7936
IBHD,2014-06-06,0.8266,0.8543,0.8266,0.8543,627742
IBHD,2014-06-09,0.8342,0.8342,0.8342,0.8342,1190
IBHD,2014-06-10,0.8317,0.8392,0.8266,0.8392,357916
IBHD,2014-06-11,0.8367,0.8417,0.8342,0.8367,108327
IBHD,2014-06-12,0.8392,0.8442,0.8392,0.8442,52775
IBHD,2014-06-13,0.8442,0.8493,0.8442,0.8442,113089
IBHD,2014-06-16,0.8442,0.8442,0.8392,0.8392,192449
IBHD,2014-06-17,0.8392,0.8442,0.8367,0.8367,88487
IBHD,2014-06-18,0.8367,0.8367,0.8342,0.8342,119438
IBHD,2014-06-19,0.8342,0.8468,0.8342,0.8468,35712
IBHD,2014-06-20,0.8392,0.8392,0.8392,0.8392,35712
IBHD,2014-06-23,0.8342,0.8342,0.8317,0.8342,69837
IBHD,2014-06-25,0.8317,0.8342,0.8317,0.8317,96820
IBHD,2014-06-26,0.8317,0.8342,0.8317,0.8342,251573
IBHD,2014-07-03,0.8392,0.8468,0.8392,0.8417,104756
IBHD,2014-07-08,0.8594,0.8594,0.8543,0.8594,247605
IBHD,2014-07-09,0.8569,0.8569,0.8442,0.8442,235304
IBHD,2014-07-10,0.8493,0.8493,0.8367,0.8392,190068
IBHD,2014-07-11,0.8367,0.8417,0.8241,0.8241,466243
IBHD,2014-07-14,0.8241,0.8543,0.7938,0.8392,404342
IBHD,2014-07-16,0.8392,0.8442,0.8317,0.8417,579332
IBHD,2014-07-17,0.8468,0.8543,0.8442,0.8543,495210
IBHD,2014-07-18,0.8468,0.8468,0.8417,0.8417,41664
IBHD,2014-07-22,0.8745,0.8821,0.8518,0.8569,1277704
IBHD,2014-07-23,0.8569,0.8569,0.8468,0.8518,326569
IBHD,2014-07-24,0.8543,0.8543,0.8392,0.8468,336092
IBHD,2014-07-25,0.8569,0.9022,0.8569,0.8997,2226856
IBHD,2014-07-30,0.9022,0.9073,0.8946,0.9022,1370556
IBHD,2014-07-31,0.9022,0.9047,0.8946,0.8997,1121364
IBHD,2014-08-01,0.8896,0.8921,0.8846,0.8896,380930
IBHD,2014-08-04,0.8972,0.9526,0.8946,0.9299,3451389
IBHD,2014-08-05,0.9350,0.9728,0.9350,0.9627,3183547
IBHD,2014-08-06,0.9677,0.9854,0.9325,0.9325,1301512
IBHD,2014-08-07,0.9375,0.9425,0.9274,0.9425,269627
IBHD,2014-08-08,0.9476,0.9526,0.9173,0.9476,546596
IBHD,2014-08-12,1.0484,1.0937,1.0433,1.0585,2683377
IBHD,2014-08-13,1.0685,1.1038,1.0585,1.0786,1468566
IBHD,2014-08-14,1.0887,1.1290,1.0887,1.0988,2100871
IBHD,2014-08-15,1.1038,1.1089,1.0635,1.0736,690635
IBHD,2014-08-19,1.1038,1.1139,1.0585,1.0585,1766763
IBHD,2014-08-20,1.0736,1.0736,1.0131,1.0433,990221
IBHD,2014-08-21,1.0534,1.0937,1.0333,1.0333,1058074
IBHD,2014-08-22,1.0484,1.0484,1.0131,1.0131,1475312
IBHD,2014-08-25,1.0181,1.0484,1.0181,1.0282,1588004
IBHD,2014-08-26,1.0333,1.0786,1.0333,1.0534,1468963
IBHD,2014-08-28,1.1038,1.1593,1.0937,1.1290,1787397
IBHD,2014-09-02,1.1744,1.2903,1.1744,1.2853,5382032
IBHD,2014-09-03,1.2903,1.3155,1.1996,1.2248,3624990
IBHD,2014-09-04,1.2248,1.2701,1.1946,1.2651,2540925
IBHD,2014-09-05,1.2651,1.2903,1.2097,1.2147,2379823
IBHD,2014-09-10,1.0000,1.1083,0.9500,1.0417,22431600
IBHD,2014-09-11,1.0667,1.0750,1.0250,1.0417,3499680
IBHD,2014-09-17,0.9750,0.9833,0.8917,0.9083,7337760
IBHD,2014-09-18,0.9000,0.9667,0.9000,0.9250,7225320
IBHD,2014-09-19,0.9417,0.9500,0.9167,0.9250,2061360
IBHD,2014-09-23,0.9417,0.9500,0.9250,0.9417,1645920
IBHD,2014-09-24,0.9333,0.9417,0.9250,0.9333,1110360
IBHD,2014-09-25,0.9333,0.9417,0.9333,0.9333,1432560
IBHD,2014-09-26,0.9333,0.9333,0.9167,0.9167,936840
IBHD,2014-09-29,0.9250,0.9500,0.9167,0.9250,1531560
IBHD,2014-09-30,0.9250,0.9250,0.9167,0.9167,1101240
IBHD,2014-10-01,0.9250,0.9250,0.9000,0.9000,866760
IBHD,2014-10-02,0.9000,0.9167,0.8917,0.8917,625560
IBHD,2014-10-03,0.8917,0.9000,0.8583,0.8833,1189320
IBHD,2014-10-07,0.8833,0.8833,0.8583,0.8583,657360
IBHD,2014-10-08,0.8500,0.8500,0.8208,0.8292,866640
IBHD,2014-10-09,0.8333,0.8750,0.8333,0.8667,697920
IBHD,2014-10-10,0.8500,0.8500,0.8100,0.8200,1548700
IBHD,2014-10-13,0.8100,0.8100,0.7550,0.7600,1411300
IBHD,2014-10-14,0.7300,0.7300,0.6950,0.7100,5436800
IBHD,2014-10-15,0.7050,0.7150,0.6650,0.6650,2417400
IBHD,2014-10-16,0.6500,0.6500,0.6250,0.6300,3191200
IBHD,2014-10-17,0.6350,0.6700,0.6350,0.6700,3974900
IBHD,2014-10-20,0.6850,0.6950,0.6700,0.6700,4479900
IBHD,2014-10-21,0.6750,0.6750,0.6550,0.6600,1039200
IBHD,2014-10-24,0.6850,0.6950,0.6700,0.6800,1668100
IBHD,2014-10-27,0.6800,0.7400,0.6700,0.7400,6053200
IBHD,2014-10-28,0.7300,0.7350,0.7050,0.7200,2902200
IBHD,2014-10-29,0.7200,0.7400,0.7200,0.7300,5742300
IBHD,2014-10-30,0.7250,0.7300,0.7150,0.7250,2032700
IBHD,2014-10-31,0.7300,0.7750,0.7300,0.7650,10594900
IBHD,2014-11-03,0.7800,0.8050,0.7700,0.7800,17370500
IBHD,2014-11-04,0.7900,0.7900,0.7700,0.7750,4719400
IBHD,2014-11-05,0.7700,0.7750,0.7600,0.7650,2226000
IBHD,2014-11-06,0.7650,0.7750,0.7500,0.7550,3084000
IBHD,2014-11-10,0.7550,0.7600,0.7350,0.7400,2421100
IBHD,2014-11-17,0.7350,0.7350,0.7150,0.7150,1651800
IBHD,2014-11-18,0.7050,0.7300,0.6950,0.7300,1986100
IBHD,2014-11-19,0.7300,0.7350,0.7100,0.7150,1687800
IBHD,2014-11-27,0.7050,0.7050,0.6850,0.6900,936700
IBHD,2014-11-28,0.6900,0.6900,0.6700,0.6750,1532400
IBHD,2014-12-01,0.6650,0.6650,0.6100,0.6200,3755800
IBHD,2014-12-02,0.6150,0.6400,0.6100,0.6400,1471400
IBHD,2014-12-03,0.6400,0.6400,0.6100,0.6100,1061100
IBHD,2014-12-04,0.6250,0.6250,0.6100,0.6200,1031500
IBHD,2014-12-05,0.6200,0.6300,0.6200,0.6200,877500
IBHD,2014-12-08,0.6200,0.6300,0.6150,0.6200,675600
IBHD,2014-12-09,0.6150,0.6200,0.6100,0.6100,485500
IBHD,2014-12-10,0.6100,0.6200,0.6100,0.6150,681500
IBHD,2014-12-11,0.6100,0.6150,0.5950,0.6000,1227700
IBHD,2014-12-12,0.6000,0.6000,0.5750,0.5750,1884900
IBHD,2014-12-15,0.5550,0.5550,0.5250,0.5250,2936700
IBHD,2014-12-16,0.5150,0.5400,0.5150,0.5150,1155400
IBHD,2014-12-17,0.5150,0.5400,0.5150,0.5400,1401200
IBHD,2014-12-18,0.5450,0.5700,0.5450,0.5600,1590300
IBHD,2014-12-19,0.5750,0.5800,0.5650,0.5750,1200900
IBHD,2014-12-22,0.5800,0.6100,0.5800,0.6100,1402300
IBHD,2014-12-23,0.6100,0.6100,0.5800,0.5800,1189800
IBHD,2014-12-24,0.5800,0.5900,0.5750,0.5850,503400
IBHD,2014-12-26,0.5850,0.6000,0.5850,0.5950,1279800
IBHD,2014-12-29,0.5950,0.6250,0.5950,0.6200,1131900
IBHD,2014-12-30,0.6200,0.6550,0.6200,0.6350,2683400
IBHD,2014-12-31,0.6300,0.6400,0.6150,0.6200,444400
IBHD,2015-01-02,0.6200,0.6350,0.6100,0.6350,443200
IBHD,2015-01-05,0.6200,0.6250,0.6050,0.6050,338900
IBHD,2015-01-06,0.6000,0.6050,0.5750,0.6000,1171000
IBHD,2015-01-07,0.5900,0.6100,0.5900,0.6050,669500
IBHD,2015-01-08,0.6100,0.6250,0.6100,0.6200,445700
IBHD,2015-01-09,0.6200,0.6200,0.6150,0.6150,482300
IBHD,2015-01-12,0.6100,0.6150,0.6000,0.6050,325000
IBHD,2015-01-13,0.6100,0.6300,0.6100,0.6300,718400
IBHD,2015-01-14,0.6300,0.6300,0.6150,0.6200,597300
IBHD,2015-01-15,0.6250,0.6500,0.6200,0.6500,1335200
IBHD,2015-01-16,0.6500,0.6500,0.6350,0.6450,529100
IBHD,2015-01-19,0.6550,0.6550,0.6400,0.6450,261600
IBHD,2015-01-20,0.6400,0.6450,0.6300,0.6300,704600
IBHD,2015-01-21,0.6300,0.6400,0.6300,0.6400,492600
IBHD,2015-01-22,0.6400,0.6500,0.6350,0.6400,1302900
IBHD,2015-01-23,0.6400,0.6500,0.6350,0.6400,1099400
IBHD,2015-01-26,0.6350,0.6400,0.6250,0.6250,300400
IBHD,2015-01-27,0.6300,0.6300,0.6200,0.6250,281800
IBHD,2015-01-28,0.6250,0.6300,0.6150,0.6150,623000
IBHD,2015-01-29,0.6200,0.6200,0.6050,0.6150,309100
IBHD,2015-01-30,0.6300,0.6300,0.6150,0.6150,209400
IBHD,2015-02-04,0.6300,0.6300,0.6100,0.6100,274200
IBHD,2015-02-05,0.6150,0.6200,0.6100,0.6100,215100
IBHD,2015-02-06,0.6150,0.6200,0.6100,0.6150,1996500
IBHD,2015-02-09,0.6150,0.6200,0.6050,0.6100,267200
IBHD,2015-02-10,0.6100,0.6150,0.6050,0.6050,981900
IBHD,2015-02-11,0.6050,0.6150,0.6000,0.6050,503400
IBHD,2015-02-12,0.6100,0.6100,0.6000,0.6000,290300
IBHD,2015-02-13,0.6000,0.6100,0.6000,0.6050,712600
IBHD,2015-02-16,0.6050,0.6100,0.6050,0.6050,253700
IBHD,2015-02-17,0.6050,0.6100,0.6050,0.6050,141100
IBHD,2015-02-18,0.6050,0.6100,0.6050,0.6100,276300
IBHD,2015-02-23,0.6100,0.6150,0.6100,0.6100,353700
IBHD,2015-02-24,0.6150,0.6200,0.6100,0.6100,338000
IBHD,2015-02-25,0.6150,0.6200,0.6100,0.6100,767000
IBHD,2015-02-26,0.6200,0.6250,0.6150,0.6200,1373300
IBHD,2015-02-27,0.6200,0.6450,0.6200,0.6400,1919400
IBHD,2015-03-02,0.6450,0.6850,0.6450,0.6850,8463400
IBHD,2015-03-03,0.6950,0.6950,0.6650,0.6750,3536600
IBHD,2015-03-04,0.6750,0.6750,0.6600,0.6600,882400
IBHD,2015-03-05,0.6600,0.6600,0.6350,0.6350,926800
IBHD,2015-03-06,0.6350,0.6600,0.6350,0.6600,1398000
IBHD,2015-03-09,0.6550,0.6550,0.6400,0.6400,1097000
IBHD,2015-03-10,0.6400,0.6450,0.6400,0.6400,483100
IBHD,2015-03-11,0.6350,0.6400,0.6300,0.6300,618200
IBHD,2015-03-12,0.6300,0.6500,0.6300,0.6350,1100000
IBHD,2015-03-13,0.6500,0.6850,0.6500,0.6700,6288100
IBHD,2015-03-16,0.6750,0.6850,0.6700,0.6700,3813300
IBHD,2015-03-17,0.6700,0.6700,0.6450,0.6500,892700
IBHD,2015-03-18,0.6450,0.6450,0.6350,0.6400,1096900
IBHD,2015-03-19,0.6400,0.6500,0.6350,0.6350,1230800
IBHD,2015-03-20,0.6350,0.6350,0.6300,0.6350,1003300
IBHD,2015-03-23,0.6350,0.6450,0.6250,0.6250,817700
IBHD,2015-03-24,0.6250,0.6300,0.6250,0.6250,237300
IBHD,2015-03-25,0.6350,0.6350,0.6250,0.6300,285300
IBHD,2015-03-26,0.6250,0.6350,0.6250,0.6350,495300
IBHD,2015-03-27,0.6300,0.6300,0.6250,0.6300,302500
IBHD,2015-03-30,0.6300,0.6350,0.6250,0.6250,252800
IBHD,2015-03-31,0.6250,0.6300,0.6250,0.6250,226700
IBHD,2015-04-01,0.6250,0.6250,0.6200,0.6200,202800
IBHD,2015-04-02,0.6150,0.6250,0.6050,0.6100,1681300
IBHD,2015-04-03,0.6100,0.6200,0.6100,0.6200,184400
IBHD,2015-04-06,0.6150,0.6150,0.6100,0.6150,273800
IBHD,2015-04-07,0.6200,0.6300,0.6150,0.6250,929900
IBHD,2015-04-08,0.6250,0.6250,0.6200,0.6250,136200
IBHD,2015-04-09,0.6250,0.6400,0.6200,0.6400,2123900
IBHD,2015-04-10,0.6400,0.6400,0.6300,0.6350,616400
IBHD,2015-04-13,0.6300,0.6400,0.6300,0.6300,295400
IBHD,2015-04-14,0.6300,0.6300,0.6200,0.6200,404400
IBHD,2015-04-15,0.6200,0.6400,0.6200,0.6300,1423400
IBHD,2015-04-16,0.6350,0.6550,0.6300,0.6500,1928900
IBHD,2015-04-17,0.6600,0.6750,0.6550,0.6600,5679800
IBHD,2015-04-20,0.6550,0.6600,0.6450,0.6450,723700
IBHD,2015-04-21,0.6450,0.6550,0.6450,0.6500,855600
IBHD,2015-04-22,0.6500,0.6500,0.6350,0.6350,677800
IBHD,2015-04-23,0.6350,0.6400,0.6250,0.6350,1380400
IBHD,2015-04-24,0.6300,0.6350,0.6300,0.6350,327300
IBHD,2015-04-27,0.6300,0.6300,0.6200,0.6200,730000
IBHD,2015-04-28,0.6250,0.6250,0.6100,0.6150,819500
IBHD,2015-04-29,0.6100,0.6200,0.6100,0.6100,393200
IBHD,2015-04-30,0.6150,0.6200,0.6150,0.6150,158100
IBHD,2015-05-05,0.6150,0.6150,0.6100,0.6100,604100
IBHD,2015-05-06,0.6150,0.6150,0.6050,0.6100,824600
IBHD,2015-05-07,0.6100,0.6100,0.6050,0.6100,911200
IBHD,2015-05-08,0.6100,0.6150,0.6050,0.6100,1202200
IBHD,2015-05-11,0.6100,0.6150,0.6100,0.6100,275000
IBHD,2015-05-12,0.6050,0.6050,0.6050,0.6050,238000
IBHD,2015-05-13,0.6050,0.6200,0.6000,0.6150,560000
IBHD,2015-05-14,0.6100,0.6100,0.6050,0.6100,261500
IBHD,2015-05-15,0.6100,0.6100,0.6050,0.6050,63600
IBHD,2015-05-18,0.6100,0.6400,0.6100,0.6400,1314700
IBHD,2015-05-19,0.6450,0.6450,0.6250,0.6300,1920100
IBHD,2015-05-20,0.6300,0.6400,0.6250,0.6300,1646600
IBHD,2015-05-21,0.6300,0.6300,0.6100,0.6100,1188600
IBHD,2015-05-25,0.6100,0.6100,0.5950,0.6000,881500
IBHD,2015-05-29,0.5950,0.6050,0.5950,0.6000,507100
IBHD,2015-06-01,0.6000,0.6100,0.5950,0.6000,422500
IBHD,2015-06-02,0.6000,0.6050,0.5950,0.6000,195500
IBHD,2015-06-03,0.6000,0.6100,0.6000,0.6050,116200
IBHD,2015-06-04,0.6050,0.6050,0.6000,0.6050,151200
IBHD,2015-06-05,0.6000,0.6000,0.6000,0.6000,370900
IBHD,2015-06-08,0.6100,0.6100,0.6050,0.6100,430400
IBHD,2015-06-09,0.6150,0.6150,0.6000,0.6000,297600
IBHD,2015-06-11,0.6000,0.6000,0.5900,0.5900,495500
IBHD,2015-06-12,0.5900,0.6000,0.5900,0.5900,224500
IBHD,2015-06-17,0.5700,0.5700,0.5650,0.5650,254800
IBHD,2015-06-29,0.5650,0.5650,0.5500,0.5500,460200
IBHD,2015-06-30,0.5550,0.5700,0.5550,0.5650,474600
IBHD,2015-07-02,0.5850,0.5850,0.5700,0.5700,122500
IBHD,2015-07-03,0.5700,0.5700,0.5650,0.5700,189500
IBHD,2015-07-06,0.5650,0.5750,0.5650,0.5700,374600
IBHD,2015-07-07,0.5650,0.5700,0.5550,0.5600,443400
IBHD,2015-07-08,0.5600,0.5600,0.5400,0.5450,482600
IBHD,2015-07-09,0.5500,0.5600,0.5500,0.5550,258400
IBHD,2015-07-10,0.5600,0.5600,0.5500,0.5600,197600
IBHD,2015-07-13,0.5500,0.5600,0.5500,0.5550,289700
IBHD,2015-07-14,0.5550,0.5550,0.5500,0.5550,255500
IBHD,2015-07-15,0.5550,0.5600,0.5550,0.5600,251300
IBHD,2015-07-16,0.5600,0.5650,0.5550,0.5550,112700
IBHD,2015-07-20,0.5700,0.6050,0.5700,0.6050,1623900
IBHD,2015-07-21,0.6100,0.6100,0.5850,0.5950,1109600
IBHD,2015-07-22,0.5950,0.6300,0.5900,0.6200,1928800
IBHD,2015-07-23,0.6200,0.6250,0.6150,0.6150,537900
IBHD,2015-07-24,0.6150,0.6700,0.6150,0.6700,6239600
IBHD,2015-07-27,0.6800,0.6950,0.6650,0.6700,8422300
IBHD,2015-07-28,0.6700,0.6700,0.6400,0.6450,1919400
IBHD,2015-07-29,0.6400,0.6600,0.6400,0.6550,1639500
IBHD,2015-07-30,0.6450,0.6550,0.6450,0.6500,1442400
IBHD,2015-07-31,0.6450,0.6800,0.6400,0.6700,3136700
IBHD,2015-08-03,0.6700,0.6700,0.6450,0.6500,746000
IBHD,2015-08-04,0.6400,0.6500,0.6250,0.6500,754600
IBHD,2015-08-05,0.6400,0.6400,0.6250,0.6350,373000
IBHD,2015-08-06,0.6300,0.6400,0.6250,0.6250,524700
IBHD,2015-08-07,0.6250,0.6250,0.6050,0.6150,1007600
IBHD,2015-08-12,0.5750,0.5750,0.5250,0.5300,2051400
IBHD,2015-08-13,0.5450,0.5550,0.5300,0.5550,1164800
IBHD,2015-08-14,0.5550,0.5650,0.5250,0.5400,1178700
IBHD,2015-08-17,0.5400,0.5400,0.5050,0.5150,1164100
IBHD,2015-08-18,0.5150,0.5300,0.5150,0.5300,604000
IBHD,2015-08-19,0.5200,0.5500,0.5200,0.5500,579000
IBHD,2015-08-20,0.5350,0.5500,0.5300,0.5400,226000
IBHD,2015-08-21,0.5250,0.5400,0.5200,0.5300,221400
IBHD,2015-08-24,0.5200,0.5200,0.5000,0.5050,1365400
IBHD,2015-08-25,0.4800,0.5050,0.4800,0.5000,1795500
IBHD,2015-08-26,0.4950,0.5050,0.4900,0.4950,866300
IBHD,2015-08-27,0.4950,0.5100,0.4950,0.5050,493200
IBHD,2015-08-28,0.5150,0.5200,0.5000,0.5000,789700
IBHD,2015-09-01,0.5150,0.5150,0.5000,0.5000,410700
IBHD,2015-09-02,0.5000,0.5100,0.5000,0.5100,255000
IBHD,2015-09-03,0.5050,0.5050,0.4950,0.5050,133400
IBHD,2015-09-04,0.5000,0.5000,0.4900,0.5000,165500
IBHD,2015-09-07,0.5000,0.5000,0.4950,0.4950,156400
IBHD,2015-09-08,0.4950,0.5000,0.4900,0.5000,222900
IBHD,2015-09-09,0.5050,0.5100,0.5050,0.5050,230400
IBHD,2015-09-10,0.5050,0.5050,0.5000,0.5000,235100
IBHD,2015-09-11,0.5050,0.5250,0.5000,0.5200,1493900
IBHD,2015-09-14,0.5200,0.5400,0.5200,0.5250,1853400
IBHD,2015-09-15,0.5300,0.5350,0.5150,0.5250,431500
IBHD,2015-09-17,0.5300,0.5300,0.5200,0.5250,377300
IBHD,2015-09-18,0.5250,0.5300,0.5200,0.5250,423000
IBHD,2015-09-21,0.5200,0.5250,0.5150,0.5150,387900
IBHD,2015-09-22,0.5150,0.5200,0.5100,0.5100,285800
IBHD,2015-09-23,0.5100,0.5150,0.5050,0.5150,377900
IBHD,2015-09-25,0.5100,0.5350,0.5100,0.5300,550400
IBHD,2015-09-28,0.5350,0.5350,0.5200,0.5250,429600
IBHD,2015-09-29,0.5200,0.5200,0.5150,0.5150,209200
IBHD,2015-09-30,0.5200,0.5250,0.5150,0.5250,459500
IBHD,2015-10-01,0.5200,0.5200,0.5100,0.5150,473500
IBHD,2015-10-02,0.5150,0.5200,0.5150,0.5200,197000
IBHD,2015-10-05,0.5200,0.5450,0.5200,0.5350,885800
IBHD,2015-10-06,0.5400,0.5400,0.5250,0.5350,248700
IBHD,2015-10-07,0.5300,0.5500,0.5300,0.5450,293300
IBHD,2015-10-08,0.5450,0.5450,0.5300,0.5300,109500
IBHD,2015-10-09,0.5300,0.5400,0.5300,0.5350,351700
IBHD,2015-10-12,0.5350,0.5450,0.5300,0.5350,468600
IBHD,2015-10-13,0.5400,0.5450,0.5300,0.5300,858700
IBHD,2015-10-15,0.5350,0.5400,0.5300,0.5300,82300
IBHD,2015-10-16,0.5350,0.5400,0.5300,0.5350,1242000
IBHD,2015-10-19,0.5400,0.5450,0.5400,0.5450,486800
IBHD,2015-10-20,0.5450,0.5500,0.5350,0.5350,141400
IBHD,2015-10-21,0.5400,0.5450,0.5350,0.5450,336300
IBHD,2015-10-22,0.5400,0.5450,0.5400,0.5400,345000
IBHD,2015-10-23,0.5400,0.5450,0.5350,0.5350,129200
IBHD,2015-10-26,0.5350,0.5500,0.5350,0.5400,167800
IBHD,2015-10-27,0.5350,0.5500,0.5350,0.5450,180600
IBHD,2015-10-28,0.5400,0.5500,0.5350,0.5500,330000
IBHD,2015-10-29,0.5500,0.5500,0.5350,0.5400,429400
IBHD,2015-10-30,0.5400,0.5400,0.5400,0.5400,303000
IBHD,2015-11-02,0.5400,0.5400,0.5300,0.5350,212100
IBHD,2015-11-03,0.5300,0.5400,0.5200,0.5350,372000
IBHD,2015-11-04,0.5350,0.5400,0.5350,0.5400,215300
IBHD,2015-11-05,0.5350,0.5700,0.5350,0.5650,1303800
IBHD,2015-11-06,0.5700,0.5750,0.5600,0.5650,1336800
IBHD,2015-11-09,0.5750,0.5750,0.5550,0.5550,1333000
IBHD,2015-11-11,0.5600,0.5600,0.5450,0.5500,232800
IBHD,2015-11-12,0.5450,0.5450,0.5400,0.5450,315300
IBHD,2015-11-13,0.5400,0.5450,0.5400,0.5450,334200
IBHD,2015-11-16,0.5350,0.5400,0.5350,0.5400,152600
IBHD,2015-11-17,0.5400,0.5450,0.5400,0.5450,469700
IBHD,2015-11-18,0.5400,0.5400,0.5350,0.5400,339300
IBHD,2015-11-19,0.5350,0.5400,0.5350,0.5400,274000
IBHD,2015-11-20,0.5400,0.5450,0.5400,0.5450,174000
IBHD,2015-11-23,0.5400,0.5400,0.5350,0.5400,222600
IBHD,2015-11-24,0.5400,0.5400,0.5050,0.5200,2374100
IBHD,2015-11-25,0.5200,0.5200,0.5050,0.5050,879900
IBHD,2015-11-26,0.5050,0.5150,0.5050,0.5100,660000
IBHD,2015-11-27,0.5100,0.5100,0.5000,0.5100,658800
IBHD,2015-11-30,0.5100,0.5150,0.5100,0.5100,219600
IBHD,2015-12-01,0.5050,0.5150,0.5050,0.5150,114100
IBHD,2015-12-02,0.5100,0.5100,0.5050,0.5050,174000
IBHD,2015-12-03,0.5100,0.5100,0.5000,0.5050,350600
IBHD,2015-12-04,0.5050,0.5050,0.5000,0.5050,369600
IBHD,2015-12-07,0.5050,0.5050,0.5000,0.5050,406000
IBHD,2015-12-08,0.5000,0.5050,0.4900,0.5000,467100
IBHD,2015-12-09,0.5050,0.5050,0.4900,0.4950,820400
IBHD,2015-12-10,0.5000,0.5000,0.4950,0.4950,175000
IBHD,2015-12-11,0.4950,0.4950,0.4950,0.4950,76000
IBHD,2015-12-14,0.4950,0.4950,0.4900,0.4900,308500
IBHD,2015-12-15,0.4900,0.4950,0.4900,0.4950,159000
IBHD,2015-12-16,0.5000,0.5000,0.4950,0.4950,71100
IBHD,2015-12-17,0.5000,0.5000,0.4950,0.4950,60600
IBHD,2015-12-18,0.4950,0.5150,0.4950,0.5150,412800
IBHD,2015-12-21,0.5150,0.5150,0.5000,0.5000,176000
IBHD,2015-12-22,0.5000,0.5050,0.5000,0.5000,85000
IBHD,2015-12-23,0.5000,0.5050,0.5000,0.5050,205100
IBHD,2015-12-28,0.5050,0.5050,0.5000,0.5050,205000
IBHD,2015-12-29,0.5050,0.5050,0.5000,0.5000,190400
IBHD,2015-12-30,0.5000,0.5050,0.5000,0.5050,339000
IBHD,2015-12-31,0.5000,0.5000,0.5000,0.5000,59600
IBHD,2016-01-04,0.5000,0.5000,0.4950,0.4950,193000
IBHD,2016-01-05,0.4950,0.5000,0.4950,0.4950,192200
IBHD,2016-01-06,0.4950,0.5000,0.4950,0.4950,190000
IBHD,2016-01-07,0.5000,0.5000,0.4950,0.4950,532000
IBHD,2016-01-08,0.4950,0.4950,0.4900,0.4950,170100
IBHD,2016-01-11,0.4950,0.4950,0.4850,0.4900,701400
IBHD,2016-01-12,0.4900,0.4900,0.4800,0.4900,311900
IBHD,2016-01-13,0.4900,0.4900,0.4850,0.4850,124200
IBHD,2016-01-14,0.4900,0.4900,0.4800,0.4850,260700
IBHD,2016-01-15,0.4900,0.4900,0.4800,0.4800,451500
IBHD,2016-01-18,0.4750,0.4800,0.4700,0.4700,539700
IBHD,2016-01-19,0.4750,0.4800,0.4750,0.4750,346100
IBHD,2016-01-20,0.4800,0.4850,0.4700,0.4700,312300
IBHD,2016-01-21,0.4700,0.4750,0.4650,0.4650,307500
IBHD,2016-01-22,0.4800,0.4800,0.4700,0.4700,302000
IBHD,2016-01-26,0.4700,0.4700,0.4700,0.4700,76000
IBHD,2016-01-27,0.4800,0.4800,0.4750,0.4750,237600
IBHD,2016-01-28,0.4750,0.4750,0.4700,0.4700,240200
IBHD,2016-01-29,0.4700,0.4750,0.4700,0.4700,210600
IBHD,2016-02-02,0.4700,0.4750,0.4700,0.4750,25000
IBHD,2016-02-03,0.4700,0.4750,0.4700,0.4700,96600
IBHD,2016-02-04,0.4750,0.4750,0.4550,0.4700,350800
IBHD,2016-02-05,0.4700,0.4700,0.4700,0.4700,109200
IBHD,2016-02-10,0.4650,0.4650,0.4650,0.4650,77600
IBHD,2016-02-11,0.4700,0.4700,0.4650,0.4650,200600
IBHD,2016-02-12,0.4650,0.4700,0.4650,0.4700,127300
IBHD,2016-02-15,0.4700,0.4700,0.4650,0.4700,97500
IBHD,2016-02-16,0.4700,0.4750,0.4700,0.4750,17500
IBHD,2016-02-17,0.4700,0.4700,0.4650,0.4700,255000
IBHD,2016-02-18,0.4700,0.4700,0.4650,0.4700,359400
IBHD,2016-02-19,0.4750,0.4950,0.4750,0.4850,1111600
IBHD,2016-02-22,0.5000,0.5150,0.5000,0.5100,1356300
IBHD,2016-02-23,0.5100,0.5200,0.4950,0.5100,552500
IBHD,2016-02-24,0.5000,0.5100,0.4950,0.5050,31700
IBHD,2016-02-25,0.5000,0.5000,0.4900,0.4900,276000
IBHD,2016-02-26,0.4850,0.4850,0.4700,0.4800,571400
IBHD,2016-02-29,0.4750,0.4800,0.4750,0.4800,210000
IBHD,2016-03-01,0.4800,0.4800,0.4750,0.4750,302000
IBHD,2016-03-02,0.4800,0.4950,0.4800,0.4900,260600
IBHD,2016-03-03,0.5000,0.5150,0.4900,0.5050,872100
IBHD,2016-03-04,0.5100,0.5100,0.4950,0.5000,243100
IBHD,2016-03-07,0.4900,0.5050,0.4900,0.4950,136200
IBHD,2016-03-08,0.5000,0.5000,0.4850,0.4900,121200
IBHD,2016-03-09,0.4850,0.4900,0.4850,0.4900,47600
IBHD,2016-03-10,0.4850,0.4900,0.4750,0.4800,262900
IBHD,2016-03-11,0.4800,0.4950,0.4750,0.4900,63400
IBHD,2016-03-14,0.4900,0.4900,0.4850,0.4850,164800
IBHD,2016-03-15,0.4950,0.5000,0.4900,0.4900,262900
IBHD,2016-03-16,0.5000,0.5050,0.4950,0.5050,342400
IBHD,2016-03-17,0.5050,0.5050,0.5000,0.5000,381100
IBHD,2016-03-18,0.5050,0.5050,0.5000,0.5000,320900
IBHD,2016-03-21,0.5100,0.5150,0.5050,0.5050,381700
IBHD,2016-03-22,0.5050,0.5100,0.5000,0.5050,242700
IBHD,2016-03-23,0.5000,0.5050,0.4950,0.4950,341800
IBHD,2016-03-25,0.4950,0.5000,0.4900,0.4950,191000
IBHD,2016-03-28,0.4900,0.4950,0.4900,0.4950,165200
IBHD,2016-03-29,0.5000,0.5000,0.5000,0.5000,126900
IBHD,2016-03-30,0.5000,0.5150,0.5000,0.5050,133700
IBHD,2016-03-31,0.5100,0.5100,0.5000,0.5000,224500
IBHD,2016-04-01,0.5000,0.5050,0.5000,0.5000,60800
IBHD,2016-04-04,0.5050,0.5100,0.5050,0.5050,560900
IBHD,2016-04-05,0.5050,0.5050,0.4950,0.5000,156800
IBHD,2016-04-06,0.5050,0.5100,0.5000,0.5050,188400
IBHD,2016-04-07,0.5050,0.5450,0.5050,0.5400,3969800
IBHD,2016-04-08,0.5400,0.5550,0.5350,0.5500,2961100
IBHD,2016-04-11,0.5550,0.5550,0.5400,0.5450,850600
IBHD,2016-04-12,0.5450,0.5450,0.5250,0.5300,812800
IBHD,2016-04-13,0.5300,0.5350,0.5300,0.5300,423000
IBHD,2016-04-14,0.5300,0.5500,0.5250,0.5300,912100
IBHD,2016-04-15,0.5350,0.5350,0.5250,0.5250,705100
IBHD,2016-04-18,0.5250,0.5300,0.5200,0.5200,421800
IBHD,2016-04-19,0.5200,0.5200,0.5200,0.5200,97900
IBHD,2016-04-20,0.5200,0.5200,0.5150,0.5150,215500
IBHD,2016-04-21,0.5200,0.5500,0.5200,0.5400,2486700
IBHD,2016-04-22,0.5400,0.5400,0.5300,0.5350,215200
IBHD,2016-04-25,0.5300,0.5350,0.5300,0.5300,124100
IBHD,2016-04-26,0.5300,0.5300,0.5100,0.5200,789200
IBHD,2016-04-27,0.5150,0.5200,0.5150,0.5150,210800
IBHD,2016-04-28,0.5200,0.5250,0.5150,0.5200,189000
IBHD,2016-04-29,0.5200,0.5200,0.5150,0.5150,69800
IBHD,2016-05-03,0.5150,0.5150,0.5000,0.5050,291000
IBHD,2016-05-04,0.5050,0.5100,0.5050,0.5100,179300
IBHD,2016-05-05,0.5100,0.5100,0.5050,0.5050,307400
IBHD,2016-05-06,0.5050,0.5050,0.5050,0.5050,109900
IBHD,2016-05-09,0.5050,0.5050,0.4900,0.5000,787500
IBHD,2016-05-10,0.5000,0.5050,0.5000,0.5000,121700
IBHD,2016-05-11,0.5000,0.5050,0.5000,0.5050,132600
IBHD,2016-05-12,0.5050,0.5050,0.5050,0.5050,158100
IBHD,2016-05-13,0.5050,0.5100,0.5050,0.5100,257500
IBHD,2016-05-16,0.5100,0.5100,0.5000,0.5100,95500
IBHD,2016-05-17,0.5100,0.5100,0.5000,0.5050,174100
IBHD,2016-05-18,0.5000,0.5000,0.4950,0.4950,360000
IBHD,2016-05-19,0.5000,0.5150,0.5000,0.5000,645600
IBHD,2016-05-20,0.5000,0.5050,0.4950,0.5000,386900
IBHD,2016-05-23,0.5000,0.5000,0.4900,0.5000,271000
IBHD,2016-05-24,0.5000,0.5000,0.4950,0.5000,146600
IBHD,2016-05-25,0.5000,0.5300,0.5000,0.5200,1971700
IBHD,2016-05-26,0.5300,0.5350,0.5150,0.5150,2408900
IBHD,2016-05-27,0.5200,0.5250,0.5200,0.5200,551400
IBHD,2016-05-30,0.5200,0.5200,0.5050,0.5050,186900
IBHD,2016-05-31,0.5050,0.5100,0.5000,0.5050,650500
IBHD,2016-06-01,0.5050,0.5050,0.5000,0.5000,390800
IBHD,2016-06-02,0.5050,0.5050,0.5000,0.5050,451300
IBHD,2016-06-03,0.5050,0.5050,0.5000,0.5050,479200
IBHD,2016-06-06,0.5000,0.5050,0.5000,0.5050,59100
IBHD,2016-06-07,0.5050,0.5050,0.5000,0.5050,410000
IBHD,2016-06-08,0.5050,0.5200,0.5050,0.5150,391000
IBHD,2016-06-09,0.5150,0.5150,0.5100,0.5150,183100
IBHD,2016-06-10,0.5050,0.5150,0.5050,0.5150,88500
IBHD,2016-06-13,0.5100,0.5100,0.5000,0.5000,95000
IBHD,2016-06-14,0.5050,0.5050,0.4900,0.5000,879900
IBHD,2016-06-15,0.4950,0.5000,0.4950,0.5000,212300
IBHD,2016-06-16,0.5000,0.5000,0.5000,0.5000,63400
IBHD,2016-06-17,0.5000,0.5050,0.5000,0.5050,136400
IBHD,2016-06-20,0.5050,0.5050,0.4950,0.4950,47100
IBHD,2016-06-21,0.5000,0.5050,0.5000,0.5050,36700
IBHD,2016-06-23,0.5000,0.5000,0.5000,0.5000,41600
IBHD,2016-06-24,0.5000,0.5000,0.4850,0.4950,291700
IBHD,2016-06-27,0.4900,0.4900,0.4850,0.4900,188100
IBHD,2016-06-28,0.4900,0.4950,0.4900,0.4900,130600
IBHD,2016-06-29,0.4900,0.4950,0.4900,0.4950,67700
IBHD,2016-06-30,0.4950,0.5000,0.4950,0.5000,261200
IBHD,2016-07-01,0.5000,0.5000,0.4950,0.5000,150000
IBHD,2016-07-04,0.5000,0.5050,0.5000,0.5050,122200
IBHD,2016-07-05,0.5000,0.5100,0.5000,0.5100,86000
IBHD,2016-07-08,0.5000,0.5050,0.5000,0.5050,55600
IBHD,2016-07-11,0.5000,0.5000,0.5000,0.5000,48300
IBHD,2016-07-12,0.4950,0.5000,0.4950,0.4950,80000
IBHD,2016-07-13,0.5000,0.5150,0.4950,0.5150,974200
IBHD,2016-07-14,0.5200,0.5200,0.5100,0.5100,486100
IBHD,2016-07-15,0.5150,0.5150,0.5050,0.5050,184000
IBHD,2016-07-18,0.5100,0.5100,0.5100,0.5100,2000
IBHD,2016-07-19,0.5100,0.5200,0.5100,0.5150,418500
IBHD,2016-07-20,0.5150,0.5450,0.5100,0.5400,2717400
IBHD,2016-07-21,0.5500,0.5700,0.5500,0.5550,4701500
IBHD,2016-07-22,0.5550,0.5550,0.5400,0.5450,785000
IBHD,2016-07-25,0.5450,0.5550,0.5450,0.5500,1372800
IBHD,2016-07-26,0.5500,0.5500,0.5450,0.5500,578300
IBHD,2016-07-27,0.5500,0.5500,0.5400,0.5450,1171200
IBHD,2016-07-28,0.5500,0.5550,0.5450,0.5450,530600
IBHD,2016-07-29,0.5450,0.5450,0.5300,0.5300,458400
IBHD,2016-08-01,0.5300,0.5300,0.5250,0.5300,522700
IBHD,2016-08-02,0.5300,0.5300,0.5250,0.5300,562200
IBHD,2016-08-03,0.5250,0.5300,0.5100,0.5100,485100
IBHD,2016-08-04,0.5150,0.5200,0.5150,0.5200,252400
IBHD,2016-08-05,0.5150,0.5250,0.5150,0.5250,49000
IBHD,2016-08-08,0.5200,0.5200,0.5150,0.5200,187900
IBHD,2016-08-09,0.5200,0.5200,0.5150,0.5150,140200
IBHD,2016-08-10,0.5200,0.5200,0.5150,0.5200,132100
IBHD,2016-08-11,0.5200,0.5350,0.5200,0.5300,703300
IBHD,2016-08-12,0.5350,0.5400,0.5300,0.5350,364900
IBHD,2016-08-15,0.5400,0.5450,0.5350,0.5450,598700
IBHD,2016-08-16,0.5450,0.5600,0.5450,0.5500,1913600
IBHD,2016-08-17,0.5550,0.5700,0.5500,0.5650,1362100
IBHD,2016-08-18,0.5700,0.5700,0.5600,0.5600,591700
IBHD,2016-08-19,0.5650,0.5800,0.5600,0.5800,2273800
IBHD,2016-08-22,0.5900,0.6200,0.5850,0.6050,4421500
IBHD,2016-08-23,0.6050,0.6100,0.5900,0.5900,1907800
IBHD,2016-08-24,0.5950,0.5950,0.5700,0.5850,1162100
IBHD,2016-08-25,0.5800,0.5900,0.5700,0.5850,284100
IBHD,2016-08-26,0.5800,0.5800,0.5700,0.5800,531200
IBHD,2016-08-29,0.5800,0.5800,0.5700,0.5750,343800
IBHD,2016-08-30,0.5700,0.5800,0.5650,0.5700,399400
IBHD,2016-09-01,0.5650,0.5650,0.5500,0.5600,322500
IBHD,2016-09-02,0.5500,0.5600,0.5500,0.5600,516000
IBHD,2016-09-05,0.5600,0.5650,0.5500,0.5650,405200
IBHD,2016-09-06,0.5650,0.5650,0.5600,0.5600,214900
IBHD,2016-09-07,0.5550,0.5600,0.5550,0.5600,312800
IBHD,2016-09-08,0.5650,0.5850,0.5650,0.5850,950000
IBHD,2016-09-09,0.5850,0.6000,0.5750,0.5850,782800
IBHD,2016-09-13,0.5850,0.5850,0.5700,0.5800,247800
IBHD,2016-09-14,0.5850,0.5850,0.5600,0.5700,230700
IBHD,2016-09-15,0.5700,0.5700,0.5550,0.5550,381400
IBHD,2016-09-19,0.5550,0.5650,0.5550,0.5600,226900
IBHD,2016-09-20,0.5600,0.5650,0.5550,0.5650,424000
IBHD,2016-09-21,0.5700,0.5900,0.5650,0.5800,668700
IBHD,2016-09-22,0.5800,0.5900,0.5800,0.5900,392400
IBHD,2016-09-23,0.5800,0.5900,0.5750,0.5850,498000
IBHD,2016-09-26,0.5750,0.5800,0.5700,0.5800,57900
IBHD,2016-09-27,0.5750,0.5750,0.5600,0.5750,232500
IBHD,2016-09-28,0.5650,0.5750,0.5650,0.5750,116900
IBHD,2016-09-29,0.5700,0.5700,0.5700,0.5700,116000
IBHD,2016-09-30,0.5700,0.5700,0.5600,0.5700,185000
IBHD,2016-10-04,0.5800,0.5850,0.5750,0.5800,548100
IBHD,2016-10-05,0.5750,0.5800,0.5700,0.5750,230000
IBHD,2016-10-06,0.5700,0.5750,0.5600,0.5700,503000
IBHD,2016-10-07,0.5650,0.5750,0.5650,0.5700,62000
IBHD,2016-10-10,0.5700,0.5700,0.5600,0.5700,141300
IBHD,2016-10-11,0.5650,0.5650,0.5600,0.5600,571400
IBHD,2016-10-12,0.5600,0.5650,0.5550,0.5650,95600
IBHD,2016-10-13,0.5650,0.5650,0.5550,0.5650,181000
IBHD,2016-10-14,0.5650,0.5700,0.5650,0.5700,21200
IBHD,2016-10-17,0.5650,0.5750,0.5600,0.5700,164100
IBHD,2016-10-18,0.5650,0.5650,0.5600,0.5650,289200
IBHD,2016-10-19,0.5700,0.5750,0.5600,0.5750,330300
IBHD,2016-10-20,0.5750,0.5800,0.5700,0.5750,133200
IBHD,2016-10-21,0.5750,0.5750,0.5650,0.5700,183000
IBHD,2016-10-24,0.5700,0.6150,0.5700,0.6100,3104200
IBHD,2016-10-25,0.6150,0.6400,0.6100,0.6350,9095600
IBHD,2016-10-26,0.6350,0.6600,0.6300,0.6400,9070100
IBHD,2016-10-27,0.6450,0.6450,0.6300,0.6350,2050800
IBHD,2016-10-28,0.6350,0.6350,0.6250,0.6250,992800
IBHD,2016-10-31,0.6350,0.6350,0.6200,0.6250,1146000
IBHD,2016-11-01,0.6200,0.6300,0.6150,0.6300,1193600
IBHD,2016-11-02,0.6250,0.6250,0.6000,0.6150,1337600
IBHD,2016-11-03,0.6150,0.6150,0.5900,0.6000,790100
IBHD,2016-11-04,0.5950,0.6100,0.5950,0.6050,325600
IBHD,2016-11-07,0.6100,0.6100,0.5950,0.6050,831700
IBHD,2016-11-08,0.6100,0.6150,0.6050,0.6100,581700
IBHD,2016-11-09,0.6150,0.6200,0.5850,0.5950,1388800
IBHD,2016-11-10,0.6100,0.6100,0.6000,0.6050,333500
IBHD,2016-11-11,0.6050,0.6050,0.5950,0.6050,851500
IBHD,2016-11-14,0.5950,0.5950,0.5900,0.5950,254700
IBHD,2016-11-15,0.6000,0.6100,0.5950,0.6050,865200
IBHD,2016-11-16,0.6050,0.6200,0.6000,0.6150,397200
IBHD,2016-11-17,0.6150,0.6150,0.6000,0.6100,453100
IBHD,2016-11-18,0.6150,0.6150,0.6000,0.6050,266200
IBHD,2016-11-21,0.6000,0.6050,0.5950,0.6050,379600
IBHD,2016-11-22,0.6050,0.6050,0.5950,0.6050,223400
IBHD,2016-11-23,0.6050,0.6050,0.6000,0.6000,150500
IBHD,2016-11-24,0.5950,0.6000,0.5950,0.6000,156600
IBHD,2016-11-25,0.5950,0.6000,0.5950,0.5950,117300
IBHD,2016-11-28,0.5900,0.5900,0.5750,0.5800,601300
IBHD,2016-11-29,0.5800,0.5800,0.5700,0.5750,360300
IBHD,2016-11-30,0.5700,0.5700,0.5600,0.5650,405700
IBHD,2016-12-01,0.5700,0.5900,0.5700,0.5850,192500
IBHD,2016-12-02,0.5850,0.5850,0.5800,0.5850,120000
IBHD,2016-12-05,0.5750,0.5750,0.5700,0.5750,261900
IBHD,2016-12-06,0.5750,0.5850,0.5750,0.5850,47000
IBHD,2016-12-07,0.5700,0.5750,0.5700,0.5750,51700
IBHD,2016-12-08,0.5750,0.5800,0.5750,0.5800,39200
IBHD,2016-12-09,0.5800,0.5850,0.5800,0.5850,29900
IBHD,2016-12-13,0.5850,0.5850,0.5800,0.5850,211100
IBHD,2016-12-14,0.5800,0.5900,0.5800,0.5900,130600
IBHD,2016-12-15,0.5750,0.5850,0.5700,0.5800,102600
IBHD,2016-12-16,0.5850,0.5900,0.5850,0.5900,86800
IBHD,2016-12-19,0.5950,0.5950,0.5850,0.5950,228000
IBHD,2016-12-20,0.5950,0.5950,0.5850,0.5850,68900
IBHD,2016-12-21,0.5850,0.5850,0.5800,0.5800,61500
IBHD,2016-12-22,0.5800,0.5850,0.5800,0.5800,86200
IBHD,2016-12-23,0.5800,0.5900,0.5800,0.5800,62000
IBHD,2016-12-27,0.5800,0.6000,0.5750,0.5850,165100
IBHD,2016-12-28,0.5850,0.6000,0.5800,0.6000,166800
IBHD,2016-12-29,0.5900,0.5950,0.5850,0.5850,28900
IBHD,2016-12-30,0.5900,0.6150,0.5900,0.5900,311100
IBHD,2017-01-03,0.5950,0.5950,0.5900,0.5900,173600
IBHD,2017-01-04,0.5900,0.5900,0.5850,0.5900,340100
IBHD,2017-01-05,0.5850,0.6150,0.5850,0.6050,831300
IBHD,2017-01-06,0.6000,0.6100,0.6000,0.6050,374100
IBHD,2017-01-09,0.6050,0.6050,0.6000,0.6000,242000
IBHD,2017-01-10,0.6000,0.6200,0.6000,0.6150,1877000
IBHD,2017-01-11,0.6200,0.6200,0.6100,0.6150,900600
IBHD,2017-01-12,0.6150,0.6150,0.6050,0.6050,313400
IBHD,2017-01-13,0.6050,0.6050,0.5950,0.6000,672800
IBHD,2017-01-16,0.5950,0.6000,0.5900,0.5900,576100
IBHD,2017-01-17,0.5900,0.5950,0.5900,0.5950,293000
IBHD,2017-01-18,0.5950,0.6150,0.5950,0.6050,1815900
IBHD,2017-01-19,0.6100,0.6150,0.6000,0.6050,448700
IBHD,2017-01-20,0.6000,0.6000,0.5950,0.6000,270500
IBHD,2017-01-23,0.6000,0.6100,0.5950,0.6000,105100
IBHD,2017-01-24,0.5950,0.6000,0.5900,0.6000,209400
IBHD,2017-01-25,0.5950,0.6050,0.5950,0.5950,406500
IBHD,2017-01-26,0.6000,0.6050,0.5950,0.6050,205500
IBHD,2017-01-27,0.5950,0.6000,0.5950,0.6000,65000
IBHD,2017-01-31,0.5950,0.6000,0.5950,0.6000,139500
IBHD,2017-02-02,0.6000,0.6000,0.5950,0.5950,370700
IBHD,2017-02-03,0.5950,0.6050,0.5950,0.6050,593900
IBHD,2017-02-06,0.6050,0.6050,0.5950,0.6050,909200
IBHD,2017-02-07,0.6000,0.6400,0.6000,0.6300,4476000
IBHD,2017-02-08,0.6350,0.6450,0.6250,0.6250,3720400
IBHD,2017-02-10,0.6300,0.6300,0.6250,0.6250,391400
IBHD,2017-02-13,0.6250,0.6400,0.6250,0.6350,1827300
IBHD,2017-02-14,0.6350,0.6400,0.6300,0.6350,1318600
IBHD,2017-02-15,0.6350,0.6500,0.6350,0.6400,1815200
IBHD,2017-02-16,0.6400,0.6500,0.6050,0.6050,5780300
IBHD,2017-02-17,0.6100,0.6200,0.6000,0.6200,3208800
IBHD,2017-02-20,0.6200,0.6300,0.6200,0.6200,1768200
IBHD,2017-02-21,0.6200,0.6200,0.6100,0.6200,1020200
IBHD,2017-02-22,0.6150,0.6200,0.6100,0.6150,635100
IBHD,2017-02-23,0.6100,0.6100,0.6000,0.6000,643800
IBHD,2017-02-24,0.6000,0.6150,0.6000,0.6050,524800
IBHD,2017-02-27,0.6100,0.6150,0.6050,0.6100,576900
IBHD,2017-02-28,0.6050,0.6050,0.6000,0.6000,686600
IBHD,2017-03-01,0.6000,0.6100,0.6000,0.6050,502700
IBHD,2017-03-02,0.6050,0.6100,0.6000,0.6050,487000
IBHD,2017-03-03,0.6100,0.6100,0.6050,0.6100,742800
IBHD,2017-03-06,0.6100,0.6200,0.6000,0.6150,1295300
IBHD,2017-03-07,0.6200,0.6250,0.6100,0.6150,367600
IBHD,2017-03-08,0.6100,0.6100,0.6000,0.6100,995000
IBHD,2017-03-09,0.6050,0.6050,0.6050,0.6050,397200
IBHD,2017-03-10,0.6050,0.6300,0.6000,0.6150,4911700
IBHD,2017-03-13,0.6250,0.6250,0.6100,0.6200,1264500
IBHD,2017-03-14,0.6150,0.6150,0.6100,0.6100,461400
IBHD,2017-03-15,0.6100,0.6100,0.6000,0.6050,843500
IBHD,2017-03-16,0.6100,0.6150,0.6050,0.6050,968400
IBHD,2017-03-17,0.6100,0.6300,0.6100,0.6200,1705000
IBHD,2017-03-20,0.6200,0.6250,0.6150,0.6200,2618300
IBHD,2017-03-21,0.6200,0.6200,0.6100,0.6200,708500
IBHD,2017-03-22,0.6150,0.6150,0.6100,0.6100,528800
IBHD,2017-03-23,0.6100,0.6200,0.6050,0.6100,1294900
IBHD,2017-03-24,0.6050,0.6050,0.6000,0.6050,775400
IBHD,2017-03-27,0.6050,0.6050,0.6000,0.6000,1008400
IBHD,2017-03-28,0.6000,0.6050,0.5950,0.6000,492800
IBHD,2017-03-29,0.6050,0.6100,0.6000,0.6050,324400
IBHD,2017-03-30,0.6100,0.6100,0.6050,0.6050,688000
IBHD,2017-04-03,0.6050,0.6050,0.5950,0.6000,1204100
IBHD,2017-04-04,0.6000,0.6050,0.5950,0.6050,1518300
IBHD,2017-04-05,0.6050,0.6250,0.6000,0.6200,1619500
IBHD,2017-04-06,0.6200,0.6250,0.6100,0.6150,909600
IBHD,2017-04-07,0.6150,0.6200,0.6100,0.6200,720700
IBHD,2017-04-10,0.6200,0.6200,0.6100,0.6100,307000
IBHD,2017-04-11,0.6100,0.6100,0.6050,0.6050,602300
IBHD,2017-04-12,0.6050,0.6100,0.5950,0.6050,1888700
IBHD,2017-04-13,0.6000,0.6000,0.5950,0.5950,574200
IBHD,2017-04-14,0.6000,0.6000,0.5950,0.5950,1598400
IBHD,2017-04-17,0.6000,0.6000,0.5950,0.5950,293000
IBHD,2017-04-18,0.5950,0.6200,0.5950,0.6150,1711100
IBHD,2017-04-19,0.6200,0.6200,0.6050,0.6050,1444100
IBHD,2017-04-20,0.6150,0.6250,0.6150,0.6250,2127900
IBHD,2017-04-21,0.6250,0.6350,0.6200,0.6250,1924200
IBHD,2017-04-25,0.6300,0.6300,0.6200,0.6300,1726500
IBHD,2017-04-26,0.6300,0.6300,0.6200,0.6250,943300
IBHD,2017-04-27,0.6250,0.6300,0.6200,0.6250,406600
IBHD,2017-04-28,0.6300,0.6300,0.6150,0.6250,620600
IBHD,2017-05-02,0.6250,0.6250,0.6150,0.6200,550100
IBHD,2017-05-03,0.6200,0.6250,0.6100,0.6150,567200
IBHD,2017-05-04,0.6200,0.6700,0.6200,0.6550,7519100
IBHD,2017-05-05,0.6550,0.6650,0.6400,0.6500,2684400
IBHD,2017-05-08,0.6500,0.6600,0.6500,0.6550,1927300
IBHD,2017-05-09,0.6600,0.6600,0.6350,0.6400,1249900
IBHD,2017-05-11,0.6400,0.6500,0.6350,0.6350,1062900
IBHD,2017-05-12,0.6400,0.6450,0.6300,0.6400,1283300
IBHD,2017-05-15,0.6250,0.6350,0.6200,0.6250,1798800
IBHD,2017-05-16,0.6300,0.6350,0.6200,0.6250,599100
IBHD,2017-05-17,0.6250,0.6250,0.6150,0.6250,772800
IBHD,2017-05-18,0.6200,0.6250,0.6150,0.6250,803400
IBHD,2017-05-19,0.6200,0.6250,0.6150,0.6250,361000
IBHD,2017-05-22,0.6250,0.6250,0.6150,0.6200,2079500
IBHD,2017-05-23,0.6200,0.6200,0.6150,0.6150,1080300
IBHD,2017-05-24,0.6150,0.6300,0.6150,0.6300,658700
IBHD,2017-05-25,0.6300,0.6300,0.6200,0.6250,368300
IBHD,2017-05-26,0.6250,0.6250,0.6150,0.6200,464000
IBHD,2017-05-29,0.6200,0.6200,0.6050,0.6100,1089000
IBHD,2017-05-31,0.6000,0.6050,0.6000,0.6000,573700
IBHD,2017-06-01,0.6000,0.6050,0.5950,0.6000,677200
IBHD,2017-06-02,0.6000,0.6100,0.6000,0.6050,522000
IBHD,2017-06-05,0.6050,0.6100,0.6050,0.6100,100900
IBHD,2017-06-06,0.6100,0.6150,0.6100,0.6100,671700
IBHD,2017-06-07,0.6200,0.6200,0.6050,0.6100,217400
IBHD,2017-06-08,0.6100,0.6100,0.6050,0.6050,112700
IBHD,2017-06-09,0.6050,0.6100,0.6000,0.6100,272600
IBHD,2017-06-13,0.6050,0.6100,0.6050,0.6050,507500
IBHD,2017-06-14,0.6000,0.6100,0.6000,0.6050,818500
IBHD,2017-06-15,0.6100,0.6100,0.6050,0.6050,103500
IBHD,2017-06-16,0.6050,0.6050,0.6000,0.6050,485700
IBHD,2017-06-19,0.6050,0.6150,0.6050,0.6050,495400
IBHD,2017-06-20,0.6100,0.6100,0.6050,0.6050,172500
IBHD,2017-06-21,0.6050,0.6100,0.5950,0.6000,599800
IBHD,2017-06-22,0.6000,0.6000,0.6000,0.6000,67000
IBHD,2017-06-23,0.6050,0.6150,0.6050,0.6050,468600
IBHD,2017-06-28,0.6050,0.6200,0.6050,0.6100,223500
IBHD,2017-06-29,0.6100,0.6150,0.6050,0.6100,286900
IBHD,2017-06-30,0.6100,0.6150,0.6050,0.6050,111500
IBHD,2017-07-03,0.6050,0.6150,0.6050,0.6150,679800
IBHD,2017-07-04,0.6100,0.6100,0.6100,0.6100,110000
IBHD,2017-07-05,0.6150,0.6150,0.6050,0.6100,206700
IBHD,2017-07-06,0.6100,0.6150,0.6100,0.6100,451700
IBHD,2017-07-07,0.6100,0.6150,0.6100,0.6100,199200
IBHD,2017-07-10,0.6150,0.6200,0.6100,0.6200,318500
IBHD,2017-07-11,0.6050,0.6050,0.5900,0.5900,368100
IBHD,2017-07-12,0.5900,0.5900,0.5850,0.5850,460800
IBHD,2017-07-13,0.5850,0.5850,0.5800,0.5850,604900
IBHD,2017-07-14,0.5850,0.5850,0.5750,0.5750,177800
IBHD,2017-07-17,0.5750,0.6100,0.5700,0.6000,1575600
IBHD,2017-07-18,0.6100,0.6200,0.6050,0.6150,2031600
IBHD,2017-07-19,0.6200,0.6350,0.6200,0.6250,3498700
IBHD,2017-07-20,0.6300,0.6300,0.6100,0.6100,505500
IBHD,2017-07-21,0.6100,0.6150,0.6050,0.6050,665100
IBHD,2017-07-24,0.6100,0.6150,0.6000,0.6000,580600
IBHD,2017-07-25,0.6000,0.6100,0.5950,0.6000,1061500
IBHD,2017-07-26,0.6000,0.6000,0.5950,0.5950,593100
IBHD,2017-07-27,0.5900,0.6050,0.5900,0.6000,757800
IBHD,2017-07-28,0.5950,0.6000,0.5800,0.5850,670600
IBHD,2017-07-31,0.5900,0.5900,0.5800,0.5850,892700
IBHD,2017-08-01,0.5850,0.5900,0.5850,0.5850,292100
IBHD,2017-08-02,0.5850,0.5950,0.5850,0.5950,276900
IBHD,2017-08-03,0.5900,0.5900,0.5850,0.5850,855200
IBHD,2017-08-04,0.5900,0.5900,0.5750,0.5800,1263200
IBHD,2017-08-07,0.5800,0.5850,0.5700,0.5700,967300
IBHD,2017-08-08,0.5750,0.5750,0.5700,0.5700,1020000
IBHD,2017-08-09,0.5750,0.5750,0.5650,0.5650,772300
IBHD,2017-08-10,0.5700,0.5800,0.5700,0.5800,495500
IBHD,2017-08-11,0.5700,0.5750,0.5650,0.5650,596200
IBHD,2017-08-14,0.5700,0.5700,0.5600,0.5650,383500
IBHD,2017-08-15,0.5650,0.5700,0.5650,0.5650,139700
IBHD,2017-08-16,0.5700,0.5700,0.5650,0.5700,355400
IBHD,2017-08-17,0.5750,0.5750,0.5650,0.5700,365800
IBHD,2017-08-18,0.5700,0.5750,0.5650,0.5750,297100
IBHD,2017-08-21,0.5700,0.5700,0.5650,0.5650,282500
IBHD,2017-08-22,0.5650,0.5650,0.5600,0.5650,466400
IBHD,2017-08-23,0.5650,0.5650,0.5600,0.5650,908500
IBHD,2017-08-24,0.5700,0.5800,0.5700,0.5800,580000
IBHD,2017-08-25,0.5800,0.5850,0.5700,0.5750,242600
IBHD,2017-08-28,0.5750,0.5800,0.5650,0.5650,298200
IBHD,2017-08-29,0.5650,0.5650,0.5600,0.5600,179300
IBHD,2017-08-30,0.5650,0.5700,0.5600,0.5650,570100
IBHD,2017-09-05,0.5650,0.5650,0.5650,0.5650,229900
IBHD,2017-09-06,0.5650,0.5700,0.5600,0.5650,783700
IBHD,2017-09-07,0.5650,0.5650,0.5600,0.5600,719900
IBHD,2017-09-08,0.5650,0.5700,0.5650,0.5650,506200
IBHD,2017-09-11,0.5650,0.5750,0.5650,0.5700,578000
IBHD,2017-09-12,0.5700,0.5750,0.5700,0.5750,233100
IBHD,2017-09-13,0.5700,0.5750,0.5650,0.5650,551600
IBHD,2017-09-14,0.5700,0.5800,0.5700,0.5750,393800
IBHD,2017-09-15,0.5750,0.5750,0.5750,0.5750,174800
IBHD,2017-09-18,0.5700,0.5700,0.5650,0.5700,322200
IBHD,2017-09-19,0.5700,0.5750,0.5700,0.5750,416500
IBHD,2017-09-20,0.5700,0.5750,0.5650,0.5700,247000
IBHD,2017-09-21,0.5700,0.5800,0.5700,0.5750,271000
IBHD,2017-09-25,0.5700,0.5700,0.5650,0.5700,193700
IBHD,2017-09-26,0.5650,0.5700,0.5650,0.5650,694100
IBHD,2017-09-27,0.5650,0.5700,0.5650,0.5650,190300
IBHD,2017-09-28,0.5650,0.5700,0.5650,0.5650,234100
IBHD,2017-09-29,0.5650,0.5700,0.5600,0.5700,225500
