LIONDIV,2007-01-03,5.9418,5.9886,5.8014,5.8482,362
LIONDIV,2007-01-04,5.8482,5.8482,5.6143,5.6611,719
LIONDIV,2007-01-05,5.6611,5.6611,5.4740,5.5207,1721
LIONDIV,2007-01-08,5.5207,5.5207,5.3804,5.3804,711
LIONDIV,2007-01-09,5.3804,5.4740,5.3804,5.4272,3044
LIONDIV,2007-01-10,5.4272,5.4272,5.0997,5.2400,980
LIONDIV,2007-01-11,5.3336,5.3804,5.2868,5.3336,414
LIONDIV,2007-01-12,5.4272,5.6143,5.4272,5.5207,529
LIONDIV,2007-01-15,5.5207,5.8014,5.4272,5.6611,1796
LIONDIV,2007-01-16,5.7547,5.7547,5.5675,5.6143,489
LIONDIV,2007-01-17,5.5675,5.7079,5.5675,5.6611,526
LIONDIV,2007-01-18,5.7079,5.8950,5.7079,5.7547,1857
LIONDIV,2007-01-19,5.8014,5.8014,5.6611,5.7079,713
LIONDIV,2007-01-22,5.7547,5.8482,5.7547,5.8482,2002
LIONDIV,2007-01-23,5.8950,6.1289,5.8950,6.0822,3199
LIONDIV,2007-01-24,6.0822,6.0822,5.9886,6.0354,897
LIONDIV,2007-01-25,5.9886,5.9886,5.7079,5.8950,1052
LIONDIV,2007-01-26,5.8014,5.8014,5.6611,5.7079,878
LIONDIV,2007-01-29,5.7079,5.7079,5.5675,5.5675,1312
LIONDIV,2007-01-30,5.6611,5.7079,5.6611,5.7079,824
LIONDIV,2007-01-31,5.7079,5.8014,5.6611,5.7547,1100
LIONDIV,2007-02-02,5.7079,5.8014,5.6143,5.6143,1057
LIONDIV,2007-02-05,5.6143,5.6611,5.3804,5.4740,2729
LIONDIV,2007-02-06,5.4740,5.6143,5.3804,5.6143,2016
LIONDIV,2007-02-07,5.6143,5.6143,5.5207,5.6143,265
LIONDIV,2007-02-08,5.6143,5.8014,5.6143,5.7079,717
LIONDIV,2007-02-09,5.7079,5.7079,5.6143,5.6143,934
LIONDIV,2007-02-12,5.6143,5.8950,5.6143,5.8014,2118
LIONDIV,2007-02-13,5.8014,5.8950,5.7079,5.8014,3156
LIONDIV,2007-02-14,5.8014,5.9418,5.8014,5.8950,2455
LIONDIV,2007-02-15,5.8950,6.1289,5.8950,6.0822,3288
LIONDIV,2007-02-16,6.0354,6.5500,5.9886,6.3629,3059
LIONDIV,2007-02-21,6.4565,6.9711,6.4097,6.8307,2076
LIONDIV,2007-02-22,6.8307,7.0179,6.7372,6.7372,3112
LIONDIV,2007-02-23,6.8307,6.8775,6.5968,6.5968,783
LIONDIV,2007-02-26,6.7372,6.7372,6.4097,6.4565,1127
LIONDIV,2007-02-27,6.4565,6.5032,5.8950,6.0354,2003
LIONDIV,2007-02-28,5.6611,5.9886,5.4740,5.6611,4631
LIONDIV,2007-03-01,5.6611,5.9886,5.6611,5.7547,1302
LIONDIV,2007-03-02,5.7547,5.8482,5.5207,5.8014,1494
LIONDIV,2007-03-05,5.6611,5.6611,5.1932,5.5207,2115
LIONDIV,2007-03-06,5.4740,5.6611,5.3336,5.6143,2405
LIONDIV,2007-03-07,5.6611,5.8482,5.5207,5.5675,1009
LIONDIV,2007-03-08,5.5675,5.9418,5.5675,5.9418,2735
LIONDIV,2007-03-09,5.9418,5.9886,5.8482,5.9418,1193
LIONDIV,2007-03-12,5.9418,6.1289,5.8482,6.1289,1339
LIONDIV,2007-03-13,5.6611,6.1289,5.6611,5.8014,437
LIONDIV,2007-03-14,5.7079,5.8014,5.5207,5.8014,3538
LIONDIV,2007-03-15,5.8482,6.0822,5.8482,5.8950,4954
LIONDIV,2007-03-16,5.8482,5.9886,5.8014,5.8014,4664
LIONDIV,2007-03-19,5.9886,6.0354,5.9886,5.9886,1341
LIONDIV,2007-03-20,6.0354,6.1289,6.0354,6.1289,3628
LIONDIV,2007-03-21,6.1757,6.3161,6.1289,6.1289,1430
LIONDIV,2007-03-22,6.2225,6.3161,6.1757,6.1757,944
LIONDIV,2007-03-23,6.1757,6.6904,6.1757,6.6436,1360
LIONDIV,2007-03-26,6.6436,6.8307,6.5032,6.7839,4523
LIONDIV,2007-03-27,6.7839,6.8775,6.5968,6.8775,2049
LIONDIV,2007-03-28,6.7839,6.8307,6.5968,6.7372,1869
LIONDIV,2007-03-29,6.5968,7.0179,6.5500,6.9711,1538
LIONDIV,2007-03-30,7.0179,7.5325,7.0179,7.3454,4639
LIONDIV,2007-04-02,7.3454,7.6261,7.2050,7.5325,1334
LIONDIV,2007-04-03,7.5793,8.1875,7.3454,7.9536,5058
LIONDIV,2007-04-04,8.1875,8.2343,8.0939,8.0939,2638
LIONDIV,2007-04-05,8.0004,8.0004,7.7664,7.7664,3227
LIONDIV,2007-04-06,7.7664,7.8600,7.6729,7.7197,59
LIONDIV,2007-04-09,7.7197,7.8600,7.7197,7.8600,4989
LIONDIV,2007-04-10,7.8132,8.2343,7.7197,7.9536,3308
LIONDIV,2007-04-11,7.9536,7.9536,7.7197,7.7664,2534
LIONDIV,2007-04-12,7.7664,7.8132,7.6261,7.6261,2038
LIONDIV,2007-04-13,7.7197,7.7197,7.5793,7.6729,3830
LIONDIV,2007-04-16,7.6729,7.6729,7.4857,7.5325,2477
LIONDIV,2007-04-17,7.6729,7.7197,7.2986,7.6729,7268
LIONDIV,2007-04-18,7.6729,7.8600,7.6729,7.7197,4841
LIONDIV,2007-04-19,7.5325,7.5325,7.4390,7.4857,3489
LIONDIV,2007-04-20,7.5325,8.0004,7.5325,8.0004,2433
LIONDIV,2007-04-23,8.0004,8.4682,7.9536,8.4682,569
LIONDIV,2007-04-25,8.5618,8.5618,7.9536,8.0472,2345
LIONDIV,2007-04-27,8.0472,8.0939,7.9536,8.0004,1182
LIONDIV,2007-04-30,7.9068,8.0939,7.8132,8.0939,938
LIONDIV,2007-05-03,8.0939,8.4215,8.0939,8.3279,1786
LIONDIV,2007-05-04,8.2811,8.2811,8.0472,8.1407,669
LIONDIV,2007-05-07,8.0472,8.0472,7.9068,7.9536,487
LIONDIV,2007-05-08,7.9068,7.9536,7.8132,7.8600,119
LIONDIV,2007-05-09,7.8600,7.9068,7.7664,7.7664,368
LIONDIV,2007-05-10,7.7664,7.8600,7.6729,7.8132,1109
LIONDIV,2007-05-11,7.7664,7.8600,7.7197,7.8600,230
LIONDIV,2007-05-14,7.8600,8.1875,7.8600,8.1875,543
LIONDIV,2007-05-15,8.1407,8.1407,7.9536,8.0472,449
LIONDIV,2007-05-16,8.0004,8.0472,8.0004,8.0004,522
LIONDIV,2007-05-17,8.0004,8.1407,7.9536,8.1407,1479
LIONDIV,2007-05-18,8.0939,8.0939,8.0472,8.0472,416
LIONDIV,2007-05-21,8.0472,8.0472,7.9536,7.9536,401
LIONDIV,2007-05-22,8.0472,8.0472,7.9536,7.9536,401
LIONDIV,2007-05-24,8.0472,8.0939,7.9068,7.9068,1535
LIONDIV,2007-05-25,7.7664,7.9068,7.5793,7.9068,1438
LIONDIV,2007-05-28,7.9536,8.0939,7.9536,8.0472,332
LIONDIV,2007-05-29,8.0472,8.0472,7.9068,7.9536,929
LIONDIV,2007-05-30,7.9536,7.9536,7.6261,7.8132,853
LIONDIV,2007-05-31,7.6729,8.0004,7.6729,7.9536,1791
LIONDIV,2007-06-01,7.9536,7.9536,7.8132,7.8600,1674
LIONDIV,2007-06-04,7.9536,7.9536,7.6729,7.7664,809
LIONDIV,2007-06-05,7.7197,7.7664,7.6729,7.6729,782
LIONDIV,2007-06-06,7.6729,7.6729,7.6261,7.6261,924
LIONDIV,2007-06-07,7.5793,7.6261,7.5325,7.5793,511
LIONDIV,2007-06-08,7.4390,7.4390,7.2986,7.3454,625
LIONDIV,2007-06-11,7.3922,7.5325,7.3454,7.3454,1772
LIONDIV,2007-06-12,7.3922,7.4857,7.2986,7.4857,2695
LIONDIV,2007-06-13,7.4390,7.6261,7.3922,7.5793,3667
LIONDIV,2007-06-14,7.6261,7.6261,7.4857,7.5325,3207
LIONDIV,2007-06-15,7.5793,7.9068,7.5793,7.8600,2056
LIONDIV,2007-06-18,7.8600,8.0939,7.8600,8.0004,435
LIONDIV,2007-06-19,8.0472,8.3279,8.0472,8.3279,1203
LIONDIV,2007-06-20,8.3279,8.3279,8.0472,8.0939,2252
LIONDIV,2007-06-21,8.0472,8.1407,8.0472,8.1407,678
LIONDIV,2007-06-22,7.9536,8.0472,7.9536,7.9536,1250
LIONDIV,2007-06-25,7.9536,8.0004,7.9536,7.9536,847
LIONDIV,2007-06-26,7.9536,7.9536,7.8600,7.9068,1104
LIONDIV,2007-06-27,7.8600,7.8600,7.7664,7.8600,705
LIONDIV,2007-06-28,7.8600,7.9068,7.8132,7.8132,1102
LIONDIV,2007-06-29,7.8132,7.8600,7.7664,7.7664,1460
LIONDIV,2007-07-02,7.7664,7.8600,7.7664,7.8600,543
LIONDIV,2007-07-03,7.8600,8.0472,7.8600,7.9536,125
LIONDIV,2007-07-04,7.5793,8.2343,7.5793,8.1407,887
LIONDIV,2007-07-05,8.0472,8.3279,7.8600,8.3279,1051
LIONDIV,2007-07-06,8.0472,8.2343,8.0472,8.0939,252
LIONDIV,2007-07-09,8.1407,8.1407,8.0939,8.1407,652
LIONDIV,2007-07-10,8.0472,8.0472,7.8600,7.8600,445
LIONDIV,2007-07-11,7.8600,7.8600,7.8132,7.8132,809
LIONDIV,2007-07-12,7.8132,7.9536,7.7664,7.9536,2089
LIONDIV,2007-07-13,8.0472,8.1875,7.9536,8.0472,433
LIONDIV,2007-07-16,8.0939,8.0939,8.0472,8.0939,138
LIONDIV,2007-07-17,8.0472,8.0472,7.9068,7.9536,869
LIONDIV,2007-07-18,7.9536,8.4215,7.9536,8.1407,1118
LIONDIV,2007-07-19,8.2343,8.4682,8.2343,8.4215,2505
LIONDIV,2007-07-20,8.5150,9.1700,8.4215,9.1232,3759
LIONDIV,2007-07-23,8.9829,9.1232,8.8425,9.0297,2200
LIONDIV,2007-07-24,9.0765,9.1232,8.8893,8.9829,2348
LIONDIV,2007-07-25,8.8893,9.0765,8.7022,9.0765,1084
LIONDIV,2007-07-26,9.0765,9.0765,8.7022,9.0765,1527
LIONDIV,2007-07-27,8.7022,8.7957,8.3279,8.7490,2962
LIONDIV,2007-07-30,8.6086,8.7957,8.2343,8.7957,609
LIONDIV,2007-07-31,8.7490,8.7490,8.5150,8.6554,1251
LIONDIV,2007-08-01,8.6554,8.6554,8.1407,8.3747,2287
LIONDIV,2007-08-02,8.4215,8.6554,8.4215,8.6554,2525
LIONDIV,2007-08-03,8.5618,8.8893,8.5618,8.8893,834
LIONDIV,2007-08-06,8.8893,8.8893,8.3747,8.5150,2611
LIONDIV,2007-08-07,8.6554,8.6554,8.4682,8.5618,1776
LIONDIV,2007-08-08,8.6086,8.6554,8.4682,8.6086,1086
LIONDIV,2007-08-09,8.6554,8.6554,8.4682,8.5150,1154
LIONDIV,2007-08-10,8.4215,8.4215,8.0939,8.1407,1907
LIONDIV,2007-08-13,8.3747,8.3747,8.0472,8.2343,767
LIONDIV,2007-08-14,8.2811,8.4682,8.1875,8.4682,215
LIONDIV,2007-08-15,8.4215,8.4215,7.6261,7.6261,2551
LIONDIV,2007-08-16,7.4857,7.5325,7.0647,7.1114,1473
LIONDIV,2007-08-17,7.1114,7.4857,6.4565,7.2518,1604
LIONDIV,2007-08-20,7.4857,7.7664,7.4857,7.7664,1090
LIONDIV,2007-08-21,7.7197,8.0472,7.4857,7.4857,789
LIONDIV,2007-08-22,7.6729,8.2343,7.6729,8.2343,799
LIONDIV,2007-08-23,8.3279,8.4682,8.1875,8.1875,945
LIONDIV,2007-08-24,8.1407,8.3747,7.9536,8.3747,191
LIONDIV,2007-08-27,8.3279,9.2636,8.3279,8.8893,1530
LIONDIV,2007-08-29,8.2343,8.8893,8.2343,8.8893,1004
LIONDIV,2007-08-30,8.9829,9.6379,8.9829,9.3572,1867
LIONDIV,2007-09-03,9.3572,9.3572,9.0297,9.1700,1102
LIONDIV,2007-09-04,9.1700,9.1700,9.0297,9.1700,358
LIONDIV,2007-09-05,9.2168,9.3572,9.2168,9.2636,341
LIONDIV,2007-09-06,9.2168,9.4507,9.1232,9.1232,1006
LIONDIV,2007-09-07,9.1232,10.1058,9.1232,10.1058,719
LIONDIV,2007-09-11,9.8250,10.0122,9.8250,9.9186,669
LIONDIV,2007-09-12,9.9186,10.1993,9.8250,10.1993,836
LIONDIV,2007-09-13,10.1993,10.1993,9.6379,9.8250,274
LIONDIV,2007-09-14,9.9186,10.1058,9.9186,10.0122,58
LIONDIV,2007-09-17,10.0122,10.0122,9.7315,9.9186,173
LIONDIV,2007-09-18,9.8250,9.8250,9.6379,9.8250,399
LIONDIV,2007-09-19,9.9186,10.1993,9.8250,10.1058,403
LIONDIV,2007-09-20,10.0122,10.2929,10.0122,10.1058,330
LIONDIV,2007-09-21,10.0122,10.0122,9.6379,9.9186,553
LIONDIV,2007-09-24,9.8250,9.9186,9.6379,9.6379,1021
LIONDIV,2007-09-25,9.6379,10.0122,9.5443,10.0122,1711
LIONDIV,2007-09-27,10.4800,11.1350,10.4800,10.9479,2842
LIONDIV,2007-09-28,10.8543,11.1350,10.6672,10.8543,2457
LIONDIV,2007-10-01,11.0415,11.3222,11.0415,11.3222,2060
LIONDIV,2007-10-02,11.5093,11.6965,10.9479,10.9479,3123
LIONDIV,2007-10-03,10.9479,11.0415,10.1993,10.5736,2726
LIONDIV,2007-10-04,10.5736,10.6672,10.1993,10.6672,785
LIONDIV,2007-10-05,10.6672,10.7607,10.5736,10.6672,3497
LIONDIV,2007-10-08,10.7607,10.8543,10.2929,10.6672,3322
LIONDIV,2007-10-10,2.3861,2.3861,1.8995,1.9650,23452279
LIONDIV,2007-10-11,1.9182,2.1147,1.9182,1.9463,12197810
LIONDIV,2007-10-12,1.9463,1.9650,1.8434,1.8714,6589491
LIONDIV,2007-10-16,1.8714,1.8714,1.6469,1.6469,9264445
LIONDIV,2007-10-18,1.6001,1.6469,1.5159,1.5439,7032146
LIONDIV,2007-10-19,1.5439,1.5533,1.4878,1.4971,2885808
LIONDIV,2007-10-24,1.5252,1.8714,1.5159,1.7685,25440166
LIONDIV,2007-10-26,2.1054,2.1709,2.0024,2.1054,13193196
LIONDIV,2007-10-30,2.2457,2.2457,2.0212,2.1709,6686529
LIONDIV,2007-11-05,2.1896,2.1896,1.9557,1.9650,3920736
LIONDIV,2007-11-06,1.9837,2.0492,1.9369,2.0305,2801594
LIONDIV,2007-11-07,2.0586,2.0773,1.9369,1.9650,3334448
LIONDIV,2007-11-09,1.9276,1.9837,1.8901,1.9557,1471812
LIONDIV,2007-11-13,1.8621,1.8995,1.8153,1.8808,2597473
LIONDIV,2007-11-14,1.9182,1.9650,1.8527,1.8621,3383287
LIONDIV,2007-11-15,1.8621,1.8995,1.8247,1.8434,1254759
LIONDIV,2007-11-19,1.8153,1.8247,1.7404,1.7685,2709793
LIONDIV,2007-11-20,1.7404,1.7404,1.6281,1.6937,14717268
LIONDIV,2007-11-21,1.6843,1.6937,1.6281,1.6281,6816590
LIONDIV,2007-11-22,1.6188,1.6375,1.5814,1.6281,3780843
LIONDIV,2007-11-28,1.6469,1.6843,1.6375,1.6469,2291184
LIONDIV,2007-12-03,1.8153,1.8247,1.7404,1.8247,2406710
LIONDIV,2007-12-04,1.8247,1.9369,1.8153,1.8714,3476157
LIONDIV,2007-12-10,1.9089,1.9557,1.8808,1.8995,915875
LIONDIV,2007-12-13,1.8714,1.8901,1.8247,1.8621,959585
LIONDIV,2007-12-14,1.8527,1.8808,1.8527,1.8621,1427996
LIONDIV,2007-12-19,1.7872,1.8153,1.7311,1.7779,1382576
LIONDIV,2007-12-26,1.8153,1.8995,1.8153,1.8901,3015548
LIONDIV,2007-12-27,1.8995,1.8995,1.8153,1.8247,388686
LIONDIV,2007-12-31,1.8153,1.8434,1.7966,1.7966,1168943
LIONDIV,2008-01-02,1.7966,1.8808,1.7966,1.8714,439770
LIONDIV,2008-01-03,1.8527,1.8901,1.8527,1.8714,1458774
LIONDIV,2008-01-07,1.8714,1.8901,1.7872,1.8714,1659262
LIONDIV,2008-01-08,1.8714,1.8901,1.8527,1.8901,865005
LIONDIV,2008-01-09,1.8901,1.9463,1.8808,1.9182,1326255
LIONDIV,2008-01-11,1.9276,1.9463,1.9089,1.9276,2793045
LIONDIV,2008-01-15,1.8995,1.8995,1.7966,1.8153,866929
LIONDIV,2008-01-17,1.7591,1.7685,1.6843,1.7404,662593
LIONDIV,2008-01-18,1.7030,1.7498,1.6843,1.7124,942486
LIONDIV,2008-01-22,1.5907,1.5907,1.4597,1.4878,2181428
LIONDIV,2008-01-24,1.5907,1.6094,1.5159,1.5252,3115151
LIONDIV,2008-01-30,1.5065,1.5159,1.4410,1.4504,984699
LIONDIV,2008-01-31,1.4504,1.4784,1.4036,1.4317,2462176
LIONDIV,2008-02-04,1.4317,1.5065,1.4317,1.4878,1416881
LIONDIV,2008-02-06,1.4971,1.5065,1.4784,1.5065,308213
LIONDIV,2008-02-11,1.5065,1.5065,1.4597,1.4784,508914
LIONDIV,2008-02-12,1.4784,1.4784,1.4504,1.4597,1075432
LIONDIV,2008-02-14,1.4597,1.4878,1.4597,1.4691,341877
LIONDIV,2008-02-15,1.4504,1.4691,1.4504,1.4504,235755
LIONDIV,2008-02-25,1.3194,1.3661,1.3194,1.3661,455480
LIONDIV,2008-02-26,1.3849,1.4036,1.3661,1.3755,1724132
LIONDIV,2008-02-27,1.3755,1.3755,1.3474,1.3568,495021
LIONDIV,2008-02-29,1.4036,1.4971,1.4036,1.4878,1692819
LIONDIV,2008-03-03,1.4317,1.4317,1.3381,1.3381,16626
LIONDIV,2008-03-05,1.3381,1.3381,1.2913,1.3007,1473950
LIONDIV,2008-03-06,1.3007,1.3381,1.3007,1.3100,379495
LIONDIV,2008-03-10,1.2819,1.2819,1.1041,1.1229,771173
LIONDIV,2008-03-14,1.1135,1.1416,1.1135,1.1229,200702
LIONDIV,2008-03-17,1.1135,1.1135,1.0199,1.0293,2018879
LIONDIV,2008-03-21,0.9451,0.9638,0.9357,0.9544,582655
LIONDIV,2008-03-24,0.9544,1.0106,0.9544,1.0106,1697949
LIONDIV,2008-03-27,1.0761,1.1697,1.0761,1.1509,1296118
LIONDIV,2008-03-31,1.1509,1.1697,1.1229,1.1603,570151
LIONDIV,2008-04-02,1.1603,1.1790,1.1416,1.1416,600074
LIONDIV,2008-04-04,1.1041,1.1322,1.1041,1.1229,218870
LIONDIV,2008-04-07,1.1322,1.1509,1.1322,1.1416,496731
LIONDIV,2008-04-08,1.1229,1.1977,1.1041,1.1884,1209981
LIONDIV,2008-04-09,1.1977,1.2351,1.1790,1.1884,803234
LIONDIV,2008-04-11,1.2351,1.2445,1.2071,1.2071,181679
LIONDIV,2008-04-17,1.1977,1.2164,1.1884,1.2071,610120
LIONDIV,2008-04-18,1.1977,1.2164,1.1884,1.1884,797143
LIONDIV,2008-04-21,1.1977,1.2071,1.1790,1.1884,1034287
LIONDIV,2008-04-22,1.1884,1.1977,1.1790,1.1884,1923231
LIONDIV,2008-04-23,1.1977,1.2445,1.1977,1.2351,753753
LIONDIV,2008-04-25,1.2164,1.2351,1.2071,1.2351,496304
LIONDIV,2008-04-30,1.2258,1.2351,1.2164,1.2164,264503
LIONDIV,2008-05-02,1.2258,1.2819,1.2258,1.2445,783036
LIONDIV,2008-05-06,1.2445,1.2913,1.2445,1.2726,1168729
LIONDIV,2008-05-08,1.2445,1.3381,1.2445,1.3194,2127352
LIONDIV,2008-05-12,1.4036,1.4971,1.4036,1.4691,3124876
LIONDIV,2008-05-16,1.3849,1.4223,1.3849,1.3942,3030296
LIONDIV,2008-05-21,1.3100,1.3381,1.3007,1.3194,1111768
LIONDIV,2008-05-28,1.2632,1.2632,1.1603,1.1884,1571629
LIONDIV,2008-05-29,1.2071,1.2164,1.1416,1.1603,2190940
LIONDIV,2008-05-30,1.1603,1.2351,1.1603,1.1790,4812245
LIONDIV,2008-06-02,1.1790,1.1790,1.1322,1.1416,788272
LIONDIV,2008-06-03,1.1416,1.1697,1.1229,1.1416,778013
LIONDIV,2008-06-04,1.1416,1.1509,1.1229,1.1229,962898
LIONDIV,2008-06-05,1.1135,1.1135,1.0293,1.0574,2787060
LIONDIV,2008-06-06,1.0854,1.0948,1.0761,1.0948,1327004
LIONDIV,2008-06-09,1.0761,1.0761,1.0387,1.0667,1674331
LIONDIV,2008-06-10,1.0761,1.1603,1.0761,1.1322,6202195
LIONDIV,2008-06-11,1.1416,1.4036,1.1416,1.3942,9272674
LIONDIV,2008-06-12,1.3755,1.4410,1.3194,1.3381,7210726
LIONDIV,2008-06-13,1.3755,1.3849,1.3287,1.3474,6523766
LIONDIV,2008-06-17,1.3474,1.3474,1.2445,1.2819,1773185
LIONDIV,2008-06-18,1.2819,1.2819,1.1884,1.2258,7013017
LIONDIV,2008-06-19,1.2071,1.2071,1.1603,1.1790,6435385
LIONDIV,2008-06-25,1.1509,1.2164,1.1416,1.2164,4330261
LIONDIV,2008-06-27,1.1509,1.1790,1.1322,1.1509,4500505
LIONDIV,2008-06-30,1.1509,1.1977,1.1509,1.1790,5174641
LIONDIV,2008-07-01,1.1697,1.1790,1.1322,1.1509,1876101
LIONDIV,2008-07-02,1.1509,1.1509,1.0948,1.1322,2054146
LIONDIV,2008-07-04,1.1041,1.1322,1.0761,1.1229,2168818
LIONDIV,2008-07-08,1.0948,1.1322,1.0761,1.1041,1012806
LIONDIV,2008-07-10,1.1416,1.1790,1.1229,1.1322,3002617
LIONDIV,2008-07-11,1.1416,1.1790,1.1416,1.1603,1438683
LIONDIV,2008-07-16,1.1041,1.1135,1.0854,1.1041,731738
LIONDIV,2008-07-17,1.1041,1.1229,1.0948,1.1041,1356286
LIONDIV,2008-07-23,1.1135,1.1509,1.1135,1.1229,6175905
LIONDIV,2008-07-24,1.1322,1.1509,1.0948,1.1041,3924370
LIONDIV,2008-07-28,1.1041,1.1229,1.0948,1.1135,2448069
LIONDIV,2008-08-01,1.0012,1.0667,0.9919,1.0387,1275813
LIONDIV,2008-08-04,1.0574,1.0574,1.0012,1.0199,1389843
LIONDIV,2008-08-06,1.0012,1.0106,0.9451,0.9544,1636071
LIONDIV,2008-08-08,0.9544,0.9731,0.9451,0.9638,1252301
LIONDIV,2008-08-11,0.9638,0.9638,0.9310,0.9357,896104
LIONDIV,2008-08-12,0.9357,0.9451,0.9264,0.9264,534777
LIONDIV,2008-08-15,0.9264,0.9264,0.8983,0.8983,417006
LIONDIV,2008-08-20,0.7813,0.8421,0.7813,0.8421,1197477
LIONDIV,2008-08-25,0.8609,0.8702,0.8234,0.8328,2862724
LIONDIV,2008-08-27,0.8000,0.8234,0.7813,0.7954,1423186
LIONDIV,2008-08-29,0.7860,0.7860,0.7626,0.7673,2525336
LIONDIV,2008-09-05,0.6644,0.6737,0.6503,0.6737,1988956
LIONDIV,2008-09-08,0.6784,0.6784,0.6597,0.6690,1170546
LIONDIV,2008-09-15,0.5989,0.6082,0.5848,0.5942,511372
LIONDIV,2008-09-22,0.6082,0.6176,0.5708,0.5848,1548224
LIONDIV,2008-09-23,0.5801,0.5942,0.5708,0.5755,338884
LIONDIV,2008-09-24,0.5614,0.6035,0.5614,0.5989,1077890
LIONDIV,2008-09-25,0.5942,0.5942,0.5474,0.5521,4067
LIONDIV,2008-09-26,0.5614,0.5614,0.5521,0.5567,356945
LIONDIV,2008-09-29,0.5614,0.5614,0.5240,0.5334,2363000
LIONDIV,2008-10-03,0.4959,0.5100,0.4679,0.4772,5352686
LIONDIV,2008-10-07,0.4258,0.4491,0.4070,0.4351,5324365
LIONDIV,2008-10-08,0.4258,0.4304,0.3883,0.3977,8246616
LIONDIV,2008-10-13,0.3930,0.3977,0.3556,0.3930,7888815
LIONDIV,2008-10-16,0.3275,0.3322,0.3088,0.3322,7010024
LIONDIV,2008-10-17,0.3369,0.3369,0.3088,0.3088,6150363
LIONDIV,2008-10-20,0.3275,0.3369,0.3088,0.3228,4444078
LIONDIV,2008-10-22,0.3181,0.3275,0.2994,0.3041,5321373
LIONDIV,2008-10-23,0.2901,0.3135,0.2901,0.3135,2069322
LIONDIV,2008-10-24,0.3135,0.3135,0.2807,0.2994,2074879
LIONDIV,2008-10-28,0.2807,0.3088,0.2760,0.2901,5676074
LIONDIV,2008-10-30,0.2760,0.3509,0.2760,0.3415,14679543
LIONDIV,2008-10-31,0.3369,0.3649,0.3228,0.3322,10669356
LIONDIV,2008-11-03,0.3415,0.3790,0.3415,0.3743,12984265
LIONDIV,2008-11-04,0.3790,0.4024,0.3556,0.3883,12318145
LIONDIV,2008-11-06,0.3649,0.3649,0.3462,0.3556,7752343
LIONDIV,2008-11-07,0.3369,0.3836,0.3322,0.3790,8395165
LIONDIV,2008-11-11,0.4024,0.4258,0.3743,0.3743,19929526
LIONDIV,2008-11-12,0.3649,0.3930,0.3649,0.3836,4927237
LIONDIV,2008-11-17,0.3556,0.3696,0.3369,0.3462,5173038
LIONDIV,2008-11-18,0.3462,0.3509,0.3275,0.3369,2322817
LIONDIV,2008-11-19,0.3509,0.3603,0.3415,0.3462,4618169
LIONDIV,2008-11-20,0.3369,0.3415,0.3228,0.3275,3566462
LIONDIV,2008-11-21,0.3181,0.3415,0.3088,0.3369,2480130
LIONDIV,2008-11-26,0.3228,0.3228,0.3135,0.3135,1356607
LIONDIV,2008-11-27,0.3228,0.3322,0.3181,0.3275,2133658
LIONDIV,2008-11-28,0.3228,0.3275,0.3181,0.3228,1917887
LIONDIV,2008-12-01,0.3181,0.3181,0.3041,0.3135,3263914
LIONDIV,2008-12-02,0.3088,0.3135,0.2994,0.3088,896318
LIONDIV,2008-12-04,0.3228,0.3228,0.3181,0.3181,445754
LIONDIV,2008-12-09,0.3275,0.3369,0.3275,0.3322,1899078
LIONDIV,2008-12-10,0.3322,0.3369,0.3228,0.3322,1456316
LIONDIV,2008-12-11,0.3322,0.3415,0.3322,0.3415,1231462
LIONDIV,2008-12-12,0.3369,0.3415,0.3275,0.3369,833478
LIONDIV,2008-12-15,0.3275,0.3369,0.3181,0.3322,968562
LIONDIV,2008-12-17,0.3369,0.3369,0.3228,0.3228,272518
LIONDIV,2008-12-18,0.3228,0.3369,0.3228,0.3369,1807597
LIONDIV,2008-12-22,0.3415,0.3415,0.3369,0.3369,602105
LIONDIV,2008-12-23,0.3369,0.3369,0.3322,0.3369,399266
LIONDIV,2008-12-24,0.3322,0.3322,0.3135,0.3275,1394225
LIONDIV,2008-12-26,0.3275,0.3275,0.3181,0.3181,623265
LIONDIV,2008-12-30,0.3228,0.3275,0.3181,0.3275,88702
LIONDIV,2009-01-02,0.3275,0.3556,0.3275,0.3556,1008531
LIONDIV,2009-01-07,0.3649,0.3696,0.3509,0.3556,1949093
LIONDIV,2009-01-08,0.3509,0.3509,0.3369,0.3369,1707354
LIONDIV,2009-01-09,0.3369,0.3556,0.3369,0.3556,871631
LIONDIV,2009-01-15,0.3462,0.3556,0.3369,0.3415,1473095
LIONDIV,2009-01-16,0.3509,0.3509,0.3415,0.3415,651906
LIONDIV,2009-01-21,0.3135,0.3415,0.3088,0.3415,8061090
LIONDIV,2009-01-22,0.3415,0.3415,0.3181,0.3181,2540832
LIONDIV,2009-01-23,0.3181,0.3181,0.3088,0.3135,1475018
LIONDIV,2009-01-28,0.3135,0.3181,0.3135,0.3135,907860
LIONDIV,2009-01-29,0.3181,0.3181,0.3135,0.3135,1069340
LIONDIV,2009-01-30,0.3088,0.3181,0.3088,0.3135,688777
LIONDIV,2009-02-03,0.3088,0.3088,0.2994,0.2994,1193737
LIONDIV,2009-02-05,0.3041,0.3088,0.2994,0.3088,321358
LIONDIV,2009-02-13,0.3088,0.3181,0.3088,0.3135,2537412
LIONDIV,2009-02-16,0.3135,0.3228,0.3088,0.3135,2255062
LIONDIV,2009-02-17,0.3135,0.3135,0.2994,0.2994,1649109
LIONDIV,2009-02-24,0.2807,0.2807,0.2714,0.2714,2874159
LIONDIV,2009-02-25,0.2760,0.2807,0.2760,0.2760,2480023
LIONDIV,2009-02-26,0.2760,0.2807,0.2667,0.2760,2539977
LIONDIV,2009-03-04,0.2386,0.2480,0.2339,0.2433,2854068
LIONDIV,2009-03-05,0.2480,0.2526,0.2339,0.2386,2992678
LIONDIV,2009-03-06,0.2339,0.2433,0.2339,0.2433,818837
LIONDIV,2009-03-13,0.2246,0.2293,0.2152,0.2152,2124574
LIONDIV,2009-03-17,0.2105,0.2199,0.2105,0.2105,3442173
LIONDIV,2009-03-18,0.2152,0.2246,0.2152,0.2199,5716898
LIONDIV,2009-03-19,0.2152,0.2246,0.2105,0.2105,6666758
LIONDIV,2009-03-20,0.2152,0.2199,0.2105,0.2199,2085994
LIONDIV,2009-03-24,0.2433,0.2526,0.2339,0.2339,17800571
LIONDIV,2009-03-25,0.2339,0.2386,0.2293,0.2293,2334680
LIONDIV,2009-03-26,0.2339,0.2433,0.2339,0.2433,6202088
LIONDIV,2009-03-30,0.2293,0.2293,0.2199,0.2246,3667561
LIONDIV,2009-03-31,0.2199,0.2293,0.2199,0.2246,1828758
LIONDIV,2009-04-01,0.2293,0.2339,0.2246,0.2339,2557504
LIONDIV,2009-04-03,0.2620,0.2667,0.2480,0.2526,12100879
LIONDIV,2009-04-06,0.2573,0.2854,0.2573,0.2807,20543387
LIONDIV,2009-04-07,0.2760,0.2948,0.2714,0.2807,9558337
LIONDIV,2009-04-14,0.3509,0.3836,0.3509,0.3836,32287962
LIONDIV,2009-04-15,0.3790,0.4024,0.3649,0.3930,25752333
LIONDIV,2009-04-17,0.3930,0.3977,0.3790,0.3790,10534594
LIONDIV,2009-04-21,0.3509,0.3836,0.3509,0.3790,15687753
LIONDIV,2009-04-22,0.3883,0.4117,0.3743,0.4024,38783087
LIONDIV,2009-04-24,0.4351,0.4585,0.4304,0.4398,30320059
LIONDIV,2009-04-27,0.4491,0.4491,0.4024,0.4070,16610575
LIONDIV,2009-04-28,0.4024,0.4258,0.3790,0.3836,12004482
LIONDIV,2009-04-29,0.3883,0.4164,0.3696,0.4164,22691686
LIONDIV,2009-04-30,0.4304,0.4445,0.4211,0.4258,21231202
LIONDIV,2009-05-06,0.4538,0.4772,0.4398,0.4725,19660535
LIONDIV,2009-05-07,0.4866,0.4913,0.4632,0.4632,21854788
LIONDIV,2009-05-08,0.4632,0.4913,0.4491,0.4819,16647231
LIONDIV,2009-05-13,0.6363,0.6597,0.6129,0.6129,56306651
LIONDIV,2009-05-15,0.5895,0.6176,0.5380,0.5474,21281965
LIONDIV,2009-05-18,0.5334,0.5661,0.4772,0.5427,25960622
LIONDIV,2009-05-26,0.5895,0.6082,0.5755,0.5801,25530364
LIONDIV,2009-06-08,0.5989,0.6222,0.5801,0.5801,22690617
LIONDIV,2009-06-10,0.5801,0.6035,0.5801,0.6035,9471131
LIONDIV,2009-06-12,0.6222,0.6222,0.6035,0.6129,10686669
LIONDIV,2009-06-15,0.6176,0.6410,0.5848,0.5848,24907740
LIONDIV,2009-06-17,0.5755,0.5848,0.5661,0.5755,9091636
LIONDIV,2009-06-18,0.5755,0.5801,0.5193,0.5240,11719460
LIONDIV,2009-06-19,0.5427,0.5474,0.5006,0.5146,10722043
LIONDIV,2009-06-22,0.5193,0.5240,0.4585,0.4725,8666508
LIONDIV,2009-06-25,0.5053,0.5661,0.5053,0.5521,20561982
LIONDIV,2009-07-01,0.5053,0.5240,0.4913,0.5053,7654557
LIONDIV,2009-07-02,0.5053,0.5100,0.4632,0.4679,11249553
LIONDIV,2009-07-03,0.4538,0.5053,0.4491,0.5006,12584893
LIONDIV,2009-07-08,0.4913,0.5006,0.4819,0.5006,4554047
LIONDIV,2009-07-10,0.5146,0.5193,0.4866,0.4866,5051420
LIONDIV,2009-07-13,0.4913,0.4913,0.4679,0.4725,2421031
LIONDIV,2009-07-17,0.5240,0.5240,0.5053,0.5146,4506276
LIONDIV,2009-07-22,0.5287,0.5334,0.5146,0.5146,4250750
LIONDIV,2009-07-27,0.5614,0.5614,0.5474,0.5521,4161086
LIONDIV,2009-07-29,0.5848,0.5895,0.5427,0.5521,15974806
LIONDIV,2009-07-30,0.5521,0.5567,0.5427,0.5521,5827081
LIONDIV,2009-08-03,0.5567,0.5661,0.5427,0.5614,6287584
LIONDIV,2009-08-05,0.5661,0.5755,0.5474,0.5474,5350442
LIONDIV,2009-08-06,0.5521,0.5661,0.5521,0.5614,6223782
LIONDIV,2009-08-10,0.5474,0.5567,0.5427,0.5474,2118589
LIONDIV,2009-08-11,0.5380,0.5567,0.5380,0.5427,3135990
LIONDIV,2009-08-13,0.5474,0.5521,0.5380,0.5521,2869457
LIONDIV,2009-08-17,0.5380,0.5427,0.5146,0.5193,4727390
LIONDIV,2009-08-19,0.5334,0.5380,0.5146,0.5193,1559659
LIONDIV,2009-08-24,0.5240,0.5240,0.4959,0.5146,1955505
LIONDIV,2009-08-25,0.5146,0.5146,0.5146,0.5146,1489766
LIONDIV,2009-08-26,0.5100,0.5240,0.5100,0.5193,929768
LIONDIV,2009-08-28,0.5053,0.5146,0.5006,0.5146,1665247
LIONDIV,2009-09-09,0.5053,0.5240,0.5006,0.5006,2562420
LIONDIV,2009-09-10,0.5053,0.5146,0.5006,0.5006,1621216
LIONDIV,2009-09-15,0.4819,0.4913,0.4819,0.4866,1129935
LIONDIV,2009-09-16,0.4913,0.4959,0.4866,0.4913,1430988
LIONDIV,2009-09-17,0.4959,0.5053,0.4959,0.4959,3593180
LIONDIV,2009-09-18,0.4913,0.5053,0.4913,0.4959,834654
LIONDIV,2009-09-24,0.4959,0.5006,0.4866,0.4913,1635109
LIONDIV,2009-09-28,0.4866,0.4866,0.4725,0.4725,1697201
LIONDIV,2009-09-30,0.4866,0.4866,0.4679,0.4679,1028088
LIONDIV,2009-10-02,0.4679,0.4725,0.4632,0.4679,503892
LIONDIV,2009-10-06,0.4679,0.4725,0.4585,0.4632,617067
LIONDIV,2009-10-07,0.4679,0.4819,0.4632,0.4819,1540743
LIONDIV,2009-10-08,0.4819,0.4913,0.4819,0.4819,496838
LIONDIV,2009-10-09,0.4866,0.4866,0.4725,0.4819,275724
LIONDIV,2009-10-12,0.4772,0.4866,0.4725,0.4772,843738
LIONDIV,2009-10-13,0.4679,0.4819,0.4679,0.4772,1311507
LIONDIV,2009-10-14,0.4772,0.4913,0.4772,0.4913,3251410
LIONDIV,2009-10-15,0.5006,0.5006,0.4819,0.4819,2678801
LIONDIV,2009-10-16,0.4866,0.4866,0.4725,0.4866,2847335
LIONDIV,2009-10-20,0.4819,0.4913,0.4725,0.4819,3090143
LIONDIV,2009-10-21,0.4819,0.4819,0.4679,0.4679,371907
LIONDIV,2009-10-22,0.4725,0.4866,0.4679,0.4772,2411519
LIONDIV,2009-10-23,0.4772,0.4772,0.4725,0.4725,988012
LIONDIV,2009-10-29,0.4491,0.4632,0.4491,0.4538,753753
LIONDIV,2009-10-30,0.4632,0.4679,0.4538,0.4538,1896941
LIONDIV,2009-11-02,0.4491,0.4585,0.4398,0.4398,1524820
LIONDIV,2009-11-03,0.4445,0.4538,0.4398,0.4398,1283935
LIONDIV,2009-11-04,0.4491,0.4725,0.4445,0.4679,5091923
LIONDIV,2009-11-05,0.4679,0.4866,0.4585,0.4632,4875939
LIONDIV,2009-11-09,0.4725,0.4725,0.4585,0.4632,653509
LIONDIV,2009-11-11,0.4585,0.4585,0.4398,0.4491,3188357
LIONDIV,2009-11-18,0.4398,0.4398,0.4258,0.4351,1695277
LIONDIV,2009-11-23,0.3883,0.4117,0.3883,0.4024,1073081
LIONDIV,2009-12-02,0.3836,0.4304,0.3836,0.4070,4692764
LIONDIV,2009-12-03,0.4070,0.4117,0.3977,0.3977,449709
LIONDIV,2009-12-08,0.4070,0.4070,0.3836,0.3836,889478
LIONDIV,2009-12-09,0.3977,0.3977,0.3836,0.3836,348182
LIONDIV,2009-12-15,0.3836,0.3836,0.3790,0.3790,622838
LIONDIV,2009-12-22,0.3649,0.3743,0.3649,0.3649,797677
LIONDIV,2009-12-24,0.3649,0.3696,0.3649,0.3696,592807
LIONDIV,2009-12-28,0.3696,0.3790,0.3696,0.3790,790944
LIONDIV,2009-12-31,0.3930,0.4070,0.3930,0.3930,1906238
LIONDIV,2010-01-04,0.4024,0.4211,0.3977,0.4211,1864880
LIONDIV,2010-01-07,0.4491,0.4538,0.4351,0.4351,2787808
LIONDIV,2010-01-12,0.4351,0.4538,0.4351,0.4491,2649412
LIONDIV,2010-01-14,0.4819,0.4913,0.4772,0.4819,7680419
LIONDIV,2010-01-18,0.4679,0.4725,0.4585,0.4679,2828205
LIONDIV,2010-01-19,0.4725,0.4772,0.4632,0.4679,1652743
LIONDIV,2010-01-20,0.4725,0.5053,0.4679,0.4866,17968784
LIONDIV,2010-01-21,0.4866,0.4866,0.4725,0.4725,1480789
LIONDIV,2010-01-25,0.4538,0.4679,0.4538,0.4679,1369538
LIONDIV,2010-01-27,0.4538,0.4585,0.4398,0.4445,1113905
LIONDIV,2010-01-28,0.4445,0.4538,0.4445,0.4491,1618758
LIONDIV,2010-01-29,0.4398,0.4445,0.4304,0.4398,1399568
LIONDIV,2010-02-02,0.4445,0.4445,0.4211,0.4304,1622178
LIONDIV,2010-02-03,0.4351,0.4398,0.4304,0.4304,484228
LIONDIV,2010-02-04,0.4351,0.4398,0.4304,0.4398,869387
LIONDIV,2010-02-08,0.4258,0.4304,0.4117,0.4211,2147016
LIONDIV,2010-02-09,0.4164,0.4211,0.3930,0.4211,276793
LIONDIV,2010-02-11,0.4164,0.4258,0.4024,0.4258,1102470
LIONDIV,2010-02-17,0.4304,0.4351,0.4258,0.4304,2009154
LIONDIV,2010-02-19,0.4258,0.4304,0.4117,0.4258,1458240
LIONDIV,2010-02-23,0.4164,0.4258,0.4117,0.4211,1094989
LIONDIV,2010-02-24,0.4211,0.4211,0.4117,0.4211,435815
LIONDIV,2010-03-01,0.4211,0.4211,0.4164,0.4211,772028
LIONDIV,2010-03-03,0.4164,0.4164,0.4070,0.4070,822257
LIONDIV,2010-03-04,0.4024,0.4024,0.3883,0.3977,1178241
LIONDIV,2010-03-05,0.3977,0.4164,0.3977,0.4164,1189248
LIONDIV,2010-03-08,0.4211,0.4304,0.4164,0.4258,2867106
LIONDIV,2010-03-09,0.4211,0.4211,0.4070,0.4164,556792
LIONDIV,2010-03-11,0.4117,0.4164,0.4070,0.4070,356197
LIONDIV,2010-03-18,0.4211,0.4211,0.4117,0.4117,667830
LIONDIV,2010-03-19,0.4117,0.4117,0.4024,0.4024,872700
LIONDIV,2010-03-22,0.4070,0.4070,0.4024,0.4024,1617583
LIONDIV,2010-03-23,0.4024,0.4070,0.3977,0.4024,619845
LIONDIV,2010-03-24,0.4070,0.4117,0.4070,0.4117,1738560
LIONDIV,2010-03-26,0.3977,0.4211,0.3977,0.4164,3272891
LIONDIV,2010-04-01,0.4117,0.4117,0.4024,0.4117,1137951
LIONDIV,2010-04-02,0.4117,0.4117,0.4070,0.4117,833478
LIONDIV,2010-04-05,0.4164,0.4304,0.4164,0.4304,3340432
LIONDIV,2010-04-06,0.4304,0.4632,0.4258,0.4491,5828150
LIONDIV,2010-04-08,0.4398,0.4632,0.4398,0.4538,4280460
LIONDIV,2010-04-09,0.4585,0.4866,0.4538,0.4679,8725714
LIONDIV,2010-04-12,0.4772,0.4819,0.4538,0.4538,3420905
LIONDIV,2010-04-13,0.4585,0.4632,0.4398,0.4491,2209215
LIONDIV,2010-04-14,0.4538,0.4538,0.4445,0.4491,2153215
LIONDIV,2010-04-15,0.4538,0.4538,0.4304,0.4398,3141441
LIONDIV,2010-04-16,0.4445,0.4585,0.4351,0.4351,2701137
LIONDIV,2010-04-20,0.4304,0.4304,0.4258,0.4304,928913
LIONDIV,2010-04-27,0.4304,0.4304,0.4211,0.4211,314198
LIONDIV,2010-04-29,0.4117,0.4164,0.4070,0.4117,680654
LIONDIV,2010-04-30,0.4164,0.4211,0.4117,0.4117,807295
LIONDIV,2010-05-03,0.4117,0.4164,0.4024,0.4164,1289920
LIONDIV,2010-05-07,0.3883,0.3930,0.3790,0.3883,1251019
LIONDIV,2010-05-14,0.4024,0.4024,0.3930,0.3977,558930
LIONDIV,2010-05-18,0.3930,0.3977,0.3930,0.3977,592807
LIONDIV,2010-05-26,0.3509,0.3790,0.3509,0.3790,2651442
LIONDIV,2010-05-27,0.3743,0.3836,0.3649,0.3790,1864559
LIONDIV,2010-05-31,0.3790,0.3836,0.3743,0.3836,1107813
LIONDIV,2010-06-02,0.3790,0.3790,0.3743,0.3743,389006
LIONDIV,2010-06-04,0.4024,0.4024,0.3696,0.3696,2340558
LIONDIV,2010-06-08,0.3696,0.3790,0.3649,0.3790,588960
LIONDIV,2010-06-21,0.3696,0.3930,0.3696,0.3930,2834724
LIONDIV,2010-06-23,0.3790,0.3790,0.3743,0.3790,369770
LIONDIV,2010-06-25,0.3743,0.3790,0.3696,0.3790,884990
LIONDIV,2010-06-30,0.3603,0.3743,0.3556,0.3743,180717
LIONDIV,2010-07-01,0.3649,0.3696,0.3649,0.3649,430579
LIONDIV,2010-07-05,0.3556,0.3603,0.3509,0.3509,515113
LIONDIV,2010-07-08,0.3603,0.3649,0.3603,0.3649,792013
LIONDIV,2010-07-09,0.3649,0.3743,0.3603,0.3743,500472
LIONDIV,2010-07-12,0.3743,0.3836,0.3696,0.3790,1693460
LIONDIV,2010-07-13,0.3743,0.3790,0.3696,0.3743,873127
LIONDIV,2010-07-14,0.3743,0.3790,0.3696,0.3743,475999
LIONDIV,2010-07-15,0.3743,0.3743,0.3649,0.3649,635876
LIONDIV,2010-07-19,0.3696,0.3743,0.3649,0.3696,1766453
LIONDIV,2010-07-21,0.3883,0.3883,0.3743,0.3836,888730
LIONDIV,2010-07-23,0.3790,0.3930,0.3790,0.3836,4059667
LIONDIV,2010-07-26,0.3883,0.3883,0.3743,0.3883,1139233
LIONDIV,2010-07-29,0.3790,0.3790,0.3696,0.3696,1759292
LIONDIV,2010-07-30,0.3743,0.3790,0.3743,0.3790,1558911
LIONDIV,2010-08-02,0.3836,0.3883,0.3790,0.3883,1497247
LIONDIV,2010-08-03,0.3883,0.3930,0.3790,0.3930,1983292
LIONDIV,2010-08-06,0.3883,0.3977,0.3883,0.3930,2522343
LIONDIV,2010-08-09,0.3977,0.4304,0.3977,0.4211,12133047
LIONDIV,2010-08-10,0.4258,0.4258,0.4070,0.4070,6175050
LIONDIV,2010-08-13,0.4070,0.4117,0.3977,0.3977,1522789
LIONDIV,2010-08-16,0.4024,0.4164,0.4024,0.4070,2288833
LIONDIV,2010-08-18,0.4117,0.4117,0.4024,0.4024,558716
LIONDIV,2010-08-19,0.4024,0.4211,0.4024,0.4117,4932473
LIONDIV,2010-08-24,0.4070,0.4070,0.3883,0.3883,1867979
LIONDIV,2010-08-25,0.3883,0.3977,0.3790,0.3836,1441247
LIONDIV,2010-08-30,0.3977,0.4070,0.3930,0.3977,1209660
LIONDIV,2010-09-01,0.4024,0.4024,0.3930,0.3977,755998
LIONDIV,2010-09-02,0.3977,0.3977,0.3883,0.3930,1632651
LIONDIV,2010-09-03,0.3977,0.4024,0.3930,0.3977,1042195
LIONDIV,2010-09-08,0.3930,0.3930,0.3883,0.3883,836257
LIONDIV,2010-09-13,0.3930,0.4024,0.3930,0.3977,610441
LIONDIV,2010-09-14,0.3977,0.4070,0.3977,0.4024,657036
LIONDIV,2010-09-17,0.4024,0.4211,0.4024,0.4164,1772010
LIONDIV,2010-09-20,0.4164,0.4211,0.4070,0.4164,1055661
LIONDIV,2010-09-23,0.4445,0.4538,0.4351,0.4445,2378176
LIONDIV,2010-09-24,0.4398,0.4491,0.4398,0.4491,2147444
LIONDIV,2010-09-27,0.4538,0.4866,0.4538,0.4725,5882119
LIONDIV,2010-09-30,0.4679,0.4679,0.4538,0.4538,1219813
LIONDIV,2010-10-04,0.4538,0.4725,0.4491,0.4632,3047502
LIONDIV,2010-10-06,0.4772,0.4819,0.4632,0.4632,2351138
LIONDIV,2010-10-07,0.4679,0.4679,0.4585,0.4632,1021463
LIONDIV,2010-10-08,0.4679,0.4679,0.4585,0.4585,880929
LIONDIV,2010-10-11,0.4585,0.4632,0.4538,0.4585,1422866
LIONDIV,2010-10-12,0.4585,0.4725,0.4585,0.4632,2011185
LIONDIV,2010-10-13,0.4632,0.4772,0.4632,0.4679,2690770
LIONDIV,2010-10-14,0.4725,0.4772,0.4679,0.4679,2043673
LIONDIV,2010-10-15,0.4772,0.4772,0.4679,0.4679,1484530
LIONDIV,2010-10-22,0.5053,0.5100,0.5006,0.5053,2224497
LIONDIV,2010-10-25,0.5100,0.5334,0.5100,0.5287,6716880
LIONDIV,2010-10-26,0.5334,0.5334,0.5193,0.5193,2028818
LIONDIV,2010-10-27,0.5193,0.5287,0.5100,0.5193,1636392
LIONDIV,2010-10-28,0.5193,0.5193,0.4959,0.5053,1714193
LIONDIV,2010-10-29,0.5193,0.5193,0.4959,0.4959,1780132
LIONDIV,2010-11-01,0.5100,0.5100,0.5006,0.5006,1382683
LIONDIV,2010-11-02,0.5006,0.5053,0.4866,0.4913,1150561
LIONDIV,2010-11-03,0.4959,0.5053,0.4913,0.4959,1357461
LIONDIV,2010-11-04,0.4959,0.5053,0.4959,0.5053,2564771
LIONDIV,2010-11-09,0.5053,0.5100,0.5006,0.5006,1410469
LIONDIV,2010-11-10,0.5053,0.5334,0.5006,0.5287,6400225
LIONDIV,2010-11-11,0.5334,0.5427,0.5240,0.5380,3711912
LIONDIV,2010-11-15,0.5287,0.5334,0.5240,0.5287,1634682
LIONDIV,2010-11-16,0.5287,0.5287,0.5006,0.5100,1959994
LIONDIV,2010-11-19,0.5146,0.5146,0.4913,0.5006,1278164
LIONDIV,2010-11-23,0.5053,0.5053,0.4819,0.4819,1862742
LIONDIV,2010-11-24,0.4725,0.4959,0.4725,0.4913,1761537
LIONDIV,2010-11-25,0.4959,0.4959,0.4772,0.4772,1557949
LIONDIV,2010-11-26,0.4725,0.4866,0.4679,0.4725,1251553
LIONDIV,2010-11-29,0.4725,0.4725,0.4585,0.4632,1135065
LIONDIV,2010-12-01,0.4398,0.4445,0.4351,0.4445,795753
LIONDIV,2010-12-02,0.4491,0.4585,0.4398,0.4538,1673690
LIONDIV,2010-12-03,0.4585,0.4585,0.4445,0.4445,329159
LIONDIV,2010-12-06,0.4445,0.4445,0.4398,0.4445,337388
LIONDIV,2010-12-14,0.4445,0.4679,0.4445,0.4632,1397751
LIONDIV,2010-12-15,0.4679,0.4725,0.4585,0.4632,606059
LIONDIV,2010-12-17,0.4491,0.4538,0.4491,0.4491,470228
LIONDIV,2010-12-20,0.4585,0.4585,0.4445,0.4491,618884
LIONDIV,2010-12-22,0.4679,0.4725,0.4632,0.4725,1913292
LIONDIV,2010-12-23,0.4725,0.4725,0.4632,0.4632,1544911
LIONDIV,2010-12-28,0.4772,0.4866,0.4772,0.4772,2575458
LIONDIV,2010-12-29,0.4819,0.4819,0.4632,0.4632,1157401
LIONDIV,2011-01-03,0.4679,0.4725,0.4632,0.4679,3616477
LIONDIV,2011-01-11,0.4959,0.5100,0.4866,0.5006,3685302
LIONDIV,2011-01-13,0.5006,0.5287,0.4959,0.5240,8482264
LIONDIV,2011-01-14,0.5240,0.5380,0.5146,0.5240,7732999
LIONDIV,2011-01-17,0.5193,0.5287,0.5146,0.5193,1713124
LIONDIV,2011-01-25,0.4772,0.4819,0.4679,0.4772,1602407
LIONDIV,2011-01-26,0.4772,0.4772,0.4679,0.4679,1299431
LIONDIV,2011-02-14,0.4819,0.4866,0.4772,0.4866,698609
LIONDIV,2011-02-17,0.4913,0.4913,0.4819,0.4819,416045
LIONDIV,2011-02-21,0.4772,0.4772,0.4679,0.4679,1046791
LIONDIV,2011-02-22,0.4679,0.4679,0.4398,0.4445,2343336
LIONDIV,2011-02-24,0.4491,0.4491,0.4304,0.4351,1460591
LIONDIV,2011-02-25,0.4304,0.4398,0.4258,0.4398,658425
LIONDIV,2011-03-01,0.4211,0.4258,0.4211,0.4211,806120
LIONDIV,2011-03-03,0.3836,0.4070,0.3836,0.3977,626792
LIONDIV,2011-03-08,0.4070,0.4117,0.4070,0.4117,383877
LIONDIV,2011-03-10,0.4211,0.4211,0.4117,0.4117,149297
LIONDIV,2011-03-11,0.3977,0.4024,0.3930,0.4024,470869
LIONDIV,2011-03-14,0.3930,0.4024,0.3743,0.4024,869387
LIONDIV,2011-03-15,0.3930,0.3977,0.3836,0.3977,394457
LIONDIV,2011-03-17,0.3930,0.4024,0.3930,0.4024,309281
LIONDIV,2011-03-18,0.4070,0.4304,0.4070,0.4164,790944
LIONDIV,2011-03-21,0.4211,0.4211,0.4117,0.4211,455800
LIONDIV,2011-03-22,0.4164,0.4304,0.4164,0.4164,1255080
LIONDIV,2011-03-23,0.4117,0.4304,0.4117,0.4211,312594
LIONDIV,2011-03-30,0.4398,0.4538,0.4398,0.4445,2653152
LIONDIV,2011-03-31,0.4491,0.4491,0.4398,0.4445,713143
LIONDIV,2011-04-01,0.4445,0.4445,0.4351,0.4398,854211
LIONDIV,2011-04-05,0.4398,0.4398,0.4211,0.4258,1516484
LIONDIV,2011-04-07,0.4304,0.4304,0.4211,0.4258,1079920
LIONDIV,2011-04-08,0.4304,0.4445,0.4211,0.4398,4078262
LIONDIV,2011-04-12,0.4258,0.4304,0.4117,0.4164,1067310
LIONDIV,2011-04-14,0.4211,0.4211,0.4070,0.4117,1316958
LIONDIV,2011-04-15,0.4117,0.4117,0.4070,0.4117,480166
LIONDIV,2011-04-19,0.4117,0.4164,0.4070,0.4164,489250
LIONDIV,2011-04-22,0.4211,0.4258,0.4117,0.4164,377999
LIONDIV,2011-04-25,0.4164,0.4211,0.4117,0.4164,468197
LIONDIV,2011-04-26,0.4117,0.4117,0.4024,0.4070,435388
LIONDIV,2011-04-28,0.4070,0.4117,0.4070,0.4117,244091
LIONDIV,2011-05-05,0.3977,0.4070,0.3930,0.3977,538731
LIONDIV,2011-05-16,0.3930,0.3977,0.3836,0.3883,711112
LIONDIV,2011-05-26,0.3836,0.3883,0.3790,0.3836,428335
LIONDIV,2011-05-30,0.3743,0.3790,0.3696,0.3696,659815
LIONDIV,2011-05-31,0.3743,0.3743,0.3462,0.3462,3369180
LIONDIV,2011-06-01,0.3509,0.3556,0.3462,0.3509,2118161
LIONDIV,2011-06-02,0.3462,0.3509,0.3415,0.3509,723082
LIONDIV,2011-06-03,0.3509,0.3556,0.3462,0.3509,582441
LIONDIV,2011-06-09,0.3743,0.3743,0.3603,0.3696,292824
LIONDIV,2011-06-21,0.3556,0.3603,0.3556,0.3556,398197
LIONDIV,2011-06-23,0.4351,0.4585,0.4164,0.4211,27495274
LIONDIV,2011-06-27,0.4304,0.4585,0.4304,0.4491,11198683
LIONDIV,2011-06-29,0.4491,0.4725,0.4491,0.4632,10336243
LIONDIV,2011-07-04,0.4585,0.4819,0.4585,0.4679,3625348
LIONDIV,2011-07-05,0.4679,0.4725,0.4632,0.4725,1448408
LIONDIV,2011-07-07,0.4679,0.5100,0.4679,0.5053,9993297
LIONDIV,2011-07-08,0.5053,0.5053,0.4866,0.4959,3704752
LIONDIV,2011-07-13,0.4632,0.4772,0.4632,0.4772,645280
LIONDIV,2011-07-18,0.4632,0.4632,0.4398,0.4398,870135
LIONDIV,2011-07-21,0.4538,0.4585,0.4538,0.4538,660777
LIONDIV,2011-07-22,0.4538,0.4819,0.4491,0.4772,2465275
LIONDIV,2011-07-26,0.4679,0.4772,0.4679,0.4772,1249095
LIONDIV,2011-07-27,0.4819,0.5006,0.4772,0.5006,4184170
LIONDIV,2011-07-29,0.4866,0.4913,0.4819,0.4866,248793
LIONDIV,2011-08-02,0.5100,0.5380,0.5053,0.5146,12161367
LIONDIV,2011-08-03,0.5053,0.5193,0.4866,0.5146,2500756
LIONDIV,2011-08-08,0.4585,0.4585,0.4164,0.4258,5362304
LIONDIV,2011-08-12,0.4351,0.4538,0.4258,0.4398,2887518
LIONDIV,2011-08-22,0.4070,0.4117,0.3977,0.4024,1320057
LIONDIV,2011-08-23,0.4024,0.4164,0.3977,0.4024,1048607
LIONDIV,2011-08-24,0.4117,0.4164,0.3977,0.3977,1523965
LIONDIV,2011-09-02,0.3603,0.3696,0.3603,0.3696,1023279
LIONDIV,2011-09-05,0.3696,0.3696,0.3509,0.3509,2279321
LIONDIV,2011-09-07,0.3556,0.3649,0.3556,0.3603,1851307
LIONDIV,2011-09-12,0.3556,0.3556,0.3415,0.3415,2427977
LIONDIV,2011-09-13,0.3462,0.3509,0.3462,0.3462,482624
LIONDIV,2011-09-14,0.3509,0.3509,0.3322,0.3322,1421370
LIONDIV,2011-09-22,0.3322,0.3322,0.3135,0.3181,411556
LIONDIV,2011-09-23,0.3135,0.3228,0.3041,0.3041,2524267
LIONDIV,2011-09-27,0.2948,0.2994,0.2901,0.2901,2057352
LIONDIV,2011-09-28,0.2994,0.2994,0.2854,0.2854,1280088
LIONDIV,2011-10-05,0.2901,0.2994,0.2807,0.2854,1975490
LIONDIV,2011-10-06,0.2901,0.3041,0.2901,0.2994,946760
LIONDIV,2011-10-10,0.2994,0.2994,0.2948,0.2994,246976
LIONDIV,2011-10-11,0.3041,0.3088,0.3041,0.3088,1045615
LIONDIV,2011-10-12,0.3041,0.3369,0.3041,0.3322,2711610
LIONDIV,2011-10-14,0.3556,0.3556,0.3415,0.3509,1302530
LIONDIV,2011-10-21,0.3556,0.3836,0.3556,0.3603,2633381
LIONDIV,2011-10-24,0.3696,0.3696,0.3649,0.3696,1111447
LIONDIV,2011-10-31,0.3696,0.3743,0.3603,0.3696,598044
LIONDIV,2011-11-04,0.3603,0.3603,0.3509,0.3556,572395
LIONDIV,2011-11-08,0.3509,0.3556,0.3462,0.3509,443189
LIONDIV,2011-11-11,0.3556,0.3603,0.3509,0.3556,638975
LIONDIV,2011-11-16,0.3462,0.3509,0.3415,0.3415,837967
LIONDIV,2011-11-17,0.3415,0.3556,0.3415,0.3556,298808
LIONDIV,2011-11-24,0.3041,0.3135,0.3041,0.3088,1099691
LIONDIV,2011-11-25,0.3135,0.3135,0.3041,0.3041,906791
LIONDIV,2011-11-29,0.3135,0.3228,0.3135,0.3228,1127157
LIONDIV,2011-12-01,0.3275,0.3369,0.3228,0.3322,1559766
LIONDIV,2011-12-06,0.3322,0.3369,0.3322,0.3322,315801
LIONDIV,2011-12-07,0.3322,0.3743,0.3322,0.3649,4384872
LIONDIV,2011-12-08,0.3603,0.3603,0.3509,0.3556,742853
LIONDIV,2011-12-12,0.3509,0.3509,0.3322,0.3322,502502
LIONDIV,2011-12-16,0.3322,0.3369,0.3322,0.3322,408457
LIONDIV,2011-12-20,0.3275,0.3322,0.3275,0.3275,622090
LIONDIV,2012-01-04,0.3275,0.3322,0.3228,0.3322,153893
LIONDIV,2012-01-10,0.3509,0.3509,0.3462,0.3509,302976
LIONDIV,2012-01-13,0.3836,0.3883,0.3696,0.3696,8362142
LIONDIV,2012-01-18,0.3556,0.3556,0.3509,0.3556,719021
LIONDIV,2012-01-19,0.3509,0.3649,0.3509,0.3556,1859002
LIONDIV,2012-01-20,0.3603,0.3603,0.3556,0.3603,297205
LIONDIV,2012-01-25,0.3556,0.3603,0.3556,0.3556,228702
LIONDIV,2012-01-26,0.3556,0.3603,0.3509,0.3556,704914
LIONDIV,2012-01-31,0.3603,0.3603,0.3603,0.3603,227633
LIONDIV,2012-02-10,0.3743,0.3883,0.3743,0.3836,6577308
LIONDIV,2012-02-13,0.3883,0.3883,0.3743,0.3790,1505904
LIONDIV,2012-02-15,0.3649,0.3696,0.3649,0.3696,604349
LIONDIV,2012-02-17,0.3649,0.3649,0.3556,0.3649,999020
LIONDIV,2012-02-21,0.3603,0.3603,0.3509,0.3556,772990
LIONDIV,2012-02-22,0.3509,0.3556,0.3462,0.3462,1679247
LIONDIV,2012-02-24,0.3369,0.3369,0.3322,0.3369,951142
LIONDIV,2012-02-29,0.3228,0.3275,0.3135,0.3228,1740056
LIONDIV,2012-03-01,0.3181,0.3228,0.3181,0.3228,984486
LIONDIV,2012-03-02,0.3228,0.3322,0.3181,0.3228,2442832
LIONDIV,2012-03-05,0.3228,0.3275,0.3228,0.3228,1254225
LIONDIV,2012-03-08,0.3275,0.3275,0.3228,0.3228,423205
LIONDIV,2012-03-09,0.3275,0.3275,0.3181,0.3181,650838
LIONDIV,2012-03-12,0.3228,0.3228,0.3181,0.3228,254350
LIONDIV,2012-03-13,0.3228,0.3275,0.3228,0.3275,638013
LIONDIV,2012-03-19,0.3228,0.3322,0.3228,0.3275,541403
LIONDIV,2012-03-21,0.3228,0.3322,0.3228,0.3275,353846
LIONDIV,2012-03-22,0.3322,0.3415,0.3275,0.3275,991218
LIONDIV,2012-03-23,0.3322,0.3369,0.3275,0.3322,631922
LIONDIV,2012-03-26,0.3322,0.3415,0.3322,0.3369,1714941
LIONDIV,2012-03-28,0.3322,0.3322,0.3275,0.3275,66259
LIONDIV,2012-03-29,0.3275,0.3275,0.3181,0.3228,1119676
LIONDIV,2012-04-03,0.3275,0.3275,0.3228,0.3275,133908
LIONDIV,2012-04-04,0.3275,0.3275,0.3181,0.3228,471831
LIONDIV,2012-04-05,0.3181,0.3181,0.3181,0.3181,253068
LIONDIV,2012-04-09,0.3275,0.3275,0.3181,0.3228,1139233
LIONDIV,2012-04-12,0.3181,0.3228,0.3181,0.3181,198778
LIONDIV,2012-04-13,0.3181,0.3181,0.3135,0.3181,436991
LIONDIV,2012-04-19,0.3088,0.3088,0.3041,0.3041,280106
LIONDIV,2012-04-23,0.3041,0.3041,0.3041,0.3041,363999
LIONDIV,2012-04-25,0.2948,0.2994,0.2901,0.2948,466808
LIONDIV,2012-04-26,0.2948,0.2994,0.2901,0.2948,498014
LIONDIV,2012-04-27,0.2901,0.2948,0.2901,0.2901,548884
LIONDIV,2012-04-30,0.2901,0.2948,0.2901,0.2948,174946
LIONDIV,2012-05-02,0.2948,0.2948,0.2901,0.2948,198030
LIONDIV,2012-05-04,0.2948,0.3088,0.2948,0.3041,582868
LIONDIV,2012-05-07,0.2994,0.3088,0.2994,0.2994,452167
LIONDIV,2012-05-08,0.3041,0.3088,0.2994,0.3088,485617
LIONDIV,2012-05-10,0.3041,0.3088,0.2994,0.3041,295816
LIONDIV,2012-05-14,0.2994,0.3041,0.2994,0.2994,110717
LIONDIV,2012-05-16,0.2948,0.2948,0.2854,0.2854,230839
LIONDIV,2012-05-18,0.2854,0.2854,0.2807,0.2854,227419
LIONDIV,2012-05-21,0.2807,0.2901,0.2807,0.2854,296030
LIONDIV,2012-05-23,0.2854,0.2854,0.2854,0.2854,35267
LIONDIV,2012-05-28,0.2854,0.2948,0.2854,0.2854,450670
LIONDIV,2012-05-30,0.2948,0.2948,0.2854,0.2854,471189
LIONDIV,2012-05-31,0.2854,0.2901,0.2854,0.2854,156351
LIONDIV,2012-06-01,0.2854,0.2901,0.2854,0.2901,63481
LIONDIV,2012-06-06,0.2854,0.2854,0.2854,0.2854,223358
LIONDIV,2012-06-08,0.2901,0.2948,0.2901,0.2948,306717
LIONDIV,2012-06-15,0.2901,0.2901,0.2807,0.2807,421067
LIONDIV,2012-06-18,0.2854,0.2854,0.2854,0.2854,215877
LIONDIV,2012-06-19,0.2854,0.2901,0.2854,0.2854,296243
LIONDIV,2012-06-20,0.2948,0.3088,0.2901,0.3041,905616
LIONDIV,2012-06-21,0.3088,0.3088,0.3041,0.3041,955738
LIONDIV,2012-06-22,0.2994,0.3041,0.2948,0.2948,161374
LIONDIV,2012-06-28,0.2994,0.2994,0.2994,0.2994,25114
LIONDIV,2012-06-29,0.2948,0.2948,0.2948,0.2948,50229
LIONDIV,2012-07-02,0.2948,0.2948,0.2901,0.2901,270381
LIONDIV,2012-07-05,0.2948,0.2994,0.2901,0.2901,271450
LIONDIV,2012-07-06,0.2901,0.2901,0.2901,0.2901,306717
LIONDIV,2012-07-09,0.2948,0.2948,0.2901,0.2901,211602
LIONDIV,2012-07-10,0.2901,0.2948,0.2901,0.2901,255419
LIONDIV,2012-07-13,0.2854,0.2854,0.2854,0.2854,84427
LIONDIV,2012-07-18,0.2948,0.2948,0.2901,0.2948,547174
LIONDIV,2012-07-23,0.2901,0.2948,0.2854,0.2854,899738
LIONDIV,2012-07-24,0.2854,0.2901,0.2854,0.2901,191297
LIONDIV,2012-07-31,0.2854,0.2901,0.2807,0.2901,100458
LIONDIV,2012-08-06,0.2807,0.2854,0.2807,0.2854,161374
LIONDIV,2012-08-08,0.2854,0.2854,0.2807,0.2807,551021
LIONDIV,2012-08-09,0.2807,0.2854,0.2807,0.2854,274656
LIONDIV,2012-08-10,0.2807,0.2807,0.2807,0.2807,96183
LIONDIV,2012-08-14,0.2807,0.2807,0.2760,0.2807,312060
LIONDIV,2012-08-17,0.2807,0.2854,0.2807,0.2807,205297
LIONDIV,2012-08-22,0.2807,0.2807,0.2807,0.2807,38580
LIONDIV,2012-08-28,0.2760,0.2760,0.2760,0.2760,127496
LIONDIV,2012-08-29,0.2714,0.2760,0.2714,0.2760,425663
LIONDIV,2012-09-05,0.2760,0.2760,0.2714,0.2714,234045
LIONDIV,2012-09-07,0.2667,0.2714,0.2667,0.2714,254137
LIONDIV,2012-09-10,0.2667,0.2667,0.2620,0.2620,379816
LIONDIV,2012-09-11,0.2620,0.2714,0.2620,0.2620,139358
LIONDIV,2012-09-12,0.2620,0.2620,0.2573,0.2620,125038
LIONDIV,2012-09-14,0.2714,0.2714,0.2620,0.2714,201770
LIONDIV,2012-09-19,0.2667,0.2667,0.2620,0.2620,193221
LIONDIV,2012-09-21,0.2620,0.2620,0.2620,0.2620,126961
LIONDIV,2012-10-01,0.2620,0.2620,0.2573,0.2620,21908
LIONDIV,2012-10-02,0.2573,0.2620,0.2573,0.2620,74809
LIONDIV,2012-10-03,0.2620,0.2620,0.2573,0.2573,223999
LIONDIV,2012-10-04,0.2526,0.2573,0.2480,0.2480,345404
LIONDIV,2012-10-05,0.2480,0.2480,0.2433,0.2480,369770
LIONDIV,2012-10-16,0.2480,0.2573,0.2480,0.2573,114244
LIONDIV,2012-10-22,0.2714,0.2714,0.2667,0.2667,688990
LIONDIV,2012-10-23,0.2714,0.2714,0.2667,0.2667,316335
LIONDIV,2012-10-25,0.2714,0.2807,0.2667,0.2760,917371
LIONDIV,2012-10-30,0.2901,0.2948,0.2760,0.2854,1013447
LIONDIV,2012-10-31,0.2854,0.2901,0.2854,0.2901,582548
LIONDIV,2012-11-05,0.2714,0.2714,0.2714,0.2714,194503
LIONDIV,2012-11-12,0.2620,0.2667,0.2620,0.2620,99282
LIONDIV,2012-11-14,0.2620,0.2620,0.2620,0.2620,10687
LIONDIV,2012-11-21,0.2667,0.2667,0.2620,0.2667,66473
LIONDIV,2012-11-22,0.2714,0.2714,0.2667,0.2667,77267
LIONDIV,2012-11-23,0.2807,0.2807,0.2620,0.2667,112961
LIONDIV,2012-11-26,0.2620,0.2714,0.2620,0.2714,279037
LIONDIV,2012-11-27,0.2667,0.2667,0.2620,0.2620,87420
LIONDIV,2012-11-28,0.2620,0.2620,0.2620,0.2620,199847
LIONDIV,2012-12-03,0.2573,0.2620,0.2573,0.2573,34198
LIONDIV,2012-12-05,0.2573,0.2573,0.2526,0.2526,117023
LIONDIV,2012-12-06,0.2573,0.2573,0.2526,0.2573,52046
LIONDIV,2012-12-10,0.2526,0.2620,0.2526,0.2620,184244
LIONDIV,2012-12-11,0.2620,0.2620,0.2526,0.2526,151542
LIONDIV,2012-12-12,0.2573,0.2573,0.2526,0.2526,548243
LIONDIV,2012-12-17,0.2339,0.2433,0.2339,0.2386,100458
LIONDIV,2012-12-19,0.2339,0.2339,0.2293,0.2339,307144
LIONDIV,2012-12-21,0.2339,0.2386,0.2339,0.2339,282671
LIONDIV,2012-12-26,0.2386,0.2386,0.2386,0.2386,94366
LIONDIV,2012-12-27,0.2386,0.2433,0.2339,0.2433,362289
LIONDIV,2012-12-28,0.2433,0.2620,0.2433,0.2620,132305
LIONDIV,2013-01-02,0.2526,0.2573,0.2526,0.2526,255633
LIONDIV,2013-01-04,0.2526,0.2667,0.2526,0.2573,1659476
LIONDIV,2013-01-07,0.2620,0.2667,0.2573,0.2667,1362164
LIONDIV,2013-01-08,0.2620,0.2620,0.2526,0.2620,142992
LIONDIV,2013-01-09,0.2620,0.2620,0.2526,0.2526,318472
LIONDIV,2013-01-10,0.2573,0.2573,0.2526,0.2526,159022
LIONDIV,2013-01-14,0.2526,0.2573,0.2526,0.2573,76946
LIONDIV,2013-01-18,0.2573,0.2620,0.2526,0.2620,187236
LIONDIV,2013-01-22,0.2480,0.2573,0.2386,0.2433,854104
LIONDIV,2013-01-29,0.2573,0.2573,0.2526,0.2573,862868
LIONDIV,2013-01-30,0.2573,0.2573,0.2526,0.2573,564166
LIONDIV,2013-01-31,0.2526,0.2573,0.2526,0.2573,283098
LIONDIV,2013-02-04,0.2573,0.2620,0.2526,0.2573,1934773
LIONDIV,2013-02-06,0.2480,0.2480,0.2433,0.2433,242595
LIONDIV,2013-02-08,0.2433,0.2573,0.2433,0.2526,1629125
LIONDIV,2013-02-13,0.2526,0.2526,0.2386,0.2526,118732
LIONDIV,2013-02-15,0.2526,0.2573,0.2433,0.2480,310030
LIONDIV,2013-02-20,0.2433,0.2526,0.2433,0.2526,10794
LIONDIV,2013-02-25,0.2526,0.2526,0.2433,0.2480,64122
LIONDIV,2013-02-26,0.2433,0.2480,0.2433,0.2480,97145
LIONDIV,2013-02-27,0.2433,0.2480,0.2433,0.2480,242595
LIONDIV,2013-02-28,0.2339,0.2433,0.2339,0.2433,375861
LIONDIV,2013-03-01,0.2339,0.2433,0.2339,0.2433,5450
LIONDIV,2013-03-08,0.2339,0.2433,0.2293,0.2433,565449
LIONDIV,2013-03-11,0.2386,0.2386,0.2339,0.2386,25649
LIONDIV,2013-03-12,0.2339,0.2433,0.2339,0.2433,165541
LIONDIV,2013-03-18,0.2339,0.2433,0.2246,0.2339,344335
LIONDIV,2013-03-19,0.2246,0.2246,0.2152,0.2199,1342927
LIONDIV,2013-03-20,0.2152,0.2246,0.2152,0.2246,342091
LIONDIV,2013-03-26,0.2246,0.2339,0.2246,0.2246,69038
LIONDIV,2013-03-27,0.2293,0.2293,0.2246,0.2246,38473
LIONDIV,2013-03-28,0.2246,0.2293,0.2246,0.2293,130595
LIONDIV,2013-03-29,0.2246,0.2293,0.2246,0.2246,102595
LIONDIV,2013-04-01,0.2246,0.2339,0.2246,0.2339,68610
LIONDIV,2013-04-09,0.2386,0.2760,0.2386,0.2620,10945188
LIONDIV,2013-04-16,0.2339,0.2433,0.2339,0.2433,570258
LIONDIV,2013-04-17,0.2433,0.2480,0.2386,0.2386,552517
LIONDIV,2013-04-19,0.2386,0.2433,0.2386,0.2433,260656
LIONDIV,2013-04-24,0.2339,0.2386,0.2339,0.2339,219618
LIONDIV,2013-04-26,0.2433,0.2433,0.2293,0.2339,539372
LIONDIV,2013-04-29,0.2339,0.2339,0.2339,0.2339,105481
LIONDIV,2013-05-03,0.2246,0.2293,0.2246,0.2293,190015
LIONDIV,2013-05-06,0.2339,0.2433,0.2293,0.2386,775021
LIONDIV,2013-05-07,0.2386,0.2480,0.2386,0.2480,829097
LIONDIV,2013-05-08,0.2480,0.2480,0.2386,0.2386,363358
LIONDIV,2013-05-09,0.2433,0.2526,0.2433,0.2433,854104
LIONDIV,2013-05-10,0.2480,0.2573,0.2433,0.2573,1359599
LIONDIV,2013-05-14,0.2667,0.2714,0.2573,0.2620,1787933
LIONDIV,2013-05-20,0.2667,0.2807,0.2667,0.2807,2074131
LIONDIV,2013-05-21,0.2807,0.2901,0.2760,0.2854,1519690
LIONDIV,2013-05-23,0.2667,0.2667,0.2526,0.2526,947936
LIONDIV,2013-05-27,0.2573,0.2620,0.2573,0.2573,429510
LIONDIV,2013-05-28,0.2620,0.2714,0.2620,0.2714,398090
LIONDIV,2013-05-31,0.2667,0.2714,0.2573,0.2573,399266
LIONDIV,2013-06-03,0.2573,0.2667,0.2573,0.2620,463815
LIONDIV,2013-06-04,0.2667,0.2714,0.2667,0.2714,187984
LIONDIV,2013-06-06,0.2620,0.2620,0.2526,0.2573,79725
LIONDIV,2013-06-10,0.2620,0.2620,0.2573,0.2620,361968
LIONDIV,2013-06-13,0.2526,0.2573,0.2433,0.2573,109114
LIONDIV,2013-06-14,0.2526,0.2526,0.2526,0.2526,58778
LIONDIV,2013-06-25,0.2293,0.2339,0.2293,0.2339,50229
LIONDIV,2013-06-26,0.2293,0.2339,0.2293,0.2339,121832
LIONDIV,2013-06-28,0.2339,0.2386,0.2339,0.2386,141068
LIONDIV,2013-07-01,0.2386,0.2433,0.2386,0.2433,141068
LIONDIV,2013-07-03,0.2433,0.2433,0.2433,0.2433,21374
LIONDIV,2013-07-08,0.2573,0.2714,0.2573,0.2620,2838678
LIONDIV,2013-07-09,0.2620,0.2760,0.2620,0.2714,4633665
LIONDIV,2013-07-12,0.2714,0.2854,0.2667,0.2714,6681186
LIONDIV,2013-07-17,0.2620,0.2620,0.2573,0.2620,864364
LIONDIV,2013-07-18,0.2620,0.2667,0.2573,0.2620,1661399
LIONDIV,2013-07-22,0.2620,0.2620,0.2526,0.2526,1084195
LIONDIV,2013-07-23,0.2526,0.2526,0.2526,0.2526,472579
LIONDIV,2013-07-25,0.2526,0.2620,0.2526,0.2526,1672407
LIONDIV,2013-07-29,0.2480,0.2620,0.2480,0.2573,1859536
LIONDIV,2013-07-30,0.2526,0.2573,0.2480,0.2526,1144897
LIONDIV,2013-08-01,0.2433,0.2433,0.2386,0.2386,768181
LIONDIV,2013-08-06,0.2433,0.2526,0.2386,0.2526,1706392
LIONDIV,2013-08-14,0.2526,0.2573,0.2480,0.2526,1604224
LIONDIV,2013-08-19,0.2480,0.2526,0.2480,0.2526,1285645
LIONDIV,2013-08-20,0.2480,0.2573,0.2433,0.2433,1862422
LIONDIV,2013-08-22,0.2386,0.2433,0.2293,0.2339,1881445
LIONDIV,2013-08-23,0.2386,0.2433,0.2293,0.2339,2402649
LIONDIV,2013-08-27,0.2246,0.2246,0.2152,0.2199,2015673
LIONDIV,2013-08-28,0.2105,0.2152,0.2105,0.2105,606914
LIONDIV,2013-08-30,0.2199,0.2246,0.2152,0.2199,1028195
LIONDIV,2013-09-02,0.2152,0.2152,0.2105,0.2105,678517
LIONDIV,2013-09-03,0.2105,0.2152,0.2105,0.2152,128244
LIONDIV,2013-09-04,0.2152,0.2152,0.2105,0.2152,1175676
LIONDIV,2013-09-06,0.2105,0.2152,0.2105,0.2152,290259
LIONDIV,2013-09-09,0.2105,0.2152,0.2059,0.2105,1507721
LIONDIV,2013-09-10,0.2105,0.2152,0.2105,0.2105,791799
LIONDIV,2013-09-13,0.2152,0.2199,0.2152,0.2199,1132607
LIONDIV,2013-09-19,0.2199,0.2199,0.2105,0.2199,766471
LIONDIV,2013-09-25,0.2105,0.2152,0.2105,0.2105,2242131
LIONDIV,2013-09-26,0.2105,0.2105,0.2059,0.2105,3546157
LIONDIV,2013-09-30,0.2105,0.2105,0.2059,0.2059,1029905
LIONDIV,2013-10-01,0.2105,0.2105,0.2059,0.2105,866181
LIONDIV,2013-10-02,0.2059,0.2059,0.2012,0.2012,935860
LIONDIV,2013-10-04,0.2059,0.2059,0.2059,0.2059,428548
LIONDIV,2013-10-08,0.2012,0.2105,0.2012,0.2105,617174
LIONDIV,2013-10-09,0.2059,0.2105,0.2059,0.2105,202412
LIONDIV,2013-10-17,0.2105,0.2105,0.2059,0.2105,585861
LIONDIV,2013-10-18,0.2105,0.2105,0.2059,0.2059,1060256
LIONDIV,2013-10-21,0.2059,0.2152,0.2059,0.2105,904547
LIONDIV,2013-10-22,0.2105,0.2105,0.2059,0.2059,494808
LIONDIV,2013-10-23,0.2105,0.2152,0.2105,0.2105,401831
LIONDIV,2013-10-25,0.2105,0.2152,0.2105,0.2152,217908
LIONDIV,2013-10-28,0.2059,0.2059,0.1965,0.1965,4179254
LIONDIV,2013-10-29,0.1965,0.1965,0.1871,0.1965,3790996
LIONDIV,2013-11-11,0.1965,0.2012,0.1918,0.1918,978928
LIONDIV,2013-11-13,0.1965,0.2012,0.1918,0.1918,428869
LIONDIV,2013-11-14,0.1918,0.1965,0.1918,0.1918,241526
LIONDIV,2013-11-15,0.1918,0.1965,0.1918,0.1965,905188
LIONDIV,2013-11-19,0.1918,0.1918,0.1918,0.1918,666120
LIONDIV,2013-11-20,0.1918,0.1965,0.1918,0.1965,735799
LIONDIV,2013-11-21,0.1965,0.1965,0.1918,0.1965,241633
LIONDIV,2013-11-28,0.1965,0.1965,0.1918,0.1965,803127
LIONDIV,2013-11-29,0.1871,0.1918,0.1871,0.1918,1153874
LIONDIV,2013-12-03,0.1871,0.1918,0.1871,0.1918,840852
LIONDIV,2013-12-05,0.1871,0.1871,0.1825,0.1871,2074345
LIONDIV,2013-12-10,0.1918,0.1918,0.1871,0.1871,578380
LIONDIV,2013-12-11,0.1871,0.1918,0.1871,0.1871,1146287
LIONDIV,2013-12-12,0.1871,0.1871,0.1825,0.1871,559143
LIONDIV,2013-12-16,0.1871,0.1871,0.1825,0.1871,135725
LIONDIV,2013-12-18,0.1825,0.1825,0.1778,0.1778,1859857
LIONDIV,2013-12-20,0.1778,0.1778,0.1778,0.1778,786883
LIONDIV,2013-12-24,0.1731,0.1778,0.1731,0.1731,1417095
LIONDIV,2013-12-26,0.1778,0.1778,0.1731,0.1778,1048394
LIONDIV,2013-12-30,0.1731,0.1731,0.1638,0.1731,212137
LIONDIV,2014-01-08,0.1591,0.1591,0.1544,0.1591,702135
LIONDIV,2014-01-16,0.1544,0.1591,0.1544,0.1591,242595
LIONDIV,2014-01-20,0.1544,0.1591,0.1544,0.1591,44885
LIONDIV,2014-01-21,0.1591,0.1591,0.1497,0.1497,222824
LIONDIV,2014-01-22,0.1544,0.1544,0.1497,0.1544,272625
LIONDIV,2014-01-24,0.1544,0.1591,0.1497,0.1591,142671
LIONDIV,2014-01-27,0.1544,0.1544,0.1497,0.1544,258625
LIONDIV,2014-01-28,0.1544,0.1544,0.1497,0.1544,586609
LIONDIV,2014-01-29,0.1544,0.1544,0.1497,0.1544,66259
LIONDIV,2014-02-04,0.1497,0.1544,0.1497,0.1497,165648
LIONDIV,2014-02-06,0.1497,0.1544,0.1497,0.1544,395098
LIONDIV,2014-02-07,0.1544,0.1544,0.1544,0.1544,273587
LIONDIV,2014-02-10,0.1544,0.1591,0.1544,0.1591,559250
LIONDIV,2014-02-11,0.1544,0.1591,0.1544,0.1591,241098
LIONDIV,2014-02-17,0.1778,0.1825,0.1778,0.1778,1989276
LIONDIV,2014-02-18,0.1778,0.1778,0.1684,0.1731,1068272
LIONDIV,2014-02-19,0.1684,0.1731,0.1684,0.1684,146626
LIONDIV,2014-02-20,0.1684,0.1731,0.1638,0.1638,848654
LIONDIV,2014-02-21,0.1638,0.1684,0.1591,0.1591,680868
LIONDIV,2014-02-24,0.1638,0.1684,0.1591,0.1638,598258
LIONDIV,2014-02-25,0.1591,0.1591,0.1591,0.1591,421281
LIONDIV,2014-02-28,0.1544,0.1591,0.1497,0.1591,530288
LIONDIV,2014-03-03,0.1497,0.1544,0.1497,0.1544,1077997
LIONDIV,2014-03-06,0.1497,0.1544,0.1497,0.1497,290472
LIONDIV,2014-03-12,0.1544,0.1544,0.1497,0.1497,730990
LIONDIV,2014-03-13,0.1497,0.1544,0.1497,0.1544,231266
LIONDIV,2014-03-14,0.1497,0.1544,0.1497,0.1544,29924
LIONDIV,2014-03-17,0.1497,0.1497,0.1450,0.1497,1030974
LIONDIV,2014-03-18,0.1497,0.1497,0.1497,0.1497,122687
LIONDIV,2014-03-20,0.1497,0.1497,0.1450,0.1497,99603
LIONDIV,2014-03-21,0.1497,0.1497,0.1450,0.1450,311098
LIONDIV,2014-03-25,0.1497,0.1497,0.1450,0.1497,181679
LIONDIV,2014-03-27,0.1450,0.1497,0.1450,0.1497,354808
LIONDIV,2014-03-31,0.1497,0.1497,0.1450,0.1497,138290
LIONDIV,2014-04-02,0.1450,0.1591,0.1450,0.1591,606166
LIONDIV,2014-04-03,0.1497,0.1544,0.1450,0.1544,271343
LIONDIV,2014-04-04,0.1544,0.1544,0.1450,0.1497,269312
LIONDIV,2014-04-17,0.1638,0.1778,0.1638,0.1731,3160036
LIONDIV,2014-04-18,0.1731,0.1825,0.1731,0.1731,8091868
LIONDIV,2014-04-21,0.1731,0.1731,0.1684,0.1684,1004470
LIONDIV,2014-04-22,0.1684,0.1778,0.1638,0.1731,2579733
LIONDIV,2014-04-23,0.1731,0.1731,0.1684,0.1731,1090928
LIONDIV,2014-04-24,0.1684,0.1731,0.1638,0.1638,1339294
LIONDIV,2014-04-25,0.1684,0.1684,0.1684,0.1684,441800
LIONDIV,2014-04-28,0.1638,0.1731,0.1638,0.1638,582227
LIONDIV,2014-04-29,0.1684,0.1684,0.1591,0.1684,755250
LIONDIV,2014-05-05,0.1591,0.1591,0.1544,0.1544,808257
LIONDIV,2014-05-08,0.1544,0.1544,0.1497,0.1497,86565
LIONDIV,2014-05-09,0.1497,0.1544,0.1450,0.1544,814135
LIONDIV,2014-05-12,0.1544,0.1544,0.1544,0.1544,890761
LIONDIV,2014-05-16,0.1497,0.1591,0.1497,0.1591,44137
LIONDIV,2014-05-21,0.1497,0.1544,0.1497,0.1497,106229
LIONDIV,2014-05-22,0.1544,0.1544,0.1497,0.1497,302656
LIONDIV,2014-05-23,0.1497,0.1497,0.1497,0.1497,217908
LIONDIV,2014-05-26,0.1544,0.1544,0.1497,0.1497,242595
LIONDIV,2014-05-30,0.1450,0.1497,0.1450,0.1497,276900
LIONDIV,2014-06-03,0.1450,0.1497,0.1450,0.1450,76946
LIONDIV,2014-06-04,0.1450,0.1450,0.1450,0.1450,240457
LIONDIV,2014-06-06,0.1450,0.1450,0.1450,0.1450,192366
LIONDIV,2014-06-09,0.1450,0.1497,0.1450,0.1450,84855
LIONDIV,2014-06-11,0.1497,0.1497,0.1450,0.1497,215129
LIONDIV,2014-06-13,0.1497,0.1497,0.1404,0.1497,390930
LIONDIV,2014-06-20,0.1497,0.1544,0.1497,0.1544,670074
LIONDIV,2014-06-23,0.1497,0.1497,0.1497,0.1497,39542
LIONDIV,2014-06-24,0.1497,0.1497,0.1450,0.1450,1422331
LIONDIV,2014-06-25,0.1450,0.1497,0.1450,0.1450,1259569
LIONDIV,2014-06-26,0.1450,0.1450,0.1450,0.1450,56641
LIONDIV,2014-06-30,0.1450,0.1450,0.1450,0.1450,232121
LIONDIV,2014-07-14,0.1450,0.1450,0.1450,0.1450,244839
LIONDIV,2014-07-16,0.1600,0.1600,0.1550,0.1550,878000
LIONDIV,2014-07-17,0.1497,0.1497,0.1450,0.1450,867677
LIONDIV,2014-07-18,0.1550,0.1600,0.1550,0.1600,1256700
LIONDIV,2014-07-21,0.1550,0.1600,0.1500,0.1500,2138200
LIONDIV,2014-07-22,0.1500,0.1550,0.1500,0.1550,4278800
LIONDIV,2014-07-23,0.1550,0.1600,0.1500,0.1600,1019300
LIONDIV,2014-07-24,0.1497,0.1544,0.1450,0.1497,2332756
LIONDIV,2014-07-25,0.1497,0.1591,0.1497,0.1544,4083606
LIONDIV,2014-07-30,0.1650,0.1800,0.1650,0.1800,5770200
LIONDIV,2014-07-31,0.1800,0.1800,0.1700,0.1750,1660100
LIONDIV,2014-08-01,0.1591,0.1731,0.1544,0.1684,3250448
LIONDIV,2014-08-04,0.1800,0.1800,0.1700,0.1750,1478400
LIONDIV,2014-08-05,0.1750,0.1800,0.1700,0.1800,2596500
LIONDIV,2014-08-06,0.1684,0.1731,0.1638,0.1638,3543699
LIONDIV,2014-08-07,0.1638,0.1684,0.1591,0.1591,1137096
LIONDIV,2014-08-08,0.1700,0.1750,0.1650,0.1700,1546300
LIONDIV,2014-08-11,0.1750,0.1750,0.1700,0.1700,902500
LIONDIV,2014-08-12,0.1591,0.1638,0.1591,0.1638,1365797
LIONDIV,2014-08-13,0.1700,0.1700,0.1650,0.1700,669000
LIONDIV,2014-08-14,0.1591,0.1638,0.1591,0.1591,867356
LIONDIV,2014-08-15,0.1700,0.1700,0.1650,0.1650,617100
LIONDIV,2014-08-18,0.1650,0.1750,0.1650,0.1700,1097700
LIONDIV,2014-08-19,0.1700,0.1750,0.1700,0.1700,1420400
LIONDIV,2014-08-20,0.1700,0.1750,0.1700,0.1750,887100
LIONDIV,2014-08-21,0.1591,0.1591,0.1544,0.1591,679158
LIONDIV,2014-08-22,0.1591,0.1591,0.1544,0.1591,521098
LIONDIV,2014-08-25,0.1591,0.1591,0.1544,0.1544,511372
LIONDIV,2014-08-26,0.1544,0.1544,0.1544,0.1544,408884
LIONDIV,2014-08-27,0.1650,0.1700,0.1650,0.1700,813600
LIONDIV,2014-08-28,0.1650,0.1700,0.1650,0.1650,343100
LIONDIV,2014-08-29,0.1650,0.1650,0.1500,0.1550,5011900
LIONDIV,2014-09-02,0.1404,0.1404,0.1357,0.1357,2483763
LIONDIV,2014-09-03,0.1357,0.1404,0.1357,0.1357,1010027
LIONDIV,2014-09-04,0.1357,0.1357,0.1357,0.1357,571861
LIONDIV,2014-09-05,0.1357,0.1450,0.1357,0.1404,2402970
LIONDIV,2014-09-08,0.1404,0.1404,0.1404,0.1404,498014
LIONDIV,2014-09-09,0.1404,0.1404,0.1357,0.1404,567907
LIONDIV,2014-09-10,0.1357,0.1404,0.1357,0.1357,452273
LIONDIV,2014-09-11,0.1500,0.1600,0.1500,0.1500,3967600
LIONDIV,2014-09-12,0.1550,0.1550,0.1500,0.1500,530000
LIONDIV,2014-09-15,0.1404,0.1404,0.1357,0.1404,215877
LIONDIV,2014-09-17,0.1404,0.1404,0.1357,0.1357,471937
LIONDIV,2014-09-18,0.1450,0.1450,0.1400,0.1400,729100
LIONDIV,2014-09-19,0.1450,0.1450,0.1400,0.1450,458100
LIONDIV,2014-09-22,0.1450,0.1450,0.1400,0.1450,499000
LIONDIV,2014-09-23,0.1400,0.1450,0.1400,0.1450,418700
LIONDIV,2014-09-24,0.1450,0.1450,0.1400,0.1450,563700
LIONDIV,2014-09-25,0.1357,0.1357,0.1310,0.1310,324884
LIONDIV,2014-09-26,0.1400,0.1400,0.1400,0.1400,172600
LIONDIV,2014-09-29,0.1400,0.1450,0.1400,0.1400,549400
LIONDIV,2014-09-30,0.1450,0.1450,0.1400,0.1450,660700
LIONDIV,2014-10-01,0.1357,0.1450,0.1310,0.1404,3233883
LIONDIV,2014-10-02,0.1450,0.1500,0.1450,0.1450,471400
LIONDIV,2014-10-03,0.1357,0.1357,0.1357,0.1357,162442
LIONDIV,2014-10-07,0.1450,0.1500,0.1400,0.1400,343400
LIONDIV,2014-10-08,0.1400,0.1400,0.1300,0.1400,1561200
LIONDIV,2014-10-09,0.1263,0.1310,0.1216,0.1310,816486
LIONDIV,2014-10-10,0.1350,0.1350,0.1350,0.1350,286500
LIONDIV,2014-10-13,0.1263,0.1263,0.1216,0.1216,100030
LIONDIV,2014-10-14,0.1216,0.1216,0.1170,0.1170,1124164
LIONDIV,2014-10-15,0.1300,0.1300,0.1250,0.1250,284000
LIONDIV,2014-10-16,0.1170,0.1216,0.1123,0.1170,1077142
LIONDIV,2014-10-17,0.1170,0.1216,0.1170,0.1216,870455
LIONDIV,2014-10-20,0.1170,0.1216,0.1170,0.1170,607021
LIONDIV,2014-10-21,0.1170,0.1170,0.1170,0.1170,200381
LIONDIV,2014-10-24,0.1170,0.1170,0.1170,0.1170,257770
LIONDIV,2014-10-27,0.1170,0.1263,0.1170,0.1216,582120
LIONDIV,2014-10-28,0.1170,0.1216,0.1170,0.1170,88702
LIONDIV,2014-10-29,0.1250,0.1300,0.1250,0.1250,146900
LIONDIV,2014-10-30,0.1170,0.1170,0.1170,0.1170,404716
LIONDIV,2014-10-31,0.1250,0.1350,0.1250,0.1300,2045800
LIONDIV,2014-11-03,0.1300,0.1300,0.1250,0.1300,702100
LIONDIV,2014-11-04,0.1250,0.1300,0.1250,0.1250,89000
LIONDIV,2014-11-05,0.1170,0.1170,0.1123,0.1123,1053417
LIONDIV,2014-11-06,0.1250,0.1250,0.1200,0.1200,299800
LIONDIV,2014-11-07,0.1250,0.1250,0.1200,0.1200,135000
LIONDIV,2014-11-10,0.1250,0.1250,0.1200,0.1200,20100
LIONDIV,2014-11-11,0.1250,0.1250,0.1200,0.1250,120300
LIONDIV,2014-11-12,0.1170,0.1170,0.1123,0.1170,127175
LIONDIV,2014-11-13,0.1123,0.1123,0.1076,0.1076,875371
LIONDIV,2014-11-14,0.1123,0.1123,0.1076,0.1123,257022
LIONDIV,2014-11-17,0.1123,0.1123,0.1076,0.1076,121404
LIONDIV,2014-11-18,0.1123,0.1123,0.1076,0.1076,78336
LIONDIV,2014-11-19,0.1100,0.1150,0.1100,0.1150,169100
LIONDIV,2014-11-20,0.1150,0.1150,0.1100,0.1150,265400
LIONDIV,2014-11-21,0.1150,0.1150,0.1100,0.1100,162100
LIONDIV,2014-11-24,0.1150,0.1150,0.1100,0.1100,265000
LIONDIV,2014-11-25,0.1076,0.1076,0.1029,0.1029,212671
LIONDIV,2014-11-26,0.1029,0.1076,0.0889,0.1029,388045
LIONDIV,2014-11-27,0.1100,0.1100,0.1050,0.1050,138300
LIONDIV,2014-11-28,0.0983,0.1029,0.0983,0.0983,375541
LIONDIV,2014-12-01,0.0983,0.1029,0.0983,0.0983,1122775
LIONDIV,2014-12-02,0.1050,0.1050,0.1050,0.1050,551000
LIONDIV,2014-12-03,0.1050,0.1100,0.1050,0.1050,725600
LIONDIV,2014-12-04,0.0889,0.0983,0.0889,0.0889,455159
LIONDIV,2014-12-05,0.0950,0.0950,0.0950,0.0950,101000
LIONDIV,2014-12-08,0.1000,0.1000,0.0950,0.1000,291200
LIONDIV,2014-12-09,0.1000,0.1000,0.0900,0.0900,276700
LIONDIV,2014-12-10,0.0950,0.0950,0.0900,0.0900,25600
LIONDIV,2014-12-11,0.0889,0.0889,0.0842,0.0842,56641
LIONDIV,2014-12-12,0.0950,0.1000,0.0900,0.1000,204200
LIONDIV,2014-12-16,0.0842,0.0842,0.0795,0.0795,198564
LIONDIV,2014-12-17,0.0842,0.0842,0.0842,0.0842,33130
LIONDIV,2014-12-18,0.0842,0.0889,0.0842,0.0889,133587
LIONDIV,2014-12-26,0.0900,0.0950,0.0900,0.0900,86100
LIONDIV,2014-12-29,0.0842,0.0842,0.0795,0.0795,124503
LIONDIV,2014-12-30,0.0900,0.0950,0.0900,0.0950,119800
LIONDIV,2014-12-31,0.0950,0.0950,0.0950,0.0950,294100
LIONDIV,2015-01-02,0.0889,0.0889,0.0842,0.0842,29924
LIONDIV,2015-01-05,0.0950,0.0950,0.0950,0.0950,119900
LIONDIV,2015-01-06,0.0842,0.0842,0.0842,0.0842,182320
LIONDIV,2015-01-07,0.0842,0.0842,0.0842,0.0842,347327
LIONDIV,2015-01-08,0.0842,0.0842,0.0842,0.0842,6412
LIONDIV,2015-01-09,0.0950,0.0950,0.0900,0.0900,31000
LIONDIV,2015-01-12,0.0950,0.1000,0.0950,0.0950,652700
LIONDIV,2015-01-13,0.0936,0.1029,0.0936,0.0983,779402
LIONDIV,2015-01-14,0.1050,0.1100,0.1050,0.1100,259000
LIONDIV,2015-01-15,0.1050,0.1200,0.1050,0.1150,869100
LIONDIV,2015-01-16,0.1150,0.1250,0.1150,0.1200,535600
LIONDIV,2015-01-19,0.1250,0.1300,0.1250,0.1300,746600
LIONDIV,2015-01-20,0.1300,0.1500,0.1300,0.1450,3268500
LIONDIV,2015-01-21,0.1357,0.1404,0.1310,0.1357,877295
LIONDIV,2015-01-22,0.1310,0.1310,0.1263,0.1263,243450
LIONDIV,2015-01-23,0.1350,0.1500,0.1300,0.1450,710900
LIONDIV,2015-01-26,0.1263,0.1404,0.1263,0.1263,466273
LIONDIV,2015-01-27,0.1310,0.1450,0.1310,0.1404,2502359
LIONDIV,2015-01-28,0.1404,0.1450,0.1357,0.1404,1709384
LIONDIV,2015-01-29,0.1404,0.1450,0.1310,0.1357,500685
LIONDIV,2015-01-30,0.1450,0.1450,0.1400,0.1450,1081100
LIONDIV,2015-02-04,0.1400,0.1400,0.1350,0.1350,118400
LIONDIV,2015-02-05,0.1216,0.1310,0.1216,0.1216,618990
LIONDIV,2015-02-06,0.1300,0.1350,0.1250,0.1250,311300
LIONDIV,2015-02-09,0.1250,0.1300,0.1250,0.1300,494700
LIONDIV,2015-02-10,0.1216,0.1310,0.1216,0.1216,249007
LIONDIV,2015-02-11,0.1350,0.1350,0.1300,0.1300,307100
LIONDIV,2015-02-12,0.1350,0.1350,0.1350,0.1350,283000
LIONDIV,2015-02-13,0.1250,0.1350,0.1250,0.1350,146100
LIONDIV,2015-02-16,0.1263,0.1263,0.1216,0.1216,68183
LIONDIV,2015-02-17,0.1300,0.1350,0.1300,0.1300,379500
LIONDIV,2015-02-18,0.1300,0.1300,0.1300,0.1300,68000
LIONDIV,2015-02-23,0.1216,0.1263,0.1216,0.1263,27786
LIONDIV,2015-02-24,0.1170,0.1170,0.1170,0.1170,4275
LIONDIV,2015-02-26,0.1170,0.1170,0.1170,0.1170,21374
LIONDIV,2015-03-02,0.1150,0.1150,0.1100,0.1100,203500
LIONDIV,2015-03-03,0.1100,0.1150,0.1050,0.1050,400500
LIONDIV,2015-03-04,0.1050,0.1050,0.1050,0.1050,234600
LIONDIV,2015-03-05,0.0983,0.0983,0.0936,0.0936,44885
LIONDIV,2015-03-06,0.1050,0.1050,0.1000,0.1000,187000
LIONDIV,2015-03-09,0.0983,0.0983,0.0936,0.0983,88702
LIONDIV,2015-03-10,0.0936,0.1076,0.0936,0.1076,316014
LIONDIV,2015-03-11,0.1050,0.1150,0.1050,0.1050,184000
LIONDIV,2015-03-12,0.1100,0.1150,0.1050,0.1050,115000
LIONDIV,2015-03-13,0.0983,0.0983,0.0983,0.0983,107
LIONDIV,2015-03-16,0.0983,0.1076,0.0936,0.1029,133801
LIONDIV,2015-03-17,0.0936,0.1029,0.0936,0.1029,118519
LIONDIV,2015-03-18,0.0983,0.1029,0.0936,0.1029,552624
LIONDIV,2015-03-19,0.1029,0.1029,0.0936,0.1029,310243
LIONDIV,2015-03-20,0.0983,0.1029,0.0983,0.1029,44030
LIONDIV,2015-03-23,0.1050,0.1100,0.1000,0.1000,52000
LIONDIV,2015-03-24,0.1100,0.1100,0.1100,0.1100,3000
LIONDIV,2015-03-26,0.0936,0.1076,0.0936,0.1076,66901
LIONDIV,2015-03-30,0.0983,0.1029,0.0983,0.0983,289724
LIONDIV,2015-03-31,0.1050,0.1100,0.1000,0.1000,180000
LIONDIV,2015-04-01,0.0936,0.0983,0.0936,0.0936,272946
LIONDIV,2015-04-02,0.0936,0.0983,0.0936,0.0983,42641
LIONDIV,2015-04-03,0.1000,0.1050,0.1000,0.1050,130600
LIONDIV,2015-04-07,0.0936,0.0983,0.0936,0.0936,174412
LIONDIV,2015-04-08,0.1000,0.1100,0.1000,0.1050,234700
LIONDIV,2015-04-09,0.0936,0.1029,0.0936,0.0936,1029157
LIONDIV,2015-04-10,0.0936,0.0983,0.0936,0.0983,1408011
LIONDIV,2015-04-13,0.0983,0.1029,0.0936,0.0936,151969
LIONDIV,2015-04-14,0.0983,0.1029,0.0936,0.1029,238747
LIONDIV,2015-04-15,0.0983,0.1029,0.0936,0.0936,459647
LIONDIV,2015-04-16,0.1029,0.1029,0.0936,0.0983,580090
LIONDIV,2015-04-17,0.1050,0.1100,0.1050,0.1100,372500
LIONDIV,2015-04-20,0.1100,0.1100,0.1100,0.1100,180000
LIONDIV,2015-04-21,0.1050,0.1150,0.1050,0.1100,286000
LIONDIV,2015-04-22,0.1029,0.1029,0.0983,0.1029,570792
LIONDIV,2015-04-23,0.1029,0.1029,0.0983,0.0983,353205
LIONDIV,2015-04-24,0.1100,0.1100,0.1050,0.1100,404600
LIONDIV,2015-04-27,0.1100,0.1150,0.1100,0.1100,1036000
LIONDIV,2015-04-28,0.1100,0.1100,0.1100,0.1100,180000
LIONDIV,2015-04-29,0.1029,0.1029,0.0983,0.0983,321678
LIONDIV,2015-04-30,0.1029,0.1076,0.1029,0.1076,743494
LIONDIV,2015-05-05,0.1150,0.1300,0.1150,0.1300,3193500
LIONDIV,2015-05-06,0.1216,0.1216,0.1123,0.1170,2139322
LIONDIV,2015-05-07,0.1250,0.1250,0.1200,0.1200,431000
LIONDIV,2015-05-08,0.1123,0.1123,0.1123,0.1123,336106
LIONDIV,2015-05-11,0.1123,0.1170,0.1029,0.1076,576349
LIONDIV,2015-05-12,0.1029,0.1076,0.1029,0.1029,1002974
LIONDIV,2015-05-13,0.1100,0.1150,0.1100,0.1100,192100
LIONDIV,2015-05-14,0.1150,0.1200,0.1150,0.1200,963400
LIONDIV,2015-05-18,0.1150,0.1150,0.1100,0.1100,350000
LIONDIV,2015-05-19,0.1029,0.1076,0.1029,0.1076,512976
LIONDIV,2015-05-20,0.1076,0.1076,0.0983,0.0983,327343
LIONDIV,2015-05-26,0.0983,0.0983,0.0983,0.0983,156778
LIONDIV,2015-05-27,0.0936,0.0983,0.0936,0.0983,37404
LIONDIV,2015-05-28,0.0936,0.0983,0.0936,0.0936,215877
LIONDIV,2015-06-01,0.0936,0.0983,0.0936,0.0983,99282
LIONDIV,2015-06-04,0.0983,0.0983,0.0983,0.0983,250610
LIONDIV,2015-06-05,0.0983,0.1029,0.0983,0.1029,181679
LIONDIV,2015-06-08,0.0983,0.0983,0.0936,0.0936,78656
LIONDIV,2015-06-09,0.1050,0.1100,0.1050,0.1050,429400
LIONDIV,2015-06-10,0.1050,0.1050,0.1000,0.1000,191000
LIONDIV,2015-06-11,0.0983,0.0983,0.0936,0.0936,284274
LIONDIV,2015-06-12,0.0936,0.0983,0.0936,0.0983,223892
LIONDIV,2015-06-15,0.0983,0.0983,0.0936,0.0936,216518
LIONDIV,2015-06-16,0.0936,0.0936,0.0889,0.0936,598471
LIONDIV,2015-06-18,0.0983,0.0983,0.0889,0.0936,268243
LIONDIV,2015-06-22,0.1000,0.1000,0.0950,0.0950,118000
LIONDIV,2015-06-24,0.0950,0.1000,0.0950,0.1000,373900
LIONDIV,2015-06-25,0.0950,0.0950,0.0950,0.0950,45100
LIONDIV,2015-06-26,0.0950,0.0950,0.0900,0.0950,413500
LIONDIV,2015-06-30,0.0900,0.0900,0.0850,0.0850,826200
LIONDIV,2015-07-02,0.0850,0.0900,0.0850,0.0900,651100
LIONDIV,2015-07-03,0.0850,0.0850,0.0850,0.0850,30000
LIONDIV,2015-07-06,0.0800,0.0850,0.0800,0.0850,385000
LIONDIV,2015-07-07,0.0850,0.0950,0.0850,0.0950,709300
LIONDIV,2015-07-09,0.0850,0.0950,0.0850,0.0950,344100
LIONDIV,2015-07-13,0.0900,0.0950,0.0900,0.0950,250700
LIONDIV,2015-07-16,0.0950,0.1050,0.0950,0.1050,1410200
LIONDIV,2015-07-20,0.1000,0.1050,0.0950,0.1050,650700
LIONDIV,2015-07-22,0.0950,0.1150,0.0950,0.1100,1912800
LIONDIV,2015-07-24,0.1000,0.1100,0.1000,0.1100,187300
LIONDIV,2015-07-27,0.1100,0.1100,0.1050,0.1050,132500
LIONDIV,2015-07-29,0.1000,0.1000,0.0950,0.0950,1080000
LIONDIV,2015-08-03,0.0900,0.0900,0.0850,0.0900,129300
LIONDIV,2015-08-04,0.0950,0.0950,0.0900,0.0900,175000
LIONDIV,2015-08-05,0.0950,0.1000,0.0900,0.1000,304500
LIONDIV,2015-08-07,0.0950,0.1050,0.0950,0.1050,1870100
LIONDIV,2015-08-14,0.0850,0.0900,0.0850,0.0900,326200
LIONDIV,2015-08-17,0.0850,0.0850,0.0850,0.0850,175000
LIONDIV,2015-08-21,0.0850,0.0900,0.0800,0.0900,745400
LIONDIV,2015-08-26,0.0800,0.0800,0.0700,0.0750,1529100
LIONDIV,2015-08-27,0.0750,0.0800,0.0750,0.0800,407800
LIONDIV,2015-08-28,0.0750,0.0800,0.0750,0.0800,328000
LIONDIV,2015-09-01,0.0800,0.0800,0.0750,0.0750,300000
LIONDIV,2015-09-02,0.0750,0.0800,0.0750,0.0750,151300
LIONDIV,2015-09-03,0.0700,0.0750,0.0700,0.0750,420100
LIONDIV,2015-09-07,0.0800,0.0800,0.0800,0.0800,6000
LIONDIV,2015-09-08,0.0700,0.0750,0.0700,0.0750,265000
LIONDIV,2015-09-09,0.0700,0.0700,0.0700,0.0700,800
LIONDIV,2015-09-10,0.0700,0.0700,0.0700,0.0700,10000
LIONDIV,2015-09-11,0.0800,0.0800,0.0750,0.0750,140000
LIONDIV,2015-09-14,0.0750,0.0750,0.0750,0.0750,191000
LIONDIV,2015-09-15,0.0750,0.0750,0.0750,0.0750,90000
LIONDIV,2015-09-17,0.0700,0.0750,0.0700,0.0750,69800
LIONDIV,2015-09-18,0.0750,0.0750,0.0750,0.0750,20000
LIONDIV,2015-09-21,0.0700,0.0700,0.0700,0.0700,39800
LIONDIV,2015-09-22,0.0750,0.0750,0.0750,0.0750,80000
LIONDIV,2015-09-30,0.0700,0.0750,0.0700,0.0750,940600
LIONDIV,2015-10-02,0.0700,0.0700,0.0700,0.0700,10000
LIONDIV,2015-10-05,0.0750,0.0750,0.0750,0.0750,53300
LIONDIV,2015-10-06,0.0800,0.1100,0.0800,0.0950,8331300
LIONDIV,2015-10-07,0.0900,0.0900,0.0900,0.0900,28400
LIONDIV,2015-10-12,0.0850,0.0850,0.0850,0.0850,432600
LIONDIV,2015-10-16,0.0850,0.0850,0.0850,0.0850,318000
LIONDIV,2015-10-19,0.0800,0.0850,0.0800,0.0850,210000
LIONDIV,2015-10-21,0.0800,0.0850,0.0800,0.0850,10000
LIONDIV,2015-10-22,0.0850,0.0850,0.0800,0.0850,18100
LIONDIV,2015-10-26,0.0800,0.0800,0.0800,0.0800,171400
LIONDIV,2015-10-30,0.0850,0.0850,0.0850,0.0850,241000
LIONDIV,2015-11-02,0.0800,0.0850,0.0800,0.0800,18200
LIONDIV,2015-11-03,0.0850,0.0900,0.0850,0.0850,374300
LIONDIV,2015-11-04,0.0850,0.0850,0.0800,0.0800,183600
LIONDIV,2015-11-05,0.0850,0.0850,0.0800,0.0850,257400
LIONDIV,2015-11-06,0.0800,0.0850,0.0800,0.0800,131900
LIONDIV,2015-11-09,0.0800,0.0850,0.0800,0.0800,451400
LIONDIV,2015-11-11,0.0800,0.0850,0.0800,0.0850,354000
LIONDIV,2015-11-12,0.0750,0.0800,0.0750,0.0750,393600
LIONDIV,2015-11-13,0.0750,0.0800,0.0750,0.0800,58100
LIONDIV,2015-11-17,0.0750,0.0800,0.0750,0.0800,30000
LIONDIV,2015-11-18,0.0800,0.0800,0.0800,0.0800,413000
LIONDIV,2015-11-19,0.0800,0.0800,0.0750,0.0800,630200
LIONDIV,2015-11-20,0.0750,0.0800,0.0750,0.0800,941400
LIONDIV,2015-11-23,0.0750,0.0800,0.0750,0.0800,162600
LIONDIV,2015-11-24,0.0750,0.0800,0.0700,0.0800,369100
LIONDIV,2015-11-25,0.0750,0.0750,0.0750,0.0750,348000
LIONDIV,2015-11-26,0.0750,0.0800,0.0750,0.0800,60100
LIONDIV,2015-11-27,0.0750,0.0800,0.0750,0.0800,35100
LIONDIV,2015-11-30,0.0750,0.0750,0.0700,0.0750,147800
LIONDIV,2015-12-01,0.0700,0.0750,0.0700,0.0750,15100
LIONDIV,2015-12-02,0.0700,0.0750,0.0700,0.0750,30100
LIONDIV,2015-12-04,0.0700,0.0750,0.0700,0.0750,323200
LIONDIV,2015-12-07,0.0700,0.0750,0.0700,0.0750,265100
LIONDIV,2015-12-08,0.0700,0.0750,0.0700,0.0750,100100
LIONDIV,2015-12-09,0.0700,0.0750,0.0700,0.0750,778500
LIONDIV,2015-12-11,0.0700,0.0750,0.0700,0.0750,53000
LIONDIV,2015-12-14,0.0650,0.0750,0.0650,0.0750,20300
LIONDIV,2015-12-15,0.0700,0.0750,0.0700,0.0750,300100
LIONDIV,2015-12-16,0.0700,0.0700,0.0650,0.0700,589800
LIONDIV,2015-12-17,0.0700,0.0750,0.0700,0.0750,100000
LIONDIV,2015-12-18,0.0700,0.0700,0.0700,0.0700,500000
LIONDIV,2015-12-21,0.0650,0.0700,0.0650,0.0700,41300
LIONDIV,2015-12-22,0.0650,0.0700,0.0650,0.0700,405100
LIONDIV,2015-12-23,0.0650,0.0700,0.0650,0.0700,71000
LIONDIV,2015-12-28,0.0700,0.0700,0.0650,0.0700,122100
LIONDIV,2015-12-29,0.0650,0.0700,0.0650,0.0700,1209100
LIONDIV,2015-12-30,0.0650,0.0700,0.0650,0.0700,142100
LIONDIV,2016-01-04,0.0650,0.0650,0.0650,0.0650,134000
LIONDIV,2016-01-06,0.0650,0.0700,0.0650,0.0700,50000
LIONDIV,2016-01-07,0.0650,0.0650,0.0650,0.0650,10000
LIONDIV,2016-01-08,0.0600,0.0600,0.0600,0.0600,301000
LIONDIV,2016-01-11,0.0650,0.0650,0.0600,0.0650,299000
LIONDIV,2016-01-12,0.0600,0.0650,0.0600,0.0600,519100
LIONDIV,2016-01-13,0.0600,0.0600,0.0600,0.0600,150000
LIONDIV,2016-01-14,0.0600,0.0600,0.0600,0.0600,120000
LIONDIV,2016-01-15,0.0600,0.0650,0.0550,0.0550,262000
LIONDIV,2016-01-18,0.0550,0.0550,0.0550,0.0550,199000
LIONDIV,2016-01-19,0.0550,0.0550,0.0550,0.0550,170100
LIONDIV,2016-01-20,0.0550,0.0550,0.0500,0.0550,529200
LIONDIV,2016-01-21,0.0500,0.0550,0.0450,0.0500,165300
LIONDIV,2016-01-22,0.0500,0.0500,0.0500,0.0500,3000
LIONDIV,2016-01-26,0.0500,0.0550,0.0500,0.0500,211400
LIONDIV,2016-01-27,0.0500,0.0500,0.0500,0.0500,55000
LIONDIV,2016-01-29,0.0500,0.0500,0.0500,0.0500,60000
LIONDIV,2016-02-02,0.0500,0.0500,0.0500,0.0500,88000
LIONDIV,2016-02-03,0.0500,0.0500,0.0500,0.0500,10000
LIONDIV,2016-02-04,0.0500,0.0550,0.0500,0.0550,275000
LIONDIV,2016-02-05,0.0500,0.0500,0.0500,0.0500,24900
LIONDIV,2016-02-10,0.0450,0.0500,0.0450,0.0500,154000
LIONDIV,2016-02-15,0.0450,0.0550,0.0450,0.0500,276800
LIONDIV,2016-02-16,0.0450,0.0450,0.0450,0.0450,6000
LIONDIV,2016-02-19,0.0450,0.0500,0.0450,0.0500,50000
LIONDIV,2016-02-22,0.0500,0.0500,0.0500,0.0500,30000
LIONDIV,2016-02-23,0.0500,0.0500,0.0500,0.0500,55000
LIONDIV,2016-02-24,0.0500,0.0550,0.0450,0.0500,1046600
LIONDIV,2016-02-25,0.0500,0.0500,0.0500,0.0500,240000
LIONDIV,2016-02-26,0.0500,0.0500,0.0450,0.0500,310200
LIONDIV,2016-02-29,0.0450,0.0500,0.0450,0.0500,50100
LIONDIV,2016-03-01,0.0500,0.0550,0.0450,0.0550,676400
LIONDIV,2016-03-02,0.0500,0.0500,0.0450,0.0500,437100
LIONDIV,2016-03-03,0.0500,0.0500,0.0500,0.0500,666200
LIONDIV,2016-03-04,0.0500,0.0600,0.0500,0.0550,886700
LIONDIV,2016-03-07,0.0550,0.0650,0.0550,0.0650,1999400
LIONDIV,2016-03-08,0.0650,0.0800,0.0600,0.0650,6184900
LIONDIV,2016-03-09,0.0650,0.0700,0.0650,0.0650,301000
LIONDIV,2016-03-10,0.0650,0.0700,0.0600,0.0700,333300
LIONDIV,2016-03-11,0.0650,0.0650,0.0600,0.0600,339600
LIONDIV,2016-03-14,0.0600,0.0700,0.0600,0.0700,6204900
LIONDIV,2016-03-15,0.0700,0.0700,0.0600,0.0650,1259200
LIONDIV,2016-03-16,0.0600,0.0650,0.0600,0.0600,1135000
LIONDIV,2016-03-17,0.0600,0.0600,0.0600,0.0600,880000
LIONDIV,2016-03-18,0.0600,0.0600,0.0600,0.0600,3306700
LIONDIV,2016-03-21,0.0600,0.0650,0.0600,0.0600,260200
LIONDIV,2016-03-22,0.0600,0.0650,0.0550,0.0600,927200
LIONDIV,2016-03-23,0.0600,0.0650,0.0600,0.0650,765900
LIONDIV,2016-03-25,0.0650,0.0650,0.0600,0.0600,1371800
LIONDIV,2016-03-28,0.0600,0.0600,0.0600,0.0600,232000
LIONDIV,2016-03-29,0.0600,0.0600,0.0550,0.0550,823900
LIONDIV,2016-03-30,0.0550,0.0550,0.0550,0.0550,10000
LIONDIV,2016-03-31,0.0600,0.0800,0.0600,0.0600,6700300
LIONDIV,2016-04-01,0.0600,0.0650,0.0600,0.0650,248500
LIONDIV,2016-04-04,0.0600,0.0600,0.0550,0.0600,1037900
LIONDIV,2016-04-05,0.0550,0.0550,0.0550,0.0550,1282000
LIONDIV,2016-04-06,0.0550,0.0600,0.0550,0.0600,1071900
LIONDIV,2016-04-07,0.0600,0.0650,0.0600,0.0600,470000
LIONDIV,2016-04-08,0.0650,0.0650,0.0600,0.0650,661800
LIONDIV,2016-04-11,0.0600,0.0650,0.0600,0.0650,419500
LIONDIV,2016-04-12,0.0600,0.0650,0.0600,0.0650,3796900
LIONDIV,2016-04-13,0.0650,0.0700,0.0650,0.0700,4496700
LIONDIV,2016-04-14,0.0700,0.0700,0.0600,0.0600,3691900
LIONDIV,2016-04-15,0.0650,0.0650,0.0600,0.0600,1100000
LIONDIV,2016-04-18,0.0600,0.0650,0.0550,0.0600,2351900
LIONDIV,2016-04-19,0.0600,0.0600,0.0550,0.0600,1623400
LIONDIV,2016-04-20,0.0650,0.0650,0.0600,0.0600,947800
LIONDIV,2016-04-21,0.0650,0.0650,0.0600,0.0650,4681500
LIONDIV,2016-04-22,0.0650,0.0650,0.0600,0.0650,1239500
LIONDIV,2016-04-25,0.0650,0.0650,0.0600,0.0600,4287400
LIONDIV,2016-04-26,0.0550,0.0600,0.0550,0.0550,1112700
LIONDIV,2016-04-27,0.0550,0.0600,0.0550,0.0600,651500
LIONDIV,2016-04-28,0.0550,0.0550,0.0550,0.0550,258300
LIONDIV,2016-04-29,0.0550,0.0550,0.0500,0.0550,890600
LIONDIV,2016-05-03,0.0550,0.0550,0.0550,0.0550,431600
LIONDIV,2016-05-04,0.0550,0.0600,0.0550,0.0600,462000
LIONDIV,2016-05-06,0.0550,0.0550,0.0550,0.0550,5000
LIONDIV,2016-05-09,0.0550,0.0600,0.0550,0.0600,480200
LIONDIV,2016-05-10,0.0550,0.0600,0.0550,0.0550,1021000
LIONDIV,2016-05-11,0.0550,0.0550,0.0550,0.0550,320700
LIONDIV,2016-05-12,0.0550,0.0550,0.0550,0.0550,166000
LIONDIV,2016-05-13,0.0500,0.0600,0.0500,0.0600,35800
LIONDIV,2016-05-16,0.0550,0.0550,0.0500,0.0500,263000
LIONDIV,2016-05-17,0.0500,0.0500,0.0500,0.0500,120000
LIONDIV,2016-05-18,0.0500,0.0550,0.0500,0.0550,565500
LIONDIV,2016-05-19,0.0500,0.0500,0.0500,0.0500,697000
LIONDIV,2016-05-20,0.0500,0.0500,0.0500,0.0500,5000
LIONDIV,2016-05-24,0.0450,0.0500,0.0450,0.0500,980100
LIONDIV,2016-05-26,0.0500,0.0500,0.0500,0.0500,1073800
LIONDIV,2016-05-27,0.0500,0.0500,0.0500,0.0500,214100
LIONDIV,2016-05-30,0.0500,0.0500,0.0500,0.0500,307100
LIONDIV,2016-05-31,0.0500,0.0550,0.0500,0.0550,28300
LIONDIV,2016-06-01,0.0500,0.0500,0.0500,0.0500,269400
LIONDIV,2016-06-02,0.0450,0.0500,0.0450,0.0450,320000
LIONDIV,2016-06-03,0.0450,0.0450,0.0450,0.0450,5800
LIONDIV,2016-06-06,0.0450,0.0500,0.0450,0.0500,105000
LIONDIV,2016-06-07,0.0450,0.0500,0.0450,0.0500,117200
LIONDIV,2016-06-08,0.0500,0.0500,0.0450,0.0450,432000
LIONDIV,2016-06-09,0.0500,0.0500,0.0500,0.0500,71000
LIONDIV,2016-06-13,0.0450,0.0450,0.0450,0.0450,50000
LIONDIV,2016-06-14,0.0500,0.0500,0.0500,0.0500,50000
LIONDIV,2016-06-15,0.0450,0.0500,0.0450,0.0500,26000
LIONDIV,2016-06-16,0.0450,0.0500,0.0450,0.0500,29000
LIONDIV,2016-06-20,0.0450,0.0550,0.0450,0.0550,1123100
LIONDIV,2016-06-21,0.0500,0.0500,0.0450,0.0500,674500
LIONDIV,2016-06-23,0.0450,0.0500,0.0450,0.0500,55100
LIONDIV,2016-06-24,0.0450,0.0450,0.0450,0.0450,256400
LIONDIV,2016-06-27,0.0450,0.0500,0.0450,0.0500,253200
LIONDIV,2016-06-28,0.0500,0.0500,0.0450,0.0450,307200
LIONDIV,2016-07-01,0.0450,0.0450,0.0450,0.0450,159200
LIONDIV,2016-07-04,0.0450,0.0500,0.0400,0.0400,10100
LIONDIV,2016-07-05,0.0450,0.0450,0.0450,0.0450,17300
LIONDIV,2016-07-08,0.0450,0.0450,0.0450,0.0450,3000
LIONDIV,2016-07-11,0.0450,0.0500,0.0400,0.0450,549100
LIONDIV,2016-07-12,0.0450,0.0450,0.0400,0.0400,21000
LIONDIV,2016-07-13,0.0450,0.0450,0.0450,0.0450,327400
LIONDIV,2016-07-14,0.0450,0.0450,0.0450,0.0450,20000
LIONDIV,2016-07-15,0.0450,0.0450,0.0450,0.0450,5000
LIONDIV,2016-07-18,0.0450,0.0450,0.0450,0.0450,87000
LIONDIV,2016-07-19,0.0450,0.0450,0.0450,0.0450,216000
LIONDIV,2016-07-20,0.0450,0.0450,0.0450,0.0450,131000
LIONDIV,2016-07-25,0.0450,0.0450,0.0400,0.0400,42000
LIONDIV,2016-07-26,0.0400,0.0450,0.0400,0.0450,6000
LIONDIV,2016-07-27,0.0450,0.0500,0.0450,0.0500,59000
LIONDIV,2016-07-29,0.0400,0.0450,0.0400,0.0450,154200
LIONDIV,2016-08-01,0.0400,0.0450,0.0400,0.0450,23000
LIONDIV,2016-08-02,0.0450,0.0450,0.0450,0.0450,19000
LIONDIV,2016-08-03,0.0400,0.0450,0.0400,0.0450,101000
LIONDIV,2016-08-04,0.0400,0.0450,0.0400,0.0450,1014200
LIONDIV,2016-08-05,0.0450,0.0450,0.0400,0.0400,17000
LIONDIV,2016-08-08,0.0400,0.0450,0.0400,0.0450,11000
LIONDIV,2016-08-09,0.0450,0.0450,0.0400,0.0450,111000
LIONDIV,2016-08-10,0.0400,0.0450,0.0400,0.0450,53000
LIONDIV,2016-08-11,0.0400,0.0450,0.0400,0.0450,45000
LIONDIV,2016-08-12,0.0400,0.0450,0.0400,0.0450,272500
LIONDIV,2016-08-15,0.0450,0.0450,0.0450,0.0450,20000
LIONDIV,2016-08-16,0.0450,0.0550,0.0450,0.0500,2106300
LIONDIV,2016-08-17,0.0500,0.0500,0.0450,0.0500,996500
LIONDIV,2016-08-18,0.0500,0.0550,0.0500,0.0550,203000
LIONDIV,2016-08-19,0.0500,0.0550,0.0500,0.0550,1550000
LIONDIV,2016-08-22,0.0600,0.0650,0.0550,0.0600,4651900
LIONDIV,2016-08-23,0.0600,0.0600,0.0500,0.0550,985600
LIONDIV,2016-08-24,0.0500,0.0550,0.0500,0.0550,200500
LIONDIV,2016-08-25,0.0350,0.0350,0.0250,0.0300,13193200
LIONDIV,2016-08-26,0.0300,0.0300,0.0250,0.0250,1194400
LIONDIV,2016-08-29,0.0250,0.0250,0.0200,0.0250,4386400
LIONDIV,2016-08-30,0.0250,0.0250,0.0200,0.0250,1040600
LIONDIV,2016-09-01,0.0250,0.0250,0.0200,0.0250,516000
LIONDIV,2016-09-02,0.0200,0.0250,0.0200,0.0250,625000
LIONDIV,2016-09-05,0.0200,0.0250,0.0200,0.0250,252000
LIONDIV,2016-09-06,0.0250,0.0300,0.0250,0.0300,575000
LIONDIV,2016-09-07,0.0250,0.0250,0.0250,0.0250,75000
LIONDIV,2016-09-08,0.0250,0.0300,0.0250,0.0300,870000
LIONDIV,2016-09-09,0.0250,0.0250,0.0250,0.0250,774900
LIONDIV,2016-09-13,0.0250,0.0300,0.0250,0.0300,769500
LIONDIV,2016-09-14,0.0250,0.0250,0.0200,0.0250,804000
LIONDIV,2016-09-15,0.0250,0.0250,0.0250,0.0250,374400
LIONDIV,2016-09-20,0.0300,0.0650,0.0300,0.0600,34617700
LIONDIV,2016-09-21,0.0600,0.0700,0.0500,0.0600,32630900
LIONDIV,2016-09-22,0.0550,0.0550,0.0500,0.0500,8222600
LIONDIV,2016-09-23,0.0550,0.0600,0.0500,0.0600,12616900
LIONDIV,2016-09-26,0.0600,0.0650,0.0550,0.0600,16189200
LIONDIV,2016-09-27,0.0550,0.0600,0.0500,0.0600,9986400
LIONDIV,2016-09-28,0.0600,0.0600,0.0500,0.0550,8058300
LIONDIV,2016-09-29,0.0500,0.0550,0.0500,0.0550,5727900
LIONDIV,2016-09-30,0.0450,0.0500,0.0350,0.0450,9438600
LIONDIV,2016-10-04,0.0350,0.0400,0.0350,0.0350,1533200
LIONDIV,2016-10-05,0.0350,0.0350,0.0250,0.0300,5562900
LIONDIV,2016-10-06,0.0300,0.0350,0.0300,0.0350,3683800
LIONDIV,2016-10-07,0.0350,0.0400,0.0350,0.0350,2342100
LIONDIV,2016-10-10,0.0350,0.0400,0.0350,0.0400,924200
LIONDIV,2016-10-11,0.0350,0.0350,0.0350,0.0350,1009400
LIONDIV,2016-10-12,0.0300,0.0400,0.0300,0.0350,2377600
LIONDIV,2016-10-13,0.0350,0.0350,0.0300,0.0350,1126800
LIONDIV,2016-10-14,0.0350,0.0350,0.0350,0.0350,632500
LIONDIV,2016-10-17,0.0300,0.0350,0.0300,0.0350,1672100
LIONDIV,2016-10-18,0.0350,0.0400,0.0350,0.0350,735000
LIONDIV,2016-10-19,0.0350,0.0350,0.0350,0.0350,93900
LIONDIV,2016-10-20,0.0300,0.0350,0.0300,0.0300,1166000
LIONDIV,2016-10-21,0.0300,0.0300,0.0300,0.0300,215000
LIONDIV,2016-10-24,0.0300,0.0300,0.0300,0.0300,800200
LIONDIV,2016-10-25,0.0300,0.0300,0.0300,0.0300,462000
LIONDIV,2016-10-26,0.0300,0.0300,0.0300,0.0300,583000
LIONDIV,2016-10-27,0.0300,0.0300,0.0250,0.0300,1715600
LIONDIV,2016-10-28,0.0300,0.0300,0.0300,0.0300,607100
LIONDIV,2016-10-31,0.0350,0.0350,0.0300,0.0300,603900
LIONDIV,2016-11-01,0.0300,0.0300,0.0250,0.0300,291600
LIONDIV,2016-11-02,0.0250,0.0300,0.0250,0.0300,455000
LIONDIV,2016-11-03,0.0250,0.0250,0.0250,0.0250,90000
LIONDIV,2016-11-04,0.0300,0.0300,0.0300,0.0300,260600
LIONDIV,2016-11-08,0.0300,0.0300,0.0250,0.0250,458700
LIONDIV,2016-11-09,0.0250,0.0300,0.0250,0.0300,506200
LIONDIV,2016-11-10,0.0250,0.0300,0.0250,0.0250,478500
LIONDIV,2016-11-11,0.0250,0.0300,0.0250,0.0300,1270000
LIONDIV,2016-11-14,0.0300,0.0300,0.0300,0.0300,100000
LIONDIV,2016-11-15,0.0250,0.0300,0.0250,0.0300,189000
LIONDIV,2016-11-16,0.0250,0.0250,0.0250,0.0250,77000
LIONDIV,2016-11-17,0.0300,0.0300,0.0300,0.0300,118500
LIONDIV,2016-11-18,0.0300,0.0300,0.0300,0.0300,118200
LIONDIV,2016-11-21,0.0300,0.0300,0.0250,0.0300,2237000
LIONDIV,2016-11-22,0.0300,0.0350,0.0300,0.0300,936800
LIONDIV,2016-11-23,0.0300,0.0300,0.0300,0.0300,1082900
LIONDIV,2016-11-24,0.0300,0.0300,0.0300,0.0300,232000
LIONDIV,2016-11-28,0.0250,0.0250,0.0250,0.0250,19000
LIONDIV,2016-11-29,0.0300,0.0300,0.0300,0.0300,50000
LIONDIV,2016-11-30,0.0250,0.0250,0.0250,0.0250,48500
LIONDIV,2016-12-01,0.0300,0.0300,0.0250,0.0300,105000
LIONDIV,2016-12-05,0.0250,0.0250,0.0250,0.0250,130000
LIONDIV,2016-12-06,0.0300,0.0300,0.0250,0.0300,244200
LIONDIV,2016-12-07,0.0300,0.0300,0.0300,0.0300,1000
LIONDIV,2016-12-08,0.0300,0.0300,0.0300,0.0300,152200
LIONDIV,2016-12-09,0.0250,0.0250,0.0250,0.0250,58500
LIONDIV,2016-12-13,0.0250,0.0250,0.0250,0.0250,600
LIONDIV,2016-12-14,0.0250,0.0300,0.0250,0.0300,490700
LIONDIV,2016-12-15,0.0300,0.0300,0.0250,0.0300,82500
LIONDIV,2016-12-16,0.0250,0.0250,0.0250,0.0250,207000
LIONDIV,2016-12-19,0.0250,0.0250,0.0250,0.0250,8000
LIONDIV,2016-12-20,0.0250,0.0250,0.0250,0.0250,3000
LIONDIV,2016-12-21,0.0250,0.0250,0.0250,0.0250,2000
LIONDIV,2016-12-23,0.0300,0.0300,0.0250,0.0250,214000
LIONDIV,2016-12-27,0.0300,0.0300,0.0300,0.0300,8500
LIONDIV,2016-12-28,0.0250,0.0300,0.0250,0.0300,344000
LIONDIV,2016-12-29,0.0300,0.0300,0.0300,0.0300,32900
LIONDIV,2017-01-03,0.0300,0.0300,0.0300,0.0300,390300
LIONDIV,2017-01-04,0.0300,0.0300,0.0300,0.0300,414800
LIONDIV,2017-01-05,0.0300,0.0300,0.0250,0.0300,1731400
LIONDIV,2017-01-06,0.0300,0.0300,0.0300,0.0300,130000
LIONDIV,2017-01-09,0.0300,0.0350,0.0300,0.0350,100000
LIONDIV,2017-01-10,0.0300,0.0350,0.0300,0.0300,1679900
LIONDIV,2017-01-11,0.0350,0.0450,0.0350,0.0450,3035800
LIONDIV,2017-01-12,0.0400,0.0400,0.0350,0.0400,617000
LIONDIV,2017-01-13,0.0350,0.0350,0.0350,0.0350,767000
LIONDIV,2017-01-16,0.0350,0.0350,0.0350,0.0350,1477000
LIONDIV,2017-01-17,0.0350,0.0400,0.0350,0.0400,473000
LIONDIV,2017-01-18,0.0400,0.0400,0.0300,0.0350,1103700
LIONDIV,2017-01-19,0.0350,0.0400,0.0350,0.0350,535000
LIONDIV,2017-01-20,0.0400,0.0400,0.0350,0.0350,860000
LIONDIV,2017-01-23,0.0350,0.0400,0.0350,0.0350,663200
LIONDIV,2017-01-24,0.0400,0.0400,0.0350,0.0350,2507000
LIONDIV,2017-01-25,0.0400,0.0400,0.0350,0.0350,271300
LIONDIV,2017-01-27,0.0400,0.0400,0.0400,0.0400,70000
LIONDIV,2017-01-31,0.0350,0.0400,0.0350,0.0350,1819300
LIONDIV,2017-02-02,0.0350,0.0400,0.0350,0.0400,471000
LIONDIV,2017-02-03,0.0350,0.0350,0.0350,0.0350,3000
LIONDIV,2017-02-06,0.0350,0.0350,0.0350,0.0350,5000
LIONDIV,2017-02-07,0.0350,0.0350,0.0350,0.0350,361500
LIONDIV,2017-02-08,0.0350,0.0350,0.0350,0.0350,1000
LIONDIV,2017-02-10,0.0350,0.0350,0.0350,0.0350,215000
LIONDIV,2017-02-13,0.0350,0.0350,0.0300,0.0300,316600
LIONDIV,2017-02-14,0.0350,0.0350,0.0350,0.0350,420400
LIONDIV,2017-02-15,0.0400,0.0550,0.0400,0.0450,19525400
LIONDIV,2017-02-16,0.0450,0.0450,0.0450,0.0450,428800
LIONDIV,2017-02-17,0.0450,0.0450,0.0400,0.0400,726700
LIONDIV,2017-02-20,0.0400,0.0500,0.0400,0.0400,1064700
LIONDIV,2017-02-21,0.0450,0.0450,0.0400,0.0450,1611200
LIONDIV,2017-02-22,0.0450,0.0500,0.0450,0.0500,4359700
LIONDIV,2017-02-23,0.0500,0.0550,0.0500,0.0500,6001800
LIONDIV,2017-02-24,0.0550,0.0600,0.0500,0.0500,4481400
LIONDIV,2017-02-27,0.0500,0.0550,0.0450,0.0450,1568500
LIONDIV,2017-02-28,0.0450,0.0500,0.0400,0.0400,1265000
LIONDIV,2017-03-01,0.0450,0.0450,0.0400,0.0450,599800
LIONDIV,2017-03-02,0.0400,0.0450,0.0400,0.0450,1885600
LIONDIV,2017-03-03,0.0400,0.0400,0.0400,0.0400,850000
LIONDIV,2017-03-06,0.0400,0.0600,0.0400,0.0600,12587500
LIONDIV,2017-03-07,0.0600,0.0600,0.0500,0.0500,9838600
LIONDIV,2017-03-08,0.0500,0.0500,0.0500,0.0500,603000
LIONDIV,2017-03-09,0.0500,0.0500,0.0450,0.0450,998800
LIONDIV,2017-03-10,0.0500,0.0700,0.0500,0.0600,35339500
LIONDIV,2017-03-13,0.0600,0.0650,0.0500,0.0550,3852500
LIONDIV,2017-03-14,0.0500,0.0550,0.0450,0.0550,3466600
LIONDIV,2017-03-15,0.0500,0.0550,0.0450,0.0500,3321200
LIONDIV,2017-03-16,0.0500,0.0600,0.0500,0.0550,13119200
LIONDIV,2017-03-17,0.0550,0.0550,0.0500,0.0500,1254300
LIONDIV,2017-03-20,0.0550,0.0550,0.0500,0.0500,3530900
LIONDIV,2017-03-21,0.0550,0.0550,0.0500,0.0550,1449500
LIONDIV,2017-03-22,0.0550,0.0550,0.0500,0.0500,1975800
LIONDIV,2017-03-23,0.0500,0.0600,0.0500,0.0550,7746100
LIONDIV,2017-03-24,0.0550,0.0550,0.0500,0.0500,1232100
LIONDIV,2017-03-27,0.0500,0.0550,0.0450,0.0450,3922100
LIONDIV,2017-03-28,0.0450,0.0450,0.0450,0.0450,850000
LIONDIV,2017-03-29,0.0450,0.0500,0.0450,0.0500,3519500
LIONDIV,2017-04-03,0.0450,0.0450,0.0450,0.0450,666800
LIONDIV,2017-04-04,0.0450,0.0500,0.0450,0.0450,635000
LIONDIV,2017-04-05,0.0450,0.0500,0.0450,0.0500,826400
LIONDIV,2017-04-06,0.0450,0.0450,0.0450,0.0450,191000
LIONDIV,2017-04-07,0.0450,0.0500,0.0450,0.0500,438800
LIONDIV,2017-04-10,0.0450,0.0450,0.0450,0.0450,754000
LIONDIV,2017-04-11,0.0450,0.0450,0.0400,0.0450,1985700
LIONDIV,2017-04-12,0.0450,0.0550,0.0450,0.0550,6735200
LIONDIV,2017-04-13,0.0500,0.0600,0.0500,0.0600,8224700
LIONDIV,2017-04-14,0.0650,0.0800,0.0650,0.0650,63036500
LIONDIV,2017-04-17,0.0650,0.0650,0.0600,0.0650,4677100
LIONDIV,2017-04-18,0.0600,0.0600,0.0550,0.0550,3016300
LIONDIV,2017-04-19,0.0550,0.0550,0.0450,0.0500,10887500
LIONDIV,2017-04-20,0.0550,0.0550,0.0450,0.0450,6547500
LIONDIV,2017-04-21,0.0450,0.0500,0.0450,0.0450,1446700
LIONDIV,2017-04-25,0.0450,0.0500,0.0450,0.0450,476100
LIONDIV,2017-04-26,0.0450,0.0550,0.0450,0.0550,10333900
LIONDIV,2017-04-27,0.0550,0.0550,0.0450,0.0500,6164900
LIONDIV,2017-04-28,0.0500,0.0550,0.0500,0.0550,720600
LIONDIV,2017-05-02,0.0500,0.0600,0.0500,0.0600,3613300
LIONDIV,2017-05-03,0.0600,0.0600,0.0550,0.0550,8837000
LIONDIV,2017-05-04,0.0550,0.0550,0.0500,0.0500,3209900
LIONDIV,2017-05-05,0.0550,0.0600,0.0550,0.0600,855600
LIONDIV,2017-05-08,0.0550,0.0550,0.0550,0.0550,1176200
LIONDIV,2017-05-09,0.0550,0.0600,0.0550,0.0600,1988500
LIONDIV,2017-05-11,0.0600,0.0650,0.0600,0.0600,7545100
LIONDIV,2017-05-12,0.0600,0.0600,0.0550,0.0550,3102600
LIONDIV,2017-05-15,0.0550,0.0650,0.0550,0.0600,3789600
LIONDIV,2017-05-16,0.0650,0.0650,0.0600,0.0600,3168900
LIONDIV,2017-05-17,0.0550,0.0600,0.0550,0.0600,131400
LIONDIV,2017-05-18,0.0550,0.0600,0.0550,0.0600,339600
LIONDIV,2017-05-19,0.0600,0.0650,0.0600,0.0650,6707800
LIONDIV,2017-05-22,0.0650,0.0700,0.0650,0.0700,16297000
LIONDIV,2017-05-23,0.0700,0.0700,0.0650,0.0650,1901600
LIONDIV,2017-05-24,0.0700,0.0750,0.0650,0.0700,1657700
LIONDIV,2017-05-25,0.0650,0.0650,0.0600,0.0650,1915100
LIONDIV,2017-05-26,0.0650,0.0650,0.0550,0.0550,1555000
LIONDIV,2017-05-29,0.0600,0.0600,0.0550,0.0550,767000
LIONDIV,2017-05-31,0.0500,0.0550,0.0500,0.0500,291000
LIONDIV,2017-06-01,0.0550,0.0550,0.0550,0.0550,105000
LIONDIV,2017-06-02,0.0550,0.0550,0.0500,0.0550,742200
LIONDIV,2017-06-05,0.0550,0.0600,0.0550,0.0600,546400
LIONDIV,2017-06-06,0.0600,0.0600,0.0550,0.0550,642500
LIONDIV,2017-06-07,0.0550,0.0550,0.0550,0.0550,813200
LIONDIV,2017-06-08,0.0550,0.0550,0.0550,0.0550,156000
LIONDIV,2017-06-09,0.0550,0.0550,0.0550,0.0550,65000
LIONDIV,2017-06-13,0.0550,0.0550,0.0550,0.0550,390700
LIONDIV,2017-06-14,0.0550,0.0550,0.0550,0.0550,411000
LIONDIV,2017-06-15,0.0550,0.0550,0.0550,0.0550,149000
LIONDIV,2017-06-16,0.0550,0.0550,0.0500,0.0550,568000
LIONDIV,2017-06-19,0.0550,0.0550,0.0500,0.0500,170000
LIONDIV,2017-06-20,0.0500,0.0500,0.0500,0.0500,1005000
LIONDIV,2017-06-21,0.0500,0.0500,0.0500,0.0500,106300
LIONDIV,2017-06-22,0.0500,0.0500,0.0500,0.0500,70000
LIONDIV,2017-06-23,0.0500,0.0500,0.0500,0.0500,11000
LIONDIV,2017-06-28,0.0500,0.0500,0.0500,0.0500,250000
LIONDIV,2017-06-29,0.0550,0.0550,0.0500,0.0500,768900
LIONDIV,2017-06-30,0.0500,0.0500,0.0500,0.0500,657600
LIONDIV,2017-07-03,0.0500,0.0550,0.0500,0.0500,1694100
LIONDIV,2017-07-04,0.0500,0.0500,0.0500,0.0500,1507000
LIONDIV,2017-07-05,0.0450,0.0500,0.0450,0.0500,119000
LIONDIV,2017-07-06,0.0450,0.0500,0.0450,0.0450,19000
LIONDIV,2017-07-07,0.0450,0.0450,0.0450,0.0450,100000
LIONDIV,2017-07-10,0.0500,0.0500,0.0500,0.0500,200000
LIONDIV,2017-07-11,0.0450,0.0450,0.0450,0.0450,400000
LIONDIV,2017-07-12,0.0450,0.0450,0.0450,0.0450,1087000
LIONDIV,2017-07-13,0.0450,0.0450,0.0450,0.0450,220000
LIONDIV,2017-07-14,0.0500,0.0500,0.0450,0.0450,252500
LIONDIV,2017-07-17,0.0450,0.0500,0.0450,0.0500,140000
LIONDIV,2017-07-18,0.0450,0.0500,0.0450,0.0500,64100
LIONDIV,2017-07-19,0.0450,0.0500,0.0450,0.0450,160000
LIONDIV,2017-07-20,0.0450,0.0450,0.0450,0.0450,680000
LIONDIV,2017-07-21,0.0450,0.0450,0.0450,0.0450,250000
LIONDIV,2017-07-24,0.0450,0.0450,0.0450,0.0450,155000
LIONDIV,2017-07-25,0.0450,0.0450,0.0400,0.0450,204000
LIONDIV,2017-07-26,0.0400,0.0450,0.0400,0.0450,104000
LIONDIV,2017-07-27,0.0450,0.0450,0.0450,0.0450,216500
LIONDIV,2017-07-28,0.0400,0.0400,0.0400,0.0400,8200
LIONDIV,2017-07-31,0.0450,0.0450,0.0400,0.0400,226200
LIONDIV,2017-08-01,0.0450,0.0450,0.0450,0.0450,100
LIONDIV,2017-08-03,0.0400,0.0400,0.0400,0.0400,1343200
LIONDIV,2017-08-04,0.0400,0.0400,0.0350,0.0350,518300
LIONDIV,2017-08-07,0.0350,0.0400,0.0350,0.0400,997400
LIONDIV,2017-08-08,0.0400,0.0400,0.0400,0.0400,354000
LIONDIV,2017-08-09,0.0400,0.0450,0.0400,0.0400,671600
LIONDIV,2017-08-10,0.0400,0.0400,0.0400,0.0400,391300
LIONDIV,2017-08-11,0.0400,0.0400,0.0400,0.0400,140000
LIONDIV,2017-08-14,0.0400,0.0450,0.0350,0.0450,1151300
LIONDIV,2017-08-15,0.0400,0.0400,0.0400,0.0400,479800
LIONDIV,2017-08-16,0.0400,0.0400,0.0400,0.0400,155000
LIONDIV,2017-08-17,0.0400,0.0400,0.0400,0.0400,298200
LIONDIV,2017-08-18,0.0350,0.0400,0.0350,0.0400,346800
LIONDIV,2017-08-21,0.0400,0.0400,0.0400,0.0400,5000
LIONDIV,2017-08-22,0.0400,0.0400,0.0400,0.0400,337000
LIONDIV,2017-08-23,0.0350,0.0350,0.0350,0.0350,20000
LIONDIV,2017-08-24,0.0400,0.0400,0.0400,0.0400,244000
LIONDIV,2017-08-25,0.0400,0.0400,0.0400,0.0400,163300
LIONDIV,2017-08-28,0.0400,0.0400,0.0400,0.0400,313000
LIONDIV,2017-08-29,0.0450,0.0450,0.0450,0.0450,20000
LIONDIV,2017-08-30,0.0450,0.0450,0.0400,0.0400,170000
LIONDIV,2017-09-05,0.0400,0.0450,0.0400,0.0450,65500
LIONDIV,2017-09-06,0.0450,0.0450,0.0450,0.0450,590700
LIONDIV,2017-09-07,0.0500,0.0500,0.0450,0.0500,1641500
LIONDIV,2017-09-08,0.0500,0.0500,0.0500,0.0500,841700
LIONDIV,2017-09-11,0.0500,0.0600,0.0500,0.0600,1709600
LIONDIV,2017-09-12,0.0550,0.0600,0.0550,0.0550,786600
LIONDIV,2017-09-13,0.0550,0.0550,0.0550,0.0550,135300
LIONDIV,2017-09-14,0.0550,0.0600,0.0550,0.0550,1216800
LIONDIV,2017-09-15,0.0500,0.0550,0.0500,0.0550,256500
LIONDIV,2017-09-18,0.0500,0.0500,0.0500,0.0500,154000
LIONDIV,2017-09-19,0.0550,0.0600,0.0550,0.0600,775400
LIONDIV,2017-09-20,0.0600,0.0600,0.0500,0.0500,1904000
LIONDIV,2017-09-21,0.0550,0.0600,0.0550,0.0550,864900
LIONDIV,2017-09-25,0.0550,0.0600,0.0550,0.0550,750000
LIONDIV,2017-09-26,0.0550,0.0600,0.0550,0.0600,857600
LIONDIV,2017-09-27,0.0550,0.0550,0.0550,0.0550,211000
