MICROLN,2007-01-03,0.5400,0.5400,0.5300,0.5300,275000
MICROLN,2007-01-04,0.5250,0.5250,0.5150,0.5150,133000
MICROLN,2007-01-05,0.5150,0.5200,0.5050,0.5100,325000
MICROLN,2007-01-08,0.5100,0.5100,0.5000,0.5100,250000
MICROLN,2007-01-09,0.5100,0.5100,0.5050,0.5050,184000
MICROLN,2007-01-10,0.5050,0.5100,0.5050,0.5100,44000
MICROLN,2007-01-11,0.5050,0.5100,0.5050,0.5050,165000
MICROLN,2007-01-12,0.5200,0.5200,0.5100,0.5100,65000
MICROLN,2007-01-15,0.5100,0.5100,0.5100,0.5100,33000
MICROLN,2007-01-16,0.5200,0.5200,0.5100,0.5100,103400
MICROLN,2007-01-17,0.5100,0.5150,0.5100,0.5150,47100
MICROLN,2007-01-18,0.5150,0.5150,0.5150,0.5150,75000
MICROLN,2007-01-19,0.5100,0.5100,0.5050,0.5050,89000
MICROLN,2007-01-22,0.5050,0.5050,0.5050,0.5050,149000
MICROLN,2007-01-23,0.5050,0.5050,0.5050,0.5050,44000
MICROLN,2007-01-24,0.5050,0.5050,0.5000,0.5000,219000
MICROLN,2007-01-25,0.5050,0.5050,0.5050,0.5050,37000
MICROLN,2007-01-26,0.5000,0.5000,0.5000,0.5000,35000
MICROLN,2007-01-29,0.5000,0.5000,0.5000,0.5000,38000
MICROLN,2007-01-30,0.5150,0.5150,0.5050,0.5050,40000
MICROLN,2007-01-31,0.5050,0.5050,0.5050,0.5050,30000
MICROLN,2007-02-02,0.5050,0.5050,0.5050,0.5050,55000
MICROLN,2007-02-05,0.5050,0.5050,0.5050,0.5050,65000
MICROLN,2007-02-06,0.5100,0.5100,0.5050,0.5050,72000
MICROLN,2007-02-07,0.5050,0.5050,0.5000,0.5050,65000
MICROLN,2007-02-08,0.5000,0.5150,0.5000,0.5100,120000
MICROLN,2007-02-09,0.5050,0.5050,0.4900,0.5000,367500
MICROLN,2007-02-12,0.5000,0.5000,0.4950,0.4950,28000
MICROLN,2007-02-13,0.4900,0.4950,0.4850,0.4950,18000
MICROLN,2007-02-14,0.4850,0.4900,0.4850,0.4850,18000
MICROLN,2007-02-15,0.4900,0.4900,0.4850,0.4850,87000
MICROLN,2007-02-16,0.4900,0.5150,0.4900,0.5150,25100
MICROLN,2007-02-21,0.5150,0.5450,0.5150,0.5450,78200
MICROLN,2007-02-22,0.5600,0.5700,0.5450,0.5450,419000
MICROLN,2007-02-23,0.5600,0.5600,0.5300,0.5300,92000
MICROLN,2007-02-26,0.5350,0.5350,0.5250,0.5250,35000
MICROLN,2007-02-27,0.5250,0.5250,0.5000,0.5000,113000
MICROLN,2007-02-28,0.4900,0.4900,0.4400,0.4650,303900
MICROLN,2007-03-01,0.4550,0.4800,0.4550,0.4800,233400
MICROLN,2007-03-02,0.4850,0.4850,0.4550,0.4550,29000
MICROLN,2007-03-05,0.4500,0.4500,0.4000,0.4000,113100
MICROLN,2007-03-06,0.4000,0.4300,0.4000,0.4300,98500
MICROLN,2007-03-07,0.4250,0.4350,0.4250,0.4300,35000
MICROLN,2007-03-08,0.4700,0.4700,0.4400,0.4700,59000
MICROLN,2007-03-09,0.4800,0.4800,0.4500,0.4600,39100
MICROLN,2007-03-12,0.4600,0.4750,0.4600,0.4750,32000
MICROLN,2007-03-13,0.4650,0.4650,0.4600,0.4600,18000
MICROLN,2007-03-15,0.4500,0.4550,0.4500,0.4550,16000
MICROLN,2007-03-16,0.4500,0.4600,0.4500,0.4600,43000
MICROLN,2007-03-19,0.4500,0.4500,0.4500,0.4500,20000
MICROLN,2007-03-20,0.4700,0.4700,0.4700,0.4700,13800
MICROLN,2007-03-21,0.4800,0.5150,0.4800,0.5100,107000
MICROLN,2007-03-22,0.5000,0.5150,0.5000,0.5100,98000
MICROLN,2007-03-23,0.5050,0.5050,0.5000,0.5000,55000
MICROLN,2007-03-26,0.5000,0.5000,0.4900,0.4900,95000
MICROLN,2007-03-27,0.4800,0.4800,0.4800,0.4800,20000
MICROLN,2007-03-28,0.4900,0.4900,0.4500,0.4500,142800
MICROLN,2007-03-30,0.4700,0.4750,0.4650,0.4700,157000
MICROLN,2007-04-02,0.4600,0.4600,0.4600,0.4600,5000
MICROLN,2007-04-03,0.4800,0.4800,0.4700,0.4800,10
MICROLN,2007-04-04,0.4700,0.4700,0.4700,0.4700,20000
MICROLN,2007-04-05,0.4500,0.4500,0.4500,0.4500,3900
MICROLN,2007-04-06,0.4700,0.4700,0.4500,0.4500,71800
MICROLN,2007-04-09,0.4650,0.4650,0.4650,0.4650,5000
MICROLN,2007-04-10,0.4600,0.4700,0.4600,0.4700,17200
MICROLN,2007-04-11,0.4650,0.4650,0.4500,0.4500,75000
MICROLN,2007-04-12,0.4600,0.4600,0.4600,0.4600,10000
MICROLN,2007-04-13,0.4750,0.4950,0.4750,0.4950,133400
MICROLN,2007-04-16,0.5050,0.5450,0.5050,0.5300,475300
MICROLN,2007-04-17,0.5100,0.5100,0.5000,0.5050,177000
MICROLN,2007-04-18,0.5100,0.5150,0.5050,0.5100,266800
MICROLN,2007-04-19,0.5000,0.5000,0.4800,0.4900,127000
MICROLN,2007-04-20,0.4850,0.4850,0.4800,0.4800,15000
MICROLN,2007-04-23,0.4950,0.4950,0.4850,0.4850,7000
MICROLN,2007-04-24,0.4900,0.4900,0.4900,0.4900,53000
MICROLN,2007-04-30,0.4900,0.4900,0.4900,0.4900,5000
MICROLN,2007-05-09,0.4500,0.4600,0.4500,0.4600,10000
MICROLN,2007-05-10,0.4500,0.4500,0.4400,0.4400,10000
MICROLN,2007-05-11,0.4500,0.4500,0.4500,0.4500,5000
MICROLN,2007-05-14,0.4900,0.5000,0.4900,0.5000,16000
MICROLN,2007-05-15,0.5100,0.5200,0.5100,0.5200,164000
MICROLN,2007-05-16,0.5150,0.5200,0.4900,0.5000,103000
MICROLN,2007-05-17,0.4900,0.5100,0.4900,0.5100,109900
MICROLN,2007-05-18,0.5000,0.5100,0.4900,0.4900,161000
MICROLN,2007-05-21,0.5000,0.5050,0.5000,0.5050,100000
MICROLN,2007-05-22,0.5000,0.5000,0.4950,0.4950,37000
MICROLN,2007-05-23,0.4950,0.4950,0.4800,0.4800,42000
MICROLN,2007-05-24,0.4800,0.4800,0.4700,0.4700,34000
MICROLN,2007-05-25,0.4600,0.4600,0.4550,0.4550,26000
MICROLN,2007-05-28,0.4600,0.4600,0.4550,0.4550,41000
MICROLN,2007-05-29,0.4600,0.4600,0.4600,0.4600,30000
MICROLN,2007-05-30,0.4550,0.4550,0.4550,0.4550,14000
MICROLN,2007-05-31,0.4600,0.4600,0.4600,0.4600,50000
MICROLN,2007-06-01,0.4550,0.4650,0.4550,0.4600,120000
MICROLN,2007-06-04,0.4550,0.4550,0.4200,0.4200,200000
MICROLN,2007-06-05,0.4600,0.4850,0.4600,0.4850,113000
MICROLN,2007-06-06,0.4800,0.4800,0.4800,0.4800,24400
MICROLN,2007-06-07,0.4800,0.4800,0.4600,0.4600,205100
MICROLN,2007-06-08,0.4650,0.4650,0.4650,0.4650,20000
MICROLN,2007-06-11,0.4700,0.4700,0.4700,0.4700,168000
MICROLN,2007-06-12,0.4800,0.4900,0.4800,0.4800,130000
MICROLN,2007-06-14,0.4700,0.4700,0.4500,0.4600,183000
MICROLN,2007-06-15,0.4700,0.4700,0.4650,0.4650,30000
MICROLN,2007-06-18,0.4650,0.4700,0.4600,0.4700,55500
MICROLN,2007-06-19,0.4650,0.4700,0.4600,0.4700,55
MICROLN,2007-06-20,0.4700,0.4700,0.4700,0.4700,51000
MICROLN,2007-06-21,0.4700,0.4700,0.4700,0.4700,115000
MICROLN,2007-06-22,0.4700,0.4800,0.4700,0.4800,22000
MICROLN,2007-06-25,0.4800,0.4850,0.4700,0.4700,33000
MICROLN,2007-06-28,0.4700,0.4700,0.4650,0.4650,20300
MICROLN,2007-06-29,0.4650,0.4650,0.4650,0.4650,15700
MICROLN,2007-07-04,0.4850,0.4900,0.4800,0.4800,81600
MICROLN,2007-07-05,0.4800,0.4850,0.4800,0.4800,66100
MICROLN,2007-07-06,0.4950,0.4950,0.4950,0.4950,44000
MICROLN,2007-07-09,0.5000,0.5000,0.4900,0.4950,31000
MICROLN,2007-07-10,0.4950,0.5400,0.4950,0.5400,172900
MICROLN,2007-07-11,0.5400,0.6100,0.5400,0.5750,1107100
MICROLN,2007-07-12,0.5800,0.5800,0.5500,0.5650,269500
MICROLN,2007-07-13,0.5700,0.5700,0.5650,0.5700,141100
MICROLN,2007-07-16,0.5700,0.5750,0.5700,0.5700,461400
MICROLN,2007-07-17,0.5700,0.6100,0.5700,0.6000,1413500
MICROLN,2007-07-18,0.6050,0.6100,0.5900,0.6050,718000
MICROLN,2007-07-19,0.6050,0.6250,0.6000,0.6150,372500
MICROLN,2007-07-20,0.6150,0.6150,0.6000,0.6000,294900
MICROLN,2007-07-23,0.6000,0.6000,0.5800,0.5850,243000
MICROLN,2007-07-24,0.5800,0.5900,0.5750,0.5800,114
MICROLN,2007-07-25,0.5750,0.5800,0.5700,0.5700,56700
MICROLN,2007-07-26,0.5700,0.5700,0.5700,0.5700,46000
MICROLN,2007-07-27,0.5400,0.5500,0.5350,0.5450,133800
MICROLN,2007-07-30,0.5400,0.5400,0.5400,0.5400,45000
MICROLN,2007-07-31,0.5450,0.5450,0.5400,0.5400,52000
MICROLN,2007-08-01,0.5300,0.5300,0.5050,0.5150,104800
MICROLN,2007-08-02,0.5150,0.5150,0.5000,0.5100,197800
MICROLN,2007-08-03,0.5800,0.5800,0.5100,0.5200,23100
MICROLN,2007-08-07,0.5000,0.5000,0.4950,0.5000,75000
MICROLN,2007-08-09,0.5050,0.5050,0.5050,0.5050,15000
MICROLN,2007-08-10,0.5000,0.5050,0.5000,0.5000,181000
MICROLN,2007-08-13,0.5000,0.5050,0.5000,0.5000,64
MICROLN,2007-08-14,0.5000,0.5000,0.5000,0.5000,27500
MICROLN,2007-08-15,0.5000,0.5000,0.4800,0.5000,94000
MICROLN,2007-08-16,0.4900,0.5000,0.4700,0.5000,160300
MICROLN,2007-08-17,0.4800,0.4950,0.4500,0.4900,177000
MICROLN,2007-08-21,0.5000,0.5000,0.5000,0.5000,70000
MICROLN,2007-08-22,0.4800,0.5000,0.4800,0.5000,45000
MICROLN,2007-08-23,0.5000,0.5000,0.5000,0.5000,285000
MICROLN,2007-08-24,0.5000,0.5000,0.4950,0.4950,30000
MICROLN,2007-08-27,0.4950,0.4950,0.4850,0.4850,8000
MICROLN,2007-08-29,0.4700,0.4700,0.4600,0.4600,34000
MICROLN,2007-08-30,0.4600,0.4600,0.4600,0.4600,20000
MICROLN,2007-09-03,0.4650,0.4650,0.4600,0.4600,28000
MICROLN,2007-09-04,0.4600,0.4600,0.4600,0.4600,30000
MICROLN,2007-09-05,0.4600,0.4600,0.4550,0.4550,11000
MICROLN,2007-09-07,0.4600,0.4700,0.4600,0.4700,33100
MICROLN,2007-09-10,0.4500,0.4500,0.4500,0.4500,1000
MICROLN,2007-09-11,0.4500,0.4500,0.4500,0.4500,6000
MICROLN,2007-09-12,0.4550,0.4550,0.4500,0.4500,30000
MICROLN,2007-09-13,0.4500,0.4500,0.4500,0.4500,40000
MICROLN,2007-09-14,0.4500,0.4500,0.4500,0.4500,80000
MICROLN,2007-09-17,0.4500,0.4500,0.4500,0.4500,12000
MICROLN,2007-09-18,0.4500,0.4500,0.4450,0.4450,7400
MICROLN,2007-09-19,0.4500,0.4500,0.4500,0.4500,10000
MICROLN,2007-09-20,0.4500,0.4500,0.4500,0.4500,15000
MICROLN,2007-09-21,0.4500,0.4500,0.4500,0.4500,50600
MICROLN,2007-09-24,0.4600,0.4600,0.4600,0.4600,4000
MICROLN,2007-09-25,0.4200,0.4250,0.4200,0.4250,50000
MICROLN,2007-09-26,0.4200,0.4200,0.4200,0.4200,7000
MICROLN,2007-09-28,0.4500,0.4500,0.4300,0.4300,9000
MICROLN,2007-10-03,0.4500,0.4500,0.4500,0.4500,10000
MICROLN,2007-10-05,0.4300,0.4600,0.4300,0.4600,65000
MICROLN,2007-10-08,0.4450,0.4450,0.4450,0.4450,30000
MICROLN,2007-10-09,0.4350,0.4350,0.4350,0.4350,10000
MICROLN,2007-10-10,0.4150,0.4200,0.4050,0.4050,27000
MICROLN,2007-10-11,0.4050,0.4050,0.4050,0.4050,15000
MICROLN,2007-10-12,0.4050,0.4150,0.4050,0.4150,39000
MICROLN,2007-10-16,0.4300,0.4300,0.4300,0.4300,5000
MICROLN,2007-10-26,0.4000,0.4200,0.4000,0.4200,5100
MICROLN,2007-10-29,0.4100,0.4150,0.4100,0.4150,30000
MICROLN,2007-10-30,0.4000,0.4000,0.4000,0.4000,5000
MICROLN,2007-11-01,0.4000,0.4000,0.4000,0.4000,5000
MICROLN,2007-11-06,0.3800,0.3800,0.3800,0.3800,5000
MICROLN,2007-11-07,0.3700,0.3700,0.3600,0.3600,35000
MICROLN,2007-11-09,0.3200,0.3800,0.3200,0.3700,54500
MICROLN,2007-11-12,0.3550,0.3550,0.3550,0.3550,11000
MICROLN,2007-11-14,0.3100,0.3500,0.3100,0.3500,36000
MICROLN,2007-11-15,0.3150,0.3150,0.3150,0.3150,100
MICROLN,2007-11-16,0.3050,0.3350,0.3050,0.3350,6100
MICROLN,2007-11-19,0.3000,0.3100,0.3000,0.3000,20100
MICROLN,2007-11-20,0.3000,0.3000,0.3000,0.3000,7000
MICROLN,2007-11-21,0.3100,0.3100,0.3100,0.3100,27600
MICROLN,2007-11-22,0.3100,0.3100,0.3100,0.3100,32000
MICROLN,2007-11-23,0.3100,0.3100,0.3000,0.3000,14000
MICROLN,2007-11-26,0.3400,0.3400,0.3400,0.3400,10000
MICROLN,2007-11-28,0.3100,0.3100,0.3100,0.3100,1000
MICROLN,2007-11-29,0.3000,0.3050,0.3000,0.3000,30000
MICROLN,2007-11-30,0.3100,0.3100,0.3100,0.3100,2600
MICROLN,2007-12-12,0.4000,0.4000,0.3000,0.3200,18000
MICROLN,2007-12-14,0.3000,0.3000,0.3000,0.3000,10000
MICROLN,2007-12-17,0.2200,0.2750,0.2200,0.2200,556500
MICROLN,2007-12-18,0.2450,0.3300,0.2450,0.3100,402200
MICROLN,2007-12-19,0.3100,0.3750,0.3100,0.3750,174400
MICROLN,2007-12-21,0.3750,0.3850,0.3700,0.3850,35000
MICROLN,2007-12-24,0.3600,0.3950,0.3600,0.3950,17000
MICROLN,2007-12-26,0.3800,0.3950,0.3800,0.3950,130000
MICROLN,2007-12-27,0.4000,0.4000,0.3950,0.4000,135000
MICROLN,2007-12-28,0.3900,0.4000,0.3900,0.4000,65500
MICROLN,2007-12-31,0.3700,0.4150,0.3700,0.4150,350000
MICROLN,2008-01-16,0.3000,0.3500,0.3000,0.3500,49000
MICROLN,2008-01-22,0.3000,0.3000,0.3000,0.3000,5000
MICROLN,2008-01-24,0.3200,0.3200,0.3200,0.3200,10000
MICROLN,2008-01-29,0.3500,0.4000,0.3500,0.4000,20000
MICROLN,2008-02-04,0.3800,0.3800,0.3800,0.3800,15000
MICROLN,2008-02-11,0.3500,0.3500,0.3500,0.3500,10000
MICROLN,2008-02-13,0.3200,0.3500,0.3200,0.3500,26000
MICROLN,2008-02-19,0.2700,0.3100,0.2600,0.2600,67000
MICROLN,2008-02-20,0.2600,0.2700,0.2600,0.2700,37000
MICROLN,2008-02-21,0.2700,0.2700,0.2600,0.2600,63000
MICROLN,2008-02-22,0.2700,0.3000,0.2600,0.2800,80000
MICROLN,2008-02-29,0.2500,0.2500,0.2500,0.2500,10000
MICROLN,2008-03-10,0.1550,0.1650,0.1550,0.1650,8000
MICROLN,2008-03-17,0.2000,0.2000,0.2000,0.2000,45000
MICROLN,2008-03-24,0.1300,0.1300,0.1300,0.1300,2000
MICROLN,2008-03-25,0.1900,0.4000,0.1900,0.4000,2100
MICROLN,2008-04-09,0.2500,0.2500,0.1850,0.1850,11100
MICROLN,2008-04-10,0.2000,0.2500,0.1900,0.1900,16000
MICROLN,2008-04-25,0.2300,0.2300,0.2300,0.2300,20000
MICROLN,2008-05-02,0.2000,0.2000,0.2000,0.2000,1000
MICROLN,2008-05-06,0.1800,0.1800,0.1800,0.1800,19000
MICROLN,2008-06-11,0.1800,0.1800,0.1800,0.1800,3000
MICROLN,2008-06-12,0.1600,0.1600,0.1600,0.1600,1000
MICROLN,2008-06-25,0.1600,0.1600,0.1600,0.1600,10000
MICROLN,2008-07-07,0.1300,0.1300,0.1300,0.1300,2000
MICROLN,2008-07-11,0.1350,0.1350,0.1350,0.1350,1000
MICROLN,2008-07-30,0.1300,0.2000,0.1300,0.2000,500
MICROLN,2008-08-08,0.1250,0.1250,0.1250,0.1250,1500
MICROLN,2008-09-09,0.1500,0.1500,0.1500,0.1500,10000
MICROLN,2008-09-10,0.1500,0.1500,0.1500,0.1500,100000
MICROLN,2008-09-17,0.2800,0.2800,0.2800,0.2800,100
MICROLN,2008-09-19,0.2000,0.2000,0.2000,0.2000,58500
MICROLN,2008-09-23,0.2000,0.2000,0.2000,0.2000,100000
MICROLN,2008-09-24,0.2050,0.2100,0.1900,0.1900,172000
MICROLN,2008-09-25,0.1900,0.1900,0.1900,0.1900,28000
MICROLN,2008-10-08,0.2200,0.2200,0.1800,0.1950,35000
MICROLN,2008-10-09,0.1850,0.1850,0.1850,0.1850,5500
MICROLN,2008-10-13,0.1850,0.1850,0.1850,0.1850,20000
MICROLN,2008-10-17,0.1950,0.2000,0.1950,0.1950,30000
MICROLN,2008-11-24,0.1400,0.1400,0.1400,0.1400,15000
MICROLN,2008-11-25,0.1400,0.1400,0.1300,0.1300,1000
MICROLN,2008-11-27,0.1700,0.1700,0.1700,0.1700,2000
MICROLN,2008-11-28,0.1500,0.1500,0.1500,0.1500,18300
MICROLN,2008-12-01,0.1600,0.1600,0.1600,0.1600,50000
MICROLN,2008-12-31,0.1600,0.1600,0.1600,0.1600,1070300
MICROLN,2009-01-02,0.1600,0.1600,0.1600,0.1600,1070300
MICROLN,2009-03-13,0.1600,0.1650,0.1600,0.1650,45000
MICROLN,2009-03-19,0.1700,0.1700,0.1700,0.1700,30000
MICROLN,2009-03-20,0.1750,0.1750,0.1750,0.1750,30000
MICROLN,2009-03-23,0.1750,0.1800,0.1600,0.1800,118100
MICROLN,2009-03-24,0.1750,0.1750,0.1750,0.1750,20000
MICROLN,2009-03-27,0.1700,0.1700,0.1700,0.1700,45000
MICROLN,2009-03-30,0.1750,0.1800,0.1750,0.1800,50000
MICROLN,2009-04-02,0.1850,0.1850,0.1800,0.1850,32000
MICROLN,2009-04-09,0.1800,0.1850,0.1800,0.1850,74000
MICROLN,2009-04-10,0.1800,0.1800,0.1800,0.1800,20000
MICROLN,2009-04-20,0.2000,0.2000,0.1800,0.1800,70000
MICROLN,2009-04-21,0.1950,0.1950,0.1950,0.1950,60000
MICROLN,2009-04-22,0.2000,0.2000,0.2000,0.2000,13000
MICROLN,2009-04-27,0.2050,0.2050,0.2000,0.2000,128000
MICROLN,2009-05-04,0.1850,0.2050,0.1850,0.1900,53900
MICROLN,2009-05-06,0.2000,0.2100,0.2000,0.2100,60000
MICROLN,2009-05-07,0.2150,0.2400,0.2150,0.2400,170000
MICROLN,2009-05-26,0.1500,0.1500,0.1500,0.1500,10000
MICROLN,2009-06-04,0.1900,0.1900,0.1900,0.1900,10000
MICROLN,2009-06-05,0.1900,0.1900,0.1900,0.1900,10000
MICROLN,2009-06-17,0.1500,0.1800,0.1500,0.1550,21000
MICROLN,2009-06-29,0.1550,0.1600,0.1400,0.1600,1143500
MICROLN,2009-06-30,0.1600,0.1600,0.1450,0.1600,284700
MICROLN,2009-07-03,0.1300,0.1450,0.1000,0.1150,417100
MICROLN,2009-07-06,0.1450,0.1450,0.1450,0.1450,29000
MICROLN,2009-07-07,0.1400,0.1400,0.1400,0.1400,8000
MICROLN,2009-07-09,0.1500,0.2000,0.1500,0.1900,24600
MICROLN,2009-07-22,0.1450,0.1450,0.1450,0.1450,7000
MICROLN,2009-07-31,0.1400,0.1400,0.1400,0.1400,50000
MICROLN,2009-08-04,0.1900,0.1900,0.1900,0.1900,100
MICROLN,2009-08-05,0.1450,0.1450,0.1450,0.1450,50000
MICROLN,2009-08-06,0.1500,0.1550,0.1500,0.1550,130000
MICROLN,2009-08-11,0.1400,0.1550,0.1400,0.1550,129300
MICROLN,2009-08-13,0.1450,0.1450,0.1450,0.1450,50000
MICROLN,2009-08-18,0.1500,0.1550,0.1500,0.1550,123000
MICROLN,2009-08-19,0.1550,0.1550,0.1550,0.1550,20000
MICROLN,2009-08-20,0.1550,0.1550,0.1550,0.1550,40000
MICROLN,2009-08-24,0.1450,0.1450,0.1450,0.1450,50000
MICROLN,2009-08-25,0.1400,0.1400,0.1400,0.1400,60000
MICROLN,2009-08-26,0.1500,0.1500,0.1500,0.1500,30000
MICROLN,2009-09-02,0.1450,0.1550,0.1450,0.1550,240000
MICROLN,2009-09-03,0.1550,0.1550,0.1550,0.1550,50000
MICROLN,2009-09-04,0.1450,0.1450,0.1450,0.1450,15000
MICROLN,2009-09-10,0.1450,0.1450,0.1450,0.1450,3000
MICROLN,2009-09-25,0.1450,0.1450,0.1450,0.1450,246100
MICROLN,2009-10-08,0.1400,0.1450,0.1400,0.1450,56000
MICROLN,2009-10-15,0.2000,0.2000,0.1500,0.1500,10100
MICROLN,2009-10-16,0.1450,0.1450,0.1450,0.1450,20000
MICROLN,2009-10-19,0.1500,0.1500,0.1500,0.1500,230000
MICROLN,2009-10-20,0.1500,0.1500,0.1400,0.1400,51000
MICROLN,2009-10-21,0.1450,0.1450,0.1450,0.1450,590000
MICROLN,2009-10-22,0.1400,0.1500,0.1400,0.1500,100000
MICROLN,2009-10-23,0.1500,0.1500,0.1500,0.1500,15000
MICROLN,2009-10-27,0.1450,0.1450,0.1450,0.1450,200000
MICROLN,2009-10-29,0.1400,0.1400,0.1400,0.1400,80000
MICROLN,2009-10-30,0.1500,0.1500,0.1500,0.1500,100
MICROLN,2009-11-03,0.1400,0.1400,0.1400,0.1400,20000
MICROLN,2009-11-04,0.1400,0.1400,0.1400,0.1400,66000
MICROLN,2009-11-05,0.1350,0.1350,0.1300,0.1300,127300
MICROLN,2009-11-06,0.1350,0.1350,0.1350,0.1350,121800
MICROLN,2009-11-09,0.1400,0.1450,0.1400,0.1400,120000
MICROLN,2009-11-10,0.1400,0.1400,0.1400,0.1400,50000
MICROLN,2009-11-11,0.1450,0.1450,0.1450,0.1450,30500
MICROLN,2009-11-18,0.1250,0.1500,0.1250,0.1500,204100
MICROLN,2009-11-23,0.1250,0.1250,0.1250,0.1250,30000
MICROLN,2009-12-01,0.1400,0.1400,0.1400,0.1400,50000
MICROLN,2009-12-03,0.1450,0.1450,0.1450,0.1450,80000
MICROLN,2010-01-07,0.1350,0.1350,0.1350,0.1350,61300
MICROLN,2010-01-11,0.1300,0.1300,0.1300,0.1300,4000
MICROLN,2010-01-12,0.1300,0.1300,0.1300,0.1300,111900
MICROLN,2010-01-18,0.1350,0.1500,0.1350,0.1500,68700
MICROLN,2010-01-19,0.1500,0.1500,0.1500,0.1500,412000
MICROLN,2010-01-20,0.1500,0.1500,0.1450,0.1450,119700
MICROLN,2010-01-21,0.1400,0.1400,0.1400,0.1400,10000
MICROLN,2010-01-22,0.1450,0.1450,0.1400,0.1400,200000
MICROLN,2010-01-25,0.1350,0.1400,0.1350,0.1400,160000
MICROLN,2010-01-26,0.1400,0.1400,0.1400,0.1400,200000
MICROLN,2010-01-27,0.1400,0.1400,0.1400,0.1400,80300
MICROLN,2010-02-05,0.1400,0.1400,0.1400,0.1400,10000
MICROLN,2010-02-08,0.1400,0.1400,0.1350,0.1350,20000
MICROLN,2010-02-09,0.1350,0.1350,0.1350,0.1350,3000
MICROLN,2010-02-10,0.1350,0.1350,0.1350,0.1350,10000
MICROLN,2010-02-18,0.1350,0.1350,0.1350,0.1350,30600
MICROLN,2010-02-19,0.1350,0.1350,0.1350,0.1350,12400
MICROLN,2010-02-23,0.1350,0.1350,0.1350,0.1350,69400
MICROLN,2010-02-24,0.1350,0.1350,0.1350,0.1350,10000
MICROLN,2010-03-03,0.1350,0.1350,0.1350,0.1350,10600
MICROLN,2010-03-04,0.1350,0.1350,0.1350,0.1350,300000
MICROLN,2010-03-08,0.1350,0.1350,0.1350,0.1350,30000
MICROLN,2010-03-10,0.1350,0.1350,0.1350,0.1350,38500
MICROLN,2010-03-11,0.1400,0.1400,0.1350,0.1350,235000
MICROLN,2010-03-19,0.1300,0.1300,0.1300,0.1300,106000
MICROLN,2010-03-23,0.1350,0.1400,0.1300,0.1400,650000
MICROLN,2010-03-24,0.1250,0.1250,0.1250,0.1250,10000
MICROLN,2010-03-25,0.1250,0.1300,0.1250,0.1300,39100
MICROLN,2010-03-26,0.1300,0.1300,0.1300,0.1300,12000
MICROLN,2010-03-31,0.1400,0.1400,0.1400,0.1400,100
MICROLN,2010-04-01,0.1300,0.1300,0.1300,0.1300,155000
MICROLN,2010-04-02,0.1300,0.1300,0.1300,0.1300,13700
MICROLN,2010-04-05,0.1350,0.1350,0.1350,0.1350,30000
MICROLN,2010-04-06,0.1250,0.1250,0.1250,0.1250,50000
MICROLN,2010-04-08,0.1300,0.1300,0.1300,0.1300,300000
MICROLN,2010-04-13,0.1300,0.1300,0.1300,0.1300,10000
MICROLN,2010-04-14,0.1200,0.1200,0.1200,0.1200,7000
MICROLN,2010-04-15,0.1250,0.1250,0.1250,0.1250,26700
MICROLN,2010-04-16,0.1250,0.1250,0.1250,0.1250,60000
MICROLN,2010-04-19,0.1250,0.1250,0.1250,0.1250,6800
MICROLN,2010-04-20,0.1300,0.1300,0.1300,0.1300,66300
MICROLN,2010-04-22,0.1250,0.1300,0.1250,0.1300,660000
MICROLN,2010-04-23,0.1250,0.1300,0.1250,0.1300,122000
MICROLN,2010-04-26,0.1250,0.1250,0.1250,0.1250,10000
MICROLN,2010-04-28,0.1250,0.1250,0.1250,0.1250,290000
MICROLN,2010-05-04,0.1300,0.1300,0.1300,0.1300,250000
MICROLN,2010-05-06,0.1250,0.1250,0.1250,0.1250,100000
MICROLN,2010-05-07,0.1200,0.1200,0.1150,0.1150,60000
MICROLN,2010-05-18,0.1400,0.1400,0.1300,0.1300,64200
MICROLN,2010-05-19,0.1300,0.1300,0.1300,0.1300,450500
MICROLN,2010-05-24,0.1250,0.1250,0.1250,0.1250,203000
MICROLN,2010-05-25,0.1150,0.1150,0.1150,0.1150,1000
MICROLN,2010-05-27,0.1250,0.1250,0.1250,0.1250,6000
MICROLN,2010-06-01,0.1300,0.1350,0.1300,0.1350,220100
MICROLN,2010-06-02,0.1350,0.1350,0.1300,0.1300,234900
MICROLN,2010-06-11,0.1300,0.1300,0.1300,0.1300,10000
MICROLN,2010-06-14,0.1300,0.1300,0.1300,0.1300,37500
MICROLN,2010-06-18,0.1600,0.1600,0.1600,0.1600,2000
MICROLN,2010-06-24,0.1350,0.1350,0.1300,0.1350,371300
MICROLN,2010-06-25,0.1350,0.1350,0.1350,0.1350,34000
MICROLN,2010-06-29,0.1350,0.1350,0.1350,0.1350,38200
MICROLN,2010-06-30,0.1350,0.1350,0.1350,0.1350,250000
MICROLN,2010-07-01,0.1350,0.1350,0.1350,0.1350,300000
MICROLN,2010-07-05,0.1300,0.1300,0.1300,0.1300,3000
MICROLN,2010-07-06,0.1350,0.1350,0.1350,0.1350,300000
MICROLN,2010-07-07,0.1350,0.1350,0.1350,0.1350,190000
MICROLN,2010-07-09,0.1350,0.1350,0.1350,0.1350,213000
MICROLN,2010-07-12,0.1350,0.1350,0.1350,0.1350,2000
MICROLN,2010-07-13,0.1350,0.1350,0.1350,0.1350,533000
MICROLN,2010-07-14,0.1350,0.1350,0.1350,0.1350,100000
MICROLN,2010-07-16,0.1350,0.1500,0.1350,0.1500,485100
MICROLN,2010-07-20,0.1300,0.1350,0.1300,0.1350,50100
MICROLN,2010-07-21,0.1350,0.1350,0.1350,0.1350,150000
MICROLN,2010-07-28,0.1350,0.1350,0.1350,0.1350,350000
MICROLN,2010-08-02,0.1350,0.1350,0.1350,0.1350,15000
MICROLN,2010-08-06,0.1250,0.1250,0.1250,0.1250,4000
MICROLN,2010-08-09,0.1200,0.1200,0.1200,0.1200,21100
MICROLN,2010-08-20,0.1350,0.1350,0.1350,0.1350,15000
MICROLN,2010-09-14,0.1250,0.1250,0.1200,0.1200,130000
MICROLN,2010-09-15,0.1200,0.1200,0.1150,0.1150,73000
MICROLN,2010-09-17,0.1200,0.1200,0.1200,0.1200,20000
MICROLN,2010-09-28,0.1300,0.1300,0.1300,0.1300,50000
MICROLN,2010-10-04,0.1250,0.1250,0.1150,0.1200,21000
MICROLN,2010-10-07,0.1200,0.1200,0.1200,0.1200,20000
MICROLN,2010-10-13,0.1000,0.1300,0.1000,0.1300,13000
MICROLN,2010-10-18,0.1050,0.1300,0.1050,0.1300,7000
MICROLN,2010-10-21,0.1100,0.1100,0.1100,0.1100,3000
MICROLN,2010-10-29,0.1150,0.1150,0.1150,0.1150,10000
MICROLN,2010-11-01,0.1150,0.1150,0.1150,0.1150,200000
MICROLN,2010-11-03,0.1250,0.1250,0.1150,0.1150,130000
MICROLN,2010-11-04,0.1250,0.1250,0.1100,0.1100,369500
MICROLN,2010-11-08,0.1150,0.1150,0.1150,0.1150,100000
MICROLN,2010-11-09,0.1250,0.1250,0.1250,0.1250,10000
MICROLN,2010-11-10,0.1250,0.1250,0.1200,0.1200,200000
MICROLN,2010-11-11,0.1200,0.1200,0.1200,0.1200,217000
MICROLN,2010-11-12,0.1200,0.1200,0.1200,0.1200,148000
MICROLN,2010-11-16,0.1200,0.1200,0.1200,0.1200,50000
MICROLN,2010-11-23,0.1150,0.1150,0.1150,0.1150,10000
MICROLN,2010-11-24,0.1200,0.1200,0.1200,0.1200,100000
MICROLN,2010-11-26,0.1200,0.1200,0.1200,0.1200,300000
MICROLN,2010-11-29,0.1200,0.1200,0.1150,0.1150,137000
MICROLN,2010-12-01,0.1250,0.1250,0.1250,0.1250,15100
MICROLN,2010-12-08,0.1500,0.1500,0.1500,0.1500,10000
MICROLN,2010-12-09,0.1450,0.1450,0.1450,0.1450,60000
MICROLN,2010-12-15,0.1200,0.1200,0.1200,0.1200,100000
MICROLN,2010-12-17,0.1200,0.1200,0.1200,0.1200,2000
MICROLN,2010-12-21,0.1250,0.1250,0.1250,0.1250,45000
MICROLN,2010-12-22,0.1200,0.1200,0.1200,0.1200,51000
MICROLN,2010-12-28,0.1200,0.1200,0.1200,0.1200,10000
MICROLN,2010-12-30,0.1300,0.1300,0.1300,0.1300,10000
MICROLN,2011-01-04,0.1350,0.1350,0.1200,0.1200,75100
MICROLN,2011-01-06,0.1200,0.1200,0.1200,0.1200,5000
MICROLN,2011-01-07,0.1300,0.1300,0.1300,0.1300,13000
MICROLN,2011-01-10,0.1200,0.1200,0.1200,0.1200,102200
MICROLN,2011-01-14,0.1150,0.1200,0.1150,0.1150,400000
MICROLN,2011-01-17,0.1200,0.1200,0.1200,0.1200,50000
MICROLN,2011-01-21,0.1200,0.1200,0.1200,0.1200,40000
MICROLN,2011-02-07,0.1100,0.1100,0.1100,0.1100,5000
MICROLN,2011-02-08,0.1200,0.1250,0.1200,0.1200,62000
MICROLN,2011-02-10,0.1300,0.1300,0.1300,0.1300,10000
MICROLN,2011-02-11,0.1250,0.1250,0.1250,0.1250,60000
MICROLN,2011-02-14,0.1150,0.1150,0.1150,0.1150,3000
MICROLN,2011-02-17,0.1150,0.1150,0.1150,0.1150,20000
MICROLN,2011-02-22,0.1200,0.1200,0.1200,0.1200,172100
MICROLN,2011-02-24,0.1150,0.1150,0.1150,0.1150,55000
MICROLN,2011-02-28,0.1200,0.1200,0.1200,0.1200,15000
MICROLN,2011-03-01,0.1200,0.1200,0.1200,0.1200,49200
MICROLN,2011-03-02,0.1150,0.1150,0.1150,0.1150,5000
MICROLN,2011-03-03,0.1150,0.1150,0.1150,0.1150,40000
MICROLN,2011-03-10,0.1100,0.1100,0.1100,0.1100,220000
MICROLN,2011-03-23,0.1150,0.1150,0.1150,0.1150,2000
MICROLN,2011-03-25,0.1200,0.1200,0.1200,0.1200,35000
MICROLN,2011-03-28,0.1200,0.1400,0.1200,0.1400,30300
MICROLN,2011-03-29,0.1250,0.1250,0.1250,0.1250,38000
MICROLN,2011-04-05,0.1250,0.1250,0.1250,0.1250,200000
MICROLN,2011-04-07,0.1350,0.1400,0.1350,0.1400,160000
MICROLN,2011-04-08,0.1250,0.1300,0.1250,0.1300,170000
MICROLN,2011-04-11,0.1300,0.1300,0.1300,0.1300,50000
MICROLN,2011-04-12,0.1300,0.1300,0.1300,0.1300,280000
MICROLN,2011-04-13,0.1300,0.1300,0.1300,0.1300,14000
MICROLN,2011-04-14,0.1300,0.1300,0.1300,0.1300,258000
MICROLN,2011-04-18,0.1300,0.1350,0.1300,0.1350,232000
MICROLN,2011-04-20,0.1350,0.1350,0.1350,0.1350,50000
MICROLN,2011-04-21,0.1350,0.1350,0.1350,0.1350,40000
MICROLN,2011-04-22,0.1450,0.1450,0.1400,0.1400,235000
MICROLN,2011-04-26,0.1450,0.1450,0.1400,0.1450,400000
MICROLN,2011-04-27,0.1450,0.1450,0.1450,0.1450,66000
MICROLN,2011-04-28,0.1400,0.1400,0.1400,0.1400,30000
MICROLN,2011-04-29,0.1450,0.1450,0.1450,0.1450,20000
MICROLN,2011-05-03,0.1550,0.1550,0.1550,0.1550,15000
MICROLN,2011-05-12,0.1350,0.1550,0.1350,0.1550,35000
MICROLN,2011-05-13,0.1350,0.1400,0.1350,0.1400,225000
MICROLN,2011-05-16,0.1350,0.1350,0.1350,0.1350,10000
MICROLN,2011-05-18,0.1400,0.1400,0.1350,0.1350,50000
MICROLN,2011-05-23,0.1350,0.1350,0.1350,0.1350,5000
MICROLN,2011-05-24,0.1350,0.1350,0.1350,0.1350,3000
MICROLN,2011-05-25,0.1400,0.1400,0.1400,0.1400,61500
MICROLN,2011-05-26,0.1350,0.1350,0.1350,0.1350,10000
MICROLN,2011-06-01,0.1300,0.1300,0.1300,0.1300,2000
MICROLN,2011-06-02,0.1400,0.1450,0.1400,0.1450,35000
MICROLN,2011-06-09,0.1450,0.1450,0.1450,0.1450,30000
MICROLN,2011-06-10,0.1450,0.1450,0.1450,0.1450,20000
MICROLN,2011-06-24,0.1350,0.1350,0.1350,0.1350,20000
MICROLN,2011-06-27,0.1350,0.1350,0.1350,0.1350,10000
MICROLN,2011-06-28,0.1400,0.1400,0.1400,0.1400,192000
MICROLN,2011-07-04,0.1200,0.1200,0.1150,0.1150,40000
MICROLN,2011-07-05,0.1250,0.1300,0.1250,0.1300,170000
MICROLN,2011-07-06,0.1300,0.1300,0.1300,0.1300,50000
MICROLN,2011-07-07,0.1300,0.1300,0.1300,0.1300,65000
MICROLN,2011-07-08,0.1300,0.1300,0.1300,0.1300,80000
MICROLN,2011-07-12,0.1300,0.1300,0.1300,0.1300,107000
MICROLN,2011-07-22,0.1300,0.1300,0.1300,0.1300,135000
MICROLN,2011-07-27,0.1200,0.1200,0.1200,0.1200,4000
MICROLN,2011-08-04,0.1400,0.1550,0.1200,0.1200,11300
MICROLN,2011-08-10,0.1300,0.1300,0.1300,0.1300,50000
MICROLN,2011-09-27,0.0900,0.1000,0.0900,0.1000,79900
MICROLN,2011-09-28,0.1050,0.1050,0.1050,0.1050,35000
MICROLN,2011-10-07,0.1150,0.1150,0.1150,0.1150,17900
MICROLN,2011-10-18,0.1200,0.1200,0.1200,0.1200,100
MICROLN,2011-10-20,0.1200,0.1200,0.1100,0.1100,29900
MICROLN,2011-11-15,0.1100,0.1100,0.1100,0.1100,50000
MICROLN,2011-11-21,0.1100,0.1100,0.1100,0.1100,100000
MICROLN,2011-12-06,0.1200,0.1200,0.1200,0.1200,40000
MICROLN,2011-12-08,0.1200,0.1200,0.1200,0.1200,43000
MICROLN,2011-12-09,0.1250,0.1250,0.1250,0.1250,55000
MICROLN,2011-12-12,0.1800,0.1800,0.1800,0.1800,100
MICROLN,2011-12-22,0.1300,0.1300,0.1300,0.1300,10000
MICROLN,2011-12-27,0.1300,0.1400,0.1200,0.1200,60000
MICROLN,2011-12-29,0.1250,0.1250,0.1250,0.1250,1000
MICROLN,2012-01-17,0.1250,0.1250,0.1250,0.1250,53900
MICROLN,2012-02-02,0.1300,0.1300,0.1300,0.1300,98000
MICROLN,2012-02-09,0.1300,0.1300,0.1300,0.1300,50000
MICROLN,2012-02-10,0.1400,0.1450,0.1400,0.1450,181000
MICROLN,2012-02-13,0.1450,0.1450,0.1450,0.1450,40000
MICROLN,2012-02-16,0.1450,0.1450,0.1450,0.1450,10000
MICROLN,2012-02-17,0.1450,0.1450,0.1400,0.1450,50000
MICROLN,2012-02-20,0.1450,0.1550,0.1450,0.1550,17000
MICROLN,2012-02-21,0.1500,0.1500,0.1450,0.1450,151500
MICROLN,2012-02-22,0.1500,0.1600,0.1500,0.1600,346000
MICROLN,2012-02-24,0.1600,0.1600,0.1600,0.1600,90000
MICROLN,2012-02-27,0.1600,0.1600,0.1600,0.1600,3000
MICROLN,2012-03-06,0.1600,0.1600,0.1500,0.1500,30000
MICROLN,2012-03-07,0.1600,0.1700,0.1600,0.1700,120000
MICROLN,2012-03-08,0.1550,0.1700,0.1550,0.1700,110000
MICROLN,2012-03-09,0.1650,0.1650,0.1650,0.1650,13100
MICROLN,2012-03-13,0.1700,0.1700,0.1500,0.1600,155000
MICROLN,2012-03-14,0.1600,0.1600,0.1550,0.1550,70000
MICROLN,2012-03-15,0.1550,0.1550,0.1500,0.1550,120000
MICROLN,2012-03-19,0.1600,0.1600,0.1600,0.1600,150000
MICROLN,2012-03-20,0.1600,0.1600,0.1550,0.1550,170000
MICROLN,2012-03-22,0.1600,0.1800,0.1600,0.1800,51100
MICROLN,2012-03-27,0.1650,0.1750,0.1650,0.1750,141000
MICROLN,2012-03-28,0.1750,0.1750,0.1750,0.1750,230000
MICROLN,2012-03-29,0.1750,0.2000,0.1750,0.2000,868900
MICROLN,2012-03-30,0.2200,0.2350,0.2000,0.2000,856900
MICROLN,2012-04-02,0.1900,0.1900,0.1800,0.1800,42600
MICROLN,2012-04-03,0.1900,0.1900,0.1900,0.1900,25000
MICROLN,2012-04-04,0.1800,0.1800,0.1800,0.1800,156000
MICROLN,2012-04-05,0.1800,0.1850,0.1800,0.1800,109000
MICROLN,2012-04-09,0.2000,0.2000,0.2000,0.2000,75000
MICROLN,2012-04-10,0.1950,0.2050,0.1900,0.2050,259000
MICROLN,2012-04-12,0.2000,0.2100,0.2000,0.2100,503100
MICROLN,2012-04-13,0.2050,0.2100,0.2050,0.2100,107700
MICROLN,2012-04-16,0.2000,0.2000,0.2000,0.2000,19000
MICROLN,2012-04-17,0.2050,0.2150,0.2050,0.2150,37900
MICROLN,2012-04-18,0.2050,0.2100,0.2000,0.2000,96400
MICROLN,2012-04-23,0.2000,0.2000,0.2000,0.2000,25000
MICROLN,2012-04-24,0.2000,0.2000,0.2000,0.2000,146000
MICROLN,2012-04-25,0.2050,0.2250,0.2000,0.2050,60600
MICROLN,2012-04-26,0.2150,0.2150,0.2100,0.2150,75000
MICROLN,2012-04-27,0.2100,0.2100,0.2050,0.2050,64000
MICROLN,2012-05-02,0.2000,0.2000,0.1900,0.1900,80000
MICROLN,2012-05-03,0.2000,0.2000,0.2000,0.2000,5000
MICROLN,2012-05-04,0.1950,0.1950,0.1950,0.1950,20900
MICROLN,2012-05-07,0.2000,0.2050,0.2000,0.2050,70000
MICROLN,2012-05-09,0.2050,0.2050,0.2000,0.2000,205000
MICROLN,2012-05-11,0.1900,0.1900,0.1900,0.1900,190000
MICROLN,2012-05-16,0.1850,0.1850,0.1800,0.1800,170000
MICROLN,2012-05-18,0.1800,0.1850,0.1800,0.1850,30000
MICROLN,2012-05-25,0.1900,0.2000,0.1900,0.2000,349000
MICROLN,2012-05-28,0.2100,0.2100,0.2050,0.2050,277000
MICROLN,2012-05-29,0.2000,0.2000,0.2000,0.2000,194000
MICROLN,2012-05-30,0.2000,0.2000,0.2000,0.2000,10000
MICROLN,2012-06-06,0.2000,0.2000,0.1950,0.1950,634900
MICROLN,2012-06-08,0.1950,0.1950,0.1950,0.1950,10000
MICROLN,2012-06-11,0.2000,0.2000,0.2000,0.2000,20500
MICROLN,2012-06-12,0.1950,0.1950,0.1950,0.1950,9100
MICROLN,2012-06-19,0.1950,0.1950,0.1950,0.1950,160000
MICROLN,2012-06-20,0.1950,0.1950,0.1950,0.1950,550000
MICROLN,2012-06-21,0.1950,0.2000,0.1950,0.2000,200000
MICROLN,2012-06-22,0.2050,0.2050,0.1950,0.2050,261100
MICROLN,2012-06-25,0.2000,0.2000,0.2000,0.2000,10000
MICROLN,2012-06-28,0.2000,0.2100,0.2000,0.2100,430000
MICROLN,2012-07-02,0.2000,0.2000,0.2000,0.2000,3000
MICROLN,2012-07-04,0.2100,0.2100,0.1900,0.1900,397000
MICROLN,2012-07-06,0.2000,0.2000,0.2000,0.2000,43000
MICROLN,2012-07-09,0.2000,0.2000,0.2000,0.2000,5000
MICROLN,2012-07-12,0.2050,0.2050,0.2050,0.2050,8000
MICROLN,2012-07-13,0.2050,0.2050,0.2050,0.2050,46900
MICROLN,2012-07-18,0.2050,0.2050,0.2000,0.2000,35000
MICROLN,2012-07-19,0.2000,0.2000,0.2000,0.2000,5000
MICROLN,2012-07-24,0.2000,0.2100,0.2000,0.2100,23300
MICROLN,2012-08-08,0.2150,0.2150,0.2150,0.2150,65000
MICROLN,2012-08-09,0.2100,0.2100,0.2000,0.2000,60000
MICROLN,2012-08-13,0.2150,0.2150,0.2100,0.2100,93200
MICROLN,2012-08-14,0.2100,0.2100,0.2050,0.2050,43000
MICROLN,2012-08-16,0.2150,0.2150,0.2100,0.2100,11000
MICROLN,2012-08-22,0.2100,0.2100,0.2100,0.2100,98000
MICROLN,2012-08-24,0.2100,0.2150,0.2100,0.2150,36100
MICROLN,2012-08-27,0.2150,0.2150,0.2100,0.2100,250400
MICROLN,2012-08-28,0.2100,0.2100,0.2100,0.2100,5000
MICROLN,2012-08-30,0.2150,0.2250,0.2150,0.2250,451200
MICROLN,2012-09-03,0.2250,0.2350,0.2250,0.2350,362600
MICROLN,2012-09-04,0.2350,0.2350,0.2350,0.2350,100
MICROLN,2012-09-05,0.2250,0.2250,0.2150,0.2150,32200
MICROLN,2012-09-06,0.2200,0.2200,0.2150,0.2150,200000
MICROLN,2012-09-07,0.2200,0.2200,0.2200,0.2200,20000
MICROLN,2012-09-10,0.2150,0.2150,0.2150,0.2150,40300
MICROLN,2012-09-18,0.2150,0.2150,0.2150,0.2150,20000
MICROLN,2012-09-20,0.2150,0.2200,0.2150,0.2200,44700
MICROLN,2012-09-24,0.2100,0.2100,0.2100,0.2100,70000
MICROLN,2012-09-25,0.2100,0.2100,0.2100,0.2100,111400
MICROLN,2012-09-26,0.2150,0.2150,0.2150,0.2150,150000
MICROLN,2012-09-27,0.2150,0.2300,0.2150,0.2300,1361500
MICROLN,2012-09-28,0.2300,0.2500,0.2300,0.2450,435000
MICROLN,2012-10-01,0.2550,0.3100,0.2550,0.3100,903200
MICROLN,2012-10-02,0.3200,0.3750,0.3000,0.3700,1555600
MICROLN,2012-10-03,0.3850,0.4100,0.3800,0.4000,1872700
MICROLN,2012-10-04,0.3800,0.3800,0.3350,0.3400,43900
MICROLN,2012-10-05,0.3400,0.3600,0.3350,0.3600,185000
MICROLN,2012-10-08,0.3500,0.3700,0.3500,0.3700,289000
MICROLN,2012-10-09,0.3700,0.3900,0.3550,0.3900,1095900
MICROLN,2012-10-10,0.3950,0.4150,0.3950,0.4100,936800
MICROLN,2012-10-11,0.4100,0.4100,0.4000,0.4000,140000
MICROLN,2012-10-12,0.4000,0.4000,0.3850,0.3950,803000
MICROLN,2012-10-15,0.3950,0.3950,0.3850,0.3900,131300
MICROLN,2012-10-16,0.3850,0.3950,0.3800,0.3950,262000
MICROLN,2012-10-17,0.3900,0.3900,0.3900,0.3900,162400
MICROLN,2012-10-18,0.3950,0.4000,0.3950,0.3950,548000
MICROLN,2012-10-19,0.3850,0.3850,0.3850,0.3850,4000
MICROLN,2012-10-22,0.3900,0.3950,0.3900,0.3950,76000
MICROLN,2012-10-23,0.3950,0.3950,0.3900,0.3900,8000
MICROLN,2012-10-24,0.3900,0.4000,0.3900,0.3900,60100
MICROLN,2012-10-25,0.3900,0.3900,0.3900,0.3900,130000
MICROLN,2012-10-29,0.3900,0.3950,0.3900,0.3900,70000
MICROLN,2012-10-30,0.3900,0.3900,0.3900,0.3900,70000
MICROLN,2012-10-31,0.3900,0.3900,0.3900,0.3900,27200
MICROLN,2012-11-01,0.3750,0.3750,0.3750,0.3750,10000
MICROLN,2012-11-02,0.3750,0.3750,0.3750,0.3750,10000
MICROLN,2012-11-06,0.3750,0.3800,0.3750,0.3800,65000
MICROLN,2012-11-07,0.3750,0.3750,0.3750,0.3750,20000
MICROLN,2012-11-08,0.3700,0.3700,0.3600,0.3700,158000
MICROLN,2012-11-12,0.3600,0.3950,0.3600,0.3950,108300
MICROLN,2012-11-14,0.4000,0.4100,0.4000,0.4100,261000
MICROLN,2012-11-16,0.4100,0.4100,0.4100,0.4100,50000
MICROLN,2012-11-19,0.3800,0.3850,0.3800,0.3800,84200
MICROLN,2012-11-20,0.3800,0.3800,0.3800,0.3800,14700
MICROLN,2012-11-21,0.3800,0.3800,0.3800,0.3800,20700
MICROLN,2012-11-22,0.3950,0.3950,0.3800,0.3900,96000
MICROLN,2012-11-26,0.3900,0.3900,0.3800,0.3800,90200
MICROLN,2012-11-27,0.3800,0.3800,0.3800,0.3800,28000
MICROLN,2012-11-29,0.3800,0.3800,0.3800,0.3800,38000
MICROLN,2012-11-30,0.3800,0.3800,0.3800,0.3800,45000
MICROLN,2012-12-03,0.3800,0.3800,0.3800,0.3800,62900
MICROLN,2012-12-04,0.3800,0.3800,0.3800,0.3800,3000
MICROLN,2012-12-06,0.3900,0.3900,0.3900,0.3900,11000
MICROLN,2012-12-11,0.3900,0.3900,0.3900,0.3900,200
MICROLN,2012-12-12,0.4000,0.4100,0.4000,0.4100,179900
MICROLN,2012-12-13,0.4100,0.4700,0.4100,0.4500,390600
MICROLN,2012-12-14,0.4500,0.5000,0.4500,0.5000,484100
MICROLN,2012-12-17,0.4800,0.5000,0.4800,0.5000,328500
MICROLN,2012-12-18,0.4900,0.5000,0.4900,0.5000,195400
MICROLN,2012-12-19,0.5000,0.5100,0.5000,0.5100,251100
MICROLN,2012-12-20,0.5100,0.5150,0.5100,0.5100,264900
MICROLN,2012-12-21,0.5000,0.5100,0.5000,0.5100,348700
MICROLN,2012-12-24,0.5100,0.5100,0.5100,0.5100,71500
MICROLN,2012-12-26,0.5100,0.5100,0.5100,0.5100,182000
MICROLN,2012-12-27,0.5200,0.5200,0.5100,0.5100,10000
MICROLN,2012-12-28,0.5200,0.5200,0.5150,0.5150,83200
MICROLN,2012-12-31,0.5100,0.5200,0.5100,0.5100,109800
MICROLN,2013-01-02,0.5100,0.5300,0.5100,0.5200,36200
MICROLN,2013-01-03,0.5100,0.5300,0.5100,0.5300,170000
MICROLN,2013-01-04,0.5200,0.5200,0.5100,0.5200,90000
MICROLN,2013-01-07,0.5150,0.5150,0.5100,0.5100,100000
MICROLN,2013-01-08,0.5100,0.5200,0.5100,0.5200,551800
MICROLN,2013-01-09,0.5100,0.5100,0.5100,0.5100,100000
MICROLN,2013-01-10,0.5150,0.5300,0.5150,0.5300,279600
MICROLN,2013-01-11,0.5400,0.5500,0.5350,0.5500,198300
MICROLN,2013-01-14,0.5600,0.5600,0.5600,0.5600,67500
MICROLN,2013-01-15,0.5700,0.6150,0.5700,0.6100,522200
MICROLN,2013-01-16,0.6200,0.6200,0.5950,0.6000,166100
MICROLN,2013-01-17,0.6000,0.6000,0.6000,0.6000,320300
MICROLN,2013-01-18,0.6000,0.6000,0.6000,0.6000,1179700
MICROLN,2013-01-21,0.5900,0.5900,0.5500,0.5700,598700
MICROLN,2013-01-22,0.5200,0.5750,0.5200,0.5750,108000
MICROLN,2013-01-23,0.5800,0.6000,0.5700,0.6000,789700
MICROLN,2013-01-25,0.6000,0.6000,0.6000,0.6000,976000
MICROLN,2013-01-29,0.5950,0.5950,0.5900,0.5950,450000
MICROLN,2013-01-30,0.5950,0.6000,0.5900,0.6000,750000
MICROLN,2013-01-31,0.5950,0.5950,0.5850,0.5950,811000
MICROLN,2013-02-04,0.5950,0.5950,0.5900,0.5950,1864000
MICROLN,2013-02-05,0.5900,0.5950,0.5900,0.5950,1062000
MICROLN,2013-02-06,0.5950,0.5950,0.5900,0.5950,898000
MICROLN,2013-02-07,0.5900,0.5900,0.5800,0.5800,372000
MICROLN,2013-02-08,0.5900,0.5900,0.5750,0.5800,803500
MICROLN,2013-02-15,0.5600,0.5700,0.5600,0.5700,40000
MICROLN,2013-02-18,0.5700,0.5700,0.5500,0.5600,1544000
MICROLN,2013-02-19,0.5550,0.5550,0.5500,0.5550,130000
MICROLN,2013-02-20,0.5550,0.5550,0.5500,0.5500,852300
MICROLN,2013-02-21,0.5900,0.6100,0.5900,0.6000,2067300
MICROLN,2013-02-22,0.5900,0.5950,0.5900,0.5950,1217000
MICROLN,2013-02-25,0.5950,0.5950,0.5950,0.5950,152000
MICROLN,2013-02-26,0.5950,0.6000,0.5950,0.5950,279500
MICROLN,2013-02-27,0.6050,0.6050,0.5900,0.6000,268800
MICROLN,2013-02-28,0.5900,0.6000,0.5900,0.5950,131000
MICROLN,2013-03-01,0.5900,0.6000,0.5900,0.6000,320000
MICROLN,2013-03-04,0.5900,0.5900,0.5900,0.5900,2000
MICROLN,2013-03-05,0.5950,0.6200,0.5950,0.6200,343600
MICROLN,2013-03-06,0.6200,0.6450,0.6200,0.6450,36000
MICROLN,2013-03-07,0.6250,0.6300,0.6250,0.6250,50000
MICROLN,2013-03-08,0.6300,0.6300,0.6200,0.6200,62000
MICROLN,2013-03-11,0.6200,0.6200,0.6200,0.6200,5000
MICROLN,2013-03-12,0.6350,0.6400,0.6350,0.6400,18000
MICROLN,2013-03-13,0.5900,0.5900,0.5900,0.5900,10000
MICROLN,2013-03-14,0.5900,0.5900,0.5900,0.5900,129300
MICROLN,2013-03-18,0.5950,0.5950,0.5950,0.5950,25000
MICROLN,2013-03-19,0.6000,0.6000,0.6000,0.6000,6000
MICROLN,2013-03-22,0.6300,0.6400,0.6100,0.6100,127900
MICROLN,2013-03-25,0.5950,0.5950,0.5950,0.5950,80000
MICROLN,2013-03-27,0.5900,0.6000,0.5900,0.6000,38000
MICROLN,2013-04-01,0.6100,0.6100,0.6100,0.6100,102000
MICROLN,2013-04-02,0.6000,0.6000,0.6000,0.6000,20000
MICROLN,2013-04-03,0.5950,0.5950,0.5950,0.5950,17000
MICROLN,2013-04-04,0.6000,0.6000,0.5950,0.5950,50000
MICROLN,2013-04-05,0.6000,0.6000,0.6000,0.6000,53600
MICROLN,2013-04-09,0.6050,0.6050,0.6050,0.6050,10000
MICROLN,2013-04-10,0.6100,0.6100,0.6100,0.6100,20000
MICROLN,2013-04-11,0.6000,0.6000,0.6000,0.6000,5000
MICROLN,2013-04-15,0.6100,0.6100,0.6100,0.6100,30000
MICROLN,2013-04-16,0.6100,0.6100,0.6100,0.6100,10000
MICROLN,2013-04-18,0.6100,0.6100,0.6100,0.6100,54000
MICROLN,2013-04-19,0.6100,0.6100,0.6100,0.6100,10000
MICROLN,2013-04-22,0.6100,0.6100,0.6050,0.6100,137700
MICROLN,2013-04-23,0.6100,0.6100,0.6100,0.6100,16000
MICROLN,2013-04-24,0.6100,0.6300,0.6100,0.6300,62400
MICROLN,2013-04-25,0.6300,0.6300,0.6100,0.6150,23000
MICROLN,2013-04-30,0.6100,0.6400,0.6100,0.6400,29000
MICROLN,2013-05-02,0.5750,0.5800,0.5750,0.5800,9000
MICROLN,2013-05-03,0.5800,0.5800,0.5800,0.5800,2200
MICROLN,2013-05-06,0.6000,0.6000,0.6000,0.6000,1000
MICROLN,2013-05-10,0.6000,0.6000,0.6000,0.6000,4000
MICROLN,2013-05-13,0.6000,0.6000,0.6000,0.6000,28200
MICROLN,2013-05-16,0.6000,0.6000,0.6000,0.6000,16000
MICROLN,2013-05-17,0.5900,0.5900,0.5900,0.5900,3000
MICROLN,2013-05-20,0.5900,0.5900,0.5800,0.5800,123800
MICROLN,2013-05-21,0.5800,0.5800,0.5800,0.5800,92000
MICROLN,2013-05-22,0.6000,0.6000,0.6000,0.6000,106500
MICROLN,2013-05-23,0.5950,0.6000,0.5950,0.6000,22000
MICROLN,2013-05-29,0.6000,0.6000,0.5950,0.5950,14000
MICROLN,2013-05-30,0.5950,0.5950,0.5900,0.5900,12000
MICROLN,2013-05-31,0.5850,0.5850,0.5850,0.5850,13000
MICROLN,2013-06-03,0.5750,0.5850,0.5750,0.5750,4900
MICROLN,2013-06-04,0.5800,0.5850,0.5800,0.5850,142000
MICROLN,2013-06-05,0.5800,0.5850,0.5800,0.5850,32000
MICROLN,2013-06-06,0.5800,0.5800,0.5800,0.5800,20600
MICROLN,2013-06-07,0.5900,0.6200,0.5900,0.6200,150000
MICROLN,2013-06-10,0.6100,0.6100,0.6000,0.6000,37600
MICROLN,2013-06-11,0.5950,0.6050,0.5950,0.6000,82500
MICROLN,2013-06-12,0.6000,0.6050,0.6000,0.6050,55000
MICROLN,2013-06-13,0.6000,0.6050,0.6000,0.6050,40000
MICROLN,2013-06-14,0.6000,0.6050,0.6000,0.6000,80000
MICROLN,2013-06-17,0.6000,0.6000,0.6000,0.6000,82900
MICROLN,2013-06-18,0.6000,0.6000,0.6000,0.6000,91100
MICROLN,2013-06-19,0.6000,0.6000,0.6000,0.6000,11000
MICROLN,2013-06-20,0.6000,0.6000,0.5950,0.5950,110000
MICROLN,2013-06-21,0.6000,0.6000,0.6000,0.6000,3000
MICROLN,2013-06-24,0.5900,0.5900,0.5850,0.5850,50000
MICROLN,2013-06-25,0.5850,0.5850,0.5850,0.5850,10000
MICROLN,2013-06-26,0.5850,0.5850,0.5850,0.5850,15000
MICROLN,2013-06-28,0.5800,0.5850,0.5800,0.5850,21000
MICROLN,2013-07-03,0.5950,0.5950,0.5950,0.5950,10000
MICROLN,2013-07-04,0.6000,0.6000,0.6000,0.6000,89400
MICROLN,2013-07-08,0.6000,0.6050,0.6000,0.6050,81600
MICROLN,2013-07-09,0.5950,0.6000,0.5950,0.6000,48000
MICROLN,2013-07-10,0.5900,0.5900,0.5900,0.5900,7000
MICROLN,2013-07-11,0.6000,0.6050,0.6000,0.6050,4356700
MICROLN,2013-07-12,0.6050,0.6050,0.6000,0.6000,135000
MICROLN,2013-07-15,0.6000,0.6000,0.6000,0.6000,1700000
MICROLN,2013-07-16,0.6000,0.6000,0.6000,0.6000,967400
MICROLN,2013-07-17,0.6000,0.6000,0.6000,0.6000,233900
MICROLN,2013-07-18,0.6000,0.6000,0.6000,0.6000,100000
MICROLN,2013-07-19,0.6050,0.6050,0.6000,0.6000,31000
MICROLN,2013-07-22,0.5900,0.5900,0.5900,0.5900,10000
MICROLN,2013-07-23,0.5900,0.5900,0.5900,0.5900,34000
MICROLN,2013-07-24,0.6000,0.6000,0.5950,0.5950,40200
MICROLN,2013-07-25,0.5950,0.5950,0.5950,0.5950,23000
MICROLN,2013-07-26,0.5950,0.5950,0.5950,0.5950,20000
MICROLN,2013-07-30,0.5950,0.5950,0.5950,0.5950,157000
MICROLN,2013-07-31,0.5900,0.5900,0.5900,0.5900,20500
MICROLN,2013-08-01,0.5950,0.6000,0.5950,0.5950,367600
MICROLN,2013-08-02,0.5950,0.5950,0.5950,0.5950,110000
MICROLN,2013-08-05,0.5900,0.5950,0.5900,0.5950,29200
MICROLN,2013-08-06,0.5800,0.5800,0.5800,0.5800,50000
MICROLN,2013-08-13,0.5850,0.5850,0.5850,0.5850,24800
MICROLN,2013-08-14,0.5700,0.5850,0.5700,0.5800,484200
MICROLN,2013-08-15,0.5800,0.5850,0.5800,0.5800,139100
MICROLN,2013-08-16,0.5800,0.5850,0.5800,0.5800,70200
MICROLN,2013-08-19,0.5800,0.5800,0.5800,0.5800,36900
MICROLN,2013-08-20,0.5800,0.5850,0.5800,0.5850,18000
MICROLN,2013-08-21,0.5900,0.5950,0.5900,0.5950,15000
MICROLN,2013-08-23,0.6200,0.6200,0.5900,0.6050,68000
MICROLN,2013-08-27,0.5800,0.5800,0.5800,0.5800,394700
MICROLN,2013-08-29,0.5800,0.5800,0.5800,0.5800,90000
MICROLN,2013-08-30,0.5750,0.5800,0.5750,0.5800,28200
MICROLN,2013-09-02,0.5750,0.5900,0.5750,0.5750,10400
MICROLN,2013-09-05,0.5500,0.5600,0.5500,0.5600,5200
MICROLN,2013-09-10,0.5650,0.6150,0.5450,0.6150,4600
MICROLN,2013-09-19,0.5550,0.5850,0.5550,0.5850,235200
MICROLN,2013-09-20,0.5700,0.5700,0.5700,0.5700,10100
MICROLN,2013-09-23,0.5900,0.5900,0.5700,0.5700,51200
MICROLN,2013-09-24,0.5900,0.5900,0.5700,0.5800,9200
MICROLN,2013-09-26,0.5700,0.5900,0.5700,0.5700,39500
MICROLN,2013-09-27,0.5700,0.5950,0.5700,0.5900,47100
MICROLN,2013-10-03,0.5950,0.5950,0.5900,0.5900,30000
MICROLN,2013-10-07,0.5900,0.5900,0.5900,0.5900,49000
MICROLN,2013-10-09,0.5950,0.5950,0.5900,0.5950,125500
MICROLN,2013-10-10,0.6050,0.6050,0.6050,0.6050,80300
MICROLN,2013-10-11,0.5900,0.5900,0.5900,0.5900,38700
MICROLN,2013-10-14,0.5900,0.5900,0.5900,0.5900,1000
MICROLN,2013-10-18,0.5950,0.5950,0.5950,0.5950,16900
MICROLN,2013-10-23,0.5950,0.5950,0.5950,0.5950,65000
MICROLN,2013-10-25,0.5950,0.5950,0.5950,0.5950,88500
MICROLN,2013-10-29,0.6000,0.6000,0.6000,0.6000,20000
MICROLN,2013-10-30,0.6150,0.6150,0.6100,0.6100,21400
MICROLN,2013-11-01,0.6200,0.6200,0.6200,0.6200,21000
MICROLN,2013-11-04,0.6200,0.6200,0.6100,0.6200,90000
MICROLN,2013-11-06,0.6300,0.6600,0.6300,0.6600,161500
MICROLN,2013-11-07,0.6700,0.7300,0.6700,0.7300,93400
MICROLN,2013-11-08,0.7700,0.8300,0.7700,0.8200,81100
MICROLN,2013-11-11,0.8200,0.8200,0.7950,0.8000,24400
MICROLN,2013-11-12,0.7950,0.7950,0.7950,0.7950,10000
MICROLN,2013-11-14,0.7400,0.7500,0.7400,0.7400,25800
MICROLN,2013-11-15,0.7450,0.7450,0.7450,0.7450,1000
MICROLN,2013-11-18,0.7450,0.7450,0.7450,0.7450,4000
MICROLN,2013-11-19,0.7000,0.7350,0.7000,0.7350,64500
MICROLN,2013-11-20,0.7400,0.7500,0.7350,0.7500,30500
MICROLN,2013-11-21,0.7350,0.7500,0.7300,0.7500,33400
MICROLN,2013-11-22,0.7300,0.7300,0.7300,0.7300,75600
MICROLN,2013-11-25,0.7300,0.7300,0.7250,0.7250,4400
MICROLN,2013-11-26,0.7250,0.7250,0.7250,0.7250,11000
MICROLN,2013-11-27,0.7250,0.7250,0.7250,0.7250,20000
MICROLN,2013-11-28,0.7300,0.7300,0.7250,0.7250,18000
MICROLN,2013-12-02,0.7300,0.7300,0.7250,0.7250,165000
MICROLN,2013-12-04,0.7000,0.7000,0.7000,0.7000,10200
MICROLN,2013-12-05,0.7000,0.7000,0.7000,0.7000,20400
MICROLN,2013-12-10,0.6400,0.6400,0.6400,0.6400,10000
MICROLN,2013-12-11,0.6400,0.6400,0.6350,0.6350,2000
MICROLN,2013-12-12,0.6400,0.6850,0.6400,0.6850,5000
MICROLN,2013-12-19,0.7000,0.7000,0.7000,0.7000,300
MICROLN,2013-12-30,0.6950,0.7000,0.6950,0.7000,7100
MICROLN,2014-01-06,0.6950,0.6950,0.6950,0.6950,30000
MICROLN,2014-01-09,0.7000,0.7000,0.7000,0.7000,10000
MICROLN,2014-01-13,0.7000,0.7400,0.7000,0.7100,64600
MICROLN,2014-01-15,0.7000,0.7000,0.7000,0.7000,26600
MICROLN,2014-01-16,0.7100,0.7100,0.7100,0.7100,28000
MICROLN,2014-01-22,0.7100,0.7200,0.7100,0.7200,5000
MICROLN,2014-01-23,0.7150,0.7150,0.7150,0.7150,4900
MICROLN,2014-01-24,0.6500,0.7200,0.6500,0.7000,2200
MICROLN,2014-01-29,0.7300,0.7300,0.7100,0.7100,31200
MICROLN,2014-02-04,0.7100,0.7200,0.7100,0.7200,23000
MICROLN,2014-02-05,0.7200,0.7900,0.7200,0.7200,52900
MICROLN,2014-02-06,0.7200,0.7600,0.7200,0.7600,27100
MICROLN,2014-02-07,0.7400,0.7400,0.7400,0.7400,27400
MICROLN,2014-02-11,0.7600,0.7600,0.7600,0.7600,9800
MICROLN,2014-02-13,0.7700,0.7700,0.7700,0.7700,11200
MICROLN,2014-02-18,0.7500,0.7700,0.7500,0.7700,155800
MICROLN,2014-02-19,0.7700,0.7700,0.7700,0.7700,10000
MICROLN,2014-02-20,0.7800,0.7800,0.7700,0.7800,60000
MICROLN,2014-02-21,0.7700,0.7850,0.7700,0.7850,88000
MICROLN,2014-02-24,0.7950,0.9300,0.7950,0.9200,208700
MICROLN,2014-02-25,0.9300,0.9400,0.9050,0.9100,150300
MICROLN,2014-02-27,0.9150,0.9400,0.9150,0.9400,46200
MICROLN,2014-02-28,0.9400,0.9400,0.9400,0.9400,4000
MICROLN,2014-03-03,0.9200,0.9200,0.9200,0.9200,5000
MICROLN,2014-03-04,0.9100,0.9100,0.9100,0.9100,3000
MICROLN,2014-03-13,0.8800,0.8800,0.8800,0.8800,7000
MICROLN,2014-03-14,0.8800,0.9350,0.8800,0.9350,15400
MICROLN,2014-03-18,0.9000,0.9000,0.9000,0.9000,3000
MICROLN,2014-03-19,0.9000,0.9000,0.9000,0.9000,15200
MICROLN,2014-03-20,0.9300,0.9300,0.9300,0.9300,8000
MICROLN,2014-03-25,0.9200,0.9200,0.9200,0.9200,15000
MICROLN,2014-03-27,0.9000,0.9000,0.9000,0.9000,5000
MICROLN,2014-04-01,0.9000,0.9000,0.9000,0.9000,1000
MICROLN,2014-04-03,0.8800,0.9000,0.8800,0.8900,16000
MICROLN,2014-04-04,0.8900,0.8900,0.8900,0.8900,10000
MICROLN,2014-04-07,0.9000,0.9000,0.9000,0.9000,40000
MICROLN,2014-04-08,0.9000,0.9000,0.9000,0.9000,200
MICROLN,2014-04-09,0.9000,0.9000,0.9000,0.9000,5000
MICROLN,2014-04-10,0.9000,0.9000,0.9000,0.9000,11100
MICROLN,2014-04-18,0.8900,0.8900,0.8500,0.8500,10000
MICROLN,2014-04-21,0.8500,0.8500,0.8500,0.8500,24000
MICROLN,2014-04-23,0.8500,0.8500,0.8500,0.8500,4000
MICROLN,2014-04-25,0.8500,0.8500,0.8500,0.8500,25200
MICROLN,2014-04-28,0.8550,0.8550,0.8550,0.8550,10000
MICROLN,2014-04-29,0.8550,0.8900,0.8500,0.8900,25000
MICROLN,2014-05-05,0.8200,0.8200,0.8200,0.8200,30000
MICROLN,2014-05-09,0.8400,0.8400,0.8400,0.8400,5000
MICROLN,2014-05-16,0.8500,0.8500,0.8500,0.8500,9900
MICROLN,2014-05-20,0.8500,0.8500,0.8500,0.8500,201100
MICROLN,2014-05-21,0.7700,0.8150,0.7700,0.8150,99800
MICROLN,2014-05-22,0.7500,0.7500,0.7500,0.7500,17200
MICROLN,2014-05-29,0.7250,0.7700,0.7250,0.7500,73500
MICROLN,2014-06-03,0.7450,0.7450,0.7450,0.7450,1700
MICROLN,2014-06-06,0.7150,0.7150,0.7150,0.7150,300
MICROLN,2014-06-11,0.7150,0.7150,0.7150,0.7150,3400
MICROLN,2014-06-17,0.7450,0.7500,0.7450,0.7450,57900
MICROLN,2014-06-18,0.7450,0.7450,0.7450,0.7450,25600
MICROLN,2014-06-19,0.7450,0.7450,0.7150,0.7150,36000
MICROLN,2014-06-23,0.7450,0.7450,0.7400,0.7450,106500
MICROLN,2014-06-26,0.7450,0.7450,0.7450,0.7450,22000
MICROLN,2014-06-27,0.7450,0.7500,0.7450,0.7500,41300
MICROLN,2014-06-30,0.7600,0.7600,0.7600,0.7600,10000
MICROLN,2014-07-02,0.7600,0.7600,0.7600,0.7600,10000
MICROLN,2014-07-07,0.7200,0.7600,0.7200,0.7600,11000
MICROLN,2014-07-08,0.7600,0.7600,0.7600,0.7600,8000
MICROLN,2014-07-09,0.7600,0.7600,0.7600,0.7600,2000
MICROLN,2014-07-11,0.7600,0.7600,0.7200,0.7250,33800
MICROLN,2014-07-16,0.7050,0.7050,0.7050,0.7050,500
MICROLN,2014-07-25,0.7150,0.7150,0.7150,0.7150,3000
MICROLN,2014-07-30,0.7150,0.7150,0.7150,0.7150,9000
MICROLN,2014-07-31,0.7450,0.7450,0.7450,0.7450,7000
MICROLN,2014-08-01,0.7150,0.7200,0.7150,0.7150,25000
MICROLN,2014-08-05,0.7400,0.7400,0.7300,0.7300,23900
MICROLN,2014-08-06,0.7350,0.7350,0.7350,0.7350,5000
MICROLN,2014-08-07,0.7350,0.7350,0.7350,0.7350,13000
MICROLN,2014-08-13,0.7350,0.7350,0.7350,0.7350,4500
MICROLN,2014-08-18,0.7150,0.7150,0.7000,0.7000,113700
MICROLN,2014-08-19,0.7000,0.7000,0.7000,0.7000,1700
MICROLN,2014-08-20,0.7000,0.7000,0.6900,0.6900,34000
MICROLN,2014-08-22,0.6900,0.6900,0.6900,0.6900,5000
MICROLN,2014-08-27,0.6850,0.6850,0.6600,0.6600,60000
MICROLN,2014-09-02,0.5800,0.6350,0.5800,0.6350,8000
MICROLN,2014-09-04,0.6400,0.6400,0.6400,0.6400,5000
MICROLN,2014-09-05,0.6300,0.6300,0.6300,0.6300,1000
MICROLN,2014-09-08,0.6400,0.6900,0.6300,0.6900,76000
MICROLN,2014-09-12,0.7000,0.7250,0.7000,0.7250,41700
MICROLN,2014-09-18,0.7000,0.7000,0.7000,0.7000,34000
MICROLN,2014-09-22,0.7000,0.7000,0.7000,0.7000,10200
MICROLN,2014-09-23,0.6400,0.6400,0.6400,0.6400,300
MICROLN,2014-10-02,0.6100,0.6100,0.6100,0.6100,25000
MICROLN,2014-10-03,0.6000,0.6000,0.6000,0.6000,4000
MICROLN,2014-10-08,0.6000,0.6000,0.6000,0.6000,26000
MICROLN,2014-10-14,0.6500,0.6500,0.6200,0.6200,9000
MICROLN,2014-10-15,0.6200,0.6600,0.6200,0.6400,33000
MICROLN,2014-10-20,0.6400,0.6400,0.6400,0.6400,10000
MICROLN,2014-10-21,0.6400,0.6400,0.6200,0.6200,35000
MICROLN,2014-10-24,0.6600,0.6600,0.6600,0.6600,7000
MICROLN,2014-10-27,0.6800,0.6800,0.6200,0.6200,14000
MICROLN,2014-10-28,0.6500,0.6500,0.6200,0.6200,17700
MICROLN,2014-10-30,0.6500,0.6500,0.6500,0.6500,37000
MICROLN,2014-10-31,0.6300,0.6600,0.6300,0.6600,10000
MICROLN,2014-11-03,0.6600,0.6600,0.6600,0.6600,13600
MICROLN,2014-11-07,0.6600,0.6600,0.6600,0.6600,5000
MICROLN,2014-11-10,0.6600,0.6600,0.6600,0.6600,15000
MICROLN,2014-11-11,0.6200,0.6500,0.6200,0.6500,60000
MICROLN,2014-11-12,0.6600,0.6600,0.6600,0.6600,27000
MICROLN,2014-11-13,0.6500,0.6500,0.6500,0.6500,3000
MICROLN,2014-11-18,0.6000,0.6000,0.6000,0.6000,1000
MICROLN,2014-11-20,0.6500,0.6500,0.6100,0.6200,37000
MICROLN,2014-11-21,0.6200,0.6200,0.6200,0.6200,900
MICROLN,2014-11-26,0.6200,0.6200,0.6200,0.6200,1000
MICROLN,2014-11-28,0.5600,0.5600,0.5600,0.5600,10000
MICROLN,2014-12-05,0.6000,0.6000,0.6000,0.6000,300
MICROLN,2014-12-10,0.6000,0.6000,0.6000,0.6000,900
MICROLN,2015-01-07,0.5500,0.5500,0.5500,0.5500,1800
MICROLN,2015-02-05,0.5000,0.5000,0.5000,0.5000,5000
MICROLN,2015-02-06,0.5500,0.5500,0.5500,0.5500,500
MICROLN,2015-02-11,0.5450,0.5450,0.5450,0.5450,3600
MICROLN,2015-02-13,0.5300,0.5300,0.5300,0.5300,10000
MICROLN,2015-02-25,0.5300,0.5300,0.5200,0.5200,2800
MICROLN,2015-02-27,0.5200,0.5200,0.5200,0.5200,12000
MICROLN,2015-03-13,0.5300,0.5750,0.5300,0.5750,12000
MICROLN,2015-03-16,0.5600,0.5600,0.5600,0.5600,100
MICROLN,2015-03-23,0.5600,0.5600,0.5600,0.5600,3000
MICROLN,2015-03-25,0.5500,0.5850,0.5500,0.5850,20000
MICROLN,2015-04-06,0.5200,0.5250,0.5200,0.5200,20000
MICROLN,2015-04-13,0.5100,0.5150,0.5100,0.5100,45000
MICROLN,2015-04-14,0.5200,0.5200,0.5200,0.5200,140000
MICROLN,2015-04-15,0.5200,0.5200,0.5200,0.5200,149000
MICROLN,2015-04-17,0.5150,0.5500,0.5150,0.5500,117300
MICROLN,2015-04-20,0.5550,0.5550,0.5400,0.5550,485400
MICROLN,2015-04-21,0.5600,0.7200,0.5600,0.7200,738100
MICROLN,2015-04-22,0.7200,0.7200,0.6400,0.6400,373600
MICROLN,2015-04-23,0.6400,0.7000,0.6400,0.7000,22300
MICROLN,2015-04-24,0.7000,0.7000,0.6800,0.7000,160200
MICROLN,2015-04-27,0.7200,0.7200,0.6800,0.6800,128200
MICROLN,2015-04-28,0.6350,0.6800,0.6350,0.6800,40100
MICROLN,2015-04-29,0.6850,0.6850,0.6200,0.6200,69900
MICROLN,2015-05-05,0.6200,0.6200,0.6200,0.6200,34200
MICROLN,2015-05-06,0.6200,0.6200,0.6200,0.6200,500
MICROLN,2015-05-07,0.6200,0.6200,0.6200,0.6200,10000
MICROLN,2015-05-12,0.6200,0.6200,0.6100,0.6100,80000
MICROLN,2015-05-13,0.6300,0.6300,0.6300,0.6300,40000
MICROLN,2015-05-18,0.6100,0.6100,0.6100,0.6100,9500
MICROLN,2015-05-19,0.6200,0.6200,0.6200,0.6200,12500
MICROLN,2015-05-25,1.2200,1.2200,1.1000,1.1100,932000
MICROLN,2015-05-27,1.2700,1.3700,1.2000,1.3000,2088300
MICROLN,2015-06-01,1.7700,1.9500,1.7500,1.8500,2084400
MICROLN,2015-06-04,1.7100,1.8600,1.7000,1.7900,865900
MICROLN,2015-06-05,1.7900,1.8300,1.7500,1.8300,711800
MICROLN,2015-06-08,1.8300,1.8500,1.7900,1.7900,459900
MICROLN,2015-06-09,1.7900,1.7900,1.7300,1.7400,282700
MICROLN,2015-06-10,1.7600,1.7800,1.7400,1.7400,338200
MICROLN,2015-06-11,1.7400,1.7400,1.6700,1.6900,363900
MICROLN,2015-06-15,1.6200,1.7000,1.6000,1.6000,399100
MICROLN,2015-06-16,1.6000,1.6500,1.5400,1.6000,207300
MICROLN,2015-06-22,1.6500,1.8700,1.6500,1.8400,2194200
MICROLN,2015-06-23,1.8500,1.8600,1.7800,1.8400,213400
MICROLN,2015-06-24,1.8000,1.8500,1.7800,1.8500,273700
MICROLN,2015-06-25,1.8500,1.9500,1.8300,1.8300,1233200
MICROLN,2015-06-26,1.8000,1.8400,1.6600,1.7000,674400
MICROLN,2015-07-01,1.7600,1.8100,1.7500,1.7600,304400
MICROLN,2015-07-02,1.7000,1.7800,1.6900,1.7800,153600
MICROLN,2015-07-03,1.7500,1.7500,1.7400,1.7500,56000
MICROLN,2015-07-07,1.7000,1.7200,1.6900,1.7100,79000
MICROLN,2015-07-13,1.7200,1.8300,1.7200,1.7900,484500
MICROLN,2015-07-14,1.7500,1.8700,1.7400,1.8100,575100
MICROLN,2015-07-16,1.7500,1.7900,1.7500,1.7600,32100
MICROLN,2015-07-20,1.7600,1.7900,1.7500,1.7600,63800
MICROLN,2015-07-21,1.7500,1.7900,1.7500,1.7500,42500
MICROLN,2015-07-23,1.7900,1.8500,1.7900,1.8200,420400
MICROLN,2015-07-27,1.7800,1.8000,1.7700,1.7900,178500
MICROLN,2015-07-28,1.7600,1.7900,1.7200,1.7400,478000
MICROLN,2015-07-29,1.7500,1.7500,1.7200,1.7400,111300
MICROLN,2015-07-30,1.7300,1.7800,1.7300,1.7800,346500
MICROLN,2015-07-31,1.7700,1.7800,1.7500,1.7500,97100
MICROLN,2015-08-03,1.7700,1.7700,1.7600,1.7600,32000
MICROLN,2015-08-04,1.7700,1.7800,1.7200,1.7200,307400
MICROLN,2015-08-05,1.7700,1.7700,1.7200,1.7500,141700
MICROLN,2015-08-06,1.7700,1.7700,1.7500,1.7500,15300
MICROLN,2015-08-07,1.7000,1.7400,1.6400,1.6900,108000
MICROLN,2015-08-11,1.5000,1.6500,1.4200,1.4300,391600
MICROLN,2015-08-12,1.4200,1.4200,1.1400,1.1900,668700
MICROLN,2015-08-13,1.2200,1.4000,1.2000,1.3900,750100
MICROLN,2015-08-14,1.4000,1.4000,1.2000,1.3200,447100
MICROLN,2015-08-17,1.2300,1.2400,1.2000,1.2400,85000
MICROLN,2015-08-18,1.2400,1.3500,1.2300,1.3000,188300
MICROLN,2015-08-19,1.3000,1.3200,1.2700,1.3000,109600
MICROLN,2015-08-20,1.1900,1.1900,1.0700,1.0900,1277800
MICROLN,2015-08-21,1.0500,1.0900,0.9700,1.0400,635700
MICROLN,2015-08-24,0.9950,1.0000,0.8800,0.8800,567100
MICROLN,2015-08-25,0.8200,0.8900,0.8100,0.8450,171900
MICROLN,2015-08-26,0.8700,0.8700,0.8050,0.8650,309900
MICROLN,2015-08-27,0.8700,0.9450,0.8600,0.9450,159600
MICROLN,2015-08-28,0.9500,0.9850,0.9500,0.9500,487300
MICROLN,2015-09-01,0.9200,0.9500,0.8900,0.9100,109100
MICROLN,2015-09-02,0.8600,0.9500,0.8400,0.9500,115300
MICROLN,2015-09-03,0.9550,0.9550,0.9250,0.9250,17000
MICROLN,2015-09-04,0.9500,0.9600,0.9050,0.9500,83500
MICROLN,2015-09-07,0.8850,0.9500,0.8850,0.8850,22400
MICROLN,2015-09-08,0.9250,1.1800,0.9250,1.1800,303400
MICROLN,2015-09-09,1.2500,1.3700,1.2200,1.2300,872500
MICROLN,2015-09-10,1.2400,1.2400,1.1300,1.1700,116200
MICROLN,2015-09-11,1.1800,1.1800,1.1100,1.1300,107000
MICROLN,2015-09-14,1.1500,1.1500,1.0500,1.0600,157600
MICROLN,2015-09-15,0.9800,1.0300,0.9800,1.0200,110200
MICROLN,2015-09-17,1.0200,1.1000,1.0200,1.1000,100000
MICROLN,2015-09-18,1.1200,1.1400,1.0900,1.1000,83600
MICROLN,2015-09-21,1.0800,1.0800,1.0600,1.0800,52800
MICROLN,2015-09-22,1.0600,1.1200,1.0600,1.1200,17600
MICROLN,2015-09-23,1.0800,1.1200,1.0800,1.0900,55400
MICROLN,2015-09-25,1.0900,1.1600,1.0900,1.1100,149000
MICROLN,2015-09-28,1.0900,1.0900,1.0100,1.0800,20700
MICROLN,2015-09-29,1.0200,1.0700,1.0100,1.0700,68000
MICROLN,2015-09-30,1.0500,1.0800,1.0500,1.0800,9000
MICROLN,2015-10-01,1.0800,1.0800,1.0800,1.0800,10000
MICROLN,2015-10-02,1.0800,1.0800,1.0600,1.0600,51400
MICROLN,2015-10-05,1.1000,1.1000,1.1000,1.1000,2200
MICROLN,2015-10-06,1.1300,1.2600,1.1300,1.2000,611300
MICROLN,2015-10-07,1.2300,1.2800,1.2000,1.2700,609900
MICROLN,2015-10-08,1.2600,1.2600,1.1900,1.2200,205900
MICROLN,2015-10-09,1.2300,1.2700,1.2200,1.2200,186600
MICROLN,2015-10-12,1.2100,1.2200,1.1700,1.1800,263500
MICROLN,2015-10-13,1.1800,1.2000,1.1600,1.1900,38900
MICROLN,2015-10-15,1.1700,1.2100,1.1600,1.1900,133000
MICROLN,2015-10-16,1.1800,1.2300,1.1800,1.2000,65200
MICROLN,2015-10-19,1.2100,1.2500,1.1900,1.2400,172700
MICROLN,2015-10-20,1.2200,1.2200,1.1700,1.1700,176600
MICROLN,2015-10-21,1.2000,1.2200,1.1900,1.2200,134600
MICROLN,2015-10-22,1.2400,1.2500,1.2000,1.2400,98000
MICROLN,2015-10-23,1.2400,1.2400,1.2000,1.2000,57900
MICROLN,2015-10-26,1.1900,1.2700,1.1900,1.2300,89300
MICROLN,2015-10-27,1.1900,1.2700,1.1900,1.2400,62200
MICROLN,2015-10-28,1.2000,1.3300,1.2000,1.3000,335700
MICROLN,2015-10-29,1.3100,1.3500,1.2800,1.3300,639400
MICROLN,2015-10-30,1.3400,1.4600,1.3400,1.4300,807200
MICROLN,2015-11-02,1.4600,1.4600,1.3500,1.3800,135800
MICROLN,2015-11-03,1.3500,1.4000,1.3500,1.3800,57800
MICROLN,2015-11-04,1.3600,1.3800,1.3400,1.3700,160700
MICROLN,2015-11-05,1.3400,1.3700,1.3400,1.3500,127900
MICROLN,2015-11-06,1.3300,1.3700,1.3300,1.3700,30600
MICROLN,2015-11-09,1.3700,1.3700,1.2700,1.3400,62800
MICROLN,2015-11-11,1.3000,1.3300,1.3000,1.3200,41100
MICROLN,2015-11-12,1.3000,1.3100,1.2900,1.3100,37200
MICROLN,2015-11-13,1.3000,1.3800,1.2900,1.3700,181500
MICROLN,2015-11-16,1.3500,1.3500,1.3100,1.3200,140100
MICROLN,2015-11-17,1.3100,1.3200,1.3000,1.3200,41000
MICROLN,2015-11-18,1.3000,1.3100,1.2800,1.3000,154300
MICROLN,2015-11-19,1.3000,1.3200,1.2800,1.2800,188000
MICROLN,2015-11-20,1.3200,1.3200,1.2800,1.2900,81000
MICROLN,2015-11-23,1.3000,1.3000,1.2900,1.2900,84000
MICROLN,2015-11-24,1.2800,1.2900,1.2800,1.2800,94400
MICROLN,2015-11-25,1.3000,1.3100,1.2800,1.2800,165400
MICROLN,2015-11-26,1.2900,1.2900,1.2900,1.2900,29800
MICROLN,2015-11-27,1.2900,1.2900,1.2000,1.2900,129000
MICROLN,2015-11-30,1.2900,1.2900,1.2900,1.2900,900
MICROLN,2015-12-01,1.2900,1.2900,1.2300,1.2500,609300
MICROLN,2015-12-02,1.2400,1.2600,1.2200,1.2500,913700
MICROLN,2015-12-03,1.2500,1.2500,1.2200,1.2200,31000
MICROLN,2015-12-04,1.2100,1.2100,1.2000,1.2000,59500
MICROLN,2015-12-07,1.2300,1.3700,1.2300,1.2700,653300
MICROLN,2015-12-08,1.2800,1.3400,1.2700,1.3400,856200
MICROLN,2015-12-09,1.3400,1.3600,1.2900,1.3100,314600
MICROLN,2015-12-10,1.3100,1.3300,1.3100,1.3100,258400
MICROLN,2015-12-11,1.3000,1.3000,1.2900,1.2900,75200
MICROLN,2015-12-14,1.2900,1.3300,1.2700,1.3100,127900
MICROLN,2015-12-15,1.3200,1.3300,1.3100,1.3100,94800
MICROLN,2015-12-16,1.3100,1.3400,1.3100,1.3400,463300
MICROLN,2015-12-17,1.3500,1.3500,1.3300,1.3400,97900
MICROLN,2015-12-18,1.3500,1.3500,1.3200,1.3200,99100
MICROLN,2015-12-21,1.3000,1.3300,1.3000,1.3200,137000
MICROLN,2015-12-22,1.3200,1.3300,1.3000,1.3200,229400
MICROLN,2015-12-23,1.3200,1.3900,1.3000,1.3900,925200
MICROLN,2015-12-28,1.3900,1.4000,1.3500,1.3500,171000
MICROLN,2015-12-29,1.3300,1.3600,1.3300,1.3400,51000
MICROLN,2015-12-30,1.3800,1.4000,1.3400,1.3400,234900
MICROLN,2015-12-31,1.3100,1.3300,1.3000,1.3000,256300
MICROLN,2016-01-04,1.3000,1.3300,1.2800,1.3300,195400
MICROLN,2016-01-05,1.3000,1.4000,1.3000,1.4000,272000
MICROLN,2016-01-06,1.4000,1.4700,1.4000,1.4700,573800
MICROLN,2016-01-07,1.4800,1.4800,1.4500,1.4700,527500
MICROLN,2016-01-08,1.4700,1.5200,1.4600,1.5200,186000
MICROLN,2016-01-11,1.5300,1.6800,1.5200,1.6200,472400
MICROLN,2016-01-12,1.6300,1.7100,1.6300,1.7000,724300
MICROLN,2016-01-13,1.7100,1.7500,1.6900,1.6900,547400
MICROLN,2016-01-14,1.6700,1.6800,1.5900,1.6800,908000
MICROLN,2016-01-15,1.6500,1.6600,1.6300,1.6400,123500
MICROLN,2016-01-18,1.5900,1.6400,1.5800,1.6300,267200
MICROLN,2016-01-19,1.6300,1.6700,1.6300,1.6400,235500
MICROLN,2016-01-20,1.6400,1.6700,1.6100,1.6600,530300
MICROLN,2016-01-21,1.6600,1.6700,1.6100,1.6500,319600
MICROLN,2016-01-22,1.6500,1.7700,1.6300,1.7400,880500
MICROLN,2016-01-26,1.7500,1.7600,1.7000,1.7200,541900
MICROLN,2016-01-27,1.7300,1.7600,1.7000,1.7300,637800
MICROLN,2016-01-28,1.7300,1.7300,1.6900,1.7100,403100
MICROLN,2016-01-29,1.6800,1.7200,1.6800,1.7200,222000
MICROLN,2016-02-02,1.7100,1.7100,1.6700,1.6800,369100
MICROLN,2016-02-03,1.6600,1.6900,1.6200,1.6900,514000
MICROLN,2016-02-04,1.6700,1.7100,1.6700,1.7000,466200
MICROLN,2016-02-05,1.7000,1.7400,1.6800,1.7300,525100
MICROLN,2016-02-10,1.7300,1.7300,1.7000,1.7100,165700
MICROLN,2016-02-11,1.6900,1.7100,1.6800,1.7100,45000
MICROLN,2016-02-12,1.6900,1.8200,1.6900,1.8200,1233300
MICROLN,2016-02-15,1.8400,1.8500,1.7900,1.8300,524600
MICROLN,2016-02-16,1.8300,1.8500,1.7900,1.8100,378500
MICROLN,2016-02-17,1.7800,1.8000,1.7800,1.7800,639500
MICROLN,2016-02-18,1.7700,1.7900,1.7500,1.7600,831000
MICROLN,2016-02-19,1.7900,1.8800,1.7700,1.8700,1460100
MICROLN,2016-02-22,1.8300,1.8600,1.8300,1.8500,670300
MICROLN,2016-02-23,1.8800,1.8800,1.8400,1.8500,393000
MICROLN,2016-02-24,1.8100,1.8300,1.7900,1.8200,183700
MICROLN,2016-02-25,1.8200,1.8600,1.8200,1.8500,785600
MICROLN,2016-02-26,1.8500,1.8700,1.8400,1.8500,497000
MICROLN,2016-02-29,1.8600,1.8800,1.8000,1.8600,519200
MICROLN,2016-03-01,1.8200,1.8500,1.8200,1.8400,128800
MICROLN,2016-03-02,1.8400,1.8500,1.8100,1.8100,305100
MICROLN,2016-03-03,1.8000,1.8100,1.7900,1.8100,287100
MICROLN,2016-03-04,1.8300,1.8300,1.7900,1.7900,204800
MICROLN,2016-03-07,1.7900,1.7900,1.7800,1.7800,146500
MICROLN,2016-03-08,1.7700,1.7700,1.6000,1.7000,515900
MICROLN,2016-03-09,1.6600,1.7200,1.6000,1.6000,1009300
MICROLN,2016-03-10,1.6000,1.6800,1.5900,1.6800,568300
MICROLN,2016-03-11,1.6800,1.7200,1.6800,1.7000,485300
MICROLN,2016-03-14,1.7500,1.7500,1.6500,1.6800,105900
MICROLN,2016-03-15,1.6700,1.6800,1.5800,1.6600,99200
MICROLN,2016-03-16,1.6300,1.6500,1.6200,1.6200,242000
MICROLN,2016-03-17,1.6200,1.6600,1.6100,1.6200,44900
MICROLN,2016-03-18,1.6300,1.6300,1.5800,1.6300,1137900
MICROLN,2016-03-21,1.6400,1.6500,1.6100,1.6500,36000
MICROLN,2016-03-22,1.6600,1.6600,1.6400,1.6400,386900
MICROLN,2016-03-23,1.6000,1.6300,1.5400,1.6300,563000
MICROLN,2016-03-25,1.5500,1.6000,1.5400,1.6000,46000
MICROLN,2016-03-28,1.6000,1.6000,1.5600,1.5600,26200
MICROLN,2016-03-29,1.5100,1.5700,1.4700,1.5500,556300
MICROLN,2016-03-30,1.5300,1.5300,1.4900,1.4900,945100
MICROLN,2016-03-31,1.4600,1.4600,1.3500,1.4000,124300
MICROLN,2016-04-01,1.3800,1.3800,1.2000,1.2700,549600
MICROLN,2016-04-04,1.2600,1.3000,1.0900,1.1000,944100
MICROLN,2016-04-05,1.1100,1.1800,1.0300,1.0600,1942900
MICROLN,2016-04-06,1.0700,1.0800,1.0000,1.0100,849600
MICROLN,2016-04-07,1.0000,1.0700,0.9850,1.0700,1661700
MICROLN,2016-04-08,1.0800,1.1000,1.0400,1.0500,1125100
MICROLN,2016-04-11,1.0600,1.0700,1.0000,1.0100,548400
MICROLN,2016-04-12,1.0200,1.0500,1.0200,1.0400,288500
MICROLN,2016-04-13,1.0400,1.0600,1.0300,1.0400,434100
MICROLN,2016-04-14,1.0400,1.0500,1.0300,1.0300,430100
MICROLN,2016-04-15,1.0300,1.0300,1.0200,1.0300,141100
MICROLN,2016-04-18,1.0500,1.0700,1.0400,1.0600,379900
MICROLN,2016-04-19,1.0700,1.1500,1.0700,1.1300,1172000
MICROLN,2016-04-20,1.1500,1.1600,1.1100,1.1400,420200
MICROLN,2016-04-21,1.1400,1.1400,1.1000,1.1200,172700
MICROLN,2016-04-22,1.1000,1.1000,1.0600,1.0800,234000
MICROLN,2016-04-25,1.0800,1.1000,1.0400,1.0400,166600
MICROLN,2016-04-26,1.0400,1.0400,1.0200,1.0300,170300
MICROLN,2016-04-27,1.0500,1.0500,1.0200,1.0200,77200
MICROLN,2016-04-28,1.0200,1.0200,1.0000,1.0000,161600
MICROLN,2016-04-29,1.0000,1.0100,0.9800,1.0100,196000
MICROLN,2016-05-03,1.0000,1.0100,0.9800,1.0100,82200
MICROLN,2016-05-04,1.0000,1.0100,1.0000,1.0100,41000
MICROLN,2016-05-05,1.0100,1.1100,1.0100,1.0800,625400
MICROLN,2016-05-06,1.0800,1.0800,1.0500,1.0700,68700
MICROLN,2016-05-09,1.0500,1.0900,1.0500,1.0800,188600
MICROLN,2016-05-10,1.0700,1.0800,1.0700,1.0800,118500
MICROLN,2016-05-11,1.0800,1.0800,1.0500,1.0600,45000
MICROLN,2016-05-12,1.0900,1.1800,1.0900,1.1200,385300
MICROLN,2016-05-13,1.1200,1.2200,1.1200,1.2200,929900
MICROLN,2016-05-16,1.2500,1.3400,1.2500,1.3400,873000
MICROLN,2016-05-17,1.3700,1.4400,1.3700,1.4200,569600
MICROLN,2016-05-18,1.4100,1.4100,1.3200,1.3200,407200
MICROLN,2016-05-19,1.3100,1.3400,1.3000,1.3400,193600
MICROLN,2016-05-20,1.3400,1.3400,1.3200,1.3400,73800
MICROLN,2016-05-23,1.3200,1.3200,1.2600,1.2800,284700
MICROLN,2016-05-24,1.2400,1.2400,1.1800,1.2000,121500
MICROLN,2016-05-25,1.2000,1.3000,1.2000,1.2900,228800
MICROLN,2016-05-26,1.3000,1.3000,1.2900,1.2900,67700
MICROLN,2016-05-27,1.3000,1.3000,1.2700,1.2900,103500
MICROLN,2016-05-30,1.2300,1.2300,1.2300,1.2300,5000
MICROLN,2016-05-31,1.2000,1.2000,1.1600,1.1900,251700
MICROLN,2016-06-01,1.1700,1.2100,1.1700,1.1900,15500
MICROLN,2016-06-02,1.1900,1.2200,1.1600,1.1800,27600
MICROLN,2016-06-03,1.1800,1.2200,1.1800,1.1900,107400
MICROLN,2016-06-06,1.1900,1.1900,1.1600,1.1600,25000
MICROLN,2016-06-07,1.1600,1.2300,1.1600,1.2300,24000
MICROLN,2016-06-08,1.2300,1.2500,1.2300,1.2300,69100
MICROLN,2016-06-09,1.2100,1.2100,1.2000,1.2000,12000
MICROLN,2016-06-10,1.2000,1.2300,1.2000,1.2000,20200
MICROLN,2016-06-13,1.2000,1.2200,1.2000,1.2200,24500
MICROLN,2016-06-14,1.2100,1.2100,1.2000,1.2000,26000
MICROLN,2016-06-16,1.1800,1.2400,1.1600,1.1800,70400
MICROLN,2016-06-20,1.2000,1.2100,1.2000,1.2100,22600
MICROLN,2016-06-21,1.2100,1.2200,1.1600,1.2200,122200
MICROLN,2016-06-23,1.2000,1.2200,1.2000,1.2200,488000
MICROLN,2016-06-24,1.2200,1.2900,1.2200,1.2500,234000
MICROLN,2016-06-27,1.2600,1.4500,1.2600,1.4500,723600
MICROLN,2016-06-28,1.4600,1.5300,1.3500,1.4300,952600
MICROLN,2016-06-29,1.4400,1.5800,1.4300,1.5800,946200
MICROLN,2016-06-30,1.6300,1.6800,1.6000,1.6200,997000
MICROLN,2016-07-01,1.6300,1.6500,1.6100,1.6200,300600
MICROLN,2016-07-04,1.6400,1.7100,1.6200,1.6800,855200
MICROLN,2016-07-05,1.6600,1.7000,1.6100,1.6900,454900
MICROLN,2016-07-08,1.6600,1.7100,1.6400,1.6900,636400
MICROLN,2016-07-11,1.6500,1.6500,1.6400,1.6400,369300
MICROLN,2016-07-12,1.6300,1.6600,1.6200,1.6600,616100
MICROLN,2016-07-13,1.6700,1.7000,1.6700,1.6900,1316200
MICROLN,2016-07-14,1.7000,1.7700,1.7000,1.7200,1347600
MICROLN,2016-07-15,1.7100,1.7100,1.6400,1.6500,769300
MICROLN,2016-07-18,1.6700,1.6800,1.6400,1.6600,238500
MICROLN,2016-07-19,1.6700,1.6700,1.5000,1.5000,1220100
MICROLN,2016-07-20,1.5000,1.5000,1.3500,1.4000,939900
MICROLN,2016-07-21,1.4000,1.4600,1.4000,1.4100,384500
MICROLN,2016-07-22,1.4100,1.4100,1.3700,1.4100,375800
MICROLN,2016-07-25,1.3800,1.3800,1.3600,1.3800,475300
MICROLN,2016-07-26,1.3800,1.4400,1.3800,1.4300,671400
MICROLN,2016-07-27,1.4500,1.5300,1.4500,1.5300,949400
MICROLN,2016-07-28,1.5300,1.5900,1.5300,1.5800,1802700
MICROLN,2016-07-29,1.5900,1.6100,1.5800,1.6000,534100
MICROLN,2016-08-01,1.6100,1.6100,1.5100,1.5100,278100
MICROLN,2016-08-02,1.5100,1.5500,1.5000,1.5300,212700
MICROLN,2016-08-03,1.5400,1.6000,1.5300,1.5400,872400
MICROLN,2016-08-04,1.5400,1.5700,1.5000,1.5300,154100
MICROLN,2016-08-05,1.5000,1.5300,1.5000,1.5200,170100
MICROLN,2016-08-08,1.5200,1.5200,1.5000,1.5000,113600
MICROLN,2016-08-09,1.5000,1.5000,1.4700,1.5000,127400
MICROLN,2016-08-10,1.4700,1.4700,1.4500,1.4700,55000
MICROLN,2016-08-11,1.4600,1.5300,1.4600,1.5200,358400
MICROLN,2016-08-12,1.5300,1.5500,1.5100,1.5100,113600
MICROLN,2016-08-15,1.5000,1.5300,1.4900,1.5000,147600
MICROLN,2016-08-16,1.4900,1.5200,1.4900,1.5000,59100
MICROLN,2016-08-17,1.4900,1.5200,1.4900,1.5200,101700
MICROLN,2016-08-18,1.5000,1.5200,1.4900,1.5000,105800
MICROLN,2016-08-19,1.5000,1.5300,1.5000,1.5000,44800
MICROLN,2016-08-22,1.5000,1.5000,1.4600,1.4600,66000
MICROLN,2016-08-23,1.4600,1.4800,1.4600,1.4700,62000
MICROLN,2016-08-24,1.4700,1.5100,1.4700,1.4900,10500
MICROLN,2016-08-25,1.4700,1.4700,1.4600,1.4600,34600
MICROLN,2016-08-26,1.3600,1.3900,1.3500,1.3800,595500
MICROLN,2016-08-29,1.3500,1.3500,1.2400,1.2500,240200
MICROLN,2016-08-30,1.2500,1.2600,1.1500,1.2600,1415600
MICROLN,2016-09-01,1.2700,1.2900,1.2400,1.2500,433300
MICROLN,2016-09-02,1.2400,1.2400,1.2200,1.2400,74100
MICROLN,2016-09-05,1.2300,1.2500,1.1900,1.2400,274100
MICROLN,2016-09-06,1.2300,1.2600,1.2000,1.2500,300000
MICROLN,2016-09-07,1.2300,1.3500,1.2300,1.3400,323200
MICROLN,2016-09-08,1.3500,1.4000,1.3500,1.3600,188800
MICROLN,2016-09-09,1.3800,1.3800,1.3000,1.3400,162000
MICROLN,2016-09-13,1.3200,1.3200,1.2800,1.3000,127200
MICROLN,2016-09-14,1.3100,1.3200,1.2600,1.2900,267100
MICROLN,2016-09-15,1.2600,1.3500,1.2500,1.3500,155200
MICROLN,2016-09-19,1.3500,1.3600,1.3000,1.3400,95000
MICROLN,2016-09-21,1.3400,1.3400,1.3000,1.3000,23000
MICROLN,2016-09-22,1.3200,1.3200,1.3000,1.3100,100000
MICROLN,2016-09-23,1.3200,1.3200,1.3000,1.3000,114000
MICROLN,2016-09-26,1.3600,1.3700,1.3000,1.3400,187800
MICROLN,2016-09-28,1.3000,1.3000,1.2700,1.2700,34000
MICROLN,2016-09-29,1.2800,1.3200,1.2700,1.2700,8900
MICROLN,2016-09-30,1.3000,1.3000,1.2800,1.2800,20000
MICROLN,2016-10-06,1.2700,1.3400,1.2500,1.3000,21700
MICROLN,2016-10-07,1.2500,1.3000,1.2500,1.2600,14100
MICROLN,2016-10-10,1.2900,1.3100,1.2600,1.3000,40100
MICROLN,2016-10-12,1.2500,1.2600,1.2300,1.2500,95600
MICROLN,2016-10-13,1.2200,1.2400,1.2100,1.2200,113400
MICROLN,2016-10-14,1.2300,1.2300,1.1900,1.2000,58700
MICROLN,2016-10-17,1.2200,1.2200,1.2000,1.2000,19000
MICROLN,2016-10-18,1.2200,1.2200,1.2000,1.2200,97300
MICROLN,2016-10-19,1.2600,1.2600,1.1800,1.1800,93400
MICROLN,2016-10-20,1.2100,1.2200,1.2000,1.2000,47400
MICROLN,2016-10-21,1.2100,1.2400,1.2000,1.2000,158100
MICROLN,2016-10-24,1.2000,1.2000,1.1800,1.1800,37700
MICROLN,2016-10-25,1.1800,1.1800,1.1800,1.1800,5000
MICROLN,2016-10-26,1.2000,1.2000,1.1800,1.1800,12800
MICROLN,2016-10-27,1.1900,1.2100,1.1800,1.2100,183500
MICROLN,2016-10-28,1.2200,1.2200,1.2100,1.2100,700
MICROLN,2016-10-31,1.2000,1.2000,1.1700,1.2000,70100
MICROLN,2016-11-01,1.1900,1.1900,1.1900,1.1900,8000
MICROLN,2016-11-02,1.1800,1.1900,1.1600,1.1900,34500
MICROLN,2016-11-03,1.1500,1.1600,1.1500,1.1600,6000
MICROLN,2016-11-04,1.1500,1.1500,1.1500,1.1500,34000
MICROLN,2016-11-07,1.1800,1.1800,1.1600,1.1600,20000
MICROLN,2016-11-08,1.1400,1.1900,1.1200,1.1900,30000
MICROLN,2016-11-10,1.1100,1.1100,1.1100,1.1100,900
MICROLN,2016-11-11,1.1200,1.1800,1.1100,1.1300,34900
MICROLN,2016-11-15,1.1300,1.1300,1.1300,1.1300,37200
MICROLN,2016-11-16,1.1100,1.1100,1.1100,1.1100,3500
MICROLN,2016-11-17,1.1100,1.1100,1.0800,1.1000,48500
MICROLN,2016-11-18,1.0900,1.1100,1.0800,1.1100,217000
MICROLN,2016-11-21,1.1100,1.1100,1.1000,1.1000,35300
MICROLN,2016-11-22,1.0900,1.0900,1.0800,1.0800,3400
MICROLN,2016-11-23,1.0300,1.0300,1.0000,1.0200,36000
MICROLN,2016-11-24,1.0200,1.0300,1.0200,1.0300,70000
MICROLN,2016-11-25,1.0000,1.0300,0.9800,1.0300,28900
MICROLN,2016-11-29,0.9900,1.0200,0.9900,1.0200,50200
MICROLN,2016-11-30,1.0100,1.0300,0.9900,1.0000,87000
MICROLN,2016-12-01,1.0000,1.0500,1.0000,1.0500,23500
MICROLN,2016-12-02,1.0300,1.0300,0.9900,1.0200,112000
MICROLN,2016-12-06,1.0100,1.0200,1.0000,1.0200,63000
MICROLN,2016-12-07,1.0200,1.0300,1.0100,1.0100,29400
MICROLN,2016-12-14,1.0100,1.0100,1.0100,1.0100,1700
MICROLN,2016-12-16,0.9900,1.0200,0.9800,1.0200,53000
MICROLN,2016-12-19,0.9900,1.0100,0.9900,1.0100,3500
MICROLN,2016-12-20,1.0000,1.0000,0.9800,1.0000,48000
MICROLN,2016-12-21,1.0100,1.0100,1.0100,1.0100,10000
MICROLN,2016-12-22,0.9850,1.0100,0.9850,1.0100,7000
MICROLN,2016-12-23,1.0100,1.0100,1.0100,1.0100,1700
MICROLN,2016-12-27,1.0100,1.0100,1.0100,1.0100,3000
MICROLN,2016-12-28,1.0100,1.0100,1.0100,1.0100,30000
MICROLN,2016-12-29,0.9500,0.9500,0.9500,0.9500,500
MICROLN,2016-12-30,1.0200,1.0200,0.9300,0.9300,132200
MICROLN,2017-01-03,0.9400,0.9400,0.9300,0.9300,1300
MICROLN,2017-01-04,1.0000,1.0000,0.9800,1.0000,12000
MICROLN,2017-01-05,1.0000,1.0000,0.9850,0.9850,101300
MICROLN,2017-01-06,1.0100,1.0100,1.0100,1.0100,1000
MICROLN,2017-01-09,1.0100,1.0100,1.0000,1.0000,16400
MICROLN,2017-01-10,0.9450,1.0000,0.9450,0.9600,13100
MICROLN,2017-01-11,0.9650,1.0000,0.9650,1.0000,2900
MICROLN,2017-01-12,1.0000,1.0000,1.0000,1.0000,15000
MICROLN,2017-01-16,0.9650,0.9650,0.9650,0.9650,5800
MICROLN,2017-01-17,0.9950,0.9950,0.9950,0.9950,3000
MICROLN,2017-01-18,1.0000,1.0000,1.0000,1.0000,11000
MICROLN,2017-01-26,0.9600,0.9600,0.9600,0.9600,8000
MICROLN,2017-01-27,0.9850,1.0000,0.9850,1.0000,13000
MICROLN,2017-01-31,0.9500,1.0100,0.9500,1.0100,44000
MICROLN,2017-02-02,0.9800,1.0100,0.9800,1.0100,15300
MICROLN,2017-02-03,1.0000,1.0000,1.0000,1.0000,2000
MICROLN,2017-02-06,1.0000,1.0100,0.9900,1.0000,85000
MICROLN,2017-02-07,1.0200,1.0700,0.9950,1.0500,203800
MICROLN,2017-02-08,1.0500,1.1900,1.0500,1.1900,205600
MICROLN,2017-02-10,1.2000,1.2000,1.1000,1.1000,216100
MICROLN,2017-02-13,1.1000,1.1800,1.1000,1.1500,90800
MICROLN,2017-02-14,1.1200,1.1600,1.1100,1.1200,173000
MICROLN,2017-02-15,1.1500,1.1500,1.1000,1.1000,294600
MICROLN,2017-02-16,1.0800,1.1200,1.0700,1.1100,91000
MICROLN,2017-02-17,1.1100,1.1400,1.1000,1.1400,73500
MICROLN,2017-02-20,1.1400,1.1400,1.0900,1.1200,104500
MICROLN,2017-02-21,1.1300,1.1300,1.0200,1.0200,218400
MICROLN,2017-02-22,1.0200,1.0300,1.0000,1.0300,107000
MICROLN,2017-02-23,1.0300,1.1000,1.0300,1.0900,142100
MICROLN,2017-02-24,1.0800,1.0900,1.0600,1.0900,55600
MICROLN,2017-02-28,1.0100,1.0700,1.0100,1.0700,39000
MICROLN,2017-03-01,1.0100,1.0300,1.0100,1.0300,8200
MICROLN,2017-03-02,1.0300,1.0300,1.0300,1.0300,5700
MICROLN,2017-03-03,1.0300,1.0300,1.0100,1.0100,25100
MICROLN,2017-03-06,1.0000,1.0300,0.9950,1.0300,116200
MICROLN,2017-03-07,1.0100,1.0300,1.0000,1.0100,201800
MICROLN,2017-03-08,1.0100,1.0100,0.9950,1.0100,70700
MICROLN,2017-03-09,0.9850,1.0200,0.9850,1.0100,124400
MICROLN,2017-03-10,1.0100,1.0100,0.9900,1.0000,60500
MICROLN,2017-03-13,0.9850,0.9850,0.9800,0.9800,18300
MICROLN,2017-03-14,1.0100,1.0200,0.9900,1.0200,17100
MICROLN,2017-03-15,1.0000,1.0200,1.0000,1.0000,42000
MICROLN,2017-03-16,1.0100,1.0700,1.0100,1.0400,310800
MICROLN,2017-03-17,1.0500,1.0500,1.0200,1.0400,50300
MICROLN,2017-03-20,1.0200,1.0300,1.0200,1.0300,34100
MICROLN,2017-03-21,1.0300,1.0400,1.0200,1.0300,132800
MICROLN,2017-03-22,1.0100,1.0200,0.9900,1.0200,106000
MICROLN,2017-03-23,1.0200,1.0900,1.0200,1.0800,593200
MICROLN,2017-03-24,1.0800,1.0800,1.0800,1.0800,5000
MICROLN,2017-03-27,1.0600,1.0600,1.0400,1.0400,258000
MICROLN,2017-03-28,1.0500,1.0700,1.0200,1.0200,113400
MICROLN,2017-03-29,1.0400,1.0500,1.0100,1.0400,142900
MICROLN,2017-03-30,1.0300,1.0500,1.0200,1.0400,68900
MICROLN,2017-03-31,1.0100,1.0500,1.0000,1.0500,105900
MICROLN,2017-04-03,1.0400,1.0500,1.0400,1.0400,82700
MICROLN,2017-04-04,1.0400,1.0400,1.0200,1.0400,105800
MICROLN,2017-04-05,1.0300,1.0500,1.0300,1.0400,177000
MICROLN,2017-04-06,1.0300,1.1600,1.0300,1.1300,717100
MICROLN,2017-04-07,1.1500,1.1600,1.0600,1.0700,397300
MICROLN,2017-04-10,1.0700,1.0700,1.0400,1.0500,107500
MICROLN,2017-04-11,1.0400,1.0700,1.0400,1.0700,103300
MICROLN,2017-04-12,1.0600,1.0600,1.0300,1.0600,133600
MICROLN,2017-04-13,1.0500,1.0500,1.0300,1.0500,52100
MICROLN,2017-04-14,1.0300,1.0300,1.0300,1.0300,73300
MICROLN,2017-04-17,1.0200,1.0500,1.0200,1.0500,42200
MICROLN,2017-04-18,1.1000,1.1000,1.0500,1.0900,26400
MICROLN,2017-04-19,1.0200,1.0700,1.0200,1.0700,3100
MICROLN,2017-04-21,1.0400,1.0600,1.0300,1.0600,31300
MICROLN,2017-04-25,1.0400,1.0400,1.0300,1.0300,66700
MICROLN,2017-04-26,1.0300,1.0500,1.0300,1.0400,76400
MICROLN,2017-04-27,1.0400,1.0400,1.0200,1.0200,43000
MICROLN,2017-04-28,1.0100,1.0300,1.0100,1.0300,59300
MICROLN,2017-05-02,1.0500,1.0500,1.0200,1.0500,102000
MICROLN,2017-05-03,1.0300,1.0300,1.0200,1.0200,15100
MICROLN,2017-05-04,1.0300,1.0300,1.0200,1.0200,26000
MICROLN,2017-05-05,1.0200,1.0300,1.0200,1.0200,87800
MICROLN,2017-05-08,1.0200,1.0700,1.0200,1.0500,207800
MICROLN,2017-05-09,1.0500,1.0500,1.0300,1.0300,181000
MICROLN,2017-05-11,1.0300,1.0300,1.0000,1.0200,59000
MICROLN,2017-05-12,1.0300,1.0300,1.0000,1.0100,144600
MICROLN,2017-05-15,1.0100,1.0300,1.0000,1.0200,61600
MICROLN,2017-05-16,1.0300,1.0300,0.9950,1.0100,127600
MICROLN,2017-05-17,1.0000,1.0000,0.9950,0.9950,56800
MICROLN,2017-05-18,1.0000,1.0000,1.0000,1.0000,114400
MICROLN,2017-05-19,1.0000,1.0000,0.9950,0.9950,47400
MICROLN,2017-05-22,0.9950,0.9950,0.9600,0.9650,160200
MICROLN,2017-05-23,0.9650,0.9650,0.9650,0.9650,24000
MICROLN,2017-05-24,0.9700,0.9700,0.9650,0.9650,8000
MICROLN,2017-05-25,0.9600,0.9600,0.9550,0.9600,54500
MICROLN,2017-05-26,0.9550,0.9550,0.9500,0.9500,29000
MICROLN,2017-05-29,0.9300,0.9300,0.8900,0.9000,121200
MICROLN,2017-05-31,0.8800,0.9500,0.8700,0.9500,66800
MICROLN,2017-06-01,0.8750,0.9300,0.8700,0.9200,15000
MICROLN,2017-06-02,0.8800,0.9300,0.8800,0.9000,49200
MICROLN,2017-06-05,0.9050,0.9650,0.9050,0.9650,9000
MICROLN,2017-06-06,0.9000,0.9600,0.9000,0.9600,40000
MICROLN,2017-06-08,0.9150,0.9550,0.9150,0.9250,5500
MICROLN,2017-06-09,0.9150,0.9400,0.9050,0.9400,6000
MICROLN,2017-06-13,0.9350,0.9700,0.9350,0.9550,34000
MICROLN,2017-06-14,0.9600,0.9600,0.9550,0.9550,32000
MICROLN,2017-06-15,0.9600,0.9800,0.9550,0.9800,47900
MICROLN,2017-06-16,0.9900,1.0700,0.9900,1.0600,803800
MICROLN,2017-06-19,1.0800,1.0800,0.9950,0.9950,160800
MICROLN,2017-06-20,0.9900,1.0000,0.9850,0.9850,54100
MICROLN,2017-06-21,0.9700,0.9750,0.9700,0.9700,52100
MICROLN,2017-06-22,0.9650,0.9900,0.9000,0.9500,207200
MICROLN,2017-06-23,0.9500,0.9950,0.9500,0.9800,87300
MICROLN,2017-06-28,1.0300,1.0300,0.9650,0.9750,120900
MICROLN,2017-06-29,0.9500,0.9500,0.9250,0.9300,382400
MICROLN,2017-06-30,0.9300,0.9300,0.9150,0.9300,166400
MICROLN,2017-07-03,0.9300,0.9450,0.9150,0.9300,484700
MICROLN,2017-07-04,0.9300,0.9300,0.9150,0.9150,57900
MICROLN,2017-07-05,0.9400,0.9400,0.9000,0.9100,685200
MICROLN,2017-07-06,0.9000,0.9000,0.8950,0.9000,23700
MICROLN,2017-07-07,0.8900,0.9000,0.8900,0.8900,52000
MICROLN,2017-07-10,0.8950,0.9150,0.8950,0.8950,128400
MICROLN,2017-07-11,0.8850,0.9100,0.8750,0.9100,88500
MICROLN,2017-07-12,0.9100,0.9300,0.9000,0.9300,83000
MICROLN,2017-07-18,0.8900,0.9300,0.8900,0.9300,165700
MICROLN,2017-07-19,0.8950,0.9200,0.8950,0.9200,28600
MICROLN,2017-07-20,0.9150,0.9300,0.8900,0.9300,209500
MICROLN,2017-07-21,0.9250,0.9300,0.9000,0.9300,48000
MICROLN,2017-07-24,0.9250,0.9300,0.9150,0.9300,201000
MICROLN,2017-07-26,0.9000,0.9250,0.9000,0.9150,236800
MICROLN,2017-07-27,0.9250,0.9300,0.9100,0.9100,96800
MICROLN,2017-07-31,0.9000,0.9150,0.8950,0.9150,21300
MICROLN,2017-08-01,0.9000,0.9150,0.9000,0.9000,41000
MICROLN,2017-08-02,0.8900,0.9100,0.8900,0.9100,7000
MICROLN,2017-08-04,0.9150,0.9200,0.8950,0.9200,102600
MICROLN,2017-08-07,0.9150,0.9200,0.9000,0.9200,53000
MICROLN,2017-08-08,0.9050,0.9200,0.8900,0.9200,126900
MICROLN,2017-08-10,0.8950,0.9100,0.8950,0.9100,4000
MICROLN,2017-08-11,0.8800,0.8800,0.8550,0.8650,39000
MICROLN,2017-08-14,0.8800,0.8900,0.8800,0.8900,77000
MICROLN,2017-08-16,0.8800,0.8950,0.8800,0.8950,4600
MICROLN,2017-08-17,0.8800,0.8800,0.8700,0.8700,64500
MICROLN,2017-08-18,0.8950,0.9200,0.8650,0.9200,141400
MICROLN,2017-08-22,0.8950,0.9200,0.8950,0.9200,110900
MICROLN,2017-08-23,1.0500,1.1600,1.0100,1.0900,3838400
MICROLN,2017-08-24,1.1000,1.1000,1.0400,1.0500,1116400
MICROLN,2017-08-25,1.0400,1.1300,1.0400,1.0600,1235400
MICROLN,2017-08-28,1.0600,1.1000,1.0500,1.0700,814700
MICROLN,2017-08-29,1.0800,1.0800,1.0300,1.0300,374300
MICROLN,2017-08-30,1.0400,1.0600,1.0200,1.0200,266100
MICROLN,2017-09-05,1.0300,1.0300,0.9700,0.9700,806100
MICROLN,2017-09-06,0.9650,0.9750,0.9600,0.9600,125300
MICROLN,2017-09-07,0.9650,0.9900,0.9600,0.9850,272200
MICROLN,2017-09-08,0.9900,1.0200,0.9900,0.9950,239000
MICROLN,2017-09-11,1.0000,1.0000,0.9950,0.9950,17000
MICROLN,2017-09-12,1.0000,1.0300,1.0000,1.0200,147500
MICROLN,2017-09-13,1.0400,1.0600,1.0400,1.0400,534600
MICROLN,2017-09-14,1.0500,1.0500,1.0200,1.0200,100300
MICROLN,2017-09-15,1.0100,1.0100,1.0000,1.0100,110000
MICROLN,2017-09-18,1.0200,1.0200,0.9900,0.9900,179400
MICROLN,2017-09-19,0.9900,1.0000,0.9800,0.9900,152900
MICROLN,2017-09-20,0.9800,0.9800,0.9800,0.9800,36000
MICROLN,2017-09-21,1.0100,1.0100,0.9800,0.9800,35000
MICROLN,2017-09-25,0.9900,0.9900,0.9700,0.9700,85200
MICROLN,2017-09-26,0.9600,0.9800,0.9500,0.9800,42500
MICROLN,2017-09-27,0.9800,1.0700,0.9800,1.0700,672900
MICROLN,2017-09-28,1.0600,1.0700,1.0200,1.0300,704300
MICROLN,2017-09-29,1.0300,1.0300,1.0200,1.0300,133900
