PAVREIT,2011-12-07,1.0300,1.0400,0.9800,1.0200,197341904
PAVREIT,2011-12-08,1.0200,1.0200,0.9950,1.0000,23912600
PAVREIT,2011-12-09,0.9950,1.0100,0.9950,1.0000,27628800
PAVREIT,2011-12-12,1.0000,1.0100,1.0000,1.0100,7129000
PAVREIT,2011-12-13,1.0000,1.0100,1.0000,1.0000,4864600
PAVREIT,2011-12-14,1.0100,1.0200,1.0000,1.0200,4008200
PAVREIT,2011-12-15,1.0100,1.0300,1.0100,1.0200,3504400
PAVREIT,2011-12-16,1.0300,1.0500,1.0200,1.0500,3838200
PAVREIT,2011-12-19,1.0400,1.0400,1.0300,1.0400,1331400
PAVREIT,2011-12-20,1.0300,1.0500,1.0200,1.0400,2694500
PAVREIT,2011-12-21,1.0500,1.0600,1.0400,1.0500,2241200
PAVREIT,2011-12-22,1.0400,1.0500,1.0400,1.0400,1857200
PAVREIT,2011-12-23,1.0400,1.0500,1.0400,1.0500,213200
PAVREIT,2011-12-27,1.0500,1.0600,1.0500,1.0500,603200
PAVREIT,2011-12-28,1.0600,1.0800,1.0500,1.0800,864500
PAVREIT,2011-12-29,1.0800,1.0900,1.0700,1.0900,1643000
PAVREIT,2011-12-30,1.0900,1.1000,1.0900,1.0900,1125500
PAVREIT,2012-01-03,1.1000,1.1000,1.0700,1.0700,3366700
PAVREIT,2012-01-04,1.0700,1.0700,1.0500,1.0600,2891300
PAVREIT,2012-01-05,1.0600,1.0700,1.0600,1.0700,1625600
PAVREIT,2012-01-06,1.0700,1.0700,1.0600,1.0600,2704200
PAVREIT,2012-01-09,1.0600,1.0600,1.0400,1.0600,2945400
PAVREIT,2012-01-10,1.0600,1.0600,1.0500,1.0500,2742600
PAVREIT,2012-01-11,1.0500,1.0600,1.0400,1.0400,1291800
PAVREIT,2012-01-12,1.0500,1.0500,1.0400,1.0500,1535300
PAVREIT,2012-01-13,1.0500,1.0500,1.0400,1.0400,1287400
PAVREIT,2012-01-16,1.0500,1.0700,1.0400,1.0600,2384000
PAVREIT,2012-01-17,1.0600,1.0900,1.0600,1.0800,3613300
PAVREIT,2012-01-18,1.0900,1.0900,1.0800,1.0900,710800
PAVREIT,2012-01-19,1.0900,1.0900,1.0800,1.0900,2220500
PAVREIT,2012-01-20,1.0900,1.1100,1.0900,1.1000,3265700
PAVREIT,2012-01-25,1.1000,1.1100,1.0900,1.1000,827400
PAVREIT,2012-01-26,1.1000,1.1100,1.0900,1.1000,1598500
PAVREIT,2012-01-27,1.1000,1.1000,1.0800,1.0900,3271300
PAVREIT,2012-01-30,1.1000,1.1000,1.0900,1.1000,1346500
PAVREIT,2012-01-31,1.0900,1.1100,1.0900,1.0900,4285400
PAVREIT,2012-02-02,1.1000,1.1100,1.1000,1.1100,522500
PAVREIT,2012-02-03,1.1000,1.1100,1.0900,1.1000,2064200
PAVREIT,2012-02-08,1.1000,1.1100,1.0900,1.1000,5071500
PAVREIT,2012-02-09,1.1200,1.1700,1.1100,1.1600,2631300
PAVREIT,2012-02-10,1.1700,1.1900,1.1600,1.1800,2862600
PAVREIT,2012-02-13,1.1800,1.1900,1.1600,1.1600,4180800
PAVREIT,2012-02-14,1.1600,1.1700,1.1600,1.1600,2366900
PAVREIT,2012-02-15,1.1600,1.1700,1.1500,1.1600,2684400
PAVREIT,2012-02-16,1.1600,1.1800,1.1500,1.1700,1590500
PAVREIT,2012-02-17,1.1700,1.1800,1.1600,1.1600,1652000
PAVREIT,2012-02-20,1.1600,1.1600,1.1300,1.1400,4271600
PAVREIT,2012-02-21,1.1400,1.1400,1.1300,1.1400,785000
PAVREIT,2012-02-22,1.1400,1.1500,1.1300,1.1400,403000
PAVREIT,2012-02-23,1.1400,1.1400,1.1300,1.1300,2203500
PAVREIT,2012-02-24,1.1200,1.1300,1.1200,1.1200,2030000
PAVREIT,2012-02-27,1.1300,1.1600,1.1200,1.1500,500300
PAVREIT,2012-02-28,1.1500,1.1500,1.1300,1.1300,366100
PAVREIT,2012-02-29,1.1300,1.1500,1.1200,1.1200,3565900
PAVREIT,2012-03-01,1.1300,1.1500,1.1300,1.1500,452100
PAVREIT,2012-03-02,1.1500,1.1600,1.1400,1.1400,660300
PAVREIT,2012-03-05,1.1500,1.1500,1.1400,1.1400,725900
PAVREIT,2012-03-06,1.1400,1.1400,1.1300,1.1300,572900
PAVREIT,2012-03-07,1.1400,1.1400,1.1300,1.1400,706200
PAVREIT,2012-03-08,1.1300,1.1400,1.1300,1.1300,239000
PAVREIT,2012-03-09,1.1300,1.1300,1.1300,1.1300,268200
PAVREIT,2012-03-12,1.1300,1.1500,1.1300,1.1400,3403100
PAVREIT,2012-03-13,1.1400,1.1500,1.1400,1.1500,3401500
PAVREIT,2012-03-14,1.1500,1.1500,1.1300,1.1500,6272000
PAVREIT,2012-03-15,1.1400,1.1400,1.1300,1.1400,2160000
PAVREIT,2012-03-16,1.1400,1.1500,1.1400,1.1400,172300
PAVREIT,2012-03-19,1.1400,1.1400,1.1300,1.1300,3285400
PAVREIT,2012-03-20,1.1300,1.1500,1.1300,1.1500,4913300
PAVREIT,2012-03-21,1.1400,1.1500,1.1400,1.1500,1168400
PAVREIT,2012-03-22,1.1400,1.1500,1.1400,1.1400,428000
PAVREIT,2012-03-23,1.1400,1.1400,1.1300,1.1300,460000
PAVREIT,2012-03-26,1.1400,1.1500,1.1400,1.1500,70600
PAVREIT,2012-03-27,1.1400,1.1500,1.1300,1.1300,2135300
PAVREIT,2012-03-28,1.1400,1.1400,1.1400,1.1400,2106100
PAVREIT,2012-03-29,1.1400,1.1500,1.1400,1.1500,431500
PAVREIT,2012-03-30,1.1500,1.1500,1.1400,1.1500,235900
PAVREIT,2012-04-02,1.1500,1.1500,1.1400,1.1400,148000
PAVREIT,2012-04-03,1.1500,1.1600,1.1500,1.1500,405300
PAVREIT,2012-04-04,1.1500,1.1500,1.1400,1.1500,3067000
PAVREIT,2012-04-05,1.1500,1.1500,1.1400,1.1400,90700
PAVREIT,2012-04-06,1.1400,1.1500,1.1300,1.1400,1544800
PAVREIT,2012-04-09,1.1300,1.1400,1.1300,1.1400,328000
PAVREIT,2012-04-10,1.1400,1.1600,1.1400,1.1500,541100
PAVREIT,2012-04-12,1.1500,1.1500,1.1500,1.1500,43800
PAVREIT,2012-04-13,1.1500,1.1700,1.1500,1.1700,4119400
PAVREIT,2012-04-16,1.1600,1.1700,1.1500,1.1500,315200
PAVREIT,2012-04-17,1.1600,1.1600,1.1500,1.1500,3523500
PAVREIT,2012-04-18,1.1500,1.1600,1.1400,1.1500,1438000
PAVREIT,2012-04-19,1.1500,1.1500,1.1400,1.1500,1723300
PAVREIT,2012-04-20,1.1500,1.1500,1.1500,1.1500,199000
PAVREIT,2012-04-23,1.1500,1.1600,1.1500,1.1500,1014400
PAVREIT,2012-04-24,1.1500,1.1600,1.1500,1.1500,480500
PAVREIT,2012-04-25,1.1500,1.1700,1.1500,1.1500,644800
PAVREIT,2012-04-26,1.1600,1.1600,1.1600,1.1600,451900
PAVREIT,2012-04-27,1.1600,1.1700,1.1600,1.1700,24900
PAVREIT,2012-04-30,1.1600,1.1800,1.1600,1.1700,1576200
PAVREIT,2012-05-02,1.1700,1.2000,1.1700,1.2000,677300
PAVREIT,2012-05-03,1.1900,1.1900,1.1800,1.1800,54700
PAVREIT,2012-05-04,1.1800,1.2100,1.1700,1.2000,1509400
PAVREIT,2012-05-07,1.2000,1.2100,1.1900,1.2000,294700
PAVREIT,2012-05-08,1.2000,1.2100,1.2000,1.2100,498000
PAVREIT,2012-05-09,1.2000,1.2200,1.2000,1.2200,1134100
PAVREIT,2012-05-10,1.2300,1.2600,1.2300,1.2400,1706700
PAVREIT,2012-05-11,1.2600,1.2700,1.2300,1.2300,2602600
PAVREIT,2012-05-14,1.2400,1.2400,1.2200,1.2200,935500
PAVREIT,2012-05-15,1.2100,1.2100,1.1900,1.2000,2686000
PAVREIT,2012-05-16,1.1900,1.2300,1.1900,1.2000,3622800
PAVREIT,2012-05-17,1.2000,1.2000,1.1900,1.1900,1278700
PAVREIT,2012-05-18,1.1800,1.1800,1.1500,1.1600,1674000
PAVREIT,2012-05-21,1.1600,1.2000,1.1600,1.2000,2469400
PAVREIT,2012-05-22,1.2000,1.2300,1.1900,1.2200,1532700
PAVREIT,2012-05-23,1.2300,1.2300,1.2000,1.2100,744700
PAVREIT,2012-05-24,1.2100,1.2200,1.2000,1.2000,764700
PAVREIT,2012-05-25,1.2200,1.2400,1.2100,1.2300,1497600
PAVREIT,2012-05-28,1.2200,1.2400,1.2200,1.2300,2065000
PAVREIT,2012-05-29,1.2200,1.2300,1.2200,1.2300,215400
PAVREIT,2012-05-30,1.2300,1.2400,1.2200,1.2400,1224800
PAVREIT,2012-05-31,1.2400,1.3000,1.2300,1.3000,8392600
PAVREIT,2012-06-01,1.3000,1.3000,1.2400,1.2500,705900
PAVREIT,2012-06-04,1.2500,1.2500,1.1900,1.2000,3123200
PAVREIT,2012-06-05,1.2000,1.2400,1.2000,1.2100,762500
PAVREIT,2012-06-06,1.2200,1.2200,1.2100,1.2100,234000
PAVREIT,2012-06-07,1.2200,1.2300,1.2200,1.2300,76000
PAVREIT,2012-06-08,1.2200,1.2200,1.2000,1.2100,639900
PAVREIT,2012-06-11,1.2000,1.2200,1.2000,1.2100,118700
PAVREIT,2012-06-12,1.2100,1.2300,1.2100,1.2100,443000
PAVREIT,2012-06-13,1.2200,1.2300,1.2200,1.2200,2087900
PAVREIT,2012-06-14,1.2200,1.2200,1.2100,1.2100,892000
PAVREIT,2012-06-15,1.2100,1.2300,1.2100,1.2200,1076700
PAVREIT,2012-06-18,1.2300,1.2300,1.2100,1.2100,338900
PAVREIT,2012-06-19,1.2200,1.2200,1.2100,1.2100,171000
PAVREIT,2012-06-20,1.2100,1.2300,1.2100,1.2200,159500
PAVREIT,2012-06-21,1.2200,1.2200,1.2100,1.2100,188400
PAVREIT,2012-06-22,1.2200,1.2200,1.2100,1.2100,170000
PAVREIT,2012-06-25,1.2200,1.2300,1.2100,1.2100,338800
PAVREIT,2012-06-26,1.2100,1.2200,1.2100,1.2100,444200
PAVREIT,2012-06-27,1.2100,1.2200,1.2100,1.2100,212000
PAVREIT,2012-06-28,1.2200,1.2200,1.2100,1.2100,379000
PAVREIT,2012-06-29,1.2200,1.2200,1.2100,1.2200,643600
PAVREIT,2012-07-02,1.2200,1.2300,1.2200,1.2300,445600
PAVREIT,2012-07-03,1.2300,1.2400,1.2200,1.2300,628000
PAVREIT,2012-07-04,1.2300,1.2400,1.2100,1.2100,485900
PAVREIT,2012-07-05,1.2200,1.2800,1.2200,1.2800,688400
PAVREIT,2012-07-06,1.2700,1.2700,1.2400,1.2600,187400
PAVREIT,2012-07-09,1.2600,1.2600,1.2500,1.2500,84500
PAVREIT,2012-07-10,1.2500,1.2600,1.2400,1.2500,919500
PAVREIT,2012-07-11,1.2500,1.2600,1.2400,1.2500,410500
PAVREIT,2012-07-12,1.2500,1.2500,1.2400,1.2500,445000
PAVREIT,2012-07-13,1.2400,1.2500,1.2400,1.2400,521100
PAVREIT,2012-07-16,1.2400,1.2600,1.2300,1.2600,1140200
PAVREIT,2012-07-17,1.2600,1.3200,1.2500,1.3200,4342100
PAVREIT,2012-07-18,1.3200,1.3400,1.3000,1.3300,3541500
PAVREIT,2012-07-19,1.3200,1.3300,1.2700,1.2900,3233900
PAVREIT,2012-07-20,1.3000,1.3200,1.2900,1.3200,600500
PAVREIT,2012-07-23,1.3000,1.3300,1.3000,1.3300,146400
PAVREIT,2012-07-24,1.3200,1.3200,1.3000,1.3200,37000
PAVREIT,2012-07-25,1.3200,1.3300,1.3200,1.3300,441400
PAVREIT,2012-07-26,1.3300,1.3300,1.3200,1.3200,462900
PAVREIT,2012-07-27,1.3200,1.3400,1.3200,1.3300,588600
PAVREIT,2012-07-30,1.3300,1.3300,1.3200,1.3300,87800
PAVREIT,2012-07-31,1.3300,1.3300,1.3300,1.3300,204100
PAVREIT,2012-08-01,1.3300,1.3300,1.3200,1.3300,150600
PAVREIT,2012-08-02,1.3300,1.3500,1.3300,1.3500,627400
PAVREIT,2012-08-03,1.3500,1.3600,1.3300,1.3400,333500
PAVREIT,2012-08-06,1.3600,1.3600,1.3300,1.3400,170600
PAVREIT,2012-08-07,1.3500,1.3600,1.3500,1.3600,7522500
PAVREIT,2012-08-08,1.3600,1.3800,1.3500,1.3700,575000
PAVREIT,2012-08-09,1.3700,1.3700,1.3600,1.3600,237500
PAVREIT,2012-08-10,1.3500,1.3800,1.3500,1.3600,2280600
PAVREIT,2012-08-13,1.3700,1.3800,1.3600,1.3800,1057700
PAVREIT,2012-08-14,1.3800,1.4300,1.3800,1.4000,995700
PAVREIT,2012-08-15,1.4300,1.4400,1.4200,1.4200,3439400
PAVREIT,2012-08-16,1.4200,1.4300,1.4200,1.4200,2712400
PAVREIT,2012-08-17,1.3800,1.4000,1.3800,1.3900,533600
PAVREIT,2012-08-22,1.3900,1.4000,1.3800,1.3800,336500
PAVREIT,2012-08-23,1.3900,1.3900,1.3600,1.3700,685800
PAVREIT,2012-08-24,1.3700,1.3900,1.3500,1.3900,1400300
PAVREIT,2012-08-27,1.3700,1.3700,1.3400,1.3500,2774500
PAVREIT,2012-08-28,1.3500,1.3500,1.3400,1.3500,2396700
PAVREIT,2012-08-29,1.3500,1.3500,1.3400,1.3500,1309000
PAVREIT,2012-08-30,1.3500,1.3500,1.3400,1.3400,865200
PAVREIT,2012-09-03,1.3500,1.3500,1.3400,1.3500,1002500
PAVREIT,2012-09-04,1.3400,1.3500,1.3300,1.3300,619200
PAVREIT,2012-09-05,1.3300,1.3400,1.3100,1.3200,1915500
PAVREIT,2012-09-06,1.3200,1.3200,1.3000,1.3000,2149300
PAVREIT,2012-09-07,1.3000,1.3500,1.3000,1.3300,2405200
PAVREIT,2012-09-10,1.3500,1.3600,1.3500,1.3500,559000
PAVREIT,2012-09-11,1.3600,1.3600,1.3200,1.3400,1886300
PAVREIT,2012-09-12,1.3500,1.3500,1.3400,1.3500,392500
PAVREIT,2012-09-13,1.3500,1.3800,1.3500,1.3700,481100
PAVREIT,2012-09-14,1.3800,1.3800,1.3400,1.3500,908600
PAVREIT,2012-09-18,1.3500,1.3600,1.3400,1.3500,268200
PAVREIT,2012-09-19,1.3400,1.3500,1.3400,1.3400,304400
PAVREIT,2012-09-20,1.3400,1.3500,1.3300,1.3400,1025700
PAVREIT,2012-09-21,1.3500,1.3600,1.3400,1.3600,1251900
PAVREIT,2012-09-24,1.3500,1.3800,1.3400,1.3800,2938400
PAVREIT,2012-09-25,1.3800,1.4100,1.3800,1.4000,1844500
PAVREIT,2012-09-26,1.4000,1.4200,1.3900,1.4000,2825900
PAVREIT,2012-09-27,1.4000,1.4000,1.3600,1.3800,365500
PAVREIT,2012-09-28,1.3800,1.4000,1.3700,1.4000,950700
PAVREIT,2012-10-01,1.3800,1.3800,1.3700,1.3700,421000
PAVREIT,2012-10-02,1.3700,1.3700,1.3400,1.3400,683200
PAVREIT,2012-10-03,1.3500,1.3500,1.3500,1.3500,940300
PAVREIT,2012-10-04,1.3500,1.3500,1.3400,1.3500,912700
PAVREIT,2012-10-05,1.3500,1.3500,1.3400,1.3400,790000
PAVREIT,2012-10-08,1.3500,1.3700,1.3400,1.3700,607300
PAVREIT,2012-10-09,1.3700,1.4000,1.3700,1.3700,960100
PAVREIT,2012-10-10,1.3700,1.3800,1.3700,1.3800,1855000
PAVREIT,2012-10-11,1.3900,1.3900,1.3800,1.3800,690900
PAVREIT,2012-10-12,1.3800,1.4000,1.3800,1.3900,326400
PAVREIT,2012-10-15,1.3900,1.3900,1.3800,1.3800,2034200
PAVREIT,2012-10-16,1.3900,1.4000,1.3800,1.3800,1113000
PAVREIT,2012-10-17,1.3800,1.4000,1.3800,1.4000,2376500
PAVREIT,2012-10-18,1.4000,1.4000,1.3800,1.3900,668000
PAVREIT,2012-10-19,1.3800,1.4000,1.3800,1.4000,310600
PAVREIT,2012-10-22,1.3900,1.4000,1.3800,1.3800,107600
PAVREIT,2012-10-23,1.3800,1.3900,1.3600,1.3700,232400
PAVREIT,2012-10-24,1.3800,1.4000,1.3600,1.3800,825000
PAVREIT,2012-10-25,1.3800,1.3800,1.3800,1.3800,31300
PAVREIT,2012-10-29,1.3900,1.4000,1.3700,1.3700,718700
PAVREIT,2012-10-30,1.3800,1.3900,1.3800,1.3900,89500
PAVREIT,2012-10-31,1.3800,1.3800,1.3600,1.3800,337500
PAVREIT,2012-11-01,1.3900,1.4000,1.3800,1.3900,537800
PAVREIT,2012-11-02,1.3900,1.3900,1.3800,1.3900,68400
PAVREIT,2012-11-05,1.3700,1.3900,1.3700,1.3800,85600
PAVREIT,2012-11-06,1.4000,1.4000,1.3800,1.3800,2123000
PAVREIT,2012-11-07,1.3900,1.4000,1.3800,1.4000,861000
PAVREIT,2012-11-08,1.3900,1.4000,1.3900,1.4000,667900
PAVREIT,2012-11-09,1.4000,1.4100,1.3900,1.4100,73200
PAVREIT,2012-11-12,1.4000,1.4000,1.3900,1.4000,166600
PAVREIT,2012-11-14,1.4100,1.4700,1.4100,1.4600,3531400
PAVREIT,2012-11-16,1.4500,1.4500,1.4200,1.4200,74800
PAVREIT,2012-11-19,1.4200,1.4600,1.4200,1.4600,103600
PAVREIT,2012-11-20,1.4500,1.4500,1.4200,1.4300,129100
PAVREIT,2012-11-21,1.4300,1.4300,1.4100,1.4200,585300
PAVREIT,2012-11-22,1.4200,1.4200,1.4100,1.4200,394700
PAVREIT,2012-11-23,1.4200,1.4200,1.3900,1.3900,477800
PAVREIT,2012-11-26,1.4000,1.4000,1.3600,1.3800,971300
PAVREIT,2012-11-27,1.3800,1.3900,1.3700,1.3900,942100
PAVREIT,2012-11-28,1.3900,1.4000,1.3800,1.3900,333400
PAVREIT,2012-11-29,1.3900,1.3900,1.3700,1.3800,646300
PAVREIT,2012-11-30,1.3900,1.3900,1.3700,1.3900,436600
PAVREIT,2012-12-03,1.3900,1.3900,1.3600,1.3700,1662500
PAVREIT,2012-12-04,1.3700,1.3800,1.3600,1.3700,462400
PAVREIT,2012-12-05,1.3700,1.3800,1.3700,1.3800,1551600
PAVREIT,2012-12-06,1.3800,1.3800,1.3700,1.3700,524000
PAVREIT,2012-12-07,1.3800,1.3800,1.3700,1.3800,987200
PAVREIT,2012-12-10,1.3800,1.3800,1.3700,1.3700,107500
PAVREIT,2012-12-11,1.3800,1.3900,1.3700,1.3900,977100
PAVREIT,2012-12-12,1.3800,1.3800,1.3600,1.3600,1600000
PAVREIT,2012-12-13,1.3700,1.3900,1.3700,1.3900,793100
PAVREIT,2012-12-14,1.3700,1.3900,1.3600,1.3700,2691700
PAVREIT,2012-12-17,1.3700,1.3700,1.3500,1.3500,1201900
PAVREIT,2012-12-18,1.3600,1.3600,1.3500,1.3600,149400
PAVREIT,2012-12-19,1.3600,1.3600,1.3500,1.3500,1224900
PAVREIT,2012-12-20,1.3500,1.4000,1.3500,1.3900,3217500
PAVREIT,2012-12-21,1.4000,1.4000,1.3700,1.3700,1105800
PAVREIT,2012-12-24,1.3800,1.3900,1.3700,1.3800,124000
PAVREIT,2012-12-26,1.3900,1.3900,1.3600,1.3600,1427300
PAVREIT,2012-12-27,1.3700,1.3800,1.3600,1.3700,967900
PAVREIT,2012-12-28,1.3800,1.4000,1.3800,1.4000,1009500
PAVREIT,2012-12-31,1.4000,1.4000,1.3900,1.3900,3394500
PAVREIT,2013-01-02,1.3900,1.4100,1.3800,1.4000,1383700
PAVREIT,2013-01-03,1.4000,1.5100,1.4000,1.4500,6759700
PAVREIT,2013-01-04,1.4500,1.4500,1.4300,1.4300,290100
PAVREIT,2013-01-07,1.4300,1.4700,1.4300,1.4500,2189000
PAVREIT,2013-01-08,1.4400,1.4700,1.4400,1.4700,1342800
PAVREIT,2013-01-09,1.4700,1.4700,1.4600,1.4600,977100
PAVREIT,2013-01-10,1.4600,1.5000,1.4600,1.4600,2248000
PAVREIT,2013-01-11,1.4700,1.4800,1.4500,1.4600,661400
PAVREIT,2013-01-14,1.4600,1.4700,1.4500,1.4700,2767900
PAVREIT,2013-01-15,1.4700,1.4800,1.4600,1.4800,1632200
PAVREIT,2013-01-16,1.4800,1.5400,1.4700,1.5300,6193700
PAVREIT,2013-01-17,1.5300,1.5300,1.4600,1.4800,3464700
PAVREIT,2013-01-18,1.4800,1.4800,1.4600,1.4700,826800
PAVREIT,2013-01-21,1.4700,1.4700,1.4200,1.4400,9727200
PAVREIT,2013-01-22,1.4800,1.4800,1.4300,1.4500,7031400
PAVREIT,2013-01-23,1.4600,1.5400,1.4500,1.4700,5020300
PAVREIT,2013-01-25,1.5000,1.5000,1.4600,1.4700,1696100
PAVREIT,2013-01-29,1.4700,1.5000,1.4700,1.5000,1282700
PAVREIT,2013-01-30,1.4900,1.4900,1.4800,1.4900,800900
PAVREIT,2013-01-31,1.4800,1.4900,1.4700,1.4800,2243900
PAVREIT,2013-02-04,1.4600,1.4600,1.4400,1.4500,567100
PAVREIT,2013-02-05,1.4400,1.4500,1.4400,1.4400,1708400
PAVREIT,2013-02-06,1.4400,1.4500,1.4300,1.4400,1170600
PAVREIT,2013-02-07,1.4400,1.5000,1.4400,1.5000,1928300
PAVREIT,2013-02-08,1.5000,1.5000,1.4700,1.4800,169200
PAVREIT,2013-02-13,1.4700,1.4800,1.4700,1.4800,546300
PAVREIT,2013-02-14,1.4800,1.4800,1.4800,1.4800,1086700
PAVREIT,2013-02-15,1.4800,1.4900,1.4700,1.4900,3834600
PAVREIT,2013-02-18,1.5000,1.5300,1.4900,1.5200,1290100
PAVREIT,2013-02-19,1.5100,1.5200,1.4800,1.5000,1819000
PAVREIT,2013-02-20,1.4900,1.5300,1.4900,1.5000,2430300
PAVREIT,2013-02-21,1.5000,1.5300,1.4900,1.5200,757400
PAVREIT,2013-02-22,1.5200,1.5600,1.5000,1.5600,555300
PAVREIT,2013-02-25,1.5400,1.5400,1.5100,1.5200,2135800
PAVREIT,2013-02-26,1.5100,1.5600,1.5100,1.5500,439900
PAVREIT,2013-02-27,1.5500,1.5800,1.5400,1.5400,297000
PAVREIT,2013-02-28,1.5600,1.5700,1.5500,1.5600,2280900
PAVREIT,2013-03-01,1.5600,1.5900,1.5600,1.5800,217900
PAVREIT,2013-03-04,1.6000,1.6300,1.5900,1.6200,1483400
PAVREIT,2013-03-05,1.6100,1.6100,1.6000,1.6100,154800
PAVREIT,2013-03-06,1.6100,1.6500,1.6000,1.6400,905000
PAVREIT,2013-03-07,1.6400,1.6400,1.6000,1.6100,352600
PAVREIT,2013-03-08,1.6200,1.6200,1.5900,1.6000,1223600
PAVREIT,2013-03-11,1.6100,1.6200,1.6000,1.6100,960300
PAVREIT,2013-03-12,1.6100,1.6200,1.6100,1.6200,1491000
PAVREIT,2013-03-13,1.6100,1.6200,1.6100,1.6200,184000
PAVREIT,2013-03-14,1.6200,1.6200,1.6100,1.6100,343000
PAVREIT,2013-03-15,1.6100,1.6700,1.5800,1.6500,2776300
PAVREIT,2013-03-18,1.6300,1.6300,1.5900,1.5900,1556000
PAVREIT,2013-03-19,1.6300,1.6300,1.5800,1.5800,548400
PAVREIT,2013-03-20,1.6000,1.6200,1.5900,1.6100,495200
PAVREIT,2013-03-21,1.6300,1.6400,1.6100,1.6200,377900
PAVREIT,2013-03-22,1.6400,1.6700,1.6300,1.6300,3391600
PAVREIT,2013-03-25,1.6600,1.6600,1.5900,1.6000,2628800
PAVREIT,2013-03-26,1.6100,1.6100,1.6000,1.6100,1239900
PAVREIT,2013-03-27,1.6100,1.6200,1.6000,1.6000,132600
PAVREIT,2013-03-28,1.6000,1.6100,1.5900,1.6000,533600
PAVREIT,2013-03-29,1.5900,1.6100,1.5900,1.5900,544600
PAVREIT,2013-04-01,1.6000,1.6200,1.6000,1.6200,634300
PAVREIT,2013-04-02,1.6300,1.6300,1.6000,1.6100,1902200
PAVREIT,2013-04-03,1.6100,1.6200,1.5900,1.5900,1224800
PAVREIT,2013-04-04,1.5900,1.5900,1.5700,1.5700,777400
PAVREIT,2013-04-05,1.6000,1.6000,1.5800,1.5900,1347600
PAVREIT,2013-04-08,1.5900,1.6000,1.5800,1.5800,833400
PAVREIT,2013-04-09,1.5900,1.6000,1.5800,1.5800,1812500
PAVREIT,2013-04-10,1.5900,1.6000,1.5800,1.5900,549500
PAVREIT,2013-04-11,1.5900,1.5900,1.5800,1.5800,1185300
PAVREIT,2013-04-12,1.5900,1.6000,1.5800,1.6000,532900
PAVREIT,2013-04-15,1.5800,1.5800,1.5700,1.5700,1064300
PAVREIT,2013-04-16,1.5700,1.5700,1.5500,1.5600,578600
PAVREIT,2013-04-17,1.5600,1.5800,1.5500,1.5800,1236700
PAVREIT,2013-04-18,1.5700,1.5800,1.5600,1.5800,1502700
PAVREIT,2013-04-19,1.5700,1.5800,1.5600,1.5700,550700
PAVREIT,2013-04-22,1.5700,1.5800,1.5700,1.5800,1441100
PAVREIT,2013-04-23,1.5700,1.5800,1.5700,1.5700,660800
PAVREIT,2013-04-24,1.5800,1.6000,1.5800,1.6000,1299200
PAVREIT,2013-04-25,1.5900,1.6300,1.5900,1.6100,2909500
PAVREIT,2013-04-26,1.6100,1.6300,1.6000,1.6200,2185400
PAVREIT,2013-04-29,1.6300,1.6300,1.6000,1.6000,219300
PAVREIT,2013-04-30,1.6100,1.6100,1.5900,1.6000,1392400
PAVREIT,2013-05-02,1.6000,1.6000,1.5900,1.5900,153600
PAVREIT,2013-05-03,1.5800,1.5900,1.5700,1.5800,2404600
PAVREIT,2013-05-06,1.5800,1.6000,1.5600,1.5800,3434800
PAVREIT,2013-05-07,1.5800,1.5800,1.5600,1.5700,3804400
PAVREIT,2013-05-08,1.5700,1.5800,1.5500,1.5600,2776800
PAVREIT,2013-05-09,1.5600,1.5600,1.5300,1.5500,5829000
PAVREIT,2013-05-10,1.5500,1.5600,1.5400,1.5500,2462900
PAVREIT,2013-05-13,1.5500,1.5800,1.5500,1.5600,1962100
PAVREIT,2013-05-14,1.5600,1.5700,1.5500,1.5500,977600
PAVREIT,2013-05-15,1.5600,1.5600,1.5500,1.5600,1950200
PAVREIT,2013-05-16,1.5600,1.5600,1.5500,1.5500,1515000
PAVREIT,2013-05-17,1.5600,1.6000,1.5600,1.5900,2137100
PAVREIT,2013-05-20,1.5900,1.6000,1.5700,1.5800,3697600
PAVREIT,2013-05-21,1.5800,1.6000,1.5800,1.6000,754400
PAVREIT,2013-05-22,1.6000,1.6100,1.5900,1.6000,444200
PAVREIT,2013-05-23,1.6000,1.6100,1.5800,1.5800,1460800
PAVREIT,2013-05-27,1.5800,1.6100,1.5800,1.6000,412500
PAVREIT,2013-05-28,1.6000,1.6000,1.5900,1.6000,807500
PAVREIT,2013-05-29,1.6000,1.6100,1.5900,1.6000,877700
PAVREIT,2013-05-30,1.6000,1.6100,1.5900,1.6000,611600
PAVREIT,2013-05-31,1.6000,1.6000,1.5700,1.5700,658400
PAVREIT,2013-06-03,1.5900,1.5900,1.5700,1.5800,226300
PAVREIT,2013-06-04,1.5900,1.6000,1.5700,1.6000,769700
PAVREIT,2013-06-05,1.6000,1.6000,1.5800,1.5900,337400
PAVREIT,2013-06-06,1.6000,1.6000,1.5600,1.5900,2028900
PAVREIT,2013-06-07,1.5900,1.6100,1.5700,1.6000,2519900
PAVREIT,2013-06-10,1.6100,1.6100,1.5700,1.5800,1832700
PAVREIT,2013-06-11,1.5800,1.6000,1.5700,1.5800,1103300
PAVREIT,2013-06-12,1.5800,1.5900,1.5600,1.5700,2628200
PAVREIT,2013-06-13,1.5800,1.6200,1.5700,1.5800,5112800
PAVREIT,2013-06-14,1.5900,1.6200,1.5900,1.6100,2011100
PAVREIT,2013-06-17,1.6000,1.6200,1.6000,1.6100,1944500
PAVREIT,2013-06-18,1.6100,1.6400,1.6000,1.6000,3171600
PAVREIT,2013-06-19,1.6300,1.6300,1.6100,1.6200,1992400
PAVREIT,2013-06-20,1.6100,1.6200,1.6000,1.6200,4849200
PAVREIT,2013-06-21,1.5900,1.6100,1.5200,1.5200,11404500
PAVREIT,2013-06-24,1.5600,1.5600,1.4600,1.4600,6658100
PAVREIT,2013-06-25,1.4700,1.4900,1.4300,1.4500,4026400
PAVREIT,2013-06-26,1.4600,1.4700,1.4200,1.4400,5917000
PAVREIT,2013-06-27,1.4500,1.5100,1.4500,1.4900,1566000
PAVREIT,2013-06-28,1.5000,1.5200,1.5000,1.5100,708300
PAVREIT,2013-07-01,1.5100,1.5100,1.4700,1.4700,522900
PAVREIT,2013-07-02,1.4800,1.4900,1.4800,1.4800,168200
PAVREIT,2013-07-03,1.4800,1.5300,1.4800,1.5200,1633100
PAVREIT,2013-07-04,1.5200,1.5200,1.5000,1.5000,357500
PAVREIT,2013-07-05,1.5100,1.5200,1.4900,1.5000,656600
PAVREIT,2013-07-08,1.5000,1.5000,1.4600,1.4700,773800
PAVREIT,2013-07-09,1.4700,1.4700,1.4500,1.4600,1585200
PAVREIT,2013-07-10,1.4600,1.4800,1.4600,1.4800,302200
PAVREIT,2013-07-11,1.4700,1.4800,1.4500,1.4500,1126900
PAVREIT,2013-07-12,1.4600,1.4600,1.4300,1.4300,1354200
PAVREIT,2013-07-15,1.4400,1.4400,1.4100,1.4200,2140200
PAVREIT,2013-07-16,1.4200,1.4300,1.4100,1.4100,2084900
PAVREIT,2013-07-17,1.4200,1.4300,1.4000,1.4000,3326400
PAVREIT,2013-07-18,1.4200,1.4200,1.4000,1.4000,1778500
PAVREIT,2013-07-19,1.4000,1.4400,1.4000,1.4200,2696800
PAVREIT,2013-07-22,1.4200,1.4400,1.4200,1.4300,356300
PAVREIT,2013-07-23,1.4400,1.4400,1.3900,1.4000,1886800
PAVREIT,2013-07-24,1.4100,1.4200,1.4100,1.4200,1962300
PAVREIT,2013-07-25,1.4100,1.4200,1.4000,1.4000,2457800
PAVREIT,2013-07-26,1.4000,1.4200,1.4000,1.4200,1169800
PAVREIT,2013-07-29,1.4200,1.4200,1.4100,1.4200,331700
PAVREIT,2013-07-30,1.4200,1.4300,1.4100,1.4300,422300
PAVREIT,2013-07-31,1.4200,1.4400,1.3800,1.4100,2628000
PAVREIT,2013-08-01,1.4000,1.4500,1.4000,1.4500,2900200
PAVREIT,2013-08-02,1.4500,1.4500,1.4300,1.4400,1690100
PAVREIT,2013-08-05,1.4400,1.4400,1.4200,1.4300,1571000
PAVREIT,2013-08-06,1.4200,1.4300,1.4100,1.4100,844200
PAVREIT,2013-08-12,1.3900,1.4000,1.3600,1.3700,3568000
PAVREIT,2013-08-13,1.3800,1.4000,1.3800,1.4000,3046100
PAVREIT,2013-08-14,1.4000,1.4100,1.4000,1.4000,1334300
PAVREIT,2013-08-15,1.4100,1.4300,1.4000,1.4100,2065000
PAVREIT,2013-08-16,1.3900,1.3900,1.3600,1.3600,1347200
PAVREIT,2013-08-19,1.3700,1.3800,1.3600,1.3700,1197300
PAVREIT,2013-08-20,1.3600,1.3700,1.3300,1.3400,1298100
PAVREIT,2013-08-21,1.3400,1.3600,1.3300,1.3300,643800
PAVREIT,2013-08-22,1.3400,1.3500,1.2800,1.2800,3807200
PAVREIT,2013-08-23,1.2900,1.3300,1.2900,1.3200,613800
PAVREIT,2013-08-26,1.3300,1.3300,1.2500,1.2700,5700200
PAVREIT,2013-08-27,1.2600,1.2800,1.2300,1.2400,5302500
PAVREIT,2013-08-28,1.2300,1.2600,1.2000,1.2600,8563200
PAVREIT,2013-08-29,1.2500,1.3000,1.2500,1.2900,1173800
PAVREIT,2013-08-30,1.2900,1.3300,1.2800,1.3200,2100100
PAVREIT,2013-09-02,1.3300,1.3400,1.3100,1.3300,953600
PAVREIT,2013-09-03,1.3400,1.3400,1.3300,1.3400,627000
PAVREIT,2013-09-04,1.3500,1.3500,1.3300,1.3300,991900
PAVREIT,2013-09-05,1.3400,1.3600,1.3400,1.3500,1021600
PAVREIT,2013-09-06,1.3400,1.3500,1.3400,1.3500,279600
PAVREIT,2013-09-09,1.3500,1.3600,1.3400,1.3500,295800
PAVREIT,2013-09-10,1.3600,1.3600,1.3500,1.3500,173100
PAVREIT,2013-09-11,1.3600,1.3600,1.3500,1.3500,330900
PAVREIT,2013-09-12,1.3600,1.3700,1.3500,1.3700,194600
PAVREIT,2013-09-13,1.3600,1.3600,1.3400,1.3500,1170200
PAVREIT,2013-09-17,1.3600,1.3900,1.3600,1.3900,321300
PAVREIT,2013-09-18,1.3900,1.4000,1.3700,1.3900,1777400
PAVREIT,2013-09-19,1.4000,1.4100,1.3900,1.3900,849000
PAVREIT,2013-09-20,1.3900,1.4000,1.3700,1.3700,783600
PAVREIT,2013-09-23,1.3800,1.3900,1.3800,1.3800,72700
PAVREIT,2013-09-24,1.3800,1.3800,1.3600,1.3800,760800
PAVREIT,2013-09-25,1.3600,1.3700,1.3500,1.3600,631700
PAVREIT,2013-09-26,1.3500,1.3600,1.3400,1.3500,611100
PAVREIT,2013-09-27,1.3500,1.3600,1.3400,1.3400,315400
PAVREIT,2013-09-30,1.3500,1.3800,1.3400,1.3600,651900
PAVREIT,2013-10-01,1.3600,1.3700,1.3500,1.3700,272700
PAVREIT,2013-10-02,1.3500,1.3600,1.3400,1.3500,672800
PAVREIT,2013-10-03,1.3500,1.3700,1.3500,1.3700,198600
PAVREIT,2013-10-04,1.3700,1.3800,1.3600,1.3700,203100
PAVREIT,2013-10-07,1.3700,1.3800,1.3600,1.3600,571900
PAVREIT,2013-10-08,1.3600,1.3600,1.3400,1.3500,228700
PAVREIT,2013-10-09,1.3500,1.3600,1.3400,1.3400,533200
PAVREIT,2013-10-10,1.3500,1.3600,1.3500,1.3500,719200
PAVREIT,2013-10-11,1.3600,1.3600,1.3500,1.3600,479800
PAVREIT,2013-10-14,1.3500,1.3600,1.3500,1.3600,144800
PAVREIT,2013-10-16,1.3500,1.3600,1.3500,1.3500,360200
PAVREIT,2013-10-17,1.3500,1.3600,1.3400,1.3400,484100
PAVREIT,2013-10-18,1.3400,1.3500,1.3300,1.3500,261300
PAVREIT,2013-10-21,1.3500,1.3500,1.3300,1.3300,849500
PAVREIT,2013-10-22,1.3400,1.3500,1.3300,1.3400,96700
PAVREIT,2013-10-23,1.3500,1.3500,1.3300,1.3300,396900
PAVREIT,2013-10-24,1.3400,1.3400,1.3200,1.3300,1671000
PAVREIT,2013-10-25,1.3300,1.3300,1.3200,1.3300,1102400
PAVREIT,2013-10-28,1.3300,1.3300,1.3200,1.3300,395000
PAVREIT,2013-10-29,1.3300,1.3300,1.3200,1.3200,755000
PAVREIT,2013-10-30,1.3200,1.3400,1.3200,1.3400,817000
PAVREIT,2013-10-31,1.3400,1.3500,1.3300,1.3500,495100
PAVREIT,2013-11-01,1.3500,1.3500,1.3400,1.3500,277800
PAVREIT,2013-11-04,1.3500,1.3600,1.3400,1.3600,275500
PAVREIT,2013-11-06,1.3600,1.3600,1.3400,1.3600,526900
PAVREIT,2013-11-07,1.3600,1.3800,1.3500,1.3700,864300
PAVREIT,2013-11-08,1.3700,1.3700,1.3400,1.3400,674800
PAVREIT,2013-11-11,1.3400,1.3500,1.3400,1.3400,814300
PAVREIT,2013-11-12,1.3400,1.3500,1.3400,1.3500,132700
PAVREIT,2013-11-13,1.3400,1.3500,1.3400,1.3500,190400
PAVREIT,2013-11-14,1.3500,1.3500,1.3500,1.3500,188300
PAVREIT,2013-11-15,1.3500,1.3500,1.3400,1.3500,57100
PAVREIT,2013-11-18,1.3400,1.3400,1.3200,1.3200,588000
PAVREIT,2013-11-19,1.3300,1.3400,1.3300,1.3300,330500
PAVREIT,2013-11-20,1.3300,1.3300,1.3300,1.3300,361500
PAVREIT,2013-11-21,1.3300,1.3600,1.3300,1.3500,483000
PAVREIT,2013-11-22,1.3400,1.3500,1.3300,1.3300,60800
PAVREIT,2013-11-25,1.3300,1.3300,1.3100,1.3200,482200
PAVREIT,2013-11-26,1.3200,1.3200,1.3000,1.3000,1068900
PAVREIT,2013-11-27,1.3100,1.3300,1.2900,1.3200,1018900
PAVREIT,2013-11-28,1.3100,1.3100,1.3000,1.3000,215000
PAVREIT,2013-11-29,1.3000,1.3100,1.2900,1.2900,308300
PAVREIT,2013-12-02,1.3200,1.3200,1.2900,1.2900,712000
PAVREIT,2013-12-03,1.3000,1.3000,1.2900,1.3000,207100
PAVREIT,2013-12-04,1.3000,1.3100,1.3000,1.3100,167700
PAVREIT,2013-12-05,1.3000,1.3100,1.2800,1.2800,1088400
PAVREIT,2013-12-06,1.2900,1.3000,1.2800,1.3000,837900
PAVREIT,2013-12-09,1.3000,1.3100,1.3000,1.3000,184000
PAVREIT,2013-12-10,1.3000,1.3100,1.3000,1.3100,625100
PAVREIT,2013-12-11,1.3000,1.3000,1.2800,1.3000,1620100
PAVREIT,2013-12-12,1.2800,1.2900,1.2500,1.2500,2213100
PAVREIT,2013-12-13,1.2500,1.2600,1.2500,1.2600,662400
PAVREIT,2013-12-16,1.2600,1.2900,1.2500,1.2800,936300
PAVREIT,2013-12-17,1.2700,1.2800,1.2600,1.2700,1205200
PAVREIT,2013-12-18,1.2600,1.2700,1.2600,1.2600,603000
PAVREIT,2013-12-19,1.2700,1.2700,1.2300,1.2600,849600
PAVREIT,2013-12-20,1.2600,1.2600,1.2300,1.2600,772800
PAVREIT,2013-12-23,1.2500,1.2500,1.2400,1.2500,644300
PAVREIT,2013-12-24,1.2500,1.2500,1.2300,1.2500,783900
PAVREIT,2013-12-26,1.2500,1.2500,1.2300,1.2500,1340300
PAVREIT,2013-12-27,1.2500,1.2600,1.2300,1.2600,990000
PAVREIT,2013-12-30,1.2400,1.2500,1.2400,1.2500,761000
PAVREIT,2013-12-31,1.2500,1.3000,1.2400,1.2800,2193200
PAVREIT,2014-01-02,1.2600,1.3000,1.2600,1.3000,943500
PAVREIT,2014-01-03,1.3000,1.3200,1.2800,1.3200,1017600
PAVREIT,2014-01-06,1.3200,1.3200,1.3000,1.3100,292000
PAVREIT,2014-01-07,1.2900,1.3100,1.2800,1.2900,456400
PAVREIT,2014-01-08,1.2900,1.3000,1.2800,1.2800,513400
PAVREIT,2014-01-09,1.2900,1.2900,1.2700,1.2800,363800
PAVREIT,2014-01-10,1.2700,1.3300,1.2700,1.3200,817100
PAVREIT,2014-01-13,1.3100,1.3300,1.3000,1.3300,373400
PAVREIT,2014-01-15,1.3300,1.3400,1.3000,1.3100,374900
PAVREIT,2014-01-16,1.3100,1.3200,1.2900,1.3200,747600
PAVREIT,2014-01-20,1.3100,1.3200,1.2900,1.2900,1639800
PAVREIT,2014-01-21,1.2900,1.3100,1.2800,1.3000,1810400
PAVREIT,2014-01-22,1.3000,1.3000,1.2700,1.2700,1431700
PAVREIT,2014-01-23,1.2700,1.3200,1.2700,1.3100,932900
PAVREIT,2014-01-24,1.2900,1.3100,1.2900,1.2900,571600
PAVREIT,2014-01-27,1.2900,1.3100,1.2700,1.3100,1113600
PAVREIT,2014-01-28,1.2900,1.3000,1.2700,1.2700,1694200
PAVREIT,2014-01-29,1.2500,1.2800,1.2300,1.2800,1297200
PAVREIT,2014-01-30,1.2500,1.2500,1.2400,1.2500,360600
PAVREIT,2014-02-04,1.2600,1.2800,1.2500,1.2700,1112200
PAVREIT,2014-02-05,1.2500,1.2600,1.2400,1.2400,1288200
PAVREIT,2014-02-06,1.2500,1.2600,1.2300,1.2600,1758900
PAVREIT,2014-02-07,1.2600,1.2700,1.2500,1.2700,365900
PAVREIT,2014-02-10,1.2700,1.2900,1.2700,1.2900,604600
PAVREIT,2014-02-11,1.2900,1.3200,1.2900,1.3200,1444100
PAVREIT,2014-02-12,1.3200,1.3200,1.2700,1.2700,1189400
PAVREIT,2014-02-13,1.2800,1.3000,1.2700,1.3000,1395200
PAVREIT,2014-02-14,1.3000,1.3000,1.2800,1.2800,299900
PAVREIT,2014-02-17,1.2700,1.2900,1.2700,1.2900,304100
PAVREIT,2014-02-18,1.2900,1.3200,1.2900,1.3200,1153700
PAVREIT,2014-02-19,1.3200,1.3400,1.3200,1.3300,1370200
PAVREIT,2014-02-20,1.3300,1.3500,1.3200,1.3400,607000
PAVREIT,2014-02-21,1.3500,1.3600,1.3300,1.3500,1312200
PAVREIT,2014-02-24,1.3500,1.3500,1.3100,1.3500,1113400
PAVREIT,2014-02-25,1.3300,1.3600,1.3300,1.3400,787200
PAVREIT,2014-02-26,1.3400,1.3500,1.3300,1.3300,746700
PAVREIT,2014-02-27,1.3100,1.3200,1.3000,1.3100,179700
PAVREIT,2014-02-28,1.3300,1.3500,1.3200,1.3500,953700
PAVREIT,2014-03-03,1.3400,1.3500,1.3300,1.3300,1031200
PAVREIT,2014-03-04,1.3200,1.3600,1.3200,1.3600,729500
PAVREIT,2014-03-05,1.3600,1.3900,1.3600,1.3900,1073600
PAVREIT,2014-03-06,1.3900,1.4100,1.3900,1.4000,1693800
PAVREIT,2014-03-07,1.4100,1.4300,1.4100,1.4300,1323900
PAVREIT,2014-03-10,1.4300,1.4300,1.4100,1.4200,660500
PAVREIT,2014-03-11,1.4200,1.4200,1.4100,1.4200,967700
PAVREIT,2014-03-12,1.4200,1.4200,1.3900,1.4000,823300
PAVREIT,2014-03-13,1.4000,1.4100,1.3900,1.4000,1052300
PAVREIT,2014-03-14,1.3900,1.4000,1.3800,1.4000,980100
PAVREIT,2014-03-17,1.3900,1.4000,1.3900,1.4000,127900
PAVREIT,2014-03-18,1.4000,1.4000,1.3900,1.3900,927300
PAVREIT,2014-03-19,1.3900,1.3900,1.3900,1.3900,522000
PAVREIT,2014-03-20,1.3900,1.3900,1.3800,1.3900,1008900
PAVREIT,2014-03-21,1.3900,1.3900,1.3300,1.3300,2035100
PAVREIT,2014-03-24,1.3400,1.3400,1.3000,1.3100,1933400
PAVREIT,2014-03-25,1.3100,1.3200,1.2800,1.3100,1328700
PAVREIT,2014-03-26,1.3100,1.3100,1.2900,1.2900,1343200
PAVREIT,2014-03-27,1.3000,1.3100,1.2900,1.3000,1094500
PAVREIT,2014-03-28,1.3000,1.3200,1.3000,1.3200,164900
PAVREIT,2014-03-31,1.3000,1.3100,1.3000,1.3100,719400
PAVREIT,2014-04-01,1.3000,1.3500,1.3000,1.3500,747000
PAVREIT,2014-04-02,1.3500,1.3500,1.3500,1.3500,235900
PAVREIT,2014-04-03,1.3400,1.3700,1.3400,1.3700,257100
PAVREIT,2014-04-04,1.3700,1.3700,1.3600,1.3700,124900
PAVREIT,2014-04-07,1.3700,1.3700,1.3700,1.3700,7100
PAVREIT,2014-04-08,1.3500,1.3500,1.3400,1.3400,166200
PAVREIT,2014-04-09,1.3400,1.3400,1.3000,1.3100,2272400
PAVREIT,2014-04-10,1.3100,1.3100,1.2900,1.2900,1588800
PAVREIT,2014-04-11,1.3000,1.3100,1.2900,1.3000,1590100
PAVREIT,2014-04-14,1.3100,1.3300,1.3100,1.3100,283100
PAVREIT,2014-04-15,1.3200,1.3200,1.3100,1.3100,271200
PAVREIT,2014-04-16,1.3200,1.3300,1.3100,1.3300,428700
PAVREIT,2014-04-17,1.3300,1.3300,1.3200,1.3300,161300
PAVREIT,2014-04-18,1.3200,1.3200,1.3100,1.3200,81800
PAVREIT,2014-04-21,1.3200,1.3300,1.3100,1.3300,281000
PAVREIT,2014-04-22,1.3300,1.3500,1.3200,1.3500,616200
PAVREIT,2014-04-23,1.3500,1.3900,1.3500,1.3900,1213400
PAVREIT,2014-04-24,1.3700,1.3900,1.3700,1.3900,742200
PAVREIT,2014-04-25,1.3800,1.3900,1.3800,1.3800,609400
PAVREIT,2014-04-28,1.3800,1.3900,1.3600,1.3600,63400
PAVREIT,2014-04-29,1.3600,1.3700,1.3600,1.3600,572500
PAVREIT,2014-04-30,1.3600,1.3600,1.3500,1.3600,408400
PAVREIT,2014-05-02,1.3600,1.3700,1.3600,1.3700,51100
PAVREIT,2014-05-05,1.3600,1.3900,1.3500,1.3700,221800
PAVREIT,2014-05-06,1.3700,1.3700,1.3700,1.3700,2354700
PAVREIT,2014-05-07,1.3700,1.3700,1.3600,1.3600,208500
PAVREIT,2014-05-08,1.3500,1.3700,1.3500,1.3700,2097900
PAVREIT,2014-05-09,1.3700,1.3800,1.3700,1.3700,161000
PAVREIT,2014-05-12,1.3700,1.3800,1.3600,1.3800,955500
PAVREIT,2014-05-14,1.3700,1.3800,1.3700,1.3700,313100
PAVREIT,2014-05-15,1.3700,1.3700,1.3700,1.3700,1308000
PAVREIT,2014-05-16,1.3700,1.3900,1.3700,1.3800,666800
PAVREIT,2014-05-19,1.3800,1.4000,1.3800,1.4000,197300
PAVREIT,2014-05-20,1.4000,1.4000,1.3700,1.3900,2628900
PAVREIT,2014-05-21,1.3700,1.3800,1.3700,1.3700,210500
PAVREIT,2014-05-22,1.3800,1.3900,1.3800,1.3800,1458400
PAVREIT,2014-05-23,1.3800,1.3900,1.3800,1.3900,509000
PAVREIT,2014-05-26,1.3900,1.3900,1.3700,1.3900,286700
PAVREIT,2014-05-27,1.3800,1.3800,1.3700,1.3800,235100
PAVREIT,2014-05-28,1.3700,1.3800,1.3700,1.3700,271900
PAVREIT,2014-05-29,1.3600,1.3700,1.3600,1.3600,33000
PAVREIT,2014-05-30,1.3700,1.3800,1.3600,1.3800,348900
PAVREIT,2014-06-02,1.3800,1.4000,1.3800,1.3900,700300
PAVREIT,2014-06-03,1.3800,1.3800,1.3700,1.3700,179200
PAVREIT,2014-06-04,1.3700,1.3800,1.3700,1.3700,483800
PAVREIT,2014-06-05,1.3700,1.3700,1.3600,1.3600,214300
PAVREIT,2014-06-06,1.3700,1.3800,1.3600,1.3800,58800
PAVREIT,2014-06-09,1.3700,1.3800,1.3700,1.3700,2318200
PAVREIT,2014-06-10,1.3700,1.3700,1.3600,1.3700,104000
PAVREIT,2014-06-11,1.3700,1.3800,1.3600,1.3700,2474500
PAVREIT,2014-06-12,1.3600,1.3700,1.3600,1.3700,2157700
PAVREIT,2014-06-13,1.3600,1.3700,1.3600,1.3700,134600
PAVREIT,2014-06-16,1.3700,1.3700,1.3600,1.3700,288000
PAVREIT,2014-06-17,1.3600,1.3800,1.3600,1.3700,2159500
PAVREIT,2014-06-18,1.3700,1.3700,1.3600,1.3700,444000
PAVREIT,2014-06-19,1.3700,1.3700,1.3600,1.3700,759700
PAVREIT,2014-06-20,1.3700,1.3700,1.3500,1.3500,841200
PAVREIT,2014-06-23,1.3500,1.3900,1.3500,1.3900,529800
PAVREIT,2014-06-24,1.3800,1.3900,1.3600,1.3900,1163800
PAVREIT,2014-06-25,1.3700,1.3800,1.3700,1.3700,2706000
PAVREIT,2014-06-26,1.3700,1.3800,1.3400,1.3400,2056800
PAVREIT,2014-06-27,1.3500,1.3600,1.3300,1.3300,1130000
PAVREIT,2014-06-30,1.3400,1.3600,1.3300,1.3500,1330600
PAVREIT,2014-07-01,1.3500,1.3600,1.3500,1.3600,42200
PAVREIT,2014-07-02,1.3500,1.3700,1.3400,1.3500,1323200
PAVREIT,2014-07-03,1.3600,1.3700,1.3600,1.3700,640200
PAVREIT,2014-07-04,1.3600,1.3700,1.3600,1.3700,508200
PAVREIT,2014-07-07,1.3600,1.3800,1.3500,1.3600,1567800
PAVREIT,2014-07-08,1.3600,1.3600,1.3400,1.3400,1685100
PAVREIT,2014-07-09,1.3600,1.3700,1.3500,1.3600,2104700
PAVREIT,2014-07-10,1.3600,1.3600,1.3500,1.3500,1426300
PAVREIT,2014-07-11,1.3500,1.3700,1.3400,1.3400,1247300
PAVREIT,2014-07-14,1.3500,1.3600,1.3400,1.3500,371700
PAVREIT,2014-07-16,1.3500,1.3700,1.3400,1.3500,1710800
PAVREIT,2014-07-17,1.3500,1.3700,1.3500,1.3600,2270600
PAVREIT,2014-07-18,1.3600,1.3700,1.3600,1.3600,920000
PAVREIT,2014-07-21,1.3700,1.3800,1.3600,1.3800,935700
PAVREIT,2014-07-22,1.3800,1.4000,1.3800,1.4000,874600
PAVREIT,2014-07-23,1.4000,1.4100,1.3900,1.4000,1866500
PAVREIT,2014-07-24,1.4000,1.4000,1.3900,1.4000,351900
PAVREIT,2014-07-25,1.3900,1.3900,1.3800,1.3800,196100
PAVREIT,2014-07-30,1.3900,1.4000,1.3900,1.3900,296100
PAVREIT,2014-07-31,1.3900,1.4000,1.3800,1.3900,389300
PAVREIT,2014-08-01,1.3600,1.3600,1.3500,1.3600,530300
PAVREIT,2014-08-04,1.3500,1.3600,1.3500,1.3600,211000
PAVREIT,2014-08-05,1.3700,1.3800,1.3600,1.3800,413900
PAVREIT,2014-08-06,1.3700,1.3700,1.3600,1.3600,115200
PAVREIT,2014-08-07,1.3600,1.3700,1.3500,1.3700,130300
PAVREIT,2014-08-08,1.3700,1.3700,1.3500,1.3700,507400
PAVREIT,2014-08-11,1.3600,1.3700,1.3600,1.3700,351300
PAVREIT,2014-08-12,1.3700,1.3800,1.3700,1.3800,392800
PAVREIT,2014-08-13,1.3800,1.4000,1.3700,1.4000,846000
PAVREIT,2014-08-14,1.3900,1.4000,1.3900,1.4000,579800
PAVREIT,2014-08-15,1.4000,1.4000,1.3900,1.4000,245900
PAVREIT,2014-08-18,1.3800,1.3900,1.3800,1.3900,250100
PAVREIT,2014-08-20,1.3900,1.4000,1.3800,1.3800,530500
PAVREIT,2014-08-21,1.3800,1.4000,1.3800,1.3900,254000
PAVREIT,2014-08-22,1.4000,1.4000,1.3700,1.3700,433300
PAVREIT,2014-08-25,1.3800,1.3900,1.3800,1.3900,514000
PAVREIT,2014-08-26,1.3800,1.3900,1.3800,1.3900,584500
PAVREIT,2014-08-27,1.3900,1.3900,1.3800,1.3900,600900
PAVREIT,2014-08-28,1.3900,1.4200,1.3900,1.4100,1086600
PAVREIT,2014-08-29,1.3900,1.4000,1.3800,1.3900,311000
PAVREIT,2014-09-02,1.3900,1.4000,1.3800,1.3900,169000
PAVREIT,2014-09-03,1.3900,1.4000,1.3700,1.3900,398300
PAVREIT,2014-09-04,1.3900,1.4000,1.3800,1.4000,1351900
PAVREIT,2014-09-05,1.4000,1.4000,1.3900,1.4000,293800
PAVREIT,2014-09-08,1.4000,1.4000,1.3900,1.4000,1597600
PAVREIT,2014-09-09,1.4000,1.4100,1.3900,1.4000,1140300
PAVREIT,2014-09-10,1.3900,1.4000,1.3900,1.3900,721700
PAVREIT,2014-09-11,1.3900,1.3900,1.3700,1.3800,1106700
PAVREIT,2014-09-12,1.3800,1.4000,1.3800,1.3800,1944600
PAVREIT,2014-09-15,1.3800,1.3800,1.3800,1.3800,1135100
PAVREIT,2014-09-17,1.3800,1.4000,1.3800,1.4000,567600
PAVREIT,2014-09-18,1.3900,1.4000,1.3800,1.3800,982300
PAVREIT,2014-09-19,1.3800,1.3800,1.3700,1.3800,626000
PAVREIT,2014-09-22,1.3900,1.4000,1.3900,1.4000,699400
PAVREIT,2014-09-23,1.3800,1.4000,1.3800,1.4000,445600
PAVREIT,2014-09-24,1.4000,1.4500,1.4000,1.4400,1715900
PAVREIT,2014-09-25,1.4400,1.4500,1.4200,1.4200,956900
PAVREIT,2014-09-26,1.4200,1.4400,1.4200,1.4300,145800
PAVREIT,2014-09-29,1.4300,1.4300,1.4300,1.4300,803300
PAVREIT,2014-09-30,1.4300,1.4600,1.4300,1.4600,1447400
PAVREIT,2014-10-01,1.4400,1.4500,1.4400,1.4400,712400
PAVREIT,2014-10-02,1.4300,1.4400,1.4300,1.4400,1026600
PAVREIT,2014-10-03,1.4400,1.4400,1.4300,1.4300,153400
PAVREIT,2014-10-07,1.4400,1.4500,1.4300,1.4500,2742000
PAVREIT,2014-10-08,1.4400,1.4600,1.4300,1.4500,1383100
PAVREIT,2014-10-09,1.4500,1.4600,1.4400,1.4600,1051100
PAVREIT,2014-10-10,1.4500,1.4500,1.4400,1.4500,1332800
PAVREIT,2014-10-13,1.4500,1.4500,1.4400,1.4500,1234500
PAVREIT,2014-10-14,1.4300,1.4500,1.4300,1.4500,1127200
PAVREIT,2014-10-15,1.4500,1.4500,1.4400,1.4500,1602900
PAVREIT,2014-10-16,1.4400,1.4500,1.4200,1.4400,897600
PAVREIT,2014-10-17,1.4400,1.4500,1.4100,1.4300,551800
PAVREIT,2014-10-20,1.4300,1.4600,1.4100,1.4500,1142800
PAVREIT,2014-10-21,1.4500,1.4700,1.4400,1.4700,2232100
PAVREIT,2014-10-24,1.4600,1.4700,1.4500,1.4700,530200
PAVREIT,2014-10-27,1.4600,1.4700,1.4500,1.4700,1085500
PAVREIT,2014-10-28,1.4700,1.4800,1.4600,1.4700,1774200
PAVREIT,2014-10-29,1.4700,1.4800,1.4700,1.4800,1001000
PAVREIT,2014-10-30,1.4700,1.4900,1.4700,1.4800,2556000
PAVREIT,2014-10-31,1.4900,1.5100,1.4800,1.5000,3012300
PAVREIT,2014-11-03,1.5000,1.5300,1.5000,1.5300,941300
PAVREIT,2014-11-04,1.5300,1.5300,1.4900,1.4900,650300
PAVREIT,2014-11-05,1.4900,1.5000,1.4900,1.5000,348400
PAVREIT,2014-11-06,1.5000,1.5000,1.4900,1.5000,186800
PAVREIT,2014-11-07,1.5000,1.5000,1.4900,1.5000,243200
PAVREIT,2014-11-10,1.4900,1.5100,1.4900,1.5000,730900
PAVREIT,2014-11-11,1.4900,1.5000,1.4900,1.4900,388800
PAVREIT,2014-11-12,1.4900,1.5000,1.4900,1.4900,1211300
PAVREIT,2014-11-13,1.5000,1.5200,1.4900,1.5000,2300200
PAVREIT,2014-11-14,1.5000,1.5000,1.4900,1.4900,127400
PAVREIT,2014-11-17,1.4900,1.4900,1.4800,1.4900,759800
PAVREIT,2014-11-18,1.4800,1.4900,1.4600,1.4800,794100
PAVREIT,2014-11-19,1.4800,1.4900,1.4700,1.4800,1873300
PAVREIT,2014-11-20,1.4700,1.4800,1.4700,1.4800,593700
PAVREIT,2014-11-21,1.4800,1.5000,1.4700,1.5000,553800
PAVREIT,2014-11-24,1.4900,1.5000,1.4900,1.4900,27400
PAVREIT,2014-11-25,1.4900,1.5200,1.4900,1.5200,305700
PAVREIT,2014-11-26,1.5100,1.5100,1.4900,1.5100,78900
PAVREIT,2014-11-27,1.5000,1.5000,1.4900,1.5000,7100
PAVREIT,2014-11-28,1.5000,1.5000,1.4700,1.4700,83800
PAVREIT,2014-12-01,1.4700,1.4700,1.4200,1.4400,507400
PAVREIT,2014-12-02,1.4300,1.4400,1.3900,1.4400,1468100
PAVREIT,2014-12-03,1.4400,1.4400,1.4100,1.4200,540300
PAVREIT,2014-12-04,1.4200,1.4400,1.4200,1.4400,616500
PAVREIT,2014-12-05,1.4300,1.4400,1.4200,1.4200,192900
PAVREIT,2014-12-08,1.4400,1.4400,1.4100,1.4100,281000
PAVREIT,2014-12-09,1.4100,1.4100,1.3900,1.4000,523700
PAVREIT,2014-12-10,1.4000,1.4200,1.3900,1.4000,557100
PAVREIT,2014-12-11,1.4000,1.4000,1.3800,1.3800,319600
PAVREIT,2014-12-12,1.3800,1.3900,1.3700,1.3800,334900
PAVREIT,2014-12-15,1.3700,1.3700,1.3400,1.3500,657200
PAVREIT,2014-12-16,1.3600,1.3800,1.3400,1.3800,567500
PAVREIT,2014-12-17,1.3600,1.4000,1.3600,1.4000,192500
PAVREIT,2014-12-18,1.3900,1.4000,1.3800,1.3900,267200
PAVREIT,2014-12-19,1.4000,1.4400,1.4000,1.4400,475000
PAVREIT,2014-12-22,1.4300,1.4700,1.4300,1.4700,490200
PAVREIT,2014-12-23,1.4500,1.4700,1.4500,1.4700,464500
PAVREIT,2014-12-24,1.3600,1.4500,1.3600,1.4500,67900
PAVREIT,2014-12-26,1.4600,1.4600,1.4500,1.4500,55500
PAVREIT,2014-12-29,1.4300,1.4500,1.4300,1.4500,465000
PAVREIT,2014-12-30,1.4400,1.4400,1.3900,1.4200,623000
PAVREIT,2014-12-31,1.4300,1.4600,1.4300,1.4600,577000
PAVREIT,2015-01-02,1.4400,1.4600,1.4400,1.4600,234200
PAVREIT,2015-01-05,1.4600,1.4600,1.4500,1.4500,683400
PAVREIT,2015-01-06,1.4400,1.4500,1.4300,1.4500,900700
PAVREIT,2015-01-07,1.4500,1.4500,1.4300,1.4400,427300
PAVREIT,2015-01-08,1.4400,1.4400,1.4300,1.4400,1029800
PAVREIT,2015-01-09,1.4400,1.4400,1.4100,1.4100,447100
PAVREIT,2015-01-12,1.4100,1.4700,1.4100,1.4700,621300
PAVREIT,2015-01-13,1.4600,1.4700,1.4400,1.4600,832300
PAVREIT,2015-01-14,1.4400,1.4700,1.4400,1.4700,1408400
PAVREIT,2015-01-15,1.4600,1.4700,1.4600,1.4600,896300
PAVREIT,2015-01-16,1.4700,1.4900,1.4700,1.4800,1027800
PAVREIT,2015-01-19,1.4900,1.4900,1.4600,1.4600,1236500
PAVREIT,2015-01-20,1.4600,1.4800,1.4600,1.4700,510900
PAVREIT,2015-01-21,1.4800,1.4800,1.4700,1.4700,493200
PAVREIT,2015-01-22,1.4700,1.4800,1.4700,1.4700,1561300
PAVREIT,2015-01-23,1.4700,1.5600,1.4700,1.5600,3799200
PAVREIT,2015-01-26,1.5200,1.6300,1.5200,1.6100,8290700
PAVREIT,2015-01-27,1.5600,1.5600,1.4800,1.4800,772600
PAVREIT,2015-01-28,1.4700,1.4700,1.4400,1.4500,671000
PAVREIT,2015-01-29,1.4600,1.4900,1.4600,1.4900,567300
PAVREIT,2015-01-30,1.4900,1.5500,1.4900,1.5500,350500
PAVREIT,2015-02-04,1.5400,1.5400,1.4800,1.4800,123200
PAVREIT,2015-02-05,1.4900,1.5000,1.4600,1.4800,470800
PAVREIT,2015-02-06,1.4800,1.4800,1.4600,1.4600,117800
PAVREIT,2015-02-09,1.4600,1.4700,1.4500,1.4700,551100
PAVREIT,2015-02-10,1.4700,1.4700,1.4500,1.4600,267300
PAVREIT,2015-02-11,1.4600,1.4600,1.4400,1.4600,1088900
PAVREIT,2015-02-12,1.4600,1.4700,1.4600,1.4600,836400
PAVREIT,2015-02-13,1.4600,1.4600,1.4500,1.4600,238400
PAVREIT,2015-02-16,1.4600,1.4600,1.4500,1.4600,650500
PAVREIT,2015-02-17,1.4700,1.4800,1.4600,1.4600,1099900
PAVREIT,2015-02-18,1.4900,1.4900,1.4600,1.4700,20800
PAVREIT,2015-02-23,1.4700,1.4800,1.4600,1.4700,1264300
PAVREIT,2015-02-24,1.4600,1.4900,1.4600,1.4800,714700
PAVREIT,2015-02-25,1.4800,1.5200,1.4800,1.5200,566900
PAVREIT,2015-02-26,1.5100,1.5100,1.5000,1.5000,2002000
PAVREIT,2015-02-27,1.5000,1.5100,1.4900,1.5000,65700
PAVREIT,2015-03-02,1.5000,1.5300,1.4900,1.5300,208500
PAVREIT,2015-03-03,1.5200,1.5300,1.4900,1.5200,1652900
PAVREIT,2015-03-04,1.5200,1.5200,1.5100,1.5100,1132400
PAVREIT,2015-03-05,1.5000,1.5100,1.4800,1.4800,1995800
PAVREIT,2015-03-06,1.4900,1.4900,1.4900,1.4900,638100
PAVREIT,2015-03-09,1.4800,1.5000,1.4800,1.5000,643000
PAVREIT,2015-03-10,1.4900,1.5200,1.4900,1.5200,157400
PAVREIT,2015-03-11,1.5100,1.5200,1.4900,1.4900,2269800
PAVREIT,2015-03-12,1.4800,1.5100,1.4800,1.5100,1594400
PAVREIT,2015-03-13,1.5000,1.5000,1.4900,1.4900,176100
PAVREIT,2015-03-16,1.4900,1.4900,1.4700,1.4800,1402600
PAVREIT,2015-03-17,1.4900,1.4900,1.4700,1.4700,670200
PAVREIT,2015-03-18,1.4800,1.4900,1.4700,1.4700,1177300
PAVREIT,2015-03-19,1.4800,1.5000,1.4800,1.4900,1203000
PAVREIT,2015-03-20,1.4900,1.4900,1.4000,1.4000,1474200
PAVREIT,2015-03-23,1.4600,1.5200,1.4500,1.5200,1170200
PAVREIT,2015-03-24,1.5100,1.5200,1.5100,1.5100,587600
PAVREIT,2015-03-25,1.5000,1.5100,1.4800,1.5000,1147500
PAVREIT,2015-03-26,1.5100,1.5200,1.5100,1.5100,362900
PAVREIT,2015-03-27,1.5000,1.5200,1.5000,1.5100,56500
PAVREIT,2015-03-30,1.5100,1.5200,1.5000,1.5100,199600
PAVREIT,2015-03-31,1.5200,1.5300,1.5100,1.5300,149200
PAVREIT,2015-04-01,1.5100,1.5200,1.5000,1.5100,838200
PAVREIT,2015-04-02,1.5100,1.5200,1.5100,1.5200,44700
PAVREIT,2015-04-03,1.5200,1.5300,1.5200,1.5200,318400
PAVREIT,2015-04-06,1.5200,1.5500,1.5200,1.5200,353800
PAVREIT,2015-04-07,1.5300,1.5700,1.5300,1.5600,655700
PAVREIT,2015-04-08,1.5600,1.5700,1.5300,1.5300,348600
PAVREIT,2015-04-09,1.5300,1.5600,1.5300,1.5600,92000
PAVREIT,2015-04-10,1.5500,1.5600,1.5500,1.5500,20900
PAVREIT,2015-04-13,1.5600,1.5600,1.5500,1.5600,130500
PAVREIT,2015-04-14,1.5600,1.5600,1.5500,1.5600,40000
PAVREIT,2015-04-15,1.5500,1.5500,1.5400,1.5400,669100
PAVREIT,2015-04-16,1.5500,1.5500,1.5300,1.5500,280600
PAVREIT,2015-04-17,1.5500,1.5600,1.5400,1.5600,84100
PAVREIT,2015-04-20,1.5700,1.5700,1.5600,1.5700,360000
PAVREIT,2015-04-21,1.5700,1.5700,1.5500,1.5600,275000
PAVREIT,2015-04-22,1.5700,1.5800,1.5600,1.5700,532600
PAVREIT,2015-04-23,1.5800,1.5900,1.5700,1.5800,417900
PAVREIT,2015-04-24,1.5600,1.5800,1.5500,1.5600,789200
PAVREIT,2015-04-27,1.5600,1.5700,1.5600,1.5700,22900
PAVREIT,2015-04-28,1.5600,1.5700,1.5500,1.5600,294100
PAVREIT,2015-04-29,1.5700,1.5700,1.5500,1.5600,50700
PAVREIT,2015-04-30,1.5600,1.5700,1.5500,1.5600,358100
PAVREIT,2015-05-05,1.5600,1.5900,1.5400,1.5500,306800
PAVREIT,2015-05-06,1.5600,1.5700,1.5400,1.5700,363000
PAVREIT,2015-05-07,1.5600,1.5600,1.5400,1.5400,894300
PAVREIT,2015-05-08,1.5400,1.5400,1.5300,1.5300,66300
PAVREIT,2015-05-11,1.5600,1.5600,1.5300,1.5300,129700
PAVREIT,2015-05-12,1.5500,1.5600,1.5300,1.5600,68700
PAVREIT,2015-05-13,1.5600,1.5600,1.5300,1.5300,82800
PAVREIT,2015-05-14,1.5400,1.5600,1.5300,1.5600,77600
PAVREIT,2015-05-15,1.5300,1.5600,1.5300,1.5500,24300
PAVREIT,2015-05-18,1.5600,1.5600,1.5400,1.5500,605700
PAVREIT,2015-05-19,1.5400,1.5600,1.5400,1.5500,347700
PAVREIT,2015-05-20,1.5500,1.5700,1.5500,1.5500,126600
PAVREIT,2015-05-21,1.5600,1.5700,1.5400,1.5400,259800
PAVREIT,2015-05-25,1.5400,1.5400,1.5300,1.5400,238200
PAVREIT,2015-05-27,1.5300,1.5300,1.5200,1.5200,241100
PAVREIT,2015-05-29,1.5300,1.5400,1.5200,1.5400,596600
PAVREIT,2015-06-01,1.5500,1.5600,1.5500,1.5600,550000
PAVREIT,2015-06-04,1.5500,1.5500,1.5200,1.5300,1396800
PAVREIT,2015-06-05,1.5200,1.5200,1.5100,1.5100,346200
PAVREIT,2015-06-08,1.5200,1.5300,1.5100,1.5300,177100
PAVREIT,2015-06-09,1.5300,1.5300,1.5000,1.5100,1064600
PAVREIT,2015-06-15,1.5100,1.5200,1.5000,1.5100,352200
PAVREIT,2015-06-16,1.5000,1.5100,1.4900,1.5000,1278800
PAVREIT,2015-06-17,1.5200,1.5300,1.5100,1.5300,1575400
PAVREIT,2015-06-18,1.5300,1.5300,1.5100,1.5100,107300
PAVREIT,2015-06-23,1.5300,1.5300,1.5000,1.5300,97500
PAVREIT,2015-07-10,1.5200,1.5200,1.5100,1.5100,327000
PAVREIT,2015-07-13,1.5100,1.5200,1.4900,1.5200,556700
PAVREIT,2015-07-14,1.5200,1.5200,1.5100,1.5200,2315600
PAVREIT,2015-07-22,1.5100,1.5200,1.5100,1.5200,14700
PAVREIT,2015-07-24,1.5100,1.5200,1.5000,1.5100,128700
PAVREIT,2015-07-29,1.5100,1.5500,1.5000,1.5500,1599700
PAVREIT,2015-08-04,1.5500,1.5500,1.5400,1.5500,68100
PAVREIT,2015-08-05,1.5500,1.5500,1.5400,1.5500,427400
PAVREIT,2015-08-07,1.5200,1.5400,1.5200,1.5300,72200
PAVREIT,2015-08-12,1.4800,1.4800,1.4400,1.4400,1177500
PAVREIT,2015-08-13,1.4400,1.5200,1.4300,1.5200,1256800
PAVREIT,2015-08-14,1.4800,1.5000,1.4800,1.5000,1126100
PAVREIT,2015-08-17,1.4900,1.4900,1.4700,1.4900,1625800
PAVREIT,2015-08-18,1.4800,1.4900,1.4700,1.4900,932700
PAVREIT,2015-08-19,1.4900,1.5000,1.4800,1.4900,1655600
PAVREIT,2015-08-20,1.4900,1.5000,1.4900,1.4900,2660900
PAVREIT,2015-08-21,1.4900,1.5000,1.4700,1.4900,1158700
PAVREIT,2015-08-24,1.4700,1.4700,1.4600,1.4700,1681300
PAVREIT,2015-08-25,1.4600,1.5000,1.4400,1.4900,2695100
PAVREIT,2015-08-26,1.4800,1.5100,1.4800,1.5000,1734900
PAVREIT,2015-08-27,1.4900,1.5800,1.4900,1.5800,2132400
PAVREIT,2015-08-28,1.5100,1.5100,1.5000,1.5100,626000
PAVREIT,2015-09-01,1.5100,1.5400,1.5000,1.5400,799600
PAVREIT,2015-09-02,1.5300,1.5300,1.4700,1.5000,1365800
PAVREIT,2015-09-03,1.5000,1.5000,1.4400,1.4400,3662400
PAVREIT,2015-09-04,1.4500,1.4700,1.4500,1.4600,1129200
PAVREIT,2015-09-07,1.4500,1.4600,1.4500,1.4600,4681900
PAVREIT,2015-09-08,1.4500,1.4600,1.3900,1.4500,3636100
PAVREIT,2015-09-09,1.4500,1.5200,1.4500,1.5200,1045400
PAVREIT,2015-09-10,1.5100,1.5200,1.4700,1.5200,1138200
PAVREIT,2015-09-11,1.4900,1.5200,1.4900,1.5200,181400
PAVREIT,2015-09-14,1.5200,1.5500,1.5100,1.5300,667900
PAVREIT,2015-09-15,1.5100,1.5300,1.5000,1.5100,771400
PAVREIT,2015-09-17,1.5000,1.5500,1.5000,1.5500,499000
PAVREIT,2015-09-18,1.5000,1.5500,1.5000,1.5500,441100
PAVREIT,2015-09-21,1.5100,1.5400,1.5100,1.5300,372500
PAVREIT,2015-09-22,1.5400,1.5500,1.5100,1.5500,75900
PAVREIT,2015-09-23,1.5400,1.5400,1.5200,1.5200,33400
PAVREIT,2015-09-25,1.5300,1.5500,1.5100,1.5500,147300
PAVREIT,2015-09-28,1.5300,1.5500,1.5100,1.5500,243500
PAVREIT,2015-09-29,1.5100,1.5200,1.5000,1.5200,106100
PAVREIT,2015-09-30,1.5100,1.5200,1.4900,1.5000,229600
PAVREIT,2015-10-01,1.5000,1.5000,1.4700,1.5000,619000
PAVREIT,2015-10-02,1.4800,1.4800,1.4700,1.4800,1644800
PAVREIT,2015-10-05,1.5000,1.5000,1.4800,1.5000,805600
PAVREIT,2015-10-06,1.4800,1.5100,1.4800,1.5100,568500
PAVREIT,2015-10-07,1.5000,1.5200,1.4900,1.5100,993500
PAVREIT,2015-10-08,1.5100,1.5200,1.5100,1.5200,385800
PAVREIT,2015-10-09,1.5100,1.5200,1.5100,1.5100,96600
PAVREIT,2015-10-12,1.5300,1.5300,1.5000,1.5100,422500
PAVREIT,2015-10-13,1.5200,1.5200,1.5000,1.5100,353300
PAVREIT,2015-10-16,1.5100,1.5300,1.5000,1.5200,108800
PAVREIT,2015-10-19,1.5200,1.5200,1.5000,1.5100,1123600
PAVREIT,2015-10-20,1.5100,1.5300,1.5000,1.5200,337100
PAVREIT,2015-10-21,1.5200,1.5300,1.5100,1.5200,610000
PAVREIT,2015-10-22,1.5200,1.5600,1.5100,1.5600,1097800
PAVREIT,2015-10-23,1.5500,1.5500,1.5100,1.5300,868400
PAVREIT,2015-10-26,1.5100,1.5300,1.5000,1.5300,1286400
PAVREIT,2015-10-27,1.5100,1.5300,1.5000,1.5100,1515600
PAVREIT,2015-10-28,1.5100,1.5400,1.5100,1.5200,1003500
PAVREIT,2015-10-29,1.5300,1.5400,1.5100,1.5100,1377200
PAVREIT,2015-10-30,1.5200,1.5200,1.5100,1.5100,187300
PAVREIT,2015-11-02,1.5100,1.5100,1.5000,1.5100,94900
PAVREIT,2015-11-03,1.5100,1.5200,1.5000,1.5100,1504400
PAVREIT,2015-11-04,1.5100,1.5500,1.5000,1.5300,731900
PAVREIT,2015-11-05,1.5300,1.5300,1.5200,1.5300,1982700
PAVREIT,2015-11-06,1.5300,1.5300,1.5100,1.5100,433100
PAVREIT,2015-11-09,1.5100,1.5100,1.5000,1.5000,1031400
PAVREIT,2015-11-11,1.5000,1.5000,1.4800,1.4900,1913100
PAVREIT,2015-11-12,1.4900,1.4900,1.4800,1.4900,1602900
PAVREIT,2015-11-13,1.4900,1.4900,1.4600,1.4700,1836200
PAVREIT,2015-11-16,1.4700,1.5000,1.4700,1.4800,1756700
PAVREIT,2015-11-17,1.4900,1.5000,1.4800,1.4900,2062700
PAVREIT,2015-11-18,1.5000,1.5100,1.5000,1.5100,1363500
PAVREIT,2015-11-19,1.5100,1.5200,1.5000,1.5100,570000
PAVREIT,2015-11-20,1.5100,1.5300,1.5100,1.5200,366700
PAVREIT,2015-11-23,1.5200,1.5200,1.5000,1.5200,1014000
PAVREIT,2015-11-24,1.5100,1.5500,1.5100,1.5400,1020200
PAVREIT,2015-11-25,1.5200,1.5600,1.5200,1.5600,1204300
PAVREIT,2015-11-26,1.5400,1.5600,1.5100,1.5100,1540200
PAVREIT,2015-11-27,1.5200,1.5400,1.5200,1.5300,43400
PAVREIT,2015-11-30,1.5400,1.5500,1.5300,1.5300,629200
PAVREIT,2015-12-01,1.5400,1.5500,1.5200,1.5200,1538500
PAVREIT,2015-12-02,1.5200,1.5700,1.5200,1.5700,985500
PAVREIT,2015-12-03,1.5700,1.5700,1.5400,1.5500,197300
PAVREIT,2015-12-04,1.5300,1.5700,1.5300,1.5500,1644800
PAVREIT,2015-12-07,1.5600,1.5600,1.5400,1.5600,413800
PAVREIT,2015-12-08,1.5300,1.5500,1.5100,1.5200,531500
PAVREIT,2015-12-09,1.5300,1.5400,1.5100,1.5400,265600
PAVREIT,2015-12-10,1.5200,1.5400,1.5100,1.5400,297000
PAVREIT,2015-12-11,1.5400,1.5500,1.5400,1.5500,146300
PAVREIT,2015-12-14,1.5300,1.5600,1.4900,1.5200,253400
PAVREIT,2015-12-15,1.5100,1.5400,1.5100,1.5200,144000
PAVREIT,2015-12-16,1.5300,1.5300,1.4900,1.5000,462300
PAVREIT,2015-12-17,1.5100,1.5200,1.5000,1.5100,501400
PAVREIT,2015-12-18,1.5000,1.5300,1.4800,1.4800,579700
PAVREIT,2015-12-21,1.4900,1.4900,1.4600,1.4700,403900
PAVREIT,2015-12-22,1.4800,1.4900,1.4700,1.4700,842700
PAVREIT,2015-12-23,1.4800,1.5000,1.4800,1.4900,579500
PAVREIT,2015-12-28,1.4900,1.5400,1.4900,1.5400,148100
PAVREIT,2015-12-29,1.5300,1.5300,1.5200,1.5300,528800
PAVREIT,2015-12-30,1.5400,1.5500,1.5400,1.5400,842300
PAVREIT,2015-12-31,1.5400,1.5500,1.5400,1.5500,166800
PAVREIT,2016-01-04,1.5600,1.5600,1.5500,1.5500,260700
PAVREIT,2016-01-05,1.5500,1.5600,1.5400,1.5500,988000
PAVREIT,2016-01-06,1.5500,1.5600,1.5300,1.5400,428700
PAVREIT,2016-01-07,1.5300,1.5400,1.5200,1.5200,648700
PAVREIT,2016-01-08,1.5300,1.5400,1.5200,1.5300,169400
PAVREIT,2016-01-11,1.5500,1.5700,1.5400,1.5500,209700
PAVREIT,2016-01-12,1.5500,1.5700,1.5400,1.5600,145000
PAVREIT,2016-01-13,1.5500,1.5600,1.5500,1.5500,243000
PAVREIT,2016-01-14,1.5500,1.5600,1.5500,1.5500,127700
PAVREIT,2016-01-15,1.5600,1.5700,1.5600,1.5600,556500
PAVREIT,2016-01-18,1.5500,1.5800,1.5400,1.5800,616300
PAVREIT,2016-01-19,1.5500,1.5900,1.5500,1.5900,564000
PAVREIT,2016-01-20,1.5800,1.6000,1.5700,1.6000,688000
PAVREIT,2016-01-21,1.6000,1.6000,1.5500,1.5500,112600
PAVREIT,2016-01-22,1.5600,1.5900,1.5600,1.5800,153300
PAVREIT,2016-01-26,1.5900,1.5900,1.5700,1.5900,150800
PAVREIT,2016-01-27,1.5500,1.5600,1.5500,1.5600,109500
PAVREIT,2016-01-28,1.5600,1.6000,1.5500,1.5900,426200
PAVREIT,2016-01-29,1.5900,1.6000,1.5800,1.5900,299400
PAVREIT,2016-02-02,1.5900,1.5900,1.5700,1.5800,609900
PAVREIT,2016-02-03,1.5800,1.5900,1.5600,1.5800,1094600
PAVREIT,2016-02-04,1.5700,1.6000,1.5700,1.6000,153100
PAVREIT,2016-02-05,1.5900,1.6100,1.5800,1.6000,144900
PAVREIT,2016-02-10,1.6100,1.6100,1.6100,1.6100,1100
PAVREIT,2016-02-11,1.5900,1.6000,1.5700,1.5800,16600
PAVREIT,2016-02-12,1.5900,1.6200,1.5900,1.6100,146900
PAVREIT,2016-02-15,1.6200,1.7000,1.6000,1.7000,1676300
PAVREIT,2016-02-16,1.7000,1.7000,1.6700,1.7000,1336500
PAVREIT,2016-02-17,1.6900,1.7000,1.6700,1.7000,2262600
PAVREIT,2016-02-18,1.7000,1.7000,1.6300,1.6400,949800
PAVREIT,2016-02-19,1.6500,1.6900,1.6200,1.6300,719100
PAVREIT,2016-02-22,1.6300,1.6500,1.6300,1.6400,467200
PAVREIT,2016-02-23,1.6500,1.6600,1.6500,1.6500,3395600
PAVREIT,2016-02-24,1.6500,1.6700,1.6500,1.6700,2835300
PAVREIT,2016-02-25,1.6600,1.7300,1.6600,1.7200,2490500
PAVREIT,2016-02-26,1.7100,1.7100,1.6500,1.6500,62200
PAVREIT,2016-02-29,1.6500,1.7200,1.6500,1.7200,1567000
PAVREIT,2016-03-01,1.7200,1.7200,1.6700,1.7200,764600
PAVREIT,2016-03-02,1.7200,1.7400,1.7000,1.7200,1328900
PAVREIT,2016-03-03,1.7200,1.7300,1.6800,1.7100,151200
PAVREIT,2016-03-07,1.7100,1.8000,1.7100,1.7800,2452100
PAVREIT,2016-03-08,1.7800,1.7800,1.7700,1.7800,613300
PAVREIT,2016-03-09,1.7700,1.7900,1.7600,1.7700,2243600
PAVREIT,2016-03-10,1.7600,1.8000,1.7500,1.8000,328000
PAVREIT,2016-03-11,1.7800,1.8000,1.7500,1.7900,552200
PAVREIT,2016-03-14,1.7900,1.8000,1.7800,1.7800,80000
PAVREIT,2016-03-15,1.7900,1.8000,1.7800,1.8000,1028500
PAVREIT,2016-03-16,1.7900,1.8200,1.7900,1.8000,4379900
PAVREIT,2016-03-17,1.8000,1.8200,1.7800,1.7900,3368300
PAVREIT,2016-03-18,1.7900,1.7900,1.7800,1.7800,438000
PAVREIT,2016-03-21,1.7700,1.7700,1.6900,1.7000,524100
PAVREIT,2016-03-22,1.7100,1.7200,1.6900,1.7000,1712100
PAVREIT,2016-03-23,1.7100,1.7100,1.6900,1.7000,60800
PAVREIT,2016-03-24,1.7000,1.7000,1.6500,1.6600,569400
PAVREIT,2016-03-25,1.6700,1.6700,1.6600,1.6700,83300
PAVREIT,2016-03-28,1.6700,1.6900,1.6700,1.6900,184800
PAVREIT,2016-03-29,1.6900,1.7500,1.6900,1.7200,764900
PAVREIT,2016-03-30,1.7000,1.7200,1.6800,1.6800,168600
PAVREIT,2016-03-31,1.6800,1.7100,1.6600,1.7000,1109600
PAVREIT,2016-04-01,1.6900,1.7000,1.6900,1.7000,1775900
PAVREIT,2016-04-04,1.7100,1.7200,1.7100,1.7100,850100
PAVREIT,2016-04-05,1.7200,1.7400,1.6900,1.7100,1020900
PAVREIT,2016-04-06,1.7200,1.7200,1.6900,1.7000,119900
PAVREIT,2016-04-07,1.7000,1.7000,1.6800,1.6900,228200
PAVREIT,2016-04-08,1.6700,1.7400,1.6700,1.7400,643100
PAVREIT,2016-04-11,1.7300,1.7400,1.6900,1.6900,209400
PAVREIT,2016-04-12,1.7100,1.7100,1.6900,1.7100,121300
PAVREIT,2016-04-13,1.7000,1.7000,1.6700,1.7000,964400
PAVREIT,2016-04-14,1.6900,1.7100,1.6700,1.7000,951400
PAVREIT,2016-04-15,1.6900,1.7000,1.6900,1.6900,2300
PAVREIT,2016-04-18,1.6900,1.7100,1.6800,1.6900,526000
PAVREIT,2016-04-19,1.7000,1.7100,1.6800,1.6900,794100
PAVREIT,2016-04-20,1.6800,1.7000,1.6800,1.6900,1233600
PAVREIT,2016-04-21,1.6900,1.6900,1.6800,1.6900,960100
PAVREIT,2016-04-22,1.6900,1.7000,1.6800,1.6900,1467400
PAVREIT,2016-04-25,1.7000,1.7000,1.6700,1.6900,322200
PAVREIT,2016-04-26,1.6900,1.7000,1.6800,1.6800,1059000
PAVREIT,2016-04-27,1.6800,1.6900,1.6700,1.6800,938900
PAVREIT,2016-04-28,1.6800,1.6900,1.6700,1.6800,544500
PAVREIT,2016-04-29,1.6700,1.6700,1.6500,1.6700,85400
PAVREIT,2016-05-03,1.6800,1.7200,1.6800,1.7000,856000
PAVREIT,2016-05-04,1.7100,1.7800,1.7100,1.7400,2626300
PAVREIT,2016-05-05,1.7300,1.7300,1.6800,1.6800,506600
PAVREIT,2016-05-06,1.6800,1.7100,1.6800,1.6900,1137700
PAVREIT,2016-05-09,1.7000,1.7300,1.7000,1.7300,771700
PAVREIT,2016-05-10,1.7100,1.7100,1.7000,1.7000,791600
PAVREIT,2016-05-11,1.7000,1.7300,1.7000,1.7300,671300
PAVREIT,2016-05-12,1.7200,1.7300,1.7000,1.7100,473700
PAVREIT,2016-05-13,1.7100,1.7200,1.7000,1.7200,59700
PAVREIT,2016-05-16,1.6900,1.7000,1.6800,1.6800,199700
PAVREIT,2016-05-17,1.6800,1.7000,1.6800,1.7000,1391000
PAVREIT,2016-05-18,1.7000,1.7100,1.6900,1.7000,1551800
PAVREIT,2016-05-19,1.7000,1.7000,1.6900,1.7000,528900
PAVREIT,2016-05-20,1.6900,1.7200,1.6900,1.7200,57100
PAVREIT,2016-05-23,1.7000,1.7200,1.6900,1.7200,852500
PAVREIT,2016-05-24,1.7000,1.7000,1.6800,1.7000,479700
PAVREIT,2016-05-25,1.7000,1.7100,1.7000,1.7000,1133100
PAVREIT,2016-05-26,1.7000,1.7500,1.7000,1.7400,1059700
PAVREIT,2016-05-27,1.7400,1.7600,1.7300,1.7400,873800
PAVREIT,2016-05-30,1.7200,1.7200,1.7000,1.7000,231500
PAVREIT,2016-05-31,1.7000,1.7200,1.6600,1.6600,1262600
PAVREIT,2016-06-01,1.6600,1.6700,1.6400,1.6500,2115300
PAVREIT,2016-06-02,1.6500,1.6600,1.6200,1.6500,2372300
PAVREIT,2016-06-03,1.6500,1.6600,1.6400,1.6600,1367100
PAVREIT,2016-06-06,1.6600,1.7000,1.6500,1.6800,280100
PAVREIT,2016-06-07,1.7000,1.7300,1.6900,1.7300,366700
PAVREIT,2016-06-08,1.7000,1.7200,1.7000,1.7100,140600
PAVREIT,2016-06-09,1.7000,1.7200,1.6900,1.7200,831600
PAVREIT,2016-06-10,1.7200,1.7200,1.6900,1.7200,517100
PAVREIT,2016-06-13,1.7000,1.7000,1.6800,1.7000,282000
PAVREIT,2016-06-14,1.6900,1.7000,1.6800,1.6900,655600
PAVREIT,2016-06-15,1.6900,1.6900,1.6800,1.6900,396200
PAVREIT,2016-06-16,1.6900,1.6900,1.6700,1.6800,174100
PAVREIT,2016-06-17,1.6700,1.6900,1.6700,1.6800,284100
PAVREIT,2016-06-20,1.6800,1.6900,1.6500,1.6600,813300
PAVREIT,2016-06-21,1.6600,1.6900,1.6500,1.6800,754100
PAVREIT,2016-06-23,1.6800,1.6900,1.6400,1.6500,1992200
PAVREIT,2016-06-24,1.6700,1.6900,1.6500,1.6800,1030400
PAVREIT,2016-06-27,1.6900,1.7000,1.6900,1.7000,4038800
PAVREIT,2016-06-28,1.7000,1.7400,1.7000,1.7400,3200600
PAVREIT,2016-06-29,1.7400,1.8200,1.7400,1.7800,3173900
PAVREIT,2016-06-30,1.7500,1.7800,1.7300,1.7300,855000
PAVREIT,2016-07-01,1.7200,1.7600,1.7000,1.7200,647400
PAVREIT,2016-07-04,1.7600,1.8000,1.7500,1.7600,506300
PAVREIT,2016-07-05,1.7900,1.8200,1.7800,1.8000,261300
PAVREIT,2016-07-08,1.8000,1.8300,1.7800,1.7900,1553000
PAVREIT,2016-07-11,1.7800,1.8000,1.7800,1.8000,61100
PAVREIT,2016-07-12,1.8000,1.8200,1.7900,1.8100,2113400
PAVREIT,2016-07-13,1.8000,1.9000,1.7700,1.8400,3107000
PAVREIT,2016-07-14,1.8400,1.8600,1.8300,1.8300,1889300
PAVREIT,2016-07-15,1.8400,1.9000,1.8000,1.8000,1260200
PAVREIT,2016-07-18,1.8000,1.8200,1.7700,1.7700,184100
PAVREIT,2016-07-19,1.7800,1.8700,1.7800,1.8700,67900
PAVREIT,2016-07-20,1.8000,1.8000,1.7900,1.7900,612100
PAVREIT,2016-07-21,1.7900,1.8100,1.7700,1.7700,935400
PAVREIT,2016-07-22,1.7700,1.8400,1.7500,1.8400,1929800
PAVREIT,2016-07-25,1.8000,1.8800,1.7900,1.8700,562000
PAVREIT,2016-07-26,1.8500,1.8500,1.7900,1.7900,401100
PAVREIT,2016-07-27,1.8100,1.8100,1.8000,1.8000,2233500
PAVREIT,2016-07-28,1.8100,1.8200,1.7900,1.8000,385400
PAVREIT,2016-07-29,1.8100,1.8600,1.8000,1.8500,2188700
PAVREIT,2016-08-01,1.8400,1.8800,1.8400,1.8500,1560400
PAVREIT,2016-08-02,1.8500,1.8500,1.8400,1.8400,1363400
PAVREIT,2016-08-03,1.8400,1.8600,1.8400,1.8500,863400
PAVREIT,2016-08-04,1.8500,1.8500,1.8400,1.8500,459400
PAVREIT,2016-08-05,1.8500,1.8800,1.8000,1.8200,1915500
PAVREIT,2016-08-08,1.8400,1.8700,1.8300,1.8700,265400
PAVREIT,2016-08-09,1.8200,1.8200,1.7900,1.8000,712200
PAVREIT,2016-08-10,1.8000,1.8300,1.7800,1.8000,3215500
PAVREIT,2016-08-11,1.8000,1.8200,1.7900,1.8000,1436400
PAVREIT,2016-08-12,1.8000,1.8600,1.8000,1.8500,2660300
PAVREIT,2016-08-15,1.8500,1.8800,1.8400,1.8800,238800
PAVREIT,2016-08-16,1.8600,1.8600,1.8100,1.8300,629100
PAVREIT,2016-08-17,1.8200,1.8200,1.7900,1.8000,561000
PAVREIT,2016-08-18,1.8000,1.8000,1.7800,1.8000,1037100
PAVREIT,2016-08-19,1.7900,1.7900,1.7600,1.7600,1567200
PAVREIT,2016-08-22,1.7600,1.7800,1.7500,1.7500,2181900
PAVREIT,2016-08-23,1.7500,1.7700,1.7400,1.7500,1833700
PAVREIT,2016-08-24,1.7500,1.7500,1.7300,1.7400,1196700
PAVREIT,2016-08-25,1.7500,1.8100,1.7400,1.7600,3087700
PAVREIT,2016-08-26,1.7500,1.8000,1.7500,1.8000,2005100
PAVREIT,2016-08-29,1.8000,1.8000,1.7900,1.7900,901700
PAVREIT,2016-08-30,1.7900,1.8500,1.7900,1.8500,614500
PAVREIT,2016-09-01,1.8500,1.8500,1.7900,1.8000,293700
PAVREIT,2016-09-02,1.8000,1.8000,1.7900,1.7900,232100
PAVREIT,2016-09-05,1.7900,1.8200,1.7700,1.7700,518200
PAVREIT,2016-09-06,1.7800,1.8600,1.7800,1.8500,2268000
PAVREIT,2016-09-07,1.8500,1.8900,1.8300,1.8800,2675600
PAVREIT,2016-09-08,1.8800,1.8900,1.8400,1.8700,958300
PAVREIT,2016-09-09,1.8800,1.8800,1.8400,1.8500,52300
PAVREIT,2016-09-13,1.8500,1.8500,1.8300,1.8300,68000
PAVREIT,2016-09-14,1.8300,1.8400,1.7900,1.8000,427500
PAVREIT,2016-09-15,1.8000,1.8000,1.7600,1.7600,1696100
PAVREIT,2016-09-19,1.7700,1.8400,1.7700,1.8000,467300
PAVREIT,2016-09-20,1.8100,1.8500,1.8100,1.8500,409300
PAVREIT,2016-09-21,1.8500,1.8500,1.8100,1.8500,73200
PAVREIT,2016-09-22,1.8400,1.8400,1.8000,1.8400,394500
PAVREIT,2016-09-23,1.8400,1.8400,1.8000,1.8300,104700
PAVREIT,2016-09-26,1.8300,1.8300,1.8100,1.8300,76000
PAVREIT,2016-09-27,1.8300,1.8300,1.7900,1.8000,268600
PAVREIT,2016-09-28,1.7900,1.8100,1.7800,1.7800,939100
PAVREIT,2016-09-29,1.7900,1.8000,1.7800,1.7900,615700
PAVREIT,2016-09-30,1.7900,1.7900,1.7600,1.7700,1199000
PAVREIT,2016-10-04,1.8000,1.8000,1.7800,1.8000,476900
PAVREIT,2016-10-05,1.7900,1.8000,1.7900,1.8000,106600
PAVREIT,2016-10-06,1.8000,1.8000,1.8000,1.8000,196500
PAVREIT,2016-10-07,1.8000,1.8000,1.7900,1.8000,108000
PAVREIT,2016-10-10,1.8000,1.8000,1.7800,1.7800,86400
PAVREIT,2016-10-11,1.7800,1.8000,1.7700,1.7900,524000
PAVREIT,2016-10-12,1.7800,1.7900,1.7700,1.7700,488800
PAVREIT,2016-10-13,1.7800,1.7800,1.7700,1.7700,335200
PAVREIT,2016-10-14,1.7700,1.7900,1.7700,1.7900,123400
PAVREIT,2016-10-17,1.7800,1.7900,1.7700,1.7800,126300
PAVREIT,2016-10-18,1.7700,1.7700,1.7600,1.7600,535600
PAVREIT,2016-10-19,1.7700,1.7700,1.7200,1.7400,904200
PAVREIT,2016-10-20,1.7400,1.7500,1.7300,1.7300,609400
PAVREIT,2016-10-21,1.7400,1.7800,1.7300,1.7800,1219900
PAVREIT,2016-10-24,1.7700,1.7700,1.7400,1.7500,114900
PAVREIT,2016-10-25,1.7500,1.7500,1.7400,1.7400,5744400
PAVREIT,2016-10-26,1.7500,1.7600,1.7400,1.7500,1282900
PAVREIT,2016-10-27,1.7500,1.7600,1.7300,1.7400,1409700
PAVREIT,2016-10-28,1.7500,1.7500,1.7400,1.7400,3353300
PAVREIT,2016-10-31,1.7500,1.7600,1.7400,1.7600,2941400
PAVREIT,2016-11-01,1.7700,1.7800,1.7500,1.7700,8466800
PAVREIT,2016-11-02,1.7700,1.7800,1.7600,1.7800,2478400
PAVREIT,2016-11-03,1.7800,1.7800,1.7400,1.7400,470500
PAVREIT,2016-11-04,1.7500,1.7600,1.7400,1.7500,1389500
PAVREIT,2016-11-07,1.7600,1.7600,1.7000,1.7200,2361700
PAVREIT,2016-11-08,1.7200,1.7300,1.7100,1.7300,881800
PAVREIT,2016-11-09,1.7300,1.7400,1.7200,1.7400,93100
PAVREIT,2016-11-10,1.7400,1.7400,1.7300,1.7400,4141700
PAVREIT,2016-11-11,1.7300,1.7300,1.6700,1.6900,4955400
PAVREIT,2016-11-14,1.7000,1.7000,1.6800,1.6800,3113500
PAVREIT,2016-11-15,1.6800,1.6900,1.6700,1.6700,5650800
PAVREIT,2016-11-16,1.6800,1.6900,1.6800,1.6900,330000
PAVREIT,2016-11-17,1.6900,1.7000,1.6800,1.6800,1836600
PAVREIT,2016-11-18,1.6800,1.6900,1.6700,1.6800,637000
PAVREIT,2016-11-21,1.6800,1.6900,1.6400,1.6500,955300
PAVREIT,2016-11-22,1.6500,1.6800,1.6300,1.6800,2353500
PAVREIT,2016-11-23,1.6600,1.7100,1.6500,1.7000,2961500
PAVREIT,2016-11-24,1.7000,1.7000,1.6600,1.6700,121200
PAVREIT,2016-11-25,1.6900,1.7000,1.6700,1.6900,1010300
PAVREIT,2016-11-28,1.6800,1.7500,1.6800,1.7200,1931900
PAVREIT,2016-11-29,1.7000,1.7000,1.7000,1.7000,3855700
PAVREIT,2016-11-30,1.7000,1.7700,1.6900,1.7700,627800
PAVREIT,2016-12-01,1.7500,1.7500,1.7300,1.7300,63900
PAVREIT,2016-12-02,1.7400,1.7500,1.7300,1.7400,2897600
PAVREIT,2016-12-05,1.7400,1.7500,1.7200,1.7300,2371600
PAVREIT,2016-12-06,1.7300,1.7900,1.7300,1.7900,1911500
PAVREIT,2016-12-07,1.7700,1.8000,1.7700,1.7700,1196400
PAVREIT,2016-12-08,1.7800,1.8000,1.7800,1.7900,601800
PAVREIT,2016-12-09,1.7900,1.8000,1.7800,1.7900,136400
PAVREIT,2016-12-13,1.7900,1.8000,1.7800,1.8000,72800
PAVREIT,2016-12-14,1.7900,1.7900,1.7400,1.7400,273300
PAVREIT,2016-12-15,1.7600,1.7600,1.7300,1.7400,1170700
PAVREIT,2016-12-16,1.7400,1.7600,1.7300,1.7600,562000
PAVREIT,2016-12-19,1.7500,1.7500,1.7300,1.7400,74600
PAVREIT,2016-12-20,1.7400,1.7500,1.7300,1.7400,1655500
PAVREIT,2016-12-21,1.7600,1.7600,1.7400,1.7500,99700
PAVREIT,2016-12-22,1.7400,1.7400,1.7300,1.7300,43700
PAVREIT,2016-12-23,1.7300,1.7300,1.7200,1.7200,16800
PAVREIT,2016-12-27,1.7200,1.7400,1.7200,1.7300,22600
PAVREIT,2016-12-28,1.7200,1.8000,1.7200,1.8000,4102600
PAVREIT,2016-12-29,1.7900,1.8000,1.7500,1.7700,738600
PAVREIT,2016-12-30,1.7800,1.9000,1.7700,1.9000,1536500
PAVREIT,2017-01-03,1.8400,1.8400,1.7800,1.7900,426800
PAVREIT,2017-01-04,1.8300,1.8300,1.7800,1.7800,1036500
PAVREIT,2017-01-05,1.7800,1.7800,1.7700,1.7800,1475600
PAVREIT,2017-01-06,1.7800,1.8000,1.7800,1.8000,469000
PAVREIT,2017-01-09,1.7900,1.7900,1.7700,1.7700,144900
PAVREIT,2017-01-10,1.7800,1.8000,1.7700,1.7900,2094100
PAVREIT,2017-01-11,1.7900,1.8200,1.7800,1.8200,753300
PAVREIT,2017-01-12,1.8100,1.8200,1.8000,1.8200,166300
PAVREIT,2017-01-13,1.8200,1.8200,1.7900,1.8200,111300
PAVREIT,2017-01-16,1.8000,1.8200,1.8000,1.8200,6500
PAVREIT,2017-01-17,1.8000,1.8200,1.8000,1.8200,100200
PAVREIT,2017-01-18,1.8000,1.8200,1.8000,1.8100,81900
PAVREIT,2017-01-19,1.8100,1.8300,1.8100,1.8200,1418800
PAVREIT,2017-01-20,1.8300,1.8300,1.8100,1.8200,186200
PAVREIT,2017-01-23,1.8200,1.8300,1.8100,1.8300,2966000
PAVREIT,2017-01-24,1.8400,1.8800,1.8300,1.8800,2091500
PAVREIT,2017-01-25,1.8700,1.8700,1.8500,1.8600,70100
PAVREIT,2017-01-26,1.8600,1.8800,1.8600,1.8800,259500
PAVREIT,2017-01-27,1.8700,1.9000,1.8700,1.8800,3113000
PAVREIT,2017-01-31,1.8800,1.9500,1.8800,1.9300,6212000
PAVREIT,2017-02-02,1.9100,1.9100,1.8700,1.8800,1072500
PAVREIT,2017-02-03,1.8600,1.8600,1.8300,1.8600,1155200
PAVREIT,2017-02-06,1.8500,1.8600,1.8200,1.8300,218400
PAVREIT,2017-02-07,1.8300,1.8400,1.8100,1.8200,565500
PAVREIT,2017-02-08,1.8200,1.8300,1.7900,1.8000,330200
PAVREIT,2017-02-10,1.8000,1.8100,1.7900,1.8000,1409500
PAVREIT,2017-02-13,1.8000,1.8200,1.7800,1.7900,601200
PAVREIT,2017-02-14,1.8000,1.8000,1.7800,1.7900,158100
PAVREIT,2017-02-15,1.7800,1.7900,1.7500,1.7700,689300
PAVREIT,2017-02-16,1.7700,1.7800,1.7600,1.7700,625700
PAVREIT,2017-02-17,1.7700,1.8100,1.7500,1.7500,1499100
PAVREIT,2017-02-20,1.7500,1.7600,1.7500,1.7600,687700
PAVREIT,2017-02-21,1.7600,1.7600,1.7500,1.7600,1186500
PAVREIT,2017-02-22,1.7600,1.7900,1.7600,1.7800,511100
PAVREIT,2017-02-23,1.7900,1.7900,1.7400,1.7400,1057200
PAVREIT,2017-02-24,1.7600,1.7600,1.7400,1.7400,648300
PAVREIT,2017-02-27,1.7400,1.7400,1.7300,1.7300,500500
PAVREIT,2017-02-28,1.7400,1.7400,1.7300,1.7300,699900
PAVREIT,2017-03-01,1.7300,1.7300,1.7200,1.7300,796900
PAVREIT,2017-03-02,1.7400,1.7400,1.7200,1.7300,2637100
PAVREIT,2017-03-03,1.7300,1.7400,1.7200,1.7400,1323000
PAVREIT,2017-03-06,1.7400,1.7400,1.7300,1.7400,1106400
PAVREIT,2017-03-07,1.7400,1.7600,1.7400,1.7500,1163500
PAVREIT,2017-03-08,1.7500,1.7600,1.7500,1.7600,2997700
PAVREIT,2017-03-09,1.7700,1.7700,1.7500,1.7600,1593600
PAVREIT,2017-03-10,1.7600,1.7600,1.7400,1.7400,249900
PAVREIT,2017-03-13,1.7500,1.7500,1.7100,1.7300,2797800
PAVREIT,2017-03-14,1.7200,1.7300,1.7100,1.7100,2060600
PAVREIT,2017-03-15,1.7100,1.7200,1.7100,1.7200,1541400
PAVREIT,2017-03-16,1.7200,1.7400,1.7200,1.7400,173800
PAVREIT,2017-03-17,1.7400,1.7600,1.7200,1.7600,4176300
PAVREIT,2017-03-20,1.7700,1.7700,1.7500,1.7600,121600
PAVREIT,2017-03-21,1.7600,1.7600,1.7400,1.7500,361100
PAVREIT,2017-03-22,1.7400,1.7500,1.7200,1.7200,1128700
PAVREIT,2017-03-23,1.7300,1.7600,1.7300,1.7600,280000
PAVREIT,2017-03-24,1.7600,1.7600,1.7300,1.7300,415400
PAVREIT,2017-03-27,1.7500,1.7500,1.7400,1.7500,222100
PAVREIT,2017-03-28,1.7400,1.7600,1.7300,1.7400,691300
PAVREIT,2017-03-29,1.7300,1.7500,1.7200,1.7300,1161400
PAVREIT,2017-03-30,1.7300,1.7400,1.7300,1.7400,76400
PAVREIT,2017-03-31,1.7400,1.7400,1.7300,1.7400,256500
PAVREIT,2017-04-03,1.7400,1.7400,1.7300,1.7400,1235700
PAVREIT,2017-04-04,1.7300,1.7400,1.7200,1.7300,829000
PAVREIT,2017-04-05,1.7300,1.7400,1.7300,1.7400,952700
PAVREIT,2017-04-06,1.7300,1.7400,1.7300,1.7300,409500
PAVREIT,2017-04-07,1.7300,1.7400,1.7300,1.7400,285200
PAVREIT,2017-04-10,1.7400,1.7400,1.7300,1.7400,56100
PAVREIT,2017-04-11,1.7300,1.7400,1.7200,1.7400,774600
PAVREIT,2017-04-12,1.7400,1.7500,1.7300,1.7500,735000
PAVREIT,2017-04-13,1.7300,1.7400,1.7300,1.7400,862000
PAVREIT,2017-04-14,1.7300,1.7500,1.7300,1.7500,27600
PAVREIT,2017-04-17,1.7500,1.7500,1.7400,1.7400,2098300
PAVREIT,2017-04-18,1.7400,1.7500,1.7300,1.7500,99800
PAVREIT,2017-04-19,1.7300,1.7400,1.7300,1.7400,1191300
PAVREIT,2017-04-20,1.7400,1.7400,1.7400,1.7400,228800
PAVREIT,2017-04-21,1.7400,1.7500,1.7300,1.7300,171000
PAVREIT,2017-04-25,1.7400,1.7400,1.7300,1.7400,1124100
PAVREIT,2017-04-26,1.7300,1.7400,1.7300,1.7400,2256900
PAVREIT,2017-04-27,1.7400,1.7500,1.7400,1.7500,35800
PAVREIT,2017-04-28,1.7400,1.7500,1.7300,1.7400,155400
PAVREIT,2017-05-02,1.7400,1.7600,1.7300,1.7400,2019000
PAVREIT,2017-05-03,1.7400,1.7500,1.7200,1.7200,4134400
PAVREIT,2017-05-04,1.7200,1.7300,1.7200,1.7200,3317800
PAVREIT,2017-05-05,1.7300,1.7300,1.7200,1.7200,202400
PAVREIT,2017-05-08,1.7200,1.7400,1.7200,1.7200,2462600
PAVREIT,2017-05-09,1.7300,1.7400,1.7200,1.7400,7860500
PAVREIT,2017-05-11,1.7300,1.7500,1.7300,1.7500,653300
PAVREIT,2017-05-12,1.7500,1.7600,1.7400,1.7400,632200
PAVREIT,2017-05-15,1.7400,1.7400,1.7200,1.7300,3389100
PAVREIT,2017-05-16,1.7400,1.7400,1.7300,1.7400,6215100
PAVREIT,2017-05-17,1.7300,1.7700,1.7300,1.7700,418300
PAVREIT,2017-05-18,1.7400,1.7700,1.7400,1.7600,1986900
PAVREIT,2017-05-19,1.7500,1.7700,1.7500,1.7600,1133900
PAVREIT,2017-05-22,1.7600,1.7600,1.7600,1.7600,279000
PAVREIT,2017-05-23,1.7600,1.7700,1.7600,1.7700,221100
PAVREIT,2017-05-24,1.7600,1.7600,1.7500,1.7600,450300
PAVREIT,2017-05-25,1.7700,1.7700,1.7500,1.7600,250600
PAVREIT,2017-05-26,1.7600,1.7700,1.7600,1.7700,342000
PAVREIT,2017-05-29,1.7600,1.7700,1.7500,1.7600,66400
PAVREIT,2017-05-31,1.7800,1.7800,1.7200,1.7200,656200
PAVREIT,2017-06-01,1.7400,1.7400,1.7200,1.7300,518700
PAVREIT,2017-06-02,1.7400,1.7400,1.7300,1.7400,226100
PAVREIT,2017-06-05,1.7400,1.7400,1.7300,1.7400,371000
PAVREIT,2017-06-06,1.7300,1.7400,1.7300,1.7300,74300
PAVREIT,2017-06-07,1.7300,1.7300,1.7200,1.7300,1199400
PAVREIT,2017-06-08,1.7300,1.7400,1.7300,1.7400,654000
PAVREIT,2017-06-09,1.7300,1.7300,1.7100,1.7100,2885800
PAVREIT,2017-06-13,1.7200,1.7300,1.7100,1.7300,1445300
PAVREIT,2017-06-14,1.7300,1.7400,1.7300,1.7400,1148700
PAVREIT,2017-06-15,1.7300,1.7400,1.7200,1.7200,173400
PAVREIT,2017-06-16,1.7200,1.7600,1.7200,1.7600,748400
PAVREIT,2017-06-19,1.7300,1.7600,1.7300,1.7300,1352400
PAVREIT,2017-06-20,1.7400,1.7400,1.7300,1.7300,11700
PAVREIT,2017-06-21,1.7400,1.7400,1.7300,1.7400,90900
PAVREIT,2017-06-22,1.7400,1.7400,1.7300,1.7300,293900
PAVREIT,2017-06-23,1.7400,1.7400,1.7400,1.7400,2900
PAVREIT,2017-06-28,1.7500,1.7500,1.7300,1.7400,558100
PAVREIT,2017-06-29,1.7400,1.7500,1.7300,1.7500,1321300
PAVREIT,2017-06-30,1.7500,1.7600,1.7400,1.7600,150600
PAVREIT,2017-07-03,1.7400,1.7600,1.7400,1.7400,83700
PAVREIT,2017-07-04,1.7600,1.7600,1.7300,1.7300,196900
PAVREIT,2017-07-05,1.7300,1.7600,1.7300,1.7500,399400
PAVREIT,2017-07-06,1.7400,1.7500,1.7400,1.7400,711300
PAVREIT,2017-07-07,1.7400,1.7600,1.7400,1.7500,133000
PAVREIT,2017-07-10,1.7500,1.7500,1.7400,1.7400,439400
PAVREIT,2017-07-11,1.7500,1.7500,1.7500,1.7500,444700
PAVREIT,2017-07-12,1.7400,1.7500,1.7400,1.7500,77800
PAVREIT,2017-07-13,1.7500,1.7600,1.7400,1.7500,979700
PAVREIT,2017-07-14,1.7400,1.7600,1.7400,1.7500,6200
PAVREIT,2017-07-17,1.7400,1.7600,1.7400,1.7500,1080500
PAVREIT,2017-07-18,1.7400,1.7600,1.7400,1.7500,941300
PAVREIT,2017-07-19,1.7400,1.7500,1.7400,1.7500,636100
PAVREIT,2017-07-20,1.7400,1.7500,1.7400,1.7500,953800
PAVREIT,2017-07-21,1.7500,1.7500,1.7300,1.7300,791300
PAVREIT,2017-07-24,1.7400,1.7500,1.7400,1.7500,141700
PAVREIT,2017-07-25,1.7400,1.7500,1.7400,1.7400,292200
PAVREIT,2017-07-26,1.7500,1.7500,1.7400,1.7500,500700
PAVREIT,2017-07-27,1.7500,1.7500,1.7500,1.7500,70300
PAVREIT,2017-07-28,1.7500,1.7600,1.7400,1.7500,101100
PAVREIT,2017-07-31,1.7500,1.7500,1.7300,1.7500,324400
PAVREIT,2017-08-01,1.7500,1.7500,1.7400,1.7500,107300
PAVREIT,2017-08-02,1.7500,1.7500,1.7400,1.7500,224900
PAVREIT,2017-08-03,1.7500,1.7500,1.7400,1.7400,194500
PAVREIT,2017-08-04,1.7400,1.7500,1.7300,1.7500,242000
PAVREIT,2017-08-07,1.7500,1.7500,1.7400,1.7400,200600
PAVREIT,2017-08-08,1.7100,1.7300,1.7100,1.7200,3608600
PAVREIT,2017-08-09,1.7100,1.7100,1.7000,1.7100,54700
PAVREIT,2017-08-10,1.7000,1.7100,1.7000,1.7000,2262100
PAVREIT,2017-08-11,1.7000,1.7100,1.7000,1.7100,1274800
PAVREIT,2017-08-14,1.7000,1.7000,1.6700,1.7000,2300100
PAVREIT,2017-08-15,1.7000,1.7200,1.7000,1.7200,2010600
PAVREIT,2017-08-16,1.7100,1.7200,1.7100,1.7200,19900
PAVREIT,2017-08-17,1.7200,1.7200,1.7000,1.7200,1158100
PAVREIT,2017-08-18,1.7100,1.7100,1.7100,1.7100,38300
PAVREIT,2017-08-21,1.7100,1.7100,1.7000,1.7000,213600
PAVREIT,2017-08-22,1.7000,1.7300,1.6900,1.7300,2182800
PAVREIT,2017-08-23,1.7200,1.7200,1.7200,1.7200,9400
PAVREIT,2017-08-24,1.7200,1.7300,1.7100,1.7200,709300
PAVREIT,2017-08-25,1.7200,1.7200,1.7200,1.7200,142500
PAVREIT,2017-08-28,1.7100,1.7300,1.7000,1.7300,89300
PAVREIT,2017-08-29,1.7100,1.7200,1.7000,1.7200,1714500
PAVREIT,2017-08-30,1.7100,1.7200,1.7100,1.7200,1227600
PAVREIT,2017-09-05,1.7200,1.7200,1.7100,1.7200,45300
PAVREIT,2017-09-06,1.7200,1.7300,1.7100,1.7300,496800
PAVREIT,2017-09-07,1.7300,1.7400,1.7200,1.7400,3315300
PAVREIT,2017-09-08,1.7300,1.7400,1.7300,1.7400,1673800
PAVREIT,2017-09-11,1.7400,1.7400,1.7000,1.7000,913500
PAVREIT,2017-09-12,1.7100,1.7200,1.7000,1.7200,669100
PAVREIT,2017-09-13,1.7200,1.7300,1.7200,1.7300,113100
PAVREIT,2017-09-14,1.7300,1.7300,1.7200,1.7300,4294000
PAVREIT,2017-09-15,1.7300,1.7700,1.7300,1.7700,649600
PAVREIT,2017-09-18,1.7700,1.7700,1.7400,1.7500,1911300
PAVREIT,2017-09-19,1.7400,1.7600,1.7400,1.7500,1685500
PAVREIT,2017-09-20,1.7400,1.7500,1.7400,1.7500,777400
PAVREIT,2017-09-21,1.7500,1.7600,1.7500,1.7500,1162400
PAVREIT,2017-09-25,1.7400,1.7400,1.7300,1.7300,66000
PAVREIT,2017-09-26,1.7400,1.7400,1.7300,1.7400,2161000
PAVREIT,2017-09-27,1.7400,1.7400,1.7300,1.7400,1931700
PAVREIT,2017-09-28,1.7400,1.7400,1.7200,1.7200,1918500
PAVREIT,2017-09-29,1.7200,1.7500,1.7100,1.7500,167700
