PCHEM,2010-11-26,5.7100,5.7200,5.3000,5.3100,637001600
PCHEM,2010-11-29,5.3200,5.4100,5.2600,5.4000,115183500
PCHEM,2010-11-30,5.3800,5.4100,5.3200,5.3500,54331900
PCHEM,2010-12-01,5.3300,5.3900,4.8000,5.3800,7075000
PCHEM,2010-12-02,5.4000,5.6300,5.2800,5.3900,16154800
PCHEM,2010-12-03,5.3900,5.4000,5.3500,5.3500,21170900
PCHEM,2010-12-06,5.3600,5.4000,5.3400,5.3900,30737100
PCHEM,2010-12-08,5.3900,5.4100,5.0200,5.4100,3120000
PCHEM,2010-12-09,5.4200,5.5700,5.4200,5.5400,96027700
PCHEM,2010-12-10,5.5600,5.6100,5.4400,5.5800,148061400
PCHEM,2010-12-13,5.5300,5.5600,4.8000,5.5500,4746000
PCHEM,2010-12-14,5.5600,5.5800,5.5100,5.5500,21413800
PCHEM,2010-12-15,5.5500,5.5800,5.5400,5.5600,30583400
PCHEM,2010-12-16,5.5500,5.5700,5.5200,5.5600,20315200
PCHEM,2010-12-17,5.5600,5.5800,4.7500,5.5800,3411000
PCHEM,2010-12-20,5.5600,5.5700,5.5200,5.5400,7417600
PCHEM,2010-12-21,5.5200,5.5700,5.5100,5.5500,9909600
PCHEM,2010-12-22,5.5500,5.5700,5.2000,5.5700,1150000
PCHEM,2010-12-23,5.5600,5.5700,5.5400,5.5700,13457200
PCHEM,2010-12-24,5.5700,5.5700,5.5400,5.5500,2459100
PCHEM,2010-12-27,5.5500,5.5500,5.5000,5.5300,6843400
PCHEM,2010-12-28,5.5100,5.5500,5.5100,5.5300,6033100
PCHEM,2010-12-29,5.5400,5.5400,5.5100,5.5200,7952600
PCHEM,2010-12-30,5.5300,5.5300,5.5000,5.5200,11175500
PCHEM,2011-01-03,5.5200,5.5700,5.5200,5.5700,14893600
PCHEM,2011-01-04,5.5500,5.5800,5.5300,5.5800,15137900
PCHEM,2011-01-05,5.5800,5.8000,5.5700,5.8000,67881000
PCHEM,2011-01-06,5.8300,5.9200,5.7800,5.9200,35651400
PCHEM,2011-01-07,5.9500,6.0000,5.9200,5.9600,29534400
PCHEM,2011-01-10,5.9800,6.0500,5.8100,5.8600,29273900
PCHEM,2011-01-11,5.8700,6.0100,5.8700,5.9800,21531900
PCHEM,2011-01-12,5.9800,6.0200,5.9800,6.0200,8572900
PCHEM,2011-01-13,6.0200,6.0500,6.0100,6.0300,13373000
PCHEM,2011-01-14,6.0400,6.1600,6.0400,6.1500,31915300
PCHEM,2011-01-17,6.1700,6.3600,6.1700,6.3500,36020300
PCHEM,2011-01-18,6.3800,6.3900,6.2600,6.2800,13710400
PCHEM,2011-01-19,6.3000,6.3800,6.2800,6.3500,11964100
PCHEM,2011-01-21,6.3000,6.3000,6.1600,6.2000,24371000
PCHEM,2011-01-24,6.2300,6.2300,5.9900,6.0500,19487100
PCHEM,2011-01-25,6.0500,6.0900,5.9800,6.0400,11585200
PCHEM,2011-01-26,6.0200,6.0200,5.9400,5.9600,15635700
PCHEM,2011-01-27,5.9800,6.1500,5.9800,6.1200,15663800
PCHEM,2011-01-28,6.1200,6.1300,6.0700,6.1100,9145300
PCHEM,2011-01-31,6.0500,6.1100,6.0200,6.1100,7103300
PCHEM,2011-02-02,6.1500,6.1800,6.1300,6.1500,7681500
PCHEM,2011-02-07,6.1900,6.3000,5.2400,6.3000,93000
PCHEM,2011-02-08,6.3000,6.3900,6.2900,6.3700,19299600
PCHEM,2011-02-09,6.3800,6.3900,6.2500,6.2500,16204600
PCHEM,2011-02-10,6.1800,6.2100,5.9600,5.9600,20459800
PCHEM,2011-02-11,6.0000,6.0800,5.9800,6.0100,23718000
PCHEM,2011-02-14,6.0600,6.1000,5.9900,6.0600,13540100
PCHEM,2011-02-16,6.0600,6.1400,6.0400,6.1000,12455900
PCHEM,2011-02-17,6.1100,6.2300,6.0900,6.1500,10752100
PCHEM,2011-02-18,6.1800,6.2800,6.1800,6.2300,11832000
PCHEM,2011-02-21,6.2100,6.3200,6.2100,6.2600,14632300
PCHEM,2011-02-22,6.2500,6.2500,6.1900,6.2100,13800600
PCHEM,2011-02-23,6.1900,6.2800,6.1300,6.2500,19795000
PCHEM,2011-02-24,6.2200,6.3400,6.2100,6.2100,28996400
PCHEM,2011-02-25,6.2900,6.3400,6.2300,6.3000,21309800
PCHEM,2011-02-28,6.3000,6.3300,6.2700,6.3000,17289300
PCHEM,2011-03-01,6.3000,6.3800,6.2900,6.3300,22162800
PCHEM,2011-03-02,6.2800,6.3300,6.2400,6.2900,15324800
PCHEM,2011-03-03,6.2800,6.3100,6.2200,6.2900,13653300
PCHEM,2011-03-04,6.3300,6.3500,6.3100,6.3300,12888900
PCHEM,2011-03-07,6.3400,6.3400,6.3100,6.3400,7314100
PCHEM,2011-03-08,6.3400,6.4900,6.3400,6.4500,30190200
PCHEM,2011-03-09,6.5000,6.8300,6.5000,6.7000,50015200
PCHEM,2011-03-10,6.7100,6.8200,6.6700,6.7200,16957700
PCHEM,2011-03-11,6.6700,6.7200,6.5000,6.5600,27174800
PCHEM,2011-03-14,6.5200,6.8200,6.4700,6.7500,17068200
PCHEM,2011-03-15,6.7500,6.7700,6.5600,6.5900,17123100
PCHEM,2011-03-16,6.6200,6.6700,6.5800,6.6300,13315400
PCHEM,2011-03-17,6.6300,6.6500,6.5800,6.6300,7634200
PCHEM,2011-03-18,6.6600,6.7100,6.6200,6.7000,13221200
PCHEM,2011-03-21,6.7000,6.7500,6.6800,6.7100,11840300
PCHEM,2011-03-22,6.7400,6.7500,6.7000,6.7400,11268000
PCHEM,2011-03-23,6.7400,6.7400,6.7200,6.7300,10874900
PCHEM,2011-03-24,6.7500,6.8000,6.7300,6.7600,13209300
PCHEM,2011-03-25,6.7700,6.8400,6.7600,6.8300,13982800
PCHEM,2011-03-28,6.8600,6.9500,6.8600,6.9500,14783200
PCHEM,2011-03-29,6.9500,7.2000,6.9400,7.1800,27473300
PCHEM,2011-03-30,7.1800,7.2200,7.1100,7.2000,14331400
PCHEM,2011-03-31,7.2100,7.2600,7.2000,7.2400,14747200
PCHEM,2011-04-01,7.2400,7.4000,7.2400,7.3700,12319900
PCHEM,2011-04-04,7.4100,7.5800,7.4100,7.4900,22056300
PCHEM,2011-04-05,7.4700,7.5000,7.4400,7.4700,15535100
PCHEM,2011-04-06,7.4700,7.4900,7.4500,7.4700,14554900
PCHEM,2011-04-07,7.5200,7.6100,7.5000,7.5300,15049900
PCHEM,2011-04-08,7.5600,7.5800,7.5200,7.5300,7966600
PCHEM,2011-04-11,7.5300,7.5300,7.2700,7.2900,17623900
PCHEM,2011-04-12,7.1800,7.2200,7.0500,7.0500,22213600
PCHEM,2011-04-13,7.0800,7.4100,7.0700,7.3600,14247000
PCHEM,2011-04-14,7.4000,7.4000,7.2300,7.2500,11106700
PCHEM,2011-04-15,7.2700,7.3000,7.1300,7.2000,10786700
PCHEM,2011-04-18,7.2400,7.3000,7.2400,7.2800,11766400
PCHEM,2011-04-19,7.2300,7.2700,7.2100,7.2100,12157800
PCHEM,2011-04-20,7.2500,7.3400,7.2100,7.3300,14625500
PCHEM,2011-04-21,7.3500,7.3600,7.2700,7.2800,5120300
PCHEM,2011-04-22,7.2900,7.2900,7.2500,7.2600,3832200
PCHEM,2011-04-25,7.2700,7.2800,7.2400,7.2500,6089200
PCHEM,2011-04-26,7.2500,7.2500,7.1700,7.2300,6824600
PCHEM,2011-04-27,7.2300,7.2600,7.2100,7.2200,5570200
PCHEM,2011-04-28,7.2200,7.2200,7.1700,7.2100,9561600
PCHEM,2011-04-29,7.2400,7.2500,7.2000,7.2300,6344200
PCHEM,2011-05-03,7.2300,7.2300,7.1900,7.2200,6301700
PCHEM,2011-05-04,7.2300,7.2300,7.1100,7.1800,14329600
PCHEM,2011-05-05,7.1800,7.1800,7.0800,7.0800,17299700
PCHEM,2011-05-06,7.0300,7.0300,6.8600,6.9200,30308000
PCHEM,2011-05-09,6.9400,6.9400,6.8300,6.8700,12773100
PCHEM,2011-05-10,6.8700,6.9200,6.8600,6.8800,11759200
PCHEM,2011-05-11,6.9100,7.0800,6.9000,7.0300,18798400
PCHEM,2011-05-12,6.9900,7.0400,6.9800,7.0300,6814200
PCHEM,2011-05-13,7.0500,7.0600,6.9700,7.0000,9474000
PCHEM,2011-05-16,6.9500,7.0000,6.9400,7.0000,4330300
PCHEM,2011-05-18,6.9800,7.0500,6.9800,7.0000,6028500
PCHEM,2011-05-19,6.9900,7.0000,6.9800,6.9900,2972200
PCHEM,2011-05-20,6.9900,7.0100,6.9800,6.9900,4447400
PCHEM,2011-05-23,7.0000,7.0000,6.9400,6.9900,7019100
PCHEM,2011-05-24,7.0000,7.1000,6.9700,7.0800,9387500
PCHEM,2011-05-25,7.1300,7.2100,7.0800,7.1300,6756200
PCHEM,2011-05-26,7.1600,7.2200,7.1500,7.1600,8018500
PCHEM,2011-05-27,7.1800,7.1900,7.0900,7.1200,11542400
PCHEM,2011-05-30,7.1300,7.1400,7.1000,7.1100,10249000
PCHEM,2011-05-31,7.1100,7.2400,7.1000,7.2400,17924600
PCHEM,2011-06-01,7.2300,7.2500,7.1600,7.2400,6020900
PCHEM,2011-06-02,7.2100,7.2100,7.1600,7.1800,7551300
PCHEM,2011-06-03,7.1800,7.2000,7.1600,7.1800,3482500
PCHEM,2011-06-06,7.1600,7.1600,7.1300,7.1400,2426600
PCHEM,2011-06-07,7.1200,7.1400,7.0900,7.0900,7011600
PCHEM,2011-06-08,7.0900,7.1500,6.9600,6.9600,15993200
PCHEM,2011-06-09,6.9900,7.0300,6.9700,6.9700,10153400
PCHEM,2011-06-10,7.0000,7.1200,7.0000,7.0500,4824500
PCHEM,2011-06-13,7.0200,7.0800,7.0200,7.0600,3702800
PCHEM,2011-06-14,7.0500,7.0800,7.0400,7.0600,3648700
PCHEM,2011-06-15,7.0600,7.2200,7.0600,7.1800,10307800
PCHEM,2011-06-16,7.1400,7.1500,7.0100,7.0300,13669600
PCHEM,2011-06-17,7.0100,7.0500,7.0000,7.0200,15207800
PCHEM,2011-06-20,7.0500,7.0600,7.0000,7.0200,7363900
PCHEM,2011-06-21,6.9900,7.0800,6.9900,7.0800,8867200
PCHEM,2011-06-22,7.1000,7.1000,7.0500,7.0700,7670400
PCHEM,2011-06-23,7.0800,7.0900,7.0500,7.0800,7991600
PCHEM,2011-06-24,7.0700,7.0800,7.0400,7.0700,12659900
PCHEM,2011-06-27,7.0400,7.0700,7.0200,7.0400,15288600
PCHEM,2011-06-28,7.0500,7.0600,7.0200,7.0400,11909200
PCHEM,2011-06-29,7.0500,7.0700,7.0400,7.0600,9866500
PCHEM,2011-06-30,7.0500,7.1100,7.0500,7.0900,15068400
PCHEM,2011-07-01,7.1400,7.1600,7.1100,7.1600,8173000
PCHEM,2011-07-04,7.1700,7.2300,7.0800,7.1100,6713800
PCHEM,2011-07-05,7.1200,7.1400,7.0800,7.0900,7997200
PCHEM,2011-07-06,7.0900,7.1900,7.0900,7.1900,9107100
PCHEM,2011-07-07,7.2100,7.2200,7.1300,7.1900,9951400
PCHEM,2011-07-08,7.1900,7.2000,7.0800,7.1100,14361000
PCHEM,2011-07-11,7.1300,7.1400,7.0700,7.1000,15741800
PCHEM,2011-07-12,7.1200,7.1200,7.0500,7.0700,14912600
PCHEM,2011-07-13,7.0700,7.0700,7.0500,7.0600,13368800
PCHEM,2011-07-14,7.0500,7.0700,7.0500,7.0700,21815000
PCHEM,2011-07-15,7.0900,7.0900,7.0500,7.0600,7058200
PCHEM,2011-07-18,7.0600,7.0800,7.0500,7.0600,7028900
PCHEM,2011-07-19,7.0500,7.0900,7.0500,7.0800,10463400
PCHEM,2011-07-20,7.0900,7.1200,7.0900,7.1000,9118800
PCHEM,2011-07-21,7.1000,7.1100,7.0800,7.0900,13651700
PCHEM,2011-07-22,7.1000,7.1000,7.0400,7.0400,16005500
PCHEM,2011-07-25,7.0600,7.0600,6.9900,7.0100,10939700
PCHEM,2011-07-26,7.0100,7.0300,6.9900,7.0100,9935400
PCHEM,2011-07-27,7.0100,7.0100,6.9200,6.9200,19890300
PCHEM,2011-07-28,6.9000,6.9000,6.8100,6.8300,23226200
PCHEM,2011-07-29,6.8400,6.9200,6.8200,6.8500,16219700
PCHEM,2011-08-01,6.8900,7.0100,6.8600,6.9800,10288500
PCHEM,2011-08-02,7.0000,7.0300,6.9700,7.0000,17730500
PCHEM,2011-08-03,6.8000,6.8400,6.7400,6.7900,9497300
PCHEM,2011-08-04,6.8200,6.9700,6.8000,6.9100,7693400
PCHEM,2011-08-05,6.7300,6.7400,6.5600,6.5900,34134000
PCHEM,2011-08-08,6.4900,6.4900,6.1200,6.4300,32960200
PCHEM,2011-08-09,6.1200,6.4600,6.0300,6.3200,33777600
PCHEM,2011-08-10,6.5100,6.5200,6.1800,6.1900,32218300
PCHEM,2011-08-11,6.1000,6.2200,6.0600,6.1500,21736700
PCHEM,2011-08-12,6.2100,6.3700,6.2100,6.3300,13434000
PCHEM,2011-08-15,6.3800,6.5300,6.3700,6.5300,8944900
PCHEM,2011-08-16,6.6000,6.6900,6.4400,6.5100,9830000
PCHEM,2011-08-17,6.5500,6.6500,6.5000,6.5900,23678200
PCHEM,2011-08-18,6.6000,6.6500,6.5700,6.5800,16236300
PCHEM,2011-08-19,6.4000,6.4700,6.3500,6.4000,30031500
PCHEM,2011-08-22,6.3800,6.4100,6.2300,6.2400,22320000
PCHEM,2011-08-23,6.2800,6.2900,6.1400,6.2300,18866400
PCHEM,2011-08-24,6.2900,6.3400,6.2400,6.3000,15092600
PCHEM,2011-08-25,6.3500,6.3500,6.2500,6.3000,7753100
PCHEM,2011-08-26,6.2700,6.2700,5.9900,6.0300,38448900
PCHEM,2011-08-29,6.1000,6.2400,6.0600,6.2200,27006700
PCHEM,2011-09-02,6.3700,6.4500,6.3000,6.3000,21813200
PCHEM,2011-09-05,6.2500,6.3500,6.2000,6.3300,6574700
PCHEM,2011-09-06,6.3300,6.3300,6.2100,6.3000,11961700
PCHEM,2011-09-07,6.3000,6.4000,6.2700,6.3200,6625100
PCHEM,2011-09-08,6.3400,6.4400,6.3400,6.3800,7925100
PCHEM,2011-09-09,6.4200,6.4300,6.3800,6.4000,4770900
PCHEM,2011-09-12,6.3000,6.3500,6.1800,6.2400,9028500
PCHEM,2011-09-13,6.2500,6.3000,6.2500,6.2500,4533900
PCHEM,2011-09-14,6.2800,6.3000,6.2000,6.2500,3138300
PCHEM,2011-09-15,6.2900,6.2900,6.1600,6.1600,11550600
PCHEM,2011-09-20,6.0100,6.0100,5.7400,5.7800,35413300
PCHEM,2011-09-21,5.8200,5.8500,5.7700,5.8100,12772200
PCHEM,2011-09-22,5.7500,5.7600,5.5200,5.5400,28048400
PCHEM,2011-09-23,5.4300,5.5400,5.3400,5.4600,20053400
PCHEM,2011-09-26,5.4200,5.4500,5.2300,5.3100,18524500
PCHEM,2011-09-27,5.4000,5.5700,5.3800,5.5500,19369400
PCHEM,2011-09-28,5.5900,5.5900,5.4200,5.4800,17660500
PCHEM,2011-09-29,5.4200,5.5800,5.3900,5.5500,11946500
PCHEM,2011-09-30,5.5800,5.7200,5.5000,5.5600,13092200
PCHEM,2011-10-03,5.4700,5.5000,5.3800,5.4800,9785800
PCHEM,2011-10-04,5.4000,5.5000,5.3800,5.4000,5521400
PCHEM,2011-10-05,5.4100,5.5500,5.4100,5.5300,8373000
PCHEM,2011-10-06,5.5400,5.6900,5.5400,5.6600,20677500
PCHEM,2011-10-07,5.7200,5.7400,5.5700,5.6300,11140800
PCHEM,2011-10-10,5.6300,5.6400,5.5700,5.6000,5269000
PCHEM,2011-10-11,5.6700,5.7500,5.6200,5.6900,10010100
PCHEM,2011-10-12,5.7000,5.8000,5.6300,5.8000,5449000
PCHEM,2011-10-13,5.9200,5.9800,5.8900,5.9300,11888900
PCHEM,2011-10-14,5.9100,5.9600,5.8700,5.9200,5988800
PCHEM,2011-10-17,5.9700,6.1400,5.9700,6.1400,10373500
PCHEM,2011-10-18,6.0500,6.0600,5.9600,5.9600,11389400
PCHEM,2011-10-19,6.0300,6.1200,6.0200,6.1200,7239500
PCHEM,2011-10-20,6.0700,6.1000,6.0100,6.0400,5411100
PCHEM,2011-10-21,6.0700,6.0700,5.9800,6.0100,6182200
PCHEM,2011-10-24,6.1000,6.1700,6.1000,6.1600,7364600
PCHEM,2011-10-25,6.1800,6.2000,6.1200,6.1900,2701000
PCHEM,2011-10-27,6.1900,6.3800,6.1500,6.3100,14693700
PCHEM,2011-10-28,6.3900,6.4500,6.3700,6.4100,10439500
PCHEM,2011-10-31,6.4300,6.4500,6.3600,6.4500,5813600
PCHEM,2011-11-01,6.4000,6.4000,6.2800,6.3700,8400400
PCHEM,2011-11-02,6.2100,6.2900,6.1700,6.2400,16062900
PCHEM,2011-11-03,6.2300,6.2500,6.1900,6.2400,6237200
PCHEM,2011-11-04,6.2900,6.3700,6.2800,6.3100,7087400
PCHEM,2011-11-08,6.3300,6.4100,6.3100,6.4100,6267100
PCHEM,2011-11-09,6.4300,6.5000,6.4200,6.4800,6518600
PCHEM,2011-11-10,6.3500,6.4200,6.2900,6.3900,8680900
PCHEM,2011-11-11,6.4000,6.4100,6.3700,6.3900,3839500
PCHEM,2011-11-14,6.4800,6.4800,6.4200,6.4400,9072600
PCHEM,2011-11-15,6.4500,6.4500,6.3000,6.4000,4366200
PCHEM,2011-11-16,6.3900,6.4000,6.1600,6.2100,9016700
PCHEM,2011-11-17,6.1800,6.2700,6.1300,6.2500,4206400
PCHEM,2011-11-18,6.2400,6.2400,6.1500,6.1700,5183300
PCHEM,2011-11-21,6.1400,6.1400,5.9700,5.9800,6670500
PCHEM,2011-11-22,5.9500,6.0100,5.9200,5.9400,9115000
PCHEM,2011-11-23,5.9500,5.9600,5.8000,5.9300,13876300
PCHEM,2011-11-24,5.9000,5.9300,5.8800,5.9200,7199100
PCHEM,2011-11-25,5.9100,5.9400,5.8900,5.9100,4617500
PCHEM,2011-11-29,5.9900,6.0000,5.8900,5.9000,11347400
PCHEM,2011-11-30,5.9100,5.9900,5.9100,5.9900,5978100
PCHEM,2011-12-01,6.1100,6.2700,6.1100,6.1700,12496400
PCHEM,2011-12-02,6.1700,6.2000,6.1400,6.1700,6518900
PCHEM,2011-12-05,6.2000,6.2200,6.1700,6.1700,3536100
PCHEM,2011-12-06,6.1600,6.2000,6.1500,6.1600,2586500
PCHEM,2011-12-07,6.1100,6.1100,6.0500,6.0800,4571300
PCHEM,2011-12-08,6.0800,6.0900,6.0700,6.0900,4727500
PCHEM,2011-12-09,6.0600,6.0700,5.9700,6.0000,5069900
PCHEM,2011-12-12,6.0800,6.0900,6.0500,6.0800,3229900
PCHEM,2011-12-13,6.0700,6.0900,6.0400,6.0900,4236500
PCHEM,2011-12-14,6.0800,6.1000,6.0700,6.0700,1545000
PCHEM,2011-12-15,6.0400,6.0800,5.9900,6.0800,2473700
PCHEM,2011-12-16,6.0700,6.1700,6.0300,6.1600,2931500
PCHEM,2011-12-19,6.1400,6.2000,6.1200,6.2000,1906600
PCHEM,2011-12-20,6.1900,6.2100,6.0500,6.0500,4234700
PCHEM,2011-12-21,6.1200,6.2000,6.1100,6.2000,3992800
PCHEM,2011-12-22,6.1900,6.2000,6.1800,6.1900,2658900
PCHEM,2011-12-23,6.1900,6.2000,6.1800,6.2000,969800
PCHEM,2011-12-27,6.1900,6.1900,6.1500,6.1900,2190400
PCHEM,2011-12-28,6.1900,6.1900,6.1200,6.1500,2129800
PCHEM,2011-12-29,6.1500,6.1900,6.1300,6.1600,2558900
PCHEM,2011-12-30,6.1700,6.2000,6.1400,6.2000,6227800
PCHEM,2012-01-03,6.1600,6.2000,6.1500,6.1900,3686000
PCHEM,2012-01-04,6.2000,6.2400,6.1900,6.2000,4050800
PCHEM,2012-01-05,6.2000,6.3900,6.1900,6.3800,6236200
PCHEM,2012-01-06,6.3600,6.3600,6.2800,6.3300,3845200
PCHEM,2012-01-09,6.2600,6.3400,6.2600,6.3300,4093400
PCHEM,2012-01-10,6.3300,6.3800,6.3200,6.3600,7405200
PCHEM,2012-01-11,6.3500,6.4800,6.3300,6.4600,8939800
PCHEM,2012-01-12,6.4200,6.4700,6.3900,6.4500,6683600
PCHEM,2012-01-13,6.4100,6.4700,6.4100,6.4600,3787100
PCHEM,2012-01-16,6.4200,6.4400,6.3800,6.4300,1668600
PCHEM,2012-01-17,6.4300,6.5200,6.4000,6.5100,8640000
PCHEM,2012-01-18,6.5100,6.6700,6.4900,6.6400,11660400
PCHEM,2012-01-19,6.6400,6.7300,6.6200,6.6800,7329200
PCHEM,2012-01-20,6.6800,6.6800,6.6300,6.6800,5316900
PCHEM,2012-01-25,6.6900,6.6900,6.5500,6.6000,4110700
PCHEM,2012-01-26,6.6000,6.6800,6.5800,6.6700,2391200
PCHEM,2012-01-27,6.6700,6.6900,6.6400,6.6500,2132400
PCHEM,2012-01-30,6.6300,6.6800,6.6300,6.6600,2425800
PCHEM,2012-01-31,6.6500,6.6700,6.5900,6.6700,6524600
PCHEM,2012-02-02,6.6800,6.7900,6.6800,6.7300,13087600
PCHEM,2012-02-03,6.7800,6.8700,6.7000,6.7900,8386000
PCHEM,2012-02-08,6.8700,6.9300,6.8300,6.9300,14349800
PCHEM,2012-02-09,6.9500,7.0000,6.9300,7.0000,15011900
PCHEM,2012-02-10,7.0000,7.0200,6.9800,6.9900,7604900
PCHEM,2012-02-13,7.0000,7.0000,6.9300,6.9500,7675400
PCHEM,2012-02-14,6.9800,7.0300,6.9600,6.9800,17155000
PCHEM,2012-02-15,6.9600,6.9800,6.9200,6.9400,7554600
PCHEM,2012-02-16,6.9000,6.9100,6.8500,6.8800,7966200
PCHEM,2012-02-17,6.8900,6.9000,6.8700,6.8800,6501100
PCHEM,2012-02-20,6.8900,6.9900,6.8900,6.9200,4796500
PCHEM,2012-02-21,6.9200,6.9700,6.9200,6.9400,4678500
PCHEM,2012-02-22,6.9400,6.9700,6.9000,6.9500,6569700
PCHEM,2012-02-23,6.9600,6.9700,6.9000,6.9400,6482900
PCHEM,2012-02-24,6.9400,6.9500,6.9200,6.9300,4800200
PCHEM,2012-02-27,6.9200,6.9400,6.9000,6.9000,4771300
PCHEM,2012-02-28,6.9000,6.9000,6.7700,6.8000,6805800
PCHEM,2012-02-29,6.8000,6.8000,6.6400,6.7000,24176200
PCHEM,2012-03-01,6.7000,6.7700,6.6800,6.7500,5740800
PCHEM,2012-03-02,6.7400,6.9400,6.7400,6.9000,5549200
PCHEM,2012-03-05,6.9200,6.9300,6.8400,6.8900,5587800
PCHEM,2012-03-06,6.8900,6.9200,6.8300,6.9200,7844900
PCHEM,2012-03-07,6.8400,6.8700,6.8200,6.8400,9110400
PCHEM,2012-03-08,6.8600,6.8800,6.8200,6.8300,5009100
PCHEM,2012-03-09,6.8300,6.8400,6.8000,6.8400,3262800
PCHEM,2012-03-12,6.8400,6.8400,6.5600,6.5600,11468800
PCHEM,2012-03-13,6.5900,6.7200,6.5900,6.7000,3540400
PCHEM,2012-03-14,6.7000,6.7800,6.7000,6.7800,4001400
PCHEM,2012-03-15,6.7700,6.7800,6.7000,6.7700,3108800
PCHEM,2012-03-16,6.7900,6.7900,6.7000,6.7600,1852900
PCHEM,2012-03-19,6.7600,6.7800,6.7000,6.7400,3351600
PCHEM,2012-03-20,6.7600,6.7700,6.6200,6.7100,11602600
PCHEM,2012-03-21,6.7100,6.7600,6.7000,6.7400,2032800
PCHEM,2012-03-22,6.7400,6.7500,6.7000,6.7300,6224300
PCHEM,2012-03-23,6.7300,6.7400,6.6900,6.7200,3698200
PCHEM,2012-03-26,6.7200,6.7200,6.6800,6.6900,3817600
PCHEM,2012-03-27,6.7100,6.7600,6.6900,6.6900,4395600
PCHEM,2012-03-28,6.6900,6.7100,6.6800,6.6800,3218200
PCHEM,2012-03-29,6.6700,6.7200,6.6700,6.6800,5427700
PCHEM,2012-03-30,6.7400,6.7400,6.6900,6.7400,4937600
PCHEM,2012-04-02,6.7400,6.7400,6.6800,6.7200,3826800
PCHEM,2012-04-03,6.7300,6.7400,6.7100,6.7300,5121100
PCHEM,2012-04-04,6.7000,6.7200,6.7000,6.7200,5791400
PCHEM,2012-04-05,6.7200,6.7200,6.6900,6.7100,2964400
PCHEM,2012-04-06,6.7100,6.7600,6.7000,6.7400,7345600
PCHEM,2012-04-09,6.7400,6.7400,6.6800,6.7100,2402800
PCHEM,2012-04-10,6.6800,6.7200,6.6700,6.7100,4291700
PCHEM,2012-04-12,6.7000,6.7500,6.6800,6.7300,4779100
PCHEM,2012-04-13,6.7300,6.7700,6.7100,6.7500,11005800
PCHEM,2012-04-16,6.7400,6.7400,6.6900,6.7100,5551200
PCHEM,2012-04-17,6.7200,6.7400,6.6300,6.7100,6535200
PCHEM,2012-04-18,6.7100,6.7200,6.7000,6.7000,7139800
PCHEM,2012-04-19,6.7000,6.7100,6.6900,6.7000,4247100
PCHEM,2012-04-20,6.6900,6.7000,6.5600,6.5600,6419600
PCHEM,2012-04-23,6.5600,6.6300,6.5600,6.6200,5436800
PCHEM,2012-04-24,6.6000,6.6300,6.5900,6.6000,4746700
PCHEM,2012-04-25,6.6000,6.6300,6.6000,6.6000,3994400
PCHEM,2012-04-26,6.6200,6.6200,6.5900,6.6000,4319500
PCHEM,2012-04-27,6.6400,6.6400,6.5400,6.5400,4025300
PCHEM,2012-04-30,6.5400,6.5400,6.4700,6.5300,5098400
PCHEM,2012-05-02,6.5300,6.5900,6.5300,6.5800,2667300
PCHEM,2012-05-03,6.5900,6.5900,6.5400,6.5500,4841800
PCHEM,2012-05-04,6.6500,6.6500,6.5600,6.6500,7417800
PCHEM,2012-05-07,6.5600,6.6000,6.5300,6.5500,9214000
PCHEM,2012-05-08,6.5500,6.5900,6.5500,6.5700,6822500
PCHEM,2012-05-09,6.5700,6.6200,6.5600,6.5700,3688600
PCHEM,2012-05-10,6.5700,6.6000,6.5700,6.5700,5900300
PCHEM,2012-05-11,6.6000,6.6300,6.5400,6.5400,1497500
PCHEM,2012-05-14,6.5100,6.5600,6.5100,6.5400,4485600
PCHEM,2012-05-15,6.5200,6.5300,6.4000,6.4500,10324500
PCHEM,2012-05-16,6.4500,6.6500,6.4000,6.4000,17755400
PCHEM,2012-05-17,6.4400,6.5200,6.4000,6.4600,9564700
PCHEM,2012-05-18,6.4000,6.4600,6.3700,6.4100,4711700
PCHEM,2012-05-21,6.4000,6.4200,6.3400,6.4000,7277500
PCHEM,2012-05-22,6.4400,6.4800,6.4200,6.4500,3807000
PCHEM,2012-05-23,6.4800,6.4800,6.4100,6.4500,2633500
PCHEM,2012-05-24,6.4700,6.5500,6.4600,6.5500,4169900
PCHEM,2012-05-25,6.5000,6.5800,6.5000,6.5700,2233900
PCHEM,2012-05-28,6.5400,6.7000,6.5400,6.7000,2941200
PCHEM,2012-05-29,6.6900,6.7000,6.5700,6.6500,3495600
PCHEM,2012-05-30,6.6700,6.6900,6.6000,6.6900,4134300
PCHEM,2012-05-31,6.6300,6.7300,6.5500,6.7000,38711200
PCHEM,2012-06-01,6.6300,6.7000,6.6300,6.6600,2404400
PCHEM,2012-06-04,6.6000,6.6000,6.5100,6.5200,5056700
PCHEM,2012-06-05,6.5000,6.5600,6.4800,6.5500,1961800
PCHEM,2012-06-06,6.5000,6.5500,6.4300,6.5300,3450300
PCHEM,2012-06-07,6.5600,6.5600,6.4500,6.5400,4122700
PCHEM,2012-06-08,6.4700,6.5000,6.4400,6.4900,5374800
PCHEM,2012-06-11,6.5000,6.5000,6.4200,6.4400,7898400
PCHEM,2012-06-12,6.4100,6.4400,6.4100,6.4200,7816400
PCHEM,2012-06-13,6.4300,6.4700,6.3800,6.3800,8820700
PCHEM,2012-06-14,6.4400,6.4400,6.3500,6.3500,9271100
PCHEM,2012-06-15,6.3800,6.4000,6.3100,6.3800,7526400
PCHEM,2012-06-18,6.4400,6.5000,6.4000,6.4700,4767400
PCHEM,2012-06-19,6.4800,6.6100,6.4500,6.5600,6516200
PCHEM,2012-06-20,6.5700,6.6400,6.5400,6.6100,4202900
PCHEM,2012-06-21,6.6100,6.6400,6.5500,6.6300,4067500
PCHEM,2012-06-22,6.5800,6.6200,6.5500,6.5600,4786000
PCHEM,2012-06-25,6.5600,6.5800,6.5200,6.5200,3318100
PCHEM,2012-06-26,6.5300,6.5600,6.4500,6.4500,5532000
PCHEM,2012-06-27,6.5200,6.5900,6.4600,6.4900,5044100
PCHEM,2012-06-28,6.4800,6.4800,6.4200,6.4700,3357500
PCHEM,2012-06-29,6.4700,6.4900,6.4600,6.4700,3352900
PCHEM,2012-07-02,6.4900,6.4900,6.4200,6.4200,2573600
PCHEM,2012-07-03,6.4500,6.4700,6.4200,6.4600,7893300
PCHEM,2012-07-04,6.4700,6.6200,6.4600,6.6200,5877700
PCHEM,2012-07-05,6.5500,6.6000,6.5500,6.6000,2980500
PCHEM,2012-07-06,6.6000,6.6000,6.5000,6.5800,3744100
PCHEM,2012-07-09,6.5500,6.5600,6.4900,6.5600,4667900
PCHEM,2012-07-10,6.5700,6.5700,6.5200,6.5500,764900
PCHEM,2012-07-11,6.5700,6.5800,6.5300,6.5600,3995000
PCHEM,2012-07-12,6.5600,6.5700,6.5200,6.5600,2429400
PCHEM,2012-07-13,6.5000,6.5700,6.5000,6.5500,2895600
PCHEM,2012-07-16,6.5300,6.5700,6.5200,6.5700,2889300
PCHEM,2012-07-17,6.5600,6.6000,6.5000,6.6000,3889800
PCHEM,2012-07-18,6.6000,6.6000,6.5600,6.5800,1718500
PCHEM,2012-07-19,6.5900,6.6000,6.5600,6.5900,4074900
PCHEM,2012-07-20,6.5900,6.5900,6.5100,6.5200,10049100
PCHEM,2012-07-23,6.5000,6.5400,6.5000,6.5100,1356900
PCHEM,2012-07-24,6.5200,6.5600,6.4800,6.4900,4045500
PCHEM,2012-07-25,6.4900,6.5500,6.4200,6.5500,2213600
PCHEM,2012-07-26,6.5500,6.5700,6.5200,6.5700,1955800
PCHEM,2012-07-27,6.5800,6.5800,6.5400,6.5600,2958300
PCHEM,2012-07-30,6.5500,6.5900,6.5000,6.5700,2712400
PCHEM,2012-07-31,6.5900,6.6300,6.5200,6.5900,3234500
PCHEM,2012-08-01,6.5100,6.6200,6.5100,6.6100,2513500
PCHEM,2012-08-02,6.5600,6.6100,6.5500,6.5500,2738300
PCHEM,2012-08-03,6.5400,6.6000,6.4300,6.6000,3871900
PCHEM,2012-08-06,6.6000,6.6100,6.5800,6.6100,1801500
PCHEM,2012-08-07,6.6000,6.6200,6.5100,6.5100,3179100
PCHEM,2012-08-08,6.5200,6.6100,6.5100,6.5600,4368600
PCHEM,2012-08-09,6.6000,6.6000,6.5700,6.5900,2431100
PCHEM,2012-08-10,6.5600,6.6000,6.5600,6.6000,3242300
PCHEM,2012-08-13,6.6500,6.6600,6.6000,6.6100,1546100
PCHEM,2012-08-14,6.6000,6.6200,6.5900,6.6200,1311100
PCHEM,2012-08-15,6.6200,6.6400,6.5800,6.6200,1688300
PCHEM,2012-08-16,6.5600,6.6300,6.5600,6.6300,3036900
PCHEM,2012-08-17,6.5500,6.6300,6.5400,6.5400,1825600
PCHEM,2012-08-22,6.5400,6.5600,6.5000,6.5500,3281900
PCHEM,2012-08-23,6.5400,6.5500,6.5000,6.5000,1669100
PCHEM,2012-08-24,6.4800,6.5200,6.4700,6.5000,1816700
PCHEM,2012-08-27,6.4900,6.5200,6.4800,6.5000,1255500
PCHEM,2012-08-28,6.5000,6.5400,6.4500,6.5300,1353200
PCHEM,2012-08-29,6.5300,6.5300,6.4700,6.5000,2996400
PCHEM,2012-08-30,6.5000,6.5400,6.4800,6.4800,1817000
PCHEM,2012-09-03,6.4700,6.5300,6.4600,6.4800,2574600
PCHEM,2012-09-04,6.4800,6.5100,6.4700,6.4900,1269300
PCHEM,2012-09-05,6.5000,6.5000,6.3700,6.3800,2125200
PCHEM,2012-09-06,6.3300,6.4000,6.3100,6.3800,2652500
PCHEM,2012-09-07,6.3500,6.4900,6.3400,6.4900,4211300
PCHEM,2012-09-10,6.4900,6.5000,6.2800,6.2800,1991200
PCHEM,2012-09-11,6.2900,6.3900,6.1900,6.3900,3996600
PCHEM,2012-09-12,6.3900,6.4300,6.3500,6.4200,1361500
PCHEM,2012-09-13,6.3900,6.5300,6.3900,6.5000,2212600
PCHEM,2012-09-14,6.5600,6.6000,6.5200,6.5300,4022800
PCHEM,2012-09-18,6.6000,6.6000,6.3800,6.3800,1975600
PCHEM,2012-09-19,6.3900,6.4900,6.3900,6.4700,1943100
PCHEM,2012-09-20,6.5000,6.5300,6.4500,6.4600,3079500
PCHEM,2012-09-21,6.5100,6.5400,6.4600,6.5400,5192100
PCHEM,2012-09-24,6.4700,6.4700,6.3800,6.4300,1982600
PCHEM,2012-09-25,6.4000,6.4500,6.3100,6.4200,2527700
PCHEM,2012-09-26,6.4600,6.4600,6.4200,6.4200,2212100
PCHEM,2012-09-27,6.4500,6.4500,6.4100,6.4200,1638600
PCHEM,2012-09-28,6.4300,6.4500,6.3200,6.4000,3065500
PCHEM,2012-10-01,6.4400,6.4400,6.4100,6.4300,1393400
PCHEM,2012-10-02,6.4500,6.4600,6.4200,6.4300,1031100
PCHEM,2012-10-03,6.4500,6.4600,6.4300,6.4400,1839900
PCHEM,2012-10-04,6.4600,6.4800,6.4000,6.4300,3554400
PCHEM,2012-10-05,6.4400,6.4500,6.4000,6.4300,1595900
PCHEM,2012-10-08,6.4200,6.4300,6.3700,6.4100,1707700
PCHEM,2012-10-09,6.4100,6.4400,6.4100,6.4200,1897900
PCHEM,2012-10-10,6.4100,6.4300,6.4100,6.4200,1262100
PCHEM,2012-10-11,6.3700,6.4300,6.3700,6.4200,1215500
PCHEM,2012-10-12,6.4200,6.4400,6.4200,6.4300,2076500
PCHEM,2012-10-15,6.4300,6.4900,6.4300,6.4900,2800300
PCHEM,2012-10-16,6.4900,6.5100,6.4600,6.5100,3288300
PCHEM,2012-10-17,6.5200,6.5900,6.5100,6.5900,4823200
PCHEM,2012-10-18,6.5800,6.6500,6.5700,6.6500,5161800
PCHEM,2012-10-19,6.6400,6.6400,6.5600,6.5600,3078100
PCHEM,2012-10-22,6.5000,6.5500,6.4400,6.5100,1733500
PCHEM,2012-10-23,6.4400,6.4600,6.4200,6.4500,1916800
PCHEM,2012-10-24,6.4500,6.4900,6.4300,6.4400,764800
PCHEM,2012-10-25,6.4400,6.4700,6.4200,6.4500,1908700
PCHEM,2012-10-29,6.4600,6.4600,6.3900,6.4200,2647200
PCHEM,2012-10-30,6.4000,6.4200,6.3700,6.4000,3365600
PCHEM,2012-10-31,6.3900,6.5000,6.3800,6.5000,3452700
PCHEM,2012-11-01,6.5000,6.5000,6.4000,6.4600,1533500
PCHEM,2012-11-02,6.4600,6.5000,6.4100,6.4300,1062600
PCHEM,2012-11-05,6.4900,6.4900,6.3500,6.4500,2155200
PCHEM,2012-11-06,6.4500,6.4600,6.3800,6.4500,1608900
PCHEM,2012-11-07,6.4500,6.4500,6.4300,6.4400,1439100
PCHEM,2012-11-08,6.4500,6.4500,6.3700,6.4200,1857400
PCHEM,2012-11-09,6.4000,6.4200,6.3700,6.4200,1080000
PCHEM,2012-11-12,6.3800,6.4200,6.3600,6.4100,1082500
PCHEM,2012-11-14,6.4200,6.4200,6.2800,6.3800,3618500
PCHEM,2012-11-16,6.4000,6.4100,6.2800,6.3700,1722700
PCHEM,2012-11-19,6.3300,6.3700,6.3300,6.3600,1414300
PCHEM,2012-11-20,6.3300,6.3500,6.2900,6.3100,3732700
PCHEM,2012-11-21,6.3100,6.4000,6.2900,6.4000,1660900
PCHEM,2012-11-22,6.3700,6.3800,6.3100,6.3100,1985900
PCHEM,2012-11-23,6.3000,6.3100,6.1900,6.2000,3383500
PCHEM,2012-11-26,6.2000,6.2000,6.1000,6.1000,2930700
PCHEM,2012-11-27,6.1000,6.1100,6.0500,6.0900,2470000
PCHEM,2012-11-28,6.1100,6.1100,5.8900,6.0000,7646100
PCHEM,2012-11-29,6.0100,6.0400,5.9300,5.9700,3949500
PCHEM,2012-11-30,5.9700,5.9900,5.9300,5.9500,6329700
PCHEM,2012-12-03,5.9300,5.9300,5.6300,5.6600,13386700
PCHEM,2012-12-04,5.6800,5.7700,5.6700,5.7300,7483300
PCHEM,2012-12-05,5.7300,5.7700,5.7100,5.7400,4120100
PCHEM,2012-12-06,5.7400,5.7600,5.6400,5.7000,6662800
PCHEM,2012-12-07,5.7200,5.7500,5.7000,5.7100,5495300
PCHEM,2012-12-10,5.7400,5.8800,5.7400,5.8700,11191100
PCHEM,2012-12-11,5.8900,6.0200,5.8900,6.0200,7139600
PCHEM,2012-12-12,6.0500,6.1500,6.0500,6.1100,7094500
PCHEM,2012-12-13,6.1300,6.1800,6.1100,6.1300,5544100
PCHEM,2012-12-14,6.1100,6.1500,6.0900,6.1400,4513900
PCHEM,2012-12-17,6.1100,6.1300,6.0800,6.0900,4025300
PCHEM,2012-12-18,6.1200,6.2100,6.1200,6.1900,6943700
PCHEM,2012-12-19,6.1500,6.2100,6.1500,6.2000,6047700
PCHEM,2012-12-20,6.2000,6.2100,6.1700,6.2000,4857800
PCHEM,2012-12-21,6.1600,6.2100,6.1600,6.2000,4815800
PCHEM,2012-12-24,6.2100,6.2200,6.1500,6.1900,4761700
PCHEM,2012-12-26,6.1900,6.2000,6.1700,6.1900,769700
PCHEM,2012-12-27,6.2000,6.2400,6.1800,6.2200,3448300
PCHEM,2012-12-28,6.2800,6.2800,6.1900,6.2200,1893000
PCHEM,2012-12-31,6.2000,6.4000,6.2000,6.4000,8200400
PCHEM,2013-01-02,6.2800,6.3400,6.2600,6.2700,3700700
PCHEM,2013-01-03,6.3200,6.3500,6.2800,6.2800,3959800
PCHEM,2013-01-04,6.3000,6.3200,6.2800,6.3200,2184400
PCHEM,2013-01-07,6.3200,6.3200,6.3000,6.3100,1808200
PCHEM,2013-01-08,6.3000,6.3000,6.2300,6.2700,2919200
PCHEM,2013-01-09,6.2900,6.3300,6.2800,6.3300,2949800
PCHEM,2013-01-10,6.3400,6.3400,6.2800,6.3100,902300
PCHEM,2013-01-11,6.3300,6.3300,6.2200,6.2300,1295000
PCHEM,2013-01-14,6.2400,6.3000,6.2300,6.2600,2377700
PCHEM,2013-01-15,6.3000,6.3100,6.2800,6.3000,1145800
PCHEM,2013-01-16,6.3000,6.3200,6.2400,6.3200,1719800
PCHEM,2013-01-17,6.2800,6.3000,6.2700,6.2900,479200
PCHEM,2013-01-18,6.3000,6.3200,6.2800,6.3000,1144300
PCHEM,2013-01-21,6.2800,6.2800,6.1700,6.2200,2560000
PCHEM,2013-01-22,6.1200,6.2000,5.9900,6.0800,5308700
PCHEM,2013-01-23,6.0800,6.1600,6.0300,6.1300,2927900
PCHEM,2013-01-25,6.1100,6.1300,6.0300,6.0700,4269200
PCHEM,2013-01-29,6.0400,6.0600,6.0000,6.0300,5301700
PCHEM,2013-01-30,6.0300,6.0600,5.9000,6.0100,4884700
PCHEM,2013-01-31,6.0400,6.0800,5.9100,5.9500,3541600
PCHEM,2013-02-04,5.9400,6.0700,5.9400,6.0700,1332300
PCHEM,2013-02-05,6.0200,6.0700,5.9800,6.0600,1265400
PCHEM,2013-02-06,6.0600,6.0800,5.9600,6.0000,5164300
PCHEM,2013-02-07,5.9200,6.0300,5.9200,6.0000,2114300
PCHEM,2013-02-08,6.0100,6.0300,5.9800,6.0000,2989400
PCHEM,2013-02-13,6.0400,6.1300,6.0400,6.1000,1246500
PCHEM,2013-02-14,6.1100,6.1500,6.0900,6.1500,1051000
PCHEM,2013-02-15,6.1600,6.2100,6.1300,6.1500,2963900
PCHEM,2013-02-18,6.1200,6.1700,6.1000,6.1300,2548100
PCHEM,2013-02-19,6.1400,6.1800,6.1400,6.1700,1219800
PCHEM,2013-02-20,6.2300,6.2400,6.1000,6.2100,2443200
PCHEM,2013-02-21,6.2100,6.2900,6.1500,6.2900,3355100
PCHEM,2013-02-22,6.2300,6.2500,6.1300,6.2100,2138300
PCHEM,2013-02-25,6.2200,6.2800,6.1900,6.2500,2227200
PCHEM,2013-02-26,6.1400,6.2700,6.1400,6.2600,2332900
PCHEM,2013-02-27,6.2100,6.2800,6.2100,6.2500,989200
PCHEM,2013-02-28,6.2800,6.3600,6.2600,6.3500,6050800
PCHEM,2013-03-01,6.3700,6.4000,6.3400,6.3900,4404500
PCHEM,2013-03-04,6.4000,6.4000,6.3400,6.4000,3110400
PCHEM,2013-03-05,6.4000,6.4100,6.3600,6.3600,2277000
PCHEM,2013-03-06,6.2500,6.3800,6.2500,6.3700,1749800
PCHEM,2013-03-07,6.4000,6.4000,6.3600,6.3900,1153300
PCHEM,2013-03-08,6.4000,6.4000,6.3600,6.3900,1487600
PCHEM,2013-03-11,6.3100,6.4000,6.3100,6.4000,1758700
PCHEM,2013-03-12,6.4000,6.4000,6.3800,6.4000,1507600
PCHEM,2013-03-13,6.3500,6.3900,6.2800,6.3600,3016600
PCHEM,2013-03-14,6.3200,6.4000,6.3200,6.3700,1385200
PCHEM,2013-03-15,6.3500,6.3900,6.3200,6.3700,2175100
PCHEM,2013-03-18,6.3200,6.3200,6.1300,6.2800,2276100
PCHEM,2013-03-19,6.2900,6.3000,6.2200,6.2500,2729700
PCHEM,2013-03-20,6.2100,6.3800,6.1700,6.3800,3293100
PCHEM,2013-03-21,6.3700,6.4000,6.3000,6.3800,1915400
PCHEM,2013-03-22,6.3200,6.3900,6.2700,6.3800,3642100
PCHEM,2013-03-25,6.3500,6.3800,6.3500,6.3800,1628500
PCHEM,2013-03-26,6.3900,6.4000,6.3400,6.3600,4519100
PCHEM,2013-03-27,6.3000,6.4200,6.3000,6.3900,5073100
PCHEM,2013-03-28,6.3700,6.4500,6.3500,6.4500,2715700
PCHEM,2013-03-29,6.4000,6.4100,6.3600,6.4100,1274600
PCHEM,2013-04-01,6.3600,6.3700,6.3400,6.3400,3568200
PCHEM,2013-04-02,6.3400,6.4200,6.3400,6.3600,2269300
PCHEM,2013-04-03,6.3400,6.3500,5.8600,6.2900,6839000
PCHEM,2013-04-04,6.2500,6.3500,6.2200,6.2900,2669700
PCHEM,2013-04-05,6.2800,6.2900,6.2200,6.2900,1803300
PCHEM,2013-04-08,6.3300,6.4000,6.2800,6.3500,1344800
PCHEM,2013-04-09,6.3000,6.3900,6.3000,6.3900,1159000
PCHEM,2013-04-10,6.3900,6.4000,6.3300,6.4000,1053200
PCHEM,2013-04-11,6.3600,6.4500,6.3600,6.4400,4198800
PCHEM,2013-04-12,6.4500,6.5000,6.3700,6.4600,3170400
PCHEM,2013-04-15,6.4200,6.4900,6.3900,6.4600,1753100
PCHEM,2013-04-16,6.4500,6.4800,6.3100,6.4500,3005200
PCHEM,2013-04-17,6.4500,6.4900,6.4300,6.4900,3530100
PCHEM,2013-04-18,6.4700,6.5000,6.4400,6.4600,1814600
PCHEM,2013-04-19,6.4500,6.4900,6.3900,6.4600,2161400
PCHEM,2013-04-22,6.4600,6.5000,6.4300,6.4600,3404800
PCHEM,2013-04-23,6.4500,6.4500,6.4200,6.4300,3267100
PCHEM,2013-04-24,6.4300,6.5000,6.4300,6.5000,2803900
PCHEM,2013-04-25,6.4900,6.5000,6.4600,6.4700,3767900
PCHEM,2013-04-26,6.4800,6.5100,6.4500,6.4800,5012500
PCHEM,2013-04-29,6.4500,6.4900,6.4500,6.4900,2516300
PCHEM,2013-04-30,6.5000,6.5400,6.4800,6.5300,5312700
PCHEM,2013-05-02,6.4300,6.5200,6.4300,6.5000,3308400
PCHEM,2013-05-03,6.5000,6.5100,6.4100,6.4800,8198400
PCHEM,2013-05-06,6.8000,6.8800,6.5300,6.6000,8626400
PCHEM,2013-05-07,6.6200,6.6400,6.5600,6.5800,7009700
PCHEM,2013-05-08,6.5800,6.6000,6.5300,6.6000,5591800
PCHEM,2013-05-09,6.6000,6.6000,6.5500,6.5800,7347900
PCHEM,2013-05-10,6.3800,6.6000,6.3800,6.6000,4798800
PCHEM,2013-05-13,6.6000,6.6000,6.5300,6.5500,5219700
PCHEM,2013-05-14,6.5100,6.5600,6.5000,6.5200,3276200
PCHEM,2013-05-15,6.5400,6.6000,6.5400,6.6000,4716000
PCHEM,2013-05-16,6.5600,6.5900,6.5300,6.5400,6130900
PCHEM,2013-05-17,6.5700,6.5700,6.5300,6.5500,2830400
PCHEM,2013-05-20,6.5600,6.5700,6.5300,6.5300,5732600
PCHEM,2013-05-21,6.5300,6.5700,6.5300,6.5500,3921700
PCHEM,2013-05-22,6.5500,6.5900,6.5300,6.5500,2012400
PCHEM,2013-05-23,6.5700,6.5700,6.5000,6.5300,9347500
PCHEM,2013-05-27,6.4800,6.5800,6.4800,6.4800,3265500
PCHEM,2013-05-28,6.5400,6.5900,6.5400,6.5700,5964100
PCHEM,2013-05-29,6.6000,6.6500,6.6000,6.6100,6913600
PCHEM,2013-05-30,6.6500,6.6500,6.5600,6.5800,3903300
PCHEM,2013-05-31,6.6100,6.6100,6.5300,6.6000,6935100
PCHEM,2013-06-03,6.6000,6.6500,6.5600,6.6400,6051600
PCHEM,2013-06-04,6.6000,6.7300,6.6000,6.7300,3963100
PCHEM,2013-06-05,6.5900,6.6100,6.5400,6.6000,2882400
PCHEM,2013-06-06,6.5900,6.6500,6.5900,6.6400,5700800
PCHEM,2013-06-07,6.6400,6.6400,6.5800,6.6000,4013900
PCHEM,2013-06-10,6.6400,6.6600,6.5700,6.6200,4089100
PCHEM,2013-06-11,6.5200,6.6400,6.5200,6.6000,4020900
PCHEM,2013-06-12,6.5300,6.5700,6.5200,6.5500,2830700
PCHEM,2013-06-13,6.5900,6.5900,6.3600,6.3600,4122300
PCHEM,2013-06-14,6.3900,6.5800,6.3700,6.5700,2677700
PCHEM,2013-06-17,6.5900,6.6300,6.5800,6.6000,5045700
PCHEM,2013-06-18,6.6000,6.6300,6.5900,6.6000,3731200
PCHEM,2013-06-19,6.6400,6.6500,6.6000,6.6200,3408100
PCHEM,2013-06-20,6.5700,6.6300,6.5300,6.6000,4736600
PCHEM,2013-06-21,6.5500,6.6600,6.4200,6.6600,7388600
PCHEM,2013-06-24,6.5900,6.6000,6.5100,6.5800,5076900
PCHEM,2013-06-25,6.5100,6.6500,6.5100,6.5400,7442600
PCHEM,2013-06-26,6.5500,6.6300,6.4900,6.6000,6460500
PCHEM,2013-06-27,6.6200,6.6400,6.5600,6.5600,6354200
PCHEM,2013-06-28,6.5900,6.6300,6.5700,6.6200,7780200
PCHEM,2013-07-01,6.5800,6.6300,6.5400,6.6200,3039000
PCHEM,2013-07-02,6.6200,6.6700,6.5800,6.6100,2127300
PCHEM,2013-07-03,6.6500,6.6700,6.5900,6.6100,4212400
PCHEM,2013-07-04,6.6000,6.6200,6.5800,6.6000,2347700
PCHEM,2013-07-05,6.6200,6.6500,6.5800,6.6100,2783800
PCHEM,2013-07-08,6.6100,6.6300,6.5800,6.5800,2552500
PCHEM,2013-07-09,6.5400,6.6100,6.5400,6.6000,2888300
PCHEM,2013-07-10,6.5400,6.6200,6.5400,6.6200,1865600
PCHEM,2013-07-11,6.6300,6.6600,6.6000,6.6200,4005700
PCHEM,2013-07-12,6.6400,6.6400,6.5900,6.6100,3389600
PCHEM,2013-07-15,6.6300,6.6300,6.6000,6.6200,2386000
PCHEM,2013-07-16,6.6300,6.6300,6.6000,6.6200,2374100
PCHEM,2013-07-17,6.5900,6.6200,6.4800,6.5500,6783900
PCHEM,2013-07-18,6.5900,6.6000,6.5800,6.5900,2821900
PCHEM,2013-07-19,6.5900,6.6100,6.5800,6.5800,2759900
PCHEM,2013-07-22,6.6000,6.6200,6.5500,6.5900,1168500
PCHEM,2013-07-23,6.6200,6.6400,6.6000,6.6200,4548300
PCHEM,2013-07-24,6.6200,6.6300,6.6100,6.6300,3544200
PCHEM,2013-07-25,6.6100,6.6300,6.6000,6.6200,774600
PCHEM,2013-07-26,6.6200,6.6300,6.6000,6.6200,1751800
PCHEM,2013-07-29,6.6200,6.6300,6.5600,6.6000,1130100
PCHEM,2013-07-30,6.6000,6.6500,6.6000,6.6500,5236400
PCHEM,2013-07-31,6.6400,6.6500,6.5800,6.6200,3218600
PCHEM,2013-08-01,6.6200,6.6400,6.5500,6.6100,2534600
PCHEM,2013-08-02,6.6000,6.6400,6.6000,6.6300,2606100
PCHEM,2013-08-05,6.6400,6.6400,6.6000,6.6000,1670400
PCHEM,2013-08-06,6.6000,6.6400,6.6000,6.6300,2169100
PCHEM,2013-08-12,6.5900,6.6400,6.5800,6.6000,2052800
PCHEM,2013-08-13,6.5800,6.6300,6.5800,6.6100,2223500
PCHEM,2013-08-14,6.6400,6.6400,6.6100,6.6200,1634600
PCHEM,2013-08-15,6.6000,6.6300,6.5800,6.6000,3445100
PCHEM,2013-08-16,6.6000,6.6300,6.5900,6.6200,1260100
PCHEM,2013-08-19,6.5700,6.6200,6.5500,6.6200,2581200
PCHEM,2013-08-20,6.6200,6.6200,6.5700,6.6200,4838300
PCHEM,2013-08-21,6.6000,6.6300,6.5700,6.6000,6023200
PCHEM,2013-08-22,6.5000,6.5400,6.4000,6.5000,5652000
PCHEM,2013-08-23,6.4700,6.5200,6.4400,6.4800,3450800
PCHEM,2013-08-26,6.4500,6.5700,6.4500,6.4900,1746400
PCHEM,2013-08-27,6.4900,6.4900,6.3900,6.4000,4816100
PCHEM,2013-08-28,6.3800,6.3800,6.1200,6.3100,4732300
PCHEM,2013-08-29,6.3100,6.5200,6.1900,6.4400,3601500
PCHEM,2013-08-30,6.5000,6.6200,6.5000,6.6200,2983300
PCHEM,2013-09-02,6.6000,6.6100,6.5500,6.6000,1195900
PCHEM,2013-09-03,6.6200,6.6300,6.5200,6.5800,4085600
PCHEM,2013-09-04,6.6000,6.6400,6.4300,6.5900,2042200
PCHEM,2013-09-05,6.5900,6.6400,6.5900,6.5900,1654300
PCHEM,2013-09-06,6.5500,6.5900,6.5000,6.5000,5271800
PCHEM,2013-09-09,6.5600,6.6500,6.5300,6.6300,3475000
PCHEM,2013-09-10,6.7000,6.7400,6.6600,6.7000,9304200
PCHEM,2013-09-11,6.7500,6.8000,6.7300,6.7400,9718000
PCHEM,2013-09-12,6.7800,6.7800,6.7200,6.7500,4892700
PCHEM,2013-09-13,6.7000,6.7600,6.7000,6.7500,1769600
PCHEM,2013-09-17,6.7600,6.7700,6.7500,6.7600,5032600
PCHEM,2013-09-18,6.6600,6.8000,6.6600,6.7900,6461400
PCHEM,2013-09-19,6.8000,6.9100,6.8000,6.8600,11489000
PCHEM,2013-09-20,6.8700,6.9700,6.8700,6.9300,14729700
PCHEM,2013-09-23,6.9300,6.9400,6.9100,6.9300,6461800
PCHEM,2013-09-24,6.9300,6.9400,6.8800,6.9000,4052200
PCHEM,2013-09-25,6.9000,6.9300,6.8600,6.9000,6524300
PCHEM,2013-09-26,6.9000,6.9000,6.7600,6.7800,3918900
PCHEM,2013-09-27,6.8000,6.8000,6.7600,6.8000,3826900
PCHEM,2013-09-30,6.8800,6.8800,6.8200,6.8500,10211000
PCHEM,2013-10-01,6.7600,6.8700,6.7400,6.8500,3415400
PCHEM,2013-10-02,6.8900,6.9000,6.8200,6.8300,2863900
PCHEM,2013-10-03,6.8500,6.8600,6.8200,6.8200,1669700
PCHEM,2013-10-04,6.8400,6.8400,6.8200,6.8300,2854200
PCHEM,2013-10-07,6.8400,6.8400,6.7800,6.7900,2790700
PCHEM,2013-10-08,6.7900,6.9300,6.7900,6.8600,7467500
PCHEM,2013-10-09,6.8900,6.9000,6.8600,6.8900,4442100
PCHEM,2013-10-10,6.9000,6.9700,6.8900,6.9600,6871200
PCHEM,2013-10-11,6.9900,7.0800,6.9500,7.0600,5822900
PCHEM,2013-10-14,6.9700,7.0600,6.9700,7.0400,3216500
PCHEM,2013-10-16,7.0400,7.1700,7.0300,7.1300,11632300
PCHEM,2013-10-17,7.1500,7.1700,7.0900,7.1200,7879700
PCHEM,2013-10-18,7.0900,7.1300,7.0600,7.0800,2642000
PCHEM,2013-10-21,7.1200,7.1200,7.0700,7.0800,2760300
PCHEM,2013-10-22,7.1100,7.1100,7.0700,7.1100,8246300
PCHEM,2013-10-23,7.1200,7.1300,7.0900,7.1200,7098300
PCHEM,2013-10-24,7.1300,7.1300,7.0300,7.1100,5075800
PCHEM,2013-10-25,7.1400,7.1400,7.0700,7.1200,3748800
PCHEM,2013-10-28,7.1400,7.2100,7.1400,7.1500,6799700
PCHEM,2013-10-29,7.1800,7.1800,7.1000,7.1500,6131800
PCHEM,2013-10-30,7.1500,7.1500,7.1000,7.1300,3205100
PCHEM,2013-10-31,7.1300,7.1300,7.0900,7.1100,11816500
PCHEM,2013-11-01,7.1300,7.1500,7.1000,7.1200,4447100
PCHEM,2013-11-04,7.1500,7.1500,7.0800,7.0800,3387000
PCHEM,2013-11-06,7.0800,7.1200,7.0600,7.1200,7468000
PCHEM,2013-11-07,7.1000,7.1800,7.0400,7.1000,2855600
PCHEM,2013-11-08,7.0600,7.0800,6.8300,6.8300,7815400
PCHEM,2013-11-11,6.8600,6.8600,6.7700,6.7900,5388000
PCHEM,2013-11-12,6.8200,6.8300,6.7300,6.7500,9854500
PCHEM,2013-11-13,6.7600,6.7600,6.6700,6.7000,6210000
PCHEM,2013-11-14,6.6800,6.7000,6.6500,6.6500,6550700
PCHEM,2013-11-15,6.6600,6.7400,6.6500,6.7000,5686100
PCHEM,2013-11-18,6.7300,6.7300,6.5800,6.6900,7121200
PCHEM,2013-11-19,6.6800,6.7600,6.6700,6.7400,10043300
PCHEM,2013-11-20,6.7400,6.7500,6.5700,6.6300,6346400
PCHEM,2013-11-21,6.6300,6.6600,6.6200,6.6500,7199300
PCHEM,2013-11-22,6.6300,6.6400,6.5700,6.6300,2457000
PCHEM,2013-11-25,6.7500,6.7500,6.6500,6.7000,7239900
PCHEM,2013-11-26,6.6300,6.7000,6.5800,6.6100,8575600
PCHEM,2013-11-27,6.6800,6.6800,6.5600,6.6000,6532700
PCHEM,2013-11-28,6.6600,6.6800,6.6200,6.6300,1206400
PCHEM,2013-11-29,6.6300,6.7600,6.6300,6.7500,2915300
PCHEM,2013-12-02,6.7000,6.7500,6.6400,6.7500,1675500
PCHEM,2013-12-03,6.7200,6.7500,6.7100,6.7400,5897500
PCHEM,2013-12-04,6.7300,6.7500,6.6900,6.7300,3583400
PCHEM,2013-12-05,6.7200,6.7500,6.6900,6.7400,5880200
PCHEM,2013-12-06,6.7900,6.7900,6.6700,6.7000,6761200
PCHEM,2013-12-09,6.7000,6.9000,6.7000,6.9000,3358100
PCHEM,2013-12-10,6.9000,7.0000,6.8100,7.0000,4359000
PCHEM,2013-12-11,6.8900,6.9600,6.8200,6.8700,2795700
PCHEM,2013-12-12,6.8900,6.8900,6.7200,6.8000,4492300
PCHEM,2013-12-13,6.8000,6.8000,6.7300,6.8000,7505800
PCHEM,2013-12-16,6.8000,6.8400,6.7300,6.7600,4314000
PCHEM,2013-12-17,6.7600,6.8300,6.7000,6.8300,4067700
PCHEM,2013-12-18,6.7600,6.7900,6.7000,6.7400,6717700
PCHEM,2013-12-19,6.7400,6.7700,6.6300,6.6300,4510500
PCHEM,2013-12-20,6.6100,6.7700,6.5900,6.6000,5001000
PCHEM,2013-12-23,6.6200,6.8800,6.6200,6.8800,1626500
PCHEM,2013-12-24,6.8400,6.9000,6.8100,6.8100,1127200
PCHEM,2013-12-26,6.7800,6.8900,6.7800,6.8800,551100
PCHEM,2013-12-27,6.7800,6.9500,6.7800,6.9400,2380800
PCHEM,2013-12-30,6.9400,7.0000,6.8200,7.0000,1249200
PCHEM,2013-12-31,6.9200,7.0100,6.9200,6.9500,4432400
PCHEM,2014-01-02,6.9500,6.9500,6.8200,6.9200,547400
PCHEM,2014-01-03,6.7800,6.8900,6.7800,6.8400,3019400
PCHEM,2014-01-06,6.8400,6.8500,6.7500,6.8000,569900
PCHEM,2014-01-07,6.9000,6.9000,6.6700,6.6700,3183600
PCHEM,2014-01-08,6.7000,6.7600,6.5800,6.5800,2471700
PCHEM,2014-01-09,6.5800,6.7400,6.5800,6.7100,3011100
PCHEM,2014-01-10,6.7000,6.7800,6.6800,6.7500,1864100
PCHEM,2014-01-13,6.7100,6.8500,6.7100,6.7900,1281800
PCHEM,2014-01-15,6.8900,6.8900,6.6000,6.6700,3511500
PCHEM,2014-01-16,6.6400,6.7000,6.6400,6.6700,3629700
PCHEM,2014-01-20,6.6400,6.6400,6.5800,6.6300,2392600
PCHEM,2014-01-21,6.6000,6.7300,6.6000,6.7200,634000
PCHEM,2014-01-22,6.7300,6.7600,6.6000,6.7400,2778000
PCHEM,2014-01-23,6.7400,6.7600,6.6800,6.7200,2178700
PCHEM,2014-01-24,6.6600,6.6900,6.5800,6.6600,5809300
PCHEM,2014-01-27,6.6000,6.6400,6.5600,6.6000,4061100
PCHEM,2014-01-28,6.6400,6.6500,6.6000,6.6400,1682500
PCHEM,2014-01-29,6.6000,6.6800,6.6000,6.6700,2107100
PCHEM,2014-01-30,6.6700,6.6700,6.6000,6.6500,2887400
PCHEM,2014-02-04,6.6300,6.7400,6.5500,6.6500,3264700
PCHEM,2014-02-05,6.6900,6.6900,6.6400,6.6500,2115400
PCHEM,2014-02-06,6.6300,6.7500,6.6200,6.7000,2279700
PCHEM,2014-02-07,6.7500,6.7500,6.6400,6.7100,1669900
PCHEM,2014-02-10,6.7800,6.8800,6.7000,6.7500,1404300
PCHEM,2014-02-11,6.7400,6.7700,6.6300,6.7500,5595900
PCHEM,2014-02-12,6.7000,6.7400,6.6500,6.7000,4565900
PCHEM,2014-02-13,6.7400,6.7400,6.6900,6.7000,2099800
PCHEM,2014-02-14,6.7000,6.7100,6.6500,6.7000,2213300
PCHEM,2014-02-17,6.6600,6.7200,6.6600,6.7100,4039600
PCHEM,2014-02-18,6.6800,6.7300,6.6800,6.7100,480800
PCHEM,2014-02-19,6.6700,6.7200,6.6700,6.7200,2321800
PCHEM,2014-02-20,6.7000,6.7500,6.7000,6.7200,2092000
PCHEM,2014-02-21,6.6600,6.7100,6.6100,6.7100,7582400
PCHEM,2014-02-24,6.6700,6.7200,6.6700,6.7000,2386600
PCHEM,2014-02-25,6.6700,6.7300,6.6700,6.7200,2864200
PCHEM,2014-02-26,6.7100,6.7300,6.7000,6.7000,3803000
PCHEM,2014-02-27,6.7000,6.7300,6.7000,6.7100,4246900
PCHEM,2014-02-28,6.7000,6.7500,6.7000,6.7500,4608500
PCHEM,2014-03-03,6.6700,6.7200,6.6000,6.7200,1976100
PCHEM,2014-03-04,6.6600,6.7100,6.6600,6.7000,4950100
PCHEM,2014-03-05,6.7400,6.7400,6.6900,6.7100,3280200
PCHEM,2014-03-06,6.6700,6.7300,6.6500,6.7200,3022500
PCHEM,2014-03-07,6.7000,6.7300,6.7000,6.7100,557400
PCHEM,2014-03-10,6.6600,6.7300,6.6000,6.7100,1716800
PCHEM,2014-03-11,6.7100,6.7300,6.7000,6.7300,1540700
PCHEM,2014-03-12,6.6700,6.7000,6.6400,6.6600,6898700
PCHEM,2014-03-13,6.7000,6.7000,6.6100,6.6100,5874300
PCHEM,2014-03-14,6.6000,6.6200,6.5500,6.6000,5842100
PCHEM,2014-03-17,6.5800,6.6600,6.5600,6.6300,4052200
PCHEM,2014-03-18,6.6000,6.6800,6.6000,6.6600,4523700
PCHEM,2014-03-19,6.7000,6.7600,6.6800,6.7200,2507600
PCHEM,2014-03-20,6.6200,6.7300,6.6200,6.7200,1758700
PCHEM,2014-03-21,6.7500,6.7500,6.7000,6.7500,3920300
PCHEM,2014-03-24,6.7500,6.7900,6.7400,6.7500,3011900
PCHEM,2014-03-25,6.6600,6.7500,6.6600,6.7000,1385100
PCHEM,2014-03-26,6.7000,6.7400,6.7000,6.7300,1409400
PCHEM,2014-03-27,6.7400,6.7500,6.7100,6.7300,1651000
PCHEM,2014-03-28,6.6400,6.8500,6.6400,6.8100,2314600
PCHEM,2014-03-31,6.7700,6.9100,6.7100,6.9100,8181500
PCHEM,2014-04-01,6.8400,6.8400,6.7600,6.8000,5700200
PCHEM,2014-04-02,6.7700,6.8600,6.7700,6.8300,4083200
PCHEM,2014-04-03,6.8500,6.9000,6.8300,6.8900,11545300
PCHEM,2014-04-04,6.9100,7.0100,6.7100,6.7500,11830200
PCHEM,2014-04-07,6.8000,6.8000,6.7600,6.7900,2879700
PCHEM,2014-04-08,6.7900,6.8000,6.7400,6.7500,3028700
PCHEM,2014-04-09,6.7500,6.8800,6.7300,6.8100,5496600
PCHEM,2014-04-10,6.8500,6.9000,6.7600,6.7900,2185600
PCHEM,2014-04-11,6.7600,6.7800,6.7400,6.7500,8132100
PCHEM,2014-04-14,6.7300,6.7900,6.7300,6.7900,2597300
PCHEM,2014-04-15,6.7600,6.7800,6.7500,6.7700,3317700
PCHEM,2014-04-16,6.7600,6.8000,6.7500,6.7700,2273900
PCHEM,2014-04-17,6.7700,6.8300,6.7700,6.8300,601900
PCHEM,2014-04-18,6.8300,6.8400,6.8200,6.8300,680300
PCHEM,2014-04-21,6.7200,6.9000,6.7200,6.8800,2364600
PCHEM,2014-04-22,6.9000,6.9200,6.8800,6.9000,1652400
PCHEM,2014-04-23,6.8900,6.9200,6.8900,6.9000,2301600
PCHEM,2014-04-24,6.9000,6.9000,6.8300,6.8500,1461300
PCHEM,2014-04-25,6.8500,6.8500,6.7300,6.7300,1080600
PCHEM,2014-04-28,6.7400,6.7800,6.7400,6.7500,1257800
PCHEM,2014-04-29,6.7600,6.8900,6.7500,6.8000,1488300
PCHEM,2014-04-30,6.7600,6.8300,6.7300,6.7300,3153600
PCHEM,2014-05-02,6.7200,6.8400,6.7200,6.8400,715000
PCHEM,2014-05-05,6.7800,6.8500,6.7800,6.8000,1215900
PCHEM,2014-05-06,6.8400,6.8400,6.7600,6.7600,1299600
PCHEM,2014-05-07,6.7600,6.7700,6.7500,6.7500,1267000
PCHEM,2014-05-08,6.7500,6.8100,6.7000,6.7900,4242800
PCHEM,2014-05-09,6.7600,6.7900,6.7300,6.7800,2839200
PCHEM,2014-05-12,6.7500,6.8000,6.7500,6.7900,355600
PCHEM,2014-05-14,6.8000,6.8000,6.7300,6.7500,2896600
PCHEM,2014-05-15,6.7500,6.7600,6.7400,6.7500,6905600
PCHEM,2014-05-16,6.7900,6.8300,6.7400,6.8300,3936400
PCHEM,2014-05-19,6.7600,6.8200,6.7600,6.8000,2860000
PCHEM,2014-05-20,6.8200,6.8200,6.7500,6.8100,2465400
PCHEM,2014-05-21,6.7500,6.8200,6.7500,6.7900,3235000
PCHEM,2014-05-22,6.7400,6.8500,6.7400,6.7600,2810100
PCHEM,2014-05-23,6.8000,6.8000,6.7600,6.7900,2693900
PCHEM,2014-05-26,6.7800,6.8400,6.7500,6.8000,2314600
PCHEM,2014-05-27,6.8500,6.8500,6.7500,6.7900,1716300
PCHEM,2014-05-28,6.7400,6.7700,6.7200,6.7300,5202900
PCHEM,2014-05-30,6.7400,6.7800,6.7300,6.7400,7457500
PCHEM,2014-06-17,6.7500,6.8000,6.7400,6.7800,2152900
PCHEM,2014-06-18,6.8000,6.8000,6.7700,6.7800,2260300
PCHEM,2014-06-19,6.7800,6.7800,6.7700,6.7800,1795000
PCHEM,2014-06-20,6.8000,6.8000,6.7600,6.7600,2431700
PCHEM,2014-06-23,6.7700,6.7900,6.7700,6.7800,695500
PCHEM,2014-06-24,6.7400,6.7800,6.7400,6.7800,2811500
PCHEM,2014-06-25,6.7700,6.7900,6.7600,6.7800,781600
PCHEM,2014-06-26,6.7600,6.7800,6.7600,6.7800,677800
PCHEM,2014-06-27,6.8000,6.8000,6.7400,6.7500,2590700
PCHEM,2014-06-30,6.7400,6.8000,6.7400,6.7700,3008900
PCHEM,2014-07-01,6.7600,6.7700,6.7500,6.7600,763900
PCHEM,2014-07-02,6.7500,6.7900,6.7500,6.7600,1512400
PCHEM,2014-07-03,6.7600,6.7700,6.7500,6.7600,2041700
PCHEM,2014-07-04,6.7600,6.8100,6.7500,6.7800,1360000
PCHEM,2014-07-08,6.8000,6.8000,6.7600,6.7800,1960000
PCHEM,2014-07-09,6.7800,6.7900,6.7600,6.7700,1629400
PCHEM,2014-07-14,6.7700,6.7700,6.7500,6.7500,1135400
PCHEM,2014-07-16,6.7500,6.8000,6.7400,6.7600,2949400
PCHEM,2014-07-17,6.7800,6.7800,6.7300,6.7500,3055100
PCHEM,2014-07-18,6.7100,6.7300,6.7000,6.7200,1448300
PCHEM,2014-07-21,6.7500,6.7500,6.6300,6.6600,4793900
PCHEM,2014-07-22,6.7000,6.7400,6.6700,6.7200,4890600
PCHEM,2014-07-23,6.7300,6.7600,6.7000,6.7100,3698400
PCHEM,2014-07-24,6.7000,6.7200,6.7000,6.7100,1421400
PCHEM,2014-07-30,6.7700,6.8100,6.7400,6.7700,4262700
PCHEM,2014-07-31,6.8000,6.8000,6.6300,6.6400,6438100
PCHEM,2014-08-01,6.6400,6.6500,6.5900,6.5900,3106800
PCHEM,2014-08-04,6.6000,6.7500,6.5900,6.6900,6502800
PCHEM,2014-08-07,6.7200,6.7300,6.6900,6.7000,5001900
PCHEM,2014-08-08,6.6900,6.7200,6.6700,6.7000,2210700
PCHEM,2014-08-11,6.6900,6.7000,6.6500,6.6600,5052800
PCHEM,2014-08-12,6.6800,6.6800,6.5900,6.6000,4259400
PCHEM,2014-08-13,6.5900,6.7000,6.5800,6.6300,4951500
PCHEM,2014-08-20,6.6000,6.6600,6.5800,6.6000,5299200
PCHEM,2014-08-21,6.6000,6.6500,6.6000,6.6300,3868700
PCHEM,2014-08-28,6.4200,6.4300,6.4000,6.4200,3739400
PCHEM,2014-08-29,6.4900,6.4900,6.2900,6.3000,6902100
PCHEM,2014-09-02,6.3000,6.3200,6.2300,6.3000,1691500
PCHEM,2014-09-09,6.3100,6.4500,6.3000,6.3700,3679000
PCHEM,2014-09-12,6.4300,6.4300,6.3000,6.3000,2352800
PCHEM,2014-09-15,6.3000,6.3000,6.2100,6.2200,4182300
PCHEM,2014-09-17,6.2000,6.3100,6.2000,6.2500,3196900
PCHEM,2014-09-25,6.1800,6.2400,6.1800,6.2400,3484400
PCHEM,2014-09-29,6.2300,6.2600,6.2300,6.2400,1911700
PCHEM,2014-10-03,6.2300,6.2700,6.2300,6.2400,2351800
PCHEM,2014-10-16,6.1200,6.1200,6.0800,6.0900,6238200
PCHEM,2014-10-17,6.0600,6.1800,6.0500,6.0800,5176400
PCHEM,2014-10-20,6.0800,6.0800,6.0500,6.0600,4810000
PCHEM,2014-10-21,6.0200,6.0200,5.9000,5.9300,4070200
PCHEM,2014-10-24,6.0000,6.0500,5.9800,5.9800,1594800
PCHEM,2014-10-27,5.9800,6.0200,5.9800,6.0000,2504200
PCHEM,2014-10-28,6.0000,6.1000,5.9900,6.1000,1243100
PCHEM,2014-10-29,6.1600,6.1600,6.0300,6.1400,2054400
PCHEM,2014-10-30,6.1100,6.1600,6.0900,6.1100,1448400
PCHEM,2014-10-31,6.1800,6.1800,6.0800,6.1500,4892200
PCHEM,2014-11-03,6.2000,6.2000,6.1000,6.1500,3295300
PCHEM,2014-11-04,6.1300,6.1400,6.1200,6.1200,4378600
PCHEM,2014-11-05,6.1000,6.1200,6.1000,6.1100,3373900
PCHEM,2014-11-06,6.1500,6.1700,6.1100,6.1100,2103900
PCHEM,2014-11-07,6.0900,6.1300,5.8800,5.8900,3419900
PCHEM,2014-11-10,5.8900,5.9300,5.8900,5.9300,2415900
PCHEM,2014-11-11,5.9000,5.9400,5.9000,5.9200,3321400
PCHEM,2014-11-12,5.9200,5.9500,5.9000,5.9100,5019100
PCHEM,2014-11-13,5.9200,5.9200,5.8300,5.8500,5268500
PCHEM,2014-11-14,5.8100,5.8100,5.3600,5.4500,9113000
PCHEM,2014-11-17,5.4900,5.6200,5.4800,5.5900,4229600
PCHEM,2014-11-18,5.6000,5.6000,5.5400,5.5700,2745800
PCHEM,2014-11-19,5.5700,5.6000,5.5400,5.5900,3180000
PCHEM,2014-11-20,5.5800,5.6000,5.5600,5.5800,3136400
PCHEM,2014-11-21,5.5800,5.5900,5.5600,5.5800,2064700
PCHEM,2014-11-24,5.5600,5.7100,5.5600,5.6600,3978600
PCHEM,2014-11-26,5.7800,5.7800,5.7200,5.7300,3243200
PCHEM,2014-11-27,5.7200,5.7500,5.6500,5.7000,2151000
PCHEM,2014-11-28,5.6000,5.6600,5.5800,5.6300,2110400
PCHEM,2014-12-01,5.6000,5.6000,4.9700,5.1300,10315200
PCHEM,2014-12-02,5.2000,5.5000,5.1000,5.5000,2307400
PCHEM,2014-12-03,5.4600,5.4600,5.2000,5.3000,2421600
PCHEM,2014-12-04,5.3000,5.5000,5.3000,5.3900,1995400
PCHEM,2014-12-05,5.3800,5.5000,5.3400,5.3700,1454300
PCHEM,2014-12-08,5.3900,5.3900,5.1400,5.1400,2191300
PCHEM,2014-12-10,5.1000,5.2500,5.1000,5.2500,3447100
PCHEM,2014-12-11,5.2400,5.2400,5.0700,5.0700,3245700
PCHEM,2014-12-16,4.6700,4.8200,4.6500,4.7600,3452700
PCHEM,2014-12-18,4.9600,5.1700,4.9600,5.1000,2783000
PCHEM,2014-12-22,5.2900,5.4300,5.2900,5.4300,4636400
PCHEM,2014-12-23,5.4100,5.4200,5.3300,5.3500,5290400
PCHEM,2014-12-24,5.3500,5.4400,5.3500,5.4400,950700
PCHEM,2014-12-26,5.3800,5.4400,5.3800,5.4100,189200
PCHEM,2014-12-29,5.4500,5.5000,5.4100,5.4700,1453800
PCHEM,2015-01-02,5.4300,5.4400,5.2800,5.3800,781500
PCHEM,2015-01-14,5.0700,5.1300,5.0200,5.1000,1779500
PCHEM,2015-01-15,5.1100,5.1400,5.0200,5.1200,2337100
PCHEM,2015-01-19,5.0600,5.0900,5.0000,5.0000,3831000
PCHEM,2015-01-20,5.0000,5.0400,4.9400,4.9400,4936000
PCHEM,2015-01-21,4.9800,5.1100,4.9800,5.1100,2854400
PCHEM,2015-01-22,5.0600,5.3400,5.0600,5.2900,3003200
PCHEM,2015-01-23,5.3200,5.5100,5.3200,5.5100,3197900
PCHEM,2015-01-26,5.4900,5.4900,5.2500,5.3500,979700
PCHEM,2015-01-27,5.2800,5.6000,5.2600,5.5500,2089600
PCHEM,2015-01-28,5.3700,5.4600,5.3200,5.3200,3573600
PCHEM,2015-01-29,5.3600,5.3900,5.1200,5.1300,3009500
PCHEM,2015-01-30,5.2000,5.2600,5.1000,5.1000,2472700
PCHEM,2015-02-04,5.2900,5.4100,5.2800,5.3000,5765500
PCHEM,2015-02-05,5.3000,5.3500,5.2100,5.2900,2197300
PCHEM,2015-02-06,5.3200,5.3300,5.2200,5.2400,2541100
PCHEM,2015-02-09,5.2200,5.2800,5.1500,5.2600,3445500
PCHEM,2015-02-10,5.2900,5.3000,5.2100,5.2200,2188900
PCHEM,2015-02-11,5.2800,5.2900,5.2300,5.2400,1527900
PCHEM,2015-02-12,5.2600,5.2800,5.2300,5.2700,1851200
PCHEM,2015-02-13,5.2800,5.3100,5.2700,5.3000,1630000
PCHEM,2015-02-16,5.3000,5.3800,5.3000,5.3400,3268300
PCHEM,2015-02-17,5.3400,5.3400,5.3200,5.3400,2745900
PCHEM,2015-02-18,5.3500,5.4000,5.3400,5.3900,1109800
PCHEM,2015-02-23,5.4600,5.5700,5.4500,5.5100,4890500
PCHEM,2015-02-24,5.5100,5.5500,5.4800,5.5100,3796500
PCHEM,2015-02-25,5.5000,5.5300,5.5000,5.5100,3647500
PCHEM,2015-02-26,5.5200,5.5300,5.4900,5.5000,3171800
PCHEM,2015-02-27,5.5000,5.5300,5.4500,5.4700,4883500
PCHEM,2015-03-02,5.4000,5.5500,5.4000,5.5000,3452100
PCHEM,2015-03-03,5.5100,5.5100,5.3700,5.4500,1983400
PCHEM,2015-03-04,5.4900,5.5100,5.4500,5.5100,3234900
PCHEM,2015-03-05,5.4300,5.5200,5.3800,5.3900,2584900
PCHEM,2015-03-06,5.3900,5.4100,5.2800,5.2800,3093200
PCHEM,2015-03-09,5.2700,5.3300,5.1100,5.2100,3009600
PCHEM,2015-03-10,5.3000,5.3000,5.1500,5.1500,2238500
PCHEM,2015-03-11,5.1200,5.1500,5.0800,5.0900,2590700
PCHEM,2015-03-12,5.1400,5.1800,5.0700,5.0800,3108000
PCHEM,2015-03-13,5.1100,5.1500,5.0600,5.0600,1940500
PCHEM,2015-03-16,5.0600,5.0800,5.0400,5.0400,2326000
PCHEM,2015-03-17,5.0400,5.1100,5.0400,5.0500,1991500
PCHEM,2015-03-18,5.0500,5.1500,5.0200,5.0800,3625100
PCHEM,2015-03-19,5.1000,5.2500,5.0700,5.2000,1934400
PCHEM,2015-03-20,5.1900,5.1900,5.1200,5.1200,3104000
PCHEM,2015-03-23,5.1500,5.3900,5.1500,5.3400,2356400
PCHEM,2015-03-24,5.3600,5.5900,5.3100,5.5500,1881700
PCHEM,2015-03-25,5.5000,5.5600,5.4600,5.5000,2601800
PCHEM,2015-03-26,5.5000,5.5100,5.4300,5.4300,667400
PCHEM,2015-03-27,5.4300,5.5400,5.3900,5.4800,2100000
PCHEM,2015-03-30,5.5100,5.6000,5.4900,5.6000,2191000
PCHEM,2015-03-31,5.6000,5.6600,5.5200,5.6400,3088200
PCHEM,2015-04-01,5.6600,5.6600,5.5300,5.6000,1368900
PCHEM,2015-04-02,5.4900,5.6500,5.4900,5.5600,2251800
PCHEM,2015-04-03,5.6000,5.6100,5.5100,5.5600,959600
PCHEM,2015-04-06,5.5600,5.6300,5.5500,5.5500,1967000
PCHEM,2015-04-07,5.5600,5.6100,5.5500,5.5700,2645500
PCHEM,2015-04-08,5.5900,5.6100,5.5200,5.5800,2605000
PCHEM,2015-04-09,5.5300,5.6000,5.5300,5.6000,2416500
PCHEM,2015-04-10,5.6200,5.6400,5.5600,5.6400,1881200
PCHEM,2015-04-13,5.6400,5.7100,5.6400,5.7000,993200
PCHEM,2015-04-14,5.6500,5.7500,5.5100,5.7000,1351800
PCHEM,2015-04-15,5.6500,5.7500,5.6500,5.7300,1918200
PCHEM,2015-04-16,5.6900,5.8000,5.6600,5.7600,1694800
PCHEM,2015-04-17,5.8000,5.8000,5.7200,5.7600,1233800
PCHEM,2015-04-20,5.7600,5.7700,5.7200,5.7600,1170200
PCHEM,2015-04-21,5.7600,6.1100,5.7600,6.0400,6133600
PCHEM,2015-04-22,6.0400,6.1100,6.0100,6.0500,2687900
PCHEM,2015-04-23,5.8300,6.0500,5.8300,5.9600,1155900
PCHEM,2015-04-24,5.9800,6.3000,5.9800,6.2100,3366500
PCHEM,2015-04-27,6.2000,6.2800,6.1800,6.2600,4551100
PCHEM,2015-04-28,6.1400,6.3000,6.1400,6.2300,3278300
PCHEM,2015-04-29,6.2300,6.2400,6.0800,6.0800,4841300
PCHEM,2015-04-30,6.0800,6.0800,5.7500,5.8700,5182300
PCHEM,2015-05-05,6.0400,6.0800,5.9000,6.0000,2093800
PCHEM,2015-05-06,5.9600,5.9600,5.8200,5.8300,1602300
PCHEM,2015-05-07,5.8300,5.8900,5.8300,5.8500,1898700
PCHEM,2015-05-08,5.8100,5.9000,5.8100,5.8600,3992200
PCHEM,2015-05-11,5.8600,5.8900,5.8500,5.8600,963100
PCHEM,2015-05-12,5.8300,5.8700,5.8300,5.8500,933100
PCHEM,2015-05-13,5.9200,5.9900,5.8200,5.9900,2698300
PCHEM,2015-05-14,5.9900,6.2400,5.9900,6.1600,5892900
PCHEM,2015-05-15,6.2000,6.3300,6.0200,6.3300,3217800
PCHEM,2015-05-18,6.3200,6.3500,6.2500,6.3400,4374000
PCHEM,2015-05-19,6.3400,6.3400,6.2500,6.2900,4479900
PCHEM,2015-05-20,6.2900,6.2900,6.1200,6.2100,3077900
PCHEM,2015-05-21,6.2300,6.2800,6.1500,6.2000,3592100
PCHEM,2015-05-25,6.2000,6.2600,6.2000,6.2400,601900
PCHEM,2015-05-26,6.2000,6.3000,6.1200,6.2300,3214700
PCHEM,2015-05-27,6.2000,6.2600,6.2000,6.2400,3289800
PCHEM,2015-05-28,6.2400,6.3000,6.2000,6.2600,2797400
PCHEM,2015-05-29,6.0300,6.3100,6.0300,6.2600,6104800
PCHEM,2015-06-01,6.2700,6.2700,6.1300,6.2600,3095600
PCHEM,2015-06-02,6.2700,6.2800,6.1700,6.2700,2847800
PCHEM,2015-06-03,6.2200,6.3400,6.2000,6.3400,2557900
PCHEM,2015-06-05,6.2300,6.2600,6.1700,6.2400,1268800
PCHEM,2015-06-08,6.1800,6.2900,6.1600,6.2300,1507500
PCHEM,2015-06-09,6.1800,6.2000,6.1300,6.1800,1263100
PCHEM,2015-06-10,6.2000,6.2400,6.1400,6.1900,2844000
PCHEM,2015-06-11,6.2400,6.2900,6.1900,6.2500,2430100
PCHEM,2015-06-12,6.3000,6.3000,6.2000,6.2000,1517800
PCHEM,2015-06-15,6.2200,6.2400,6.0800,6.0800,1442300
PCHEM,2015-06-16,6.1200,6.1200,6.0600,6.1000,983900
PCHEM,2015-06-18,6.0800,6.0800,5.9800,6.0000,1727000
PCHEM,2015-06-23,6.1800,6.2000,6.0800,6.1000,1415800
PCHEM,2015-06-24,6.1300,6.3200,6.1100,6.3200,3092500
PCHEM,2015-06-25,6.2900,6.3100,6.2100,6.2900,2837800
PCHEM,2015-06-26,6.2700,6.2700,6.1500,6.2500,674900
PCHEM,2015-06-29,6.1600,6.2000,6.0600,6.0800,2835200
PCHEM,2015-07-01,6.3000,6.4400,6.3000,6.3600,3825800
PCHEM,2015-07-03,6.4600,6.4600,6.3400,6.4100,1529000
PCHEM,2015-07-08,6.0900,6.1000,5.9100,6.0600,5107000
PCHEM,2015-07-10,6.0400,6.2900,6.0400,6.2000,3489800
PCHEM,2015-07-13,6.1800,6.3900,6.1800,6.3500,2147300
PCHEM,2015-07-14,6.3900,6.3900,6.3000,6.3800,2268700
PCHEM,2015-07-15,6.3700,6.3800,6.3600,6.3800,4232200
PCHEM,2015-07-27,6.2600,6.4100,6.2500,6.3500,4119300
PCHEM,2015-07-29,6.4000,6.4500,6.3700,6.3800,3412100
PCHEM,2015-08-05,6.4500,6.5500,6.4300,6.4400,3140800
PCHEM,2015-08-06,6.4600,6.4700,6.2900,6.2900,6741100
PCHEM,2015-08-07,6.2200,6.3800,6.2200,6.2800,2656900
PCHEM,2015-08-14,5.9900,5.9900,5.8800,5.9400,8333400
PCHEM,2015-08-25,5.3400,5.9700,5.1700,5.8000,10938700
PCHEM,2015-08-26,5.7900,5.8800,5.6600,5.8400,3459500
PCHEM,2015-08-27,5.8300,5.9800,5.8300,5.9700,3872300
PCHEM,2015-08-28,5.9800,6.1300,5.9800,6.0700,6109000
PCHEM,2015-09-01,6.1900,6.2500,6.0400,6.0600,4248400
PCHEM,2015-09-02,6.0500,6.0900,5.9700,6.0200,3349000
PCHEM,2015-09-03,5.9600,6.0400,5.9600,6.0300,1722100
PCHEM,2015-09-04,5.9600,6.0300,5.9600,6.0100,1732400
PCHEM,2015-09-07,5.8100,6.1000,5.8100,6.1000,2985300
PCHEM,2015-09-08,6.1000,6.1100,6.0500,6.1000,4189400
PCHEM,2015-09-09,6.1400,6.2500,6.0400,6.0400,1917900
PCHEM,2015-09-10,5.9600,6.0800,5.9600,6.0500,6256100
PCHEM,2015-09-11,6.0600,6.0800,6.0500,6.0500,2241600
PCHEM,2015-09-14,6.0500,6.0600,5.9500,6.0000,5327300
PCHEM,2015-09-15,6.0500,6.0500,5.9500,6.0000,5830800
PCHEM,2015-09-17,6.0600,6.2500,6.0600,6.1500,8834500
PCHEM,2015-09-18,6.1000,6.1400,6.0200,6.1300,4193400
PCHEM,2015-09-21,6.1200,6.1300,6.0200,6.1000,2275500
PCHEM,2015-09-22,6.1500,6.1500,6.0500,6.1200,1999700
PCHEM,2015-09-23,6.1100,6.1100,5.9700,6.0200,3493200
PCHEM,2015-09-29,6.0400,6.1800,6.0300,6.1000,4652800
PCHEM,2015-10-01,6.1400,6.1900,6.0500,6.0600,4376400
PCHEM,2015-10-02,6.1500,6.1500,6.0400,6.0600,3040300
PCHEM,2015-10-05,6.0400,6.1900,6.0400,6.1100,3575800
PCHEM,2015-10-06,6.1900,6.2000,6.1500,6.2000,3960300
PCHEM,2015-10-19,6.4900,6.5100,6.4200,6.4400,1022600
PCHEM,2015-10-23,6.4900,6.4900,6.4100,6.4600,2511600
PCHEM,2015-10-26,6.4500,6.4500,6.3500,6.3800,9787900
PCHEM,2015-10-30,6.2200,6.3700,6.2200,6.3500,3273300
PCHEM,2015-11-02,6.2700,6.3100,6.2700,6.3100,3292200
PCHEM,2015-11-03,6.2800,6.5100,6.2800,6.5000,5378100
PCHEM,2015-11-04,6.5300,6.6000,6.5000,6.5600,8913600
PCHEM,2015-11-05,6.5600,6.5800,6.4900,6.5500,6363500
PCHEM,2015-11-06,6.5800,6.6100,6.5300,6.5700,5519000
PCHEM,2015-11-09,6.5700,6.5800,6.4800,6.5400,4758100
PCHEM,2015-11-11,6.5000,6.5500,6.4300,6.5000,8774100
PCHEM,2015-11-12,6.5800,6.5900,6.4900,6.5200,8839700
PCHEM,2015-11-13,6.5200,6.5800,6.4500,6.5500,4323900
PCHEM,2015-11-16,6.6000,6.6000,6.4600,6.5000,4527600
PCHEM,2015-11-17,6.6000,6.7000,6.5100,6.5100,6863900
PCHEM,2015-11-18,6.6000,6.6500,6.5400,6.5800,11855100
PCHEM,2015-11-19,6.6000,6.6500,6.5400,6.6000,8346300
PCHEM,2015-11-20,6.6000,6.6300,6.5700,6.6000,8756000
PCHEM,2015-11-23,6.6500,6.6700,6.6000,6.6500,12754800
PCHEM,2015-11-24,6.6900,6.7900,6.6400,6.7400,13295500
PCHEM,2015-11-25,6.7600,6.9600,6.7600,6.9200,16554400
PCHEM,2015-11-26,6.9200,7.0000,6.8100,6.8400,13126600
PCHEM,2015-11-27,6.7600,6.8300,6.5700,6.7200,15460600
PCHEM,2015-11-30,6.7500,6.7700,6.5800,6.7400,19463300
PCHEM,2015-12-01,6.8000,6.8100,6.7500,6.8000,15443300
PCHEM,2015-12-02,6.8500,6.8500,6.7800,6.7800,11182700
PCHEM,2015-12-03,6.7500,6.7600,6.7100,6.7300,9642500
PCHEM,2015-12-04,6.7900,6.7900,6.7200,6.7500,11171800
PCHEM,2015-12-07,6.8000,6.8800,6.7000,6.7200,12043000
PCHEM,2015-12-08,6.7400,6.7600,6.7100,6.7200,13433400
PCHEM,2015-12-09,6.7700,6.7700,6.6400,6.6400,6248500
PCHEM,2015-12-10,6.7500,6.7500,6.6700,6.6800,11867400
PCHEM,2015-12-11,6.7300,6.7300,6.6000,6.6800,6357500
PCHEM,2015-12-14,6.6300,6.7500,6.6300,6.6500,7916000
PCHEM,2015-12-15,6.7500,6.8700,6.6700,6.8000,10877100
PCHEM,2015-12-16,6.8500,6.9200,6.8000,6.9000,10397400
PCHEM,2015-12-17,6.9000,7.0800,6.8900,7.0000,14379000
PCHEM,2015-12-18,7.0000,7.0100,6.9500,7.0000,9571200
PCHEM,2015-12-21,7.0000,7.0200,6.8700,6.9400,5843200
PCHEM,2015-12-22,7.0900,7.0900,6.9500,7.0700,16017300
PCHEM,2015-12-23,7.0700,7.2700,7.0700,7.1900,11424200
PCHEM,2015-12-28,7.2000,7.2500,7.1500,7.1500,3422100
PCHEM,2015-12-29,7.1600,7.2400,7.0900,7.2200,8661700
PCHEM,2015-12-30,7.2200,7.3500,7.1900,7.2400,7653700
PCHEM,2015-12-31,7.2100,7.2900,7.2000,7.2700,7696400
PCHEM,2016-01-04,7.1500,7.2500,7.0600,7.0600,5643200
PCHEM,2016-01-05,7.0600,7.4800,7.0600,7.4600,11371900
PCHEM,2016-01-06,7.4100,7.6000,7.4100,7.5000,9486800
PCHEM,2016-01-07,7.5000,7.5400,7.3600,7.4700,7827600
PCHEM,2016-01-08,7.4400,7.6200,7.3300,7.5500,10019000
PCHEM,2016-01-11,7.5800,7.5800,7.1800,7.2000,5366600
PCHEM,2016-01-12,7.2600,7.4900,7.2500,7.3500,9343200
PCHEM,2016-01-13,7.4400,7.5200,7.3700,7.4400,14448600
PCHEM,2016-01-14,7.4000,7.4000,6.9800,6.9800,21723500
PCHEM,2016-01-15,7.0200,7.1400,6.8800,7.0000,4782700
PCHEM,2016-01-18,6.9900,7.0800,6.8300,7.0100,5120800
PCHEM,2016-01-19,6.9500,7.2200,6.9500,7.1900,11881900
PCHEM,2016-01-20,7.0800,7.1100,6.9100,6.9900,10460500
PCHEM,2016-01-21,6.9600,7.0000,6.8400,6.9100,9789500
PCHEM,2016-01-22,6.9600,6.9800,6.8600,6.9000,3910300
PCHEM,2016-01-26,6.9000,6.9300,6.8200,6.8400,6263100
PCHEM,2016-01-27,6.8500,7.0000,6.8200,6.9300,4679300
PCHEM,2016-01-28,6.9200,7.1200,6.8300,7.0100,5442900
PCHEM,2016-01-29,7.0800,7.2000,7.0200,7.1900,12137600
PCHEM,2016-02-02,7.1300,7.1400,7.0500,7.0600,6491900
PCHEM,2016-02-03,7.0200,7.0600,6.9200,6.9800,4001100
PCHEM,2016-02-04,7.0000,7.0500,6.9600,7.0000,2808100
PCHEM,2016-02-05,6.9100,7.0400,6.9000,6.9800,3283100
PCHEM,2016-02-10,7.0800,7.0800,6.8500,6.9400,3595600
PCHEM,2016-02-11,6.9200,7.0300,6.8700,6.9600,2856600
PCHEM,2016-02-12,6.8900,7.0100,6.8600,6.9000,5550600
PCHEM,2016-02-15,6.9300,7.0100,6.9300,6.9600,4746000
PCHEM,2016-02-16,6.9600,7.1800,6.9600,7.1800,6814700
PCHEM,2016-02-17,7.0200,7.1500,6.9600,6.9600,1923900
PCHEM,2016-02-18,6.9700,7.0700,6.9700,7.0300,6682000
PCHEM,2016-02-19,6.9900,7.1400,6.9800,7.0000,6560500
PCHEM,2016-02-22,7.0200,7.0900,6.9700,7.0400,4426200
PCHEM,2016-02-23,7.0200,7.1300,7.0200,7.0700,5423000
PCHEM,2016-02-24,7.1200,7.1200,7.0200,7.0500,3603700
PCHEM,2016-02-25,7.0000,7.0200,6.8400,6.8600,14158700
PCHEM,2016-02-26,6.8700,6.9000,6.7000,6.7800,11286700
PCHEM,2016-02-29,6.7300,6.8000,6.7300,6.7500,8130000
PCHEM,2016-03-01,6.7300,6.8000,6.7200,6.8000,4944900
PCHEM,2016-03-02,6.7700,6.9700,6.7700,6.9000,8168700
PCHEM,2016-03-03,6.9500,7.0200,6.9100,6.9200,7137900
PCHEM,2016-03-04,6.9100,7.0100,6.9100,6.9800,5893200
PCHEM,2016-03-07,6.8900,7.0000,6.7200,6.8500,7570500
PCHEM,2016-03-08,6.8600,6.8600,6.7800,6.8600,4686600
PCHEM,2016-03-09,6.7300,6.7700,6.6600,6.7300,12773200
PCHEM,2016-03-10,6.7000,6.8600,6.7000,6.8300,6824900
PCHEM,2016-03-11,6.7700,6.8100,6.7300,6.7500,7768300
PCHEM,2016-03-14,6.7800,6.8400,6.7400,6.8200,2763100
PCHEM,2016-03-15,6.7800,6.8000,6.6900,6.7700,6506100
PCHEM,2016-03-16,6.7300,6.8000,6.7300,6.7500,4360000
PCHEM,2016-03-17,6.7800,6.8200,6.7500,6.7800,4944900
PCHEM,2016-03-18,6.8200,6.9200,6.7800,6.9200,6973600
PCHEM,2016-03-21,6.9100,6.9100,6.7700,6.7900,5204300
PCHEM,2016-03-22,6.7800,6.7900,6.6800,6.7000,11150700
PCHEM,2016-03-23,6.6900,6.7300,6.6600,6.7100,8315300
PCHEM,2016-03-25,6.7100,6.7100,6.6800,6.7100,1260400
PCHEM,2016-03-28,6.7100,6.7200,6.6900,6.7000,5205000
PCHEM,2016-03-29,6.6800,6.7300,6.6800,6.7300,4294900
PCHEM,2016-03-30,6.7300,6.7800,6.7000,6.7000,4989500
PCHEM,2016-03-31,6.7000,6.7200,6.7000,6.7100,6506300
PCHEM,2016-04-01,6.7000,6.7200,6.6300,6.7200,5164100
PCHEM,2016-04-04,6.7100,6.7800,6.7100,6.7300,4392500
PCHEM,2016-04-05,6.7000,6.7500,6.6900,6.7200,4616400
PCHEM,2016-04-06,6.5500,6.7200,6.5500,6.7000,7480900
PCHEM,2016-04-07,6.6900,6.7400,6.6900,6.7000,6027400
PCHEM,2016-04-08,6.6800,6.7200,6.6800,6.7000,6510300
PCHEM,2016-04-11,6.6900,6.7000,6.6600,6.6900,3447900
PCHEM,2016-04-12,6.6700,6.7000,6.6400,6.6800,7482100
PCHEM,2016-04-13,6.6900,6.7700,6.6700,6.7600,7338800
PCHEM,2016-04-14,6.7100,6.7700,6.7100,6.7400,6196000
PCHEM,2016-04-15,6.7100,6.7500,6.7000,6.7500,5898600
PCHEM,2016-04-18,6.7100,6.7400,6.6800,6.7300,1755900
PCHEM,2016-04-19,6.7000,6.7300,6.6900,6.6900,6012700
PCHEM,2016-04-20,6.6900,6.7200,6.6600,6.6900,12010000
PCHEM,2016-04-21,6.6800,6.7400,6.6800,6.7300,3038800
PCHEM,2016-04-22,6.6800,6.7200,6.6800,6.7000,5005200
PCHEM,2016-04-25,6.6800,6.7100,6.6800,6.7000,2473900
PCHEM,2016-04-26,6.7200,6.7200,6.6800,6.6900,6234400
PCHEM,2016-04-27,6.6600,6.7200,6.6600,6.7000,3700700
PCHEM,2016-04-28,6.6800,6.7200,6.6700,6.7000,5333300
PCHEM,2016-04-29,6.6900,6.7100,6.6200,6.7100,5338000
PCHEM,2016-05-03,6.7100,6.7200,6.5500,6.6700,4616500
PCHEM,2016-05-04,6.6100,6.6500,6.5900,6.6400,5208600
PCHEM,2016-05-05,6.6000,6.6200,6.5400,6.5400,3570600
PCHEM,2016-05-06,6.5800,6.5800,6.3300,6.4100,3953000
PCHEM,2016-05-09,6.4100,6.4300,6.0800,6.1100,7625300
PCHEM,2016-05-10,6.0900,6.4900,5.9500,6.4200,8515200
PCHEM,2016-05-11,6.4600,6.4600,6.3000,6.4100,7848600
PCHEM,2016-05-12,6.3500,6.4600,6.2500,6.4500,3796600
PCHEM,2016-05-13,6.3600,6.3700,6.0500,6.2000,20646900
PCHEM,2016-05-16,6.2000,6.2400,6.0500,6.2200,7394700
PCHEM,2016-05-17,6.2800,6.4800,6.1800,6.4100,6968700
PCHEM,2016-05-18,6.4100,6.4700,6.3000,6.4000,9225700
PCHEM,2016-05-19,6.3400,6.3900,6.2900,6.3600,10113500
PCHEM,2016-05-20,6.3000,6.4400,6.3000,6.4000,8813200
PCHEM,2016-05-23,6.4300,6.4500,6.4000,6.4300,6472400
PCHEM,2016-05-24,6.4000,6.4500,6.3100,6.4200,3973900
PCHEM,2016-05-25,6.3200,6.5400,6.3200,6.4900,4730500
PCHEM,2016-05-26,6.5500,6.6300,6.5200,6.5600,7065100
PCHEM,2016-05-27,6.5600,6.7900,6.5600,6.6400,5513900
PCHEM,2016-05-30,6.6200,6.6300,6.6000,6.6100,6983100
PCHEM,2016-05-31,6.6000,6.6600,6.5800,6.5800,43630000
PCHEM,2016-06-01,6.4800,6.6300,6.4800,6.5800,8451200
PCHEM,2016-06-02,6.5800,6.5800,6.5000,6.5000,8670500
PCHEM,2016-06-03,6.5000,6.5400,6.4900,6.5000,8720400
PCHEM,2016-06-06,6.5000,6.6600,6.4500,6.5500,1789900
PCHEM,2016-06-07,6.6100,6.6900,6.6100,6.6700,5970600
PCHEM,2016-06-08,6.6500,6.7400,6.6500,6.7000,13214000
PCHEM,2016-06-09,6.7000,6.7300,6.6200,6.6600,2988600
PCHEM,2016-06-10,6.6100,6.6300,6.5200,6.5400,9402000
PCHEM,2016-06-13,6.5100,6.5100,6.4000,6.4700,9871300
PCHEM,2016-06-14,6.4700,6.4900,6.4300,6.4800,8987500
PCHEM,2016-06-15,6.4500,6.5000,6.3800,6.4400,9591900
PCHEM,2016-06-16,6.4000,6.4500,6.1600,6.3100,10063500
PCHEM,2016-06-17,6.2800,6.3700,6.2700,6.3500,7543700
PCHEM,2016-06-20,6.3900,6.4300,6.3700,6.4000,5610400
PCHEM,2016-06-21,6.4000,6.4500,6.4000,6.4400,5669500
PCHEM,2016-06-23,6.4400,6.5200,6.3800,6.4000,7190000
PCHEM,2016-06-24,6.4300,6.4500,6.3600,6.4400,5288500
PCHEM,2016-06-27,6.4400,6.5400,6.3900,6.5000,1040400
PCHEM,2016-06-28,6.4100,6.4900,6.4100,6.4600,4213900
PCHEM,2016-06-30,6.5200,6.6300,6.5000,6.6100,5309000
PCHEM,2016-07-01,6.6100,6.6200,6.5700,6.5700,2682300
PCHEM,2016-07-04,6.5000,6.6900,6.5000,6.5500,5232600
PCHEM,2016-07-05,6.5200,6.5800,6.5200,6.5600,999900
PCHEM,2016-07-08,6.5000,6.6800,6.4600,6.5600,6809400
PCHEM,2016-07-11,6.5300,6.6300,6.5300,6.6300,6770100
PCHEM,2016-07-12,6.5800,6.6500,6.5000,6.5200,7461000
PCHEM,2016-07-13,6.6000,6.6000,6.5300,6.6000,4850200
PCHEM,2016-07-14,6.5300,6.6500,6.5300,6.6000,3112900
PCHEM,2016-07-15,6.6600,6.7200,6.6000,6.6900,8736200
PCHEM,2016-07-18,6.6500,6.7000,6.4300,6.5200,8138500
PCHEM,2016-07-19,6.5400,6.5900,6.5000,6.5000,5209900
PCHEM,2016-07-20,6.5400,6.6300,6.4900,6.6300,4115700
PCHEM,2016-07-21,6.5700,6.6300,6.5400,6.6000,3586800
PCHEM,2016-07-22,6.6000,6.6100,6.5200,6.6000,2223200
PCHEM,2016-07-25,6.6300,6.6900,6.5500,6.6400,1449600
PCHEM,2016-07-26,6.6700,6.6700,6.5700,6.5900,2340800
PCHEM,2016-07-27,6.5800,6.6300,6.5400,6.6000,3717900
PCHEM,2016-07-28,6.5200,6.6500,6.5200,6.6000,2202300
PCHEM,2016-07-29,6.6000,6.6000,6.5500,6.5500,2964300
PCHEM,2016-08-01,6.6200,6.6500,6.5700,6.6400,4281300
PCHEM,2016-08-02,6.5800,6.6100,6.5600,6.5900,4478900
PCHEM,2016-08-03,6.6400,6.6400,6.5400,6.5400,4503400
PCHEM,2016-08-04,6.5400,6.6100,6.5300,6.5600,2933900
PCHEM,2016-08-05,6.5100,6.6200,6.5100,6.6000,4746400
PCHEM,2016-08-08,6.6000,6.6000,6.5700,6.6000,2535500
PCHEM,2016-08-09,6.6300,6.6300,6.5700,6.6000,4178900
PCHEM,2016-08-10,6.6000,6.6400,6.5800,6.6400,4749500
PCHEM,2016-08-11,6.5900,6.6500,6.5900,6.6400,2479900
PCHEM,2016-08-12,6.5900,6.7000,6.5900,6.6800,3654800
PCHEM,2016-08-15,6.6500,6.7000,6.6500,6.6700,2388300
PCHEM,2016-08-16,6.6000,6.7000,6.6000,6.7000,5010400
PCHEM,2016-08-17,6.6500,6.7000,6.6400,6.6600,4483000
PCHEM,2016-08-18,6.7000,6.7000,6.6300,6.6600,3407100
PCHEM,2016-08-19,6.6300,6.6700,6.5800,6.6400,3093200
PCHEM,2016-08-22,6.5600,6.6800,6.5600,6.6800,3434700
PCHEM,2016-08-23,6.6200,6.6900,6.6200,6.6600,5629900
PCHEM,2016-08-24,6.6600,6.7000,6.6600,6.6800,2497600
PCHEM,2016-08-25,6.5900,6.7000,6.5900,6.7000,5565300
PCHEM,2016-08-26,6.6100,6.7200,6.6100,6.7000,3437300
PCHEM,2016-08-29,6.5600,6.6800,6.5600,6.5900,1476200
PCHEM,2016-08-30,6.7000,6.7100,6.6300,6.6300,5012100
PCHEM,2016-09-01,6.6900,6.7200,6.6200,6.6900,3348600
PCHEM,2016-09-02,6.6900,6.7000,6.6700,6.6700,880900
PCHEM,2016-09-05,6.6000,6.7100,6.6000,6.6800,486600
PCHEM,2016-09-06,6.5700,6.7200,6.5700,6.7100,3010700
PCHEM,2016-09-07,6.5700,6.7000,6.5700,6.7000,1876900
PCHEM,2016-09-08,6.6400,6.7000,6.6400,6.6900,1556800
PCHEM,2016-09-09,6.7200,6.7200,6.6700,6.6800,1463700
PCHEM,2016-09-13,6.6300,6.6500,6.5900,6.6500,2877300
PCHEM,2016-09-14,6.6100,6.6500,6.5500,6.6300,2736900
PCHEM,2016-09-15,6.7000,6.7000,6.5100,6.5900,8063100
PCHEM,2016-09-19,6.5100,6.5900,6.4800,6.5000,4266100
PCHEM,2016-09-20,6.5300,6.6600,6.5200,6.6000,2653100
PCHEM,2016-09-21,6.5600,6.6900,6.5600,6.6600,2746300
PCHEM,2016-09-22,6.6800,6.7900,6.6800,6.7400,3076200
PCHEM,2016-09-23,6.7400,6.7700,6.6600,6.7000,2592500
PCHEM,2016-09-26,6.7000,6.7000,6.5900,6.7000,648000
PCHEM,2016-09-27,6.6800,6.7000,6.6600,6.7000,2770300
PCHEM,2016-09-28,6.6400,6.7100,6.5300,6.6000,8346200
PCHEM,2016-09-29,6.6700,6.7000,6.6100,6.6900,3085200
PCHEM,2016-09-30,6.6200,6.7300,6.6200,6.6500,5933200
PCHEM,2016-10-04,6.7000,6.7500,6.5400,6.7000,10481700
PCHEM,2016-10-05,6.6300,6.7300,6.6000,6.6400,4472000
PCHEM,2016-10-06,6.6300,6.6900,6.6300,6.6800,3979000
PCHEM,2016-10-07,6.7000,6.7100,6.6800,6.7000,6154600
PCHEM,2016-10-10,6.6100,6.8300,6.6100,6.7700,5997600
PCHEM,2016-10-11,6.7600,6.8000,6.7500,6.7800,16362300
PCHEM,2016-10-12,6.7400,6.8900,6.6900,6.8100,10844600
PCHEM,2016-10-13,6.8300,6.8300,6.8000,6.8100,7413500
PCHEM,2016-10-14,6.7800,6.8300,6.7800,6.8100,8513500
PCHEM,2016-10-17,6.8300,6.8500,6.7900,6.8000,5395000
PCHEM,2016-10-18,6.8000,6.9500,6.7800,6.8100,8114100
PCHEM,2016-10-19,6.8300,6.8600,6.8200,6.8600,4320000
PCHEM,2016-10-20,6.8400,7.1000,6.8200,6.9500,8647900
PCHEM,2016-10-21,6.9400,7.0000,6.9300,6.9800,8884000
PCHEM,2016-10-24,6.9400,7.0200,6.9400,6.9800,5825300
PCHEM,2016-10-25,6.9600,7.0000,6.9600,6.9900,4625300
PCHEM,2016-10-26,6.9900,7.0000,6.9600,6.9800,7273300
PCHEM,2016-10-27,7.0000,7.0100,6.9800,7.0000,7583300
PCHEM,2016-10-28,6.9900,7.0000,6.9500,6.9600,6058900
PCHEM,2016-10-31,7.0000,7.0000,6.9100,7.0000,6538200
PCHEM,2016-11-01,6.9500,7.0000,6.9500,6.9800,6203100
PCHEM,2016-11-02,6.9700,7.0000,6.9200,7.0000,6133700
PCHEM,2016-11-03,6.9500,6.9900,6.9200,6.9400,9709300
PCHEM,2016-11-04,6.9000,6.9700,6.8700,6.9600,6353300
PCHEM,2016-11-07,6.8000,6.9800,6.8000,6.9400,7343200
PCHEM,2016-11-08,6.8500,6.9700,6.8500,6.9500,6068200
PCHEM,2016-11-09,6.9400,6.9600,6.8400,6.9100,10890000
PCHEM,2016-11-10,6.8500,7.0000,6.8500,6.8600,6236000
PCHEM,2016-11-11,6.8200,6.8300,6.7100,6.8100,7001800
PCHEM,2016-11-14,6.7200,6.8600,6.7200,6.8100,5414600
PCHEM,2016-11-15,6.8500,6.9100,6.8300,6.8400,5332100
PCHEM,2016-11-16,6.9000,6.9300,6.8100,6.8300,9034900
PCHEM,2016-11-17,6.7900,6.9600,6.7900,6.9300,6214000
PCHEM,2016-11-18,6.9200,6.9200,6.7900,6.8100,4393200
PCHEM,2016-11-21,6.8000,6.8900,6.7700,6.8700,6132500
PCHEM,2016-11-22,6.9000,6.9100,6.8500,6.8900,6182600
PCHEM,2016-11-23,6.8500,6.9000,6.8500,6.9000,2631500
PCHEM,2016-11-24,6.8700,6.9000,6.8300,6.8500,5842400
PCHEM,2016-11-25,6.8100,6.8400,6.7600,6.7900,1473700
PCHEM,2016-11-28,6.7900,6.8400,6.7500,6.7900,2178000
PCHEM,2016-11-29,6.8800,6.8800,6.7800,6.8000,3785800
PCHEM,2016-11-30,6.7700,6.8700,6.5400,6.8300,10825900
PCHEM,2016-12-01,6.8500,6.9300,6.8400,6.8600,14284800
PCHEM,2016-12-02,6.8600,6.9100,6.8600,6.8800,9123900
PCHEM,2016-12-05,6.8100,6.9600,6.8100,6.8600,3849500
PCHEM,2016-12-06,6.9000,6.9100,6.8500,6.8600,9747600
PCHEM,2016-12-07,6.9200,6.9200,6.8300,6.8500,4913900
PCHEM,2016-12-08,6.8600,6.9300,6.8500,6.9000,7404300
PCHEM,2016-12-09,6.8400,6.9000,6.8300,6.8700,6683800
PCHEM,2016-12-13,6.9200,6.9600,6.8600,6.8900,7772200
PCHEM,2016-12-14,6.9000,6.9500,6.8600,6.9000,9213200
PCHEM,2016-12-15,6.8500,6.9400,6.8400,6.8500,9850100
PCHEM,2016-12-16,6.8500,6.8800,6.7500,6.8500,9293200
PCHEM,2016-12-19,6.6900,6.8900,6.6900,6.8800,4475100
PCHEM,2016-12-20,6.8800,6.8900,6.8700,6.8800,4719800
PCHEM,2016-12-21,6.9000,6.9400,6.8800,6.9200,4950800
PCHEM,2016-12-22,6.9100,6.9500,6.9000,6.9100,8380400
PCHEM,2016-12-23,6.8900,6.9200,6.8900,6.9000,9212400
PCHEM,2016-12-27,6.8900,6.9000,6.8800,6.8800,9085600
PCHEM,2016-12-28,6.9000,6.9000,6.8700,6.8700,9491400
PCHEM,2016-12-29,6.8700,7.0100,6.8600,6.9900,7975100
PCHEM,2016-12-30,6.9700,6.9900,6.9600,6.9800,8519600
PCHEM,2017-01-03,6.9800,7.0100,6.9800,6.9900,5714200
PCHEM,2017-01-04,7.0100,7.1200,7.0000,7.1100,11695200
PCHEM,2017-01-05,7.1200,7.2100,7.1200,7.2000,8713700
PCHEM,2017-01-06,7.1600,7.3000,7.1600,7.2300,8210200
PCHEM,2017-01-09,7.2300,7.2400,7.1800,7.2000,7918300
PCHEM,2017-01-10,7.2300,7.2400,7.1600,7.1700,11683700
PCHEM,2017-01-11,7.1700,7.2000,7.1400,7.1500,10111300
PCHEM,2017-01-12,7.1700,7.2200,7.1700,7.2000,11450600
PCHEM,2017-01-13,7.2000,7.2100,7.1800,7.1900,6659000
PCHEM,2017-01-16,7.0700,7.1500,7.0700,7.1400,6757400
PCHEM,2017-01-17,7.1700,7.1700,7.1100,7.1500,2845500
PCHEM,2017-01-18,7.1900,7.2700,7.1700,7.2000,9590100
PCHEM,2017-01-19,7.1200,7.2000,7.1200,7.1900,12642300
PCHEM,2017-01-20,7.1800,7.2000,7.1500,7.1900,7329300
PCHEM,2017-01-23,7.1900,7.1900,7.1100,7.1300,3680200
PCHEM,2017-01-24,7.1900,7.2000,7.1000,7.1600,8859200
PCHEM,2017-01-25,7.1700,7.2000,7.1300,7.1600,7070100
PCHEM,2017-01-26,7.1500,7.1900,7.1200,7.1400,8442200
PCHEM,2017-01-27,7.1500,7.1500,7.1000,7.1300,2714100
PCHEM,2017-01-31,7.1300,7.1500,7.1100,7.1300,6816300
PCHEM,2017-02-02,7.1900,7.1900,7.1200,7.1200,8650900
PCHEM,2017-02-03,7.1200,7.1800,7.1100,7.1300,7209700
PCHEM,2017-02-06,7.1200,7.2800,7.1100,7.2800,9362800
PCHEM,2017-02-07,7.2100,7.2600,7.2100,7.2100,8179300
PCHEM,2017-02-08,7.2200,7.2300,7.1900,7.2100,11078100
PCHEM,2017-02-10,7.2600,7.2600,7.2100,7.2100,9235900
PCHEM,2017-02-13,7.2000,7.2500,7.2000,7.2200,7640200
PCHEM,2017-02-14,7.1900,7.2100,7.1700,7.1900,8883000
PCHEM,2017-02-15,7.1500,7.2100,7.1500,7.2100,12207900
PCHEM,2017-02-16,7.1500,7.3200,7.1500,7.3000,12159400
PCHEM,2017-02-17,7.2500,7.5900,7.2500,7.5000,16300000
PCHEM,2017-02-20,7.3300,7.5000,7.3300,7.4800,9081300
PCHEM,2017-02-21,7.5000,7.5700,7.3100,7.3300,7623000
PCHEM,2017-02-22,7.3100,7.4200,7.3100,7.3700,9081000
PCHEM,2017-02-23,7.4000,7.4000,7.3600,7.3700,6107800
PCHEM,2017-02-24,7.4400,7.4500,7.4000,7.4100,9631000
PCHEM,2017-02-27,7.4000,7.4900,7.2400,7.3000,3915000
PCHEM,2017-02-28,7.2700,7.2900,7.2000,7.2500,9771500
PCHEM,2017-03-01,7.2200,7.3300,7.2000,7.3000,9721300
PCHEM,2017-03-02,7.3300,7.5000,7.3300,7.5000,11879400
PCHEM,2017-03-03,7.4700,7.4900,7.3700,7.4000,7444100
PCHEM,2017-03-06,7.4500,7.5100,7.3900,7.4300,9715800
PCHEM,2017-03-07,7.4800,7.5000,7.4600,7.4800,8049300
PCHEM,2017-03-08,7.4900,7.4900,7.4200,7.4400,2850100
PCHEM,2017-03-09,7.4200,7.4300,7.3300,7.3700,2092900
PCHEM,2017-03-10,7.3700,7.3900,7.2900,7.3500,9879100
PCHEM,2017-03-13,7.3000,7.4000,7.2800,7.3100,6335900
PCHEM,2017-03-14,7.3000,7.3600,7.3000,7.3000,7139900
PCHEM,2017-03-15,7.3300,7.3300,7.2400,7.2800,10002600
PCHEM,2017-03-16,7.3300,7.3500,7.2800,7.2800,11842500
PCHEM,2017-03-17,7.3600,7.4300,7.3400,7.4300,14432000
PCHEM,2017-03-20,7.3900,7.4500,7.3900,7.4500,2390300
PCHEM,2017-03-21,7.4900,7.6900,7.4900,7.5800,11622400
PCHEM,2017-03-22,7.5600,7.5600,7.4500,7.4800,5433300
PCHEM,2017-03-23,7.5100,7.5400,7.4500,7.5100,8914100
PCHEM,2017-03-24,7.5100,7.5600,7.5000,7.5200,9710300
PCHEM,2017-03-27,7.5800,7.6000,7.5500,7.5800,3356300
PCHEM,2017-03-28,7.5900,7.7500,7.5000,7.6000,8725400
PCHEM,2017-03-29,7.6500,7.6800,7.5800,7.6200,5884700
PCHEM,2017-04-03,7.7400,7.7400,7.5800,7.6400,5574500
PCHEM,2017-04-04,7.6700,7.7500,7.6700,7.7500,8588500
PCHEM,2017-04-05,7.6300,7.7700,7.6300,7.7700,7459900
PCHEM,2017-04-06,7.7200,7.7800,7.7200,7.7700,5083300
PCHEM,2017-04-07,7.7400,7.8000,7.6600,7.7800,5468600
PCHEM,2017-04-10,7.6600,7.7400,7.6600,7.7300,3707400
PCHEM,2017-04-11,7.7200,7.7300,7.6300,7.6300,9160400
PCHEM,2017-04-12,7.6300,7.8000,7.6300,7.8000,4599600
PCHEM,2017-04-13,7.7700,7.7700,7.7400,7.7500,7902900
PCHEM,2017-04-14,7.7500,7.7600,7.5900,7.6000,6845800
PCHEM,2017-04-17,7.5300,7.6100,7.5300,7.5900,6258900
PCHEM,2017-04-18,7.6200,7.6200,7.5900,7.6000,10861300
PCHEM,2017-04-19,7.6000,7.6100,7.5800,7.5800,8064800
PCHEM,2017-04-20,7.5800,7.5800,7.5100,7.5200,4725200
PCHEM,2017-04-21,7.5000,7.5800,7.5000,7.5500,7998000
PCHEM,2017-04-25,7.5900,7.7000,7.5400,7.5400,14221200
PCHEM,2017-04-26,7.5800,7.6000,7.3500,7.4000,15882200
PCHEM,2017-04-27,7.4000,7.4400,7.3600,7.3800,7497600
PCHEM,2017-04-28,7.4000,7.4000,7.2800,7.3000,6446700
PCHEM,2017-05-02,7.3000,7.3900,7.2500,7.2800,5117400
PCHEM,2017-05-03,7.3000,7.3100,7.0900,7.1500,16142100
PCHEM,2017-05-04,7.1000,7.2000,7.0900,7.1300,6957500
PCHEM,2017-05-05,7.1500,7.1800,7.1100,7.1500,8487100
PCHEM,2017-05-08,7.1500,7.1700,7.1000,7.1500,5149600
PCHEM,2017-05-09,7.1500,7.1700,7.1300,7.1600,4930800
PCHEM,2017-05-11,7.2100,7.3500,7.1900,7.3200,10903500
PCHEM,2017-05-12,7.2600,7.3100,7.1800,7.2300,7685500
PCHEM,2017-05-15,7.2500,7.2900,7.0900,7.2700,12434900
PCHEM,2017-05-16,7.3000,7.4100,7.2300,7.2500,11824600
PCHEM,2017-05-17,7.2900,7.3500,7.2500,7.3100,7191000
PCHEM,2017-05-18,7.2500,7.3300,7.2000,7.2800,7664600
PCHEM,2017-05-19,7.3300,7.4000,7.3000,7.3300,12601100
PCHEM,2017-05-22,7.3300,7.4800,7.3000,7.3500,10104200
PCHEM,2017-05-23,7.3900,7.3900,7.3300,7.3500,9986000
PCHEM,2017-05-24,7.3700,7.5000,7.3400,7.4300,5684000
PCHEM,2017-05-25,7.4800,7.4800,7.3500,7.3900,6852900
PCHEM,2017-05-26,7.4400,7.4400,7.3500,7.4000,6202400
PCHEM,2017-05-29,7.4300,7.4300,7.2500,7.2500,6503100
PCHEM,2017-05-31,7.2700,7.3700,7.2700,7.3300,8154300
PCHEM,2017-06-01,7.3500,7.3500,7.1500,7.1900,8504000
PCHEM,2017-06-02,7.2200,7.2700,7.1600,7.2200,2902700
PCHEM,2017-06-05,7.1600,7.2600,7.1500,7.2200,5635100
PCHEM,2017-06-06,7.1900,7.2100,7.1700,7.2000,9838900
PCHEM,2017-06-07,7.2000,7.2400,7.1700,7.2000,4481000
PCHEM,2017-06-08,7.2100,7.2400,7.1600,7.2100,4009500
PCHEM,2017-06-09,7.1900,7.2700,7.1800,7.2000,3554600
PCHEM,2017-06-13,7.1800,7.2400,7.1700,7.2000,7749300
PCHEM,2017-06-14,7.2300,7.2300,7.1600,7.2200,3970100
PCHEM,2017-06-15,7.2900,7.2900,7.1500,7.1600,8484100
PCHEM,2017-06-16,7.1900,7.2100,7.1100,7.2100,6795900
PCHEM,2017-06-19,7.1300,7.2200,7.1100,7.2000,3761800
PCHEM,2017-06-20,7.2400,7.2400,7.1500,7.1500,5712800
PCHEM,2017-06-21,7.1400,7.1600,7.1400,7.1500,4944100
PCHEM,2017-06-22,7.1800,7.1800,7.1300,7.1500,1775300
PCHEM,2017-06-23,7.1700,7.2200,7.0800,7.1500,9176600
PCHEM,2017-06-28,7.1500,7.2000,7.0500,7.1000,4277500
PCHEM,2017-06-29,7.1000,7.1600,7.0800,7.1200,5951000
PCHEM,2017-06-30,7.1700,7.1700,7.0700,7.1000,10669900
PCHEM,2017-07-03,7.1400,7.3000,7.1000,7.3000,6974000
PCHEM,2017-07-04,7.2300,7.2700,7.1000,7.1400,4571500
PCHEM,2017-07-05,7.1000,7.1400,7.0800,7.1100,5073600
PCHEM,2017-07-06,7.1100,7.1500,7.0600,7.1500,6971000
PCHEM,2017-07-07,7.0900,7.1400,7.0500,7.0900,5058800
PCHEM,2017-07-10,7.1000,7.1200,6.8600,6.8900,5408000
PCHEM,2017-07-11,6.9100,7.0300,6.9100,6.9900,6305400
PCHEM,2017-07-12,7.0800,7.0800,6.8500,6.9000,11120100
PCHEM,2017-07-13,6.9300,6.9900,6.9000,6.9500,5710300
PCHEM,2017-07-14,6.9500,6.9700,6.8000,6.8500,8551500
PCHEM,2017-07-17,6.8900,6.9000,6.8600,6.8900,3551800
PCHEM,2017-07-18,6.9100,6.9300,6.8500,6.9100,3708500
PCHEM,2017-07-19,6.9300,6.9400,6.8900,6.9400,4782800
PCHEM,2017-07-20,6.9500,6.9500,6.8500,6.9500,5657700
PCHEM,2017-07-21,6.9800,6.9800,6.9000,6.9700,4134700
PCHEM,2017-07-24,6.9300,7.0000,6.9000,7.0000,3887100
PCHEM,2017-07-25,7.0700,7.0700,6.9400,6.9600,5692700
PCHEM,2017-07-26,6.9500,6.9900,6.9500,6.9900,4316800
PCHEM,2017-07-27,6.9500,7.0900,6.9200,6.9600,5616200
PCHEM,2017-07-28,6.9600,6.9700,6.9200,6.9500,4584500
PCHEM,2017-07-31,6.9600,6.9700,6.9100,6.9500,5725200
PCHEM,2017-08-01,7.0000,7.0000,6.9100,6.9300,4598000
PCHEM,2017-08-02,6.9900,6.9900,6.9300,6.9800,1658200
PCHEM,2017-08-03,6.8900,6.9800,6.8900,6.9700,1833900
PCHEM,2017-08-04,7.0000,7.0900,6.9700,7.0100,4787900
PCHEM,2017-08-07,7.0700,7.0800,7.0000,7.0300,2269300
PCHEM,2017-08-08,7.0500,7.0500,6.9600,7.0200,6199100
PCHEM,2017-08-09,6.9900,7.0600,6.9900,7.0100,6011600
PCHEM,2017-08-10,6.9900,7.0700,6.9500,7.0300,5013900
PCHEM,2017-08-11,7.0500,7.0700,6.9600,7.0200,7779600
PCHEM,2017-08-14,7.0100,7.2300,7.0100,7.1100,7240200
PCHEM,2017-08-15,7.1500,7.1700,7.1200,7.1500,5136000
PCHEM,2017-08-16,7.1700,7.1700,7.1100,7.1600,6142800
PCHEM,2017-08-17,7.1800,7.2800,7.1500,7.2800,7130800
PCHEM,2017-08-18,7.2800,7.2800,7.1300,7.1800,8634600
PCHEM,2017-08-21,7.1800,7.2500,7.1200,7.2000,6159700
PCHEM,2017-08-22,7.2200,7.2600,7.1800,7.2000,5661100
PCHEM,2017-08-23,7.1500,7.1700,7.0900,7.1600,3385100
PCHEM,2017-08-24,7.2400,7.2400,7.1100,7.1800,6275400
PCHEM,2017-08-25,7.1400,7.2000,7.1400,7.1800,4183200
PCHEM,2017-08-28,7.2000,7.2000,7.1600,7.1900,4576000
PCHEM,2017-08-30,7.1900,7.1900,7.1400,7.1600,2892500
PCHEM,2017-09-05,7.2000,7.3300,7.2000,7.3000,8019000
PCHEM,2017-09-06,7.3100,7.4400,7.3000,7.3900,9069100
PCHEM,2017-09-07,7.3900,7.4600,7.3800,7.4000,9293700
PCHEM,2017-09-08,7.4200,7.4700,7.3900,7.4500,5539400
PCHEM,2017-09-11,7.4800,7.4800,7.4300,7.4700,9219100
PCHEM,2017-09-12,7.4700,7.4800,7.4400,7.4500,6480900
PCHEM,2017-09-13,7.4500,7.4600,7.4400,7.4500,7834400
PCHEM,2017-09-14,7.4500,7.4500,7.3700,7.4000,6441800
PCHEM,2017-09-15,7.4100,7.4200,7.3000,7.3300,8978500
PCHEM,2017-09-18,7.2800,7.4000,7.2800,7.3500,5213000
PCHEM,2017-09-19,7.4400,7.4400,7.3000,7.3600,5381800
PCHEM,2017-09-20,7.3600,7.3600,7.2400,7.2900,3365800
PCHEM,2017-09-21,7.3000,7.3200,7.2600,7.3000,6050800
PCHEM,2017-09-25,7.4000,7.4300,7.3200,7.3500,6202900
PCHEM,2017-09-26,7.3800,7.3800,7.2600,7.3200,4689700
PCHEM,2017-09-27,7.4000,7.4000,7.2800,7.2900,8401800
PCHEM,2017-09-28,7.3000,7.3600,7.2400,7.3000,7724900
PCHEM,2017-09-29,7.3700,7.3800,7.2800,7.2900,3710300
