SAPNRG,2012-05-17,2.3000,2.3000,2.0800,2.1000,205572608
SAPNRG,2012-05-18,2.1100,2.1100,1.9100,1.9600,62645200
SAPNRG,2012-05-21,1.9600,2.0200,1.9200,1.9400,32736300
SAPNRG,2012-05-22,1.9700,2.1000,1.9500,2.0500,53405000
SAPNRG,2012-05-23,2.0500,2.0800,2.0000,2.0500,30620500
SAPNRG,2012-05-24,2.0700,2.0900,2.0400,2.0900,30811500
SAPNRG,2012-05-25,2.1000,2.2100,2.0800,2.1500,48011700
SAPNRG,2012-05-28,2.1500,2.2300,2.1500,2.2000,12108100
SAPNRG,2012-05-29,2.2000,2.2200,2.1600,2.2000,8221400
SAPNRG,2012-05-30,2.2100,2.2200,2.1600,2.1700,10805100
SAPNRG,2012-05-31,2.1700,2.2200,2.1000,2.2100,55659100
SAPNRG,2012-06-01,2.2000,2.2600,2.1700,2.2300,14039100
SAPNRG,2012-06-04,2.1900,2.2100,2.1400,2.1600,11041800
SAPNRG,2012-06-05,2.1800,2.2100,2.1600,2.1900,9489100
SAPNRG,2012-06-06,2.2200,2.2600,2.2100,2.2500,22733300
SAPNRG,2012-06-07,2.2900,2.3100,2.2300,2.2300,16359000
SAPNRG,2012-06-08,2.2400,2.2400,2.1900,2.1900,8259600
SAPNRG,2012-06-11,2.1900,2.3000,2.1900,2.2800,16944200
SAPNRG,2012-06-12,2.2500,2.2700,2.2200,2.2400,12311100
SAPNRG,2012-06-13,2.2500,2.2800,2.2300,2.2600,15456500
SAPNRG,2012-06-14,2.2500,2.2500,2.2300,2.2300,10006400
SAPNRG,2012-06-15,2.2400,2.2700,2.1800,2.1800,12835200
SAPNRG,2012-06-18,2.2300,2.2500,2.2200,2.2200,9193700
SAPNRG,2012-06-19,2.2200,2.2300,2.2000,2.2200,11147500
SAPNRG,2012-06-20,2.2200,2.2600,2.2200,2.2500,11942100
SAPNRG,2012-06-21,2.2500,2.2800,2.2300,2.2600,16313500
SAPNRG,2012-06-22,2.2400,2.2700,2.2400,2.2400,15337500
SAPNRG,2012-06-25,2.2600,2.2700,2.2400,2.2400,7068100
SAPNRG,2012-06-26,2.2300,2.2500,2.2100,2.2200,6858100
SAPNRG,2012-06-27,2.2300,2.2400,2.2100,2.2200,7837100
SAPNRG,2012-06-28,2.2300,2.2300,2.1800,2.2000,11138900
SAPNRG,2012-06-29,2.2000,2.2100,2.1900,2.2000,9816200
SAPNRG,2012-07-02,2.2100,2.2200,2.1900,2.1900,14270200
SAPNRG,2012-07-03,2.1900,2.2200,2.1900,2.2000,6536300
SAPNRG,2012-07-04,2.2100,2.2300,2.2100,2.2200,15221700
SAPNRG,2012-07-05,2.2300,2.2300,2.1900,2.2000,6711100
SAPNRG,2012-07-06,2.2000,2.2200,2.2000,2.2000,10950700
SAPNRG,2012-07-09,2.2000,2.2100,2.1900,2.2100,2639900
SAPNRG,2012-07-10,2.2000,2.2100,2.1900,2.2000,9481800
SAPNRG,2012-07-11,2.2000,2.2100,2.1900,2.1900,7474200
SAPNRG,2012-07-12,2.2100,2.2700,2.2000,2.2200,11767900
SAPNRG,2012-07-13,2.2100,2.2400,2.2100,2.2400,6220600
SAPNRG,2012-07-16,2.2500,2.2500,2.2100,2.2300,5791200
SAPNRG,2012-07-17,2.2300,2.3300,2.2300,2.3000,25388400
SAPNRG,2012-07-18,2.3100,2.3700,2.3100,2.3400,15185100
SAPNRG,2012-07-19,2.3500,2.4800,2.3500,2.4500,29112800
SAPNRG,2012-07-20,2.4600,2.4800,2.4300,2.4700,13476400
SAPNRG,2012-07-23,2.4700,2.4700,2.3700,2.3900,17516700
SAPNRG,2012-07-24,2.3800,2.4100,2.3600,2.4000,13412800
SAPNRG,2012-07-25,2.4000,2.4200,2.3900,2.3900,5730400
SAPNRG,2012-07-26,2.4000,2.4200,2.3300,2.3500,10451900
SAPNRG,2012-07-27,2.4000,2.4100,2.3600,2.3800,12036000
SAPNRG,2012-07-30,2.4100,2.4500,2.3900,2.4400,10193400
SAPNRG,2012-07-31,2.4400,2.4700,2.4400,2.4500,15283000
SAPNRG,2012-08-01,2.4500,2.5200,2.4400,2.4900,10606600
SAPNRG,2012-08-02,2.5000,2.5100,2.4500,2.4700,11112300
SAPNRG,2012-08-03,2.4700,2.4900,2.4500,2.4700,6927300
SAPNRG,2012-08-06,2.4800,2.5900,2.4800,2.5300,18135800
SAPNRG,2012-08-07,2.5500,2.5500,2.4800,2.4800,9876000
SAPNRG,2012-08-08,2.5000,2.5100,2.4800,2.4800,10570000
SAPNRG,2012-08-09,2.4600,2.4800,2.4500,2.4500,5310200
SAPNRG,2012-08-10,2.4700,2.4800,2.4300,2.4600,6253700
SAPNRG,2012-08-13,2.4600,2.4800,2.4400,2.4600,8844500
SAPNRG,2012-08-14,2.4500,2.4700,2.4500,2.4700,4317800
SAPNRG,2012-08-15,2.4700,2.4700,2.4300,2.4500,6745600
SAPNRG,2012-08-16,2.4500,2.4600,2.4300,2.4500,3196100
SAPNRG,2012-08-17,2.4500,2.4800,2.4000,2.4300,3293600
SAPNRG,2012-08-22,2.4500,2.5000,2.4300,2.4400,3998200
SAPNRG,2012-08-23,2.4400,2.4500,2.4200,2.4400,4936900
SAPNRG,2012-08-24,2.4200,2.5300,2.4200,2.4700,5331300
SAPNRG,2012-08-27,2.4700,2.4700,2.4400,2.4600,5476800
SAPNRG,2012-08-28,2.4500,2.4500,2.4100,2.4200,5112100
SAPNRG,2012-08-29,2.4200,2.4200,2.4000,2.4000,6393900
SAPNRG,2012-08-30,2.4000,2.4000,2.3500,2.3700,5819100
SAPNRG,2012-09-03,2.3800,2.4200,2.3700,2.4100,3887000
SAPNRG,2012-09-04,2.4000,2.4200,2.4000,2.4100,3914000
SAPNRG,2012-09-05,2.4100,2.4100,2.3300,2.3600,11892700
SAPNRG,2012-09-06,2.3600,2.3700,2.2800,2.3000,16812500
SAPNRG,2012-09-07,2.3300,2.3600,2.3200,2.3400,14432300
SAPNRG,2012-09-10,2.3600,2.3600,2.3100,2.3300,5798900
SAPNRG,2012-09-11,2.3400,2.3400,2.2700,2.3200,12240300
SAPNRG,2012-09-12,2.3200,2.3300,2.2900,2.3100,9392300
SAPNRG,2012-09-13,2.3100,2.3800,2.3100,2.3800,8747400
SAPNRG,2012-09-14,2.3900,2.4100,2.3600,2.3900,9507800
SAPNRG,2012-09-18,2.4100,2.4200,2.3900,2.3900,12881500
SAPNRG,2012-09-19,2.3900,2.3900,2.3700,2.3800,8081500
SAPNRG,2012-09-20,2.3700,2.3800,2.3300,2.3500,6593800
SAPNRG,2012-09-21,2.3600,2.3700,2.3500,2.3600,4855100
SAPNRG,2012-09-24,2.3500,2.3600,2.2800,2.3600,5711000
SAPNRG,2012-09-25,2.3500,2.3600,2.3200,2.3400,3642800
SAPNRG,2012-09-26,2.3400,2.3400,2.3100,2.3300,6764000
SAPNRG,2012-09-27,2.3200,2.3300,2.3000,2.3100,10139300
SAPNRG,2012-09-28,2.3200,2.3300,2.3100,2.3200,7221600
SAPNRG,2012-10-01,2.3400,2.3900,2.3400,2.3700,8088400
SAPNRG,2012-10-02,2.3800,2.4400,2.3800,2.4200,12519500
SAPNRG,2012-10-03,2.4300,2.4600,2.4100,2.4200,11938300
SAPNRG,2012-10-04,2.4300,2.4500,2.4300,2.4400,4013700
SAPNRG,2012-10-05,2.4400,2.4700,2.4300,2.4400,14036700
SAPNRG,2012-10-08,2.4500,2.4500,2.3800,2.4100,6938200
SAPNRG,2012-10-09,2.4000,2.4300,2.4000,2.4200,8838000
SAPNRG,2012-10-10,2.4200,2.4400,2.4200,2.4300,8752500
SAPNRG,2012-10-11,2.4400,2.4400,2.4100,2.4300,3648800
SAPNRG,2012-10-12,2.4200,2.4500,2.4200,2.4500,9330800
SAPNRG,2012-10-15,2.4200,2.4500,2.4200,2.4200,4299500
SAPNRG,2012-10-16,2.4200,2.4600,2.4200,2.4500,9095900
SAPNRG,2012-10-17,2.4300,2.4900,2.4100,2.4400,8620100
SAPNRG,2012-10-18,2.4500,2.4900,2.4500,2.4900,9952400
SAPNRG,2012-10-19,2.5000,2.5000,2.4800,2.4900,6048600
SAPNRG,2012-10-22,2.4900,2.4900,2.4600,2.4800,8047300
SAPNRG,2012-10-23,2.4800,2.4900,2.4800,2.4900,7144600
SAPNRG,2012-10-24,2.4900,2.5000,2.4600,2.4700,4932900
SAPNRG,2012-10-25,2.4800,2.4900,2.4800,2.4800,2932000
SAPNRG,2012-10-29,2.4900,2.5000,2.4700,2.4800,6205300
SAPNRG,2012-10-30,2.4700,2.4800,2.4700,2.4800,4338600
SAPNRG,2012-10-31,2.4700,2.5300,2.4700,2.5100,12051800
SAPNRG,2012-11-01,2.5200,2.6300,2.5200,2.6100,20221200
SAPNRG,2012-11-02,2.6500,2.7100,2.6400,2.7100,30088600
SAPNRG,2012-11-06,2.8200,2.9300,2.8100,2.8800,46903900
SAPNRG,2012-11-07,2.9000,2.9500,2.9000,2.9000,18980800
SAPNRG,2012-11-08,2.8900,2.8900,2.8000,2.8200,15184200
SAPNRG,2012-11-09,2.8000,2.8200,2.7300,2.8000,14879200
SAPNRG,2012-11-12,2.8200,2.8900,2.8200,2.8800,8898500
SAPNRG,2012-11-14,2.9000,2.9400,2.8800,2.9300,13414700
SAPNRG,2012-11-16,2.9300,2.9400,2.8700,2.8800,11754600
SAPNRG,2012-11-19,2.8800,2.8800,2.8600,2.8600,7518300
SAPNRG,2012-11-20,2.8800,2.9000,2.8600,2.8700,7535600
SAPNRG,2012-11-21,2.8800,2.8800,2.8400,2.8600,6038500
SAPNRG,2012-11-22,2.8700,2.8700,2.8400,2.8500,6787300
SAPNRG,2012-11-23,2.8700,2.8700,2.8300,2.8500,10101500
SAPNRG,2012-11-26,2.8500,2.8600,2.7500,2.7500,13630800
SAPNRG,2012-11-27,2.7600,2.7600,2.6000,2.6800,15821700
SAPNRG,2012-11-28,2.6800,2.8000,2.6500,2.7800,7325000
SAPNRG,2012-11-29,2.8100,2.8500,2.7900,2.8100,5823300
SAPNRG,2012-11-30,2.8500,2.8600,2.8200,2.8300,6235800
SAPNRG,2012-12-03,2.8000,2.8300,2.8000,2.8100,3454500
SAPNRG,2012-12-04,2.8200,2.8300,2.7000,2.7500,8607300
SAPNRG,2012-12-05,2.7400,2.8000,2.7100,2.7800,4997500
SAPNRG,2012-12-06,2.7700,2.8100,2.7700,2.7900,8746700
SAPNRG,2012-12-07,2.7800,2.8100,2.7800,2.7900,7261200
SAPNRG,2012-12-10,2.7800,2.8200,2.7800,2.8000,6452400
SAPNRG,2012-12-11,2.8200,2.9100,2.8200,2.8900,8126700
SAPNRG,2012-12-12,2.9300,3.0100,2.9300,3.0000,13061500
SAPNRG,2012-12-13,3.0000,3.0400,2.9500,2.9500,5355100
SAPNRG,2012-12-14,2.9500,2.9800,2.9100,2.9700,2087200
SAPNRG,2012-12-17,2.9800,2.9900,2.9100,2.9600,4138800
SAPNRG,2012-12-18,2.9700,3.0000,2.9400,2.9900,4561800
SAPNRG,2012-12-19,2.9500,3.1000,2.9500,3.1000,10320400
SAPNRG,2012-12-20,3.0800,3.1400,3.0400,3.1400,9416700
SAPNRG,2012-12-21,3.1400,3.1400,3.0200,3.0800,3676800
SAPNRG,2012-12-24,3.0800,3.0800,3.0200,3.0400,1700000
SAPNRG,2012-12-26,3.0400,3.0800,3.0200,3.0800,907100
SAPNRG,2012-12-27,3.0700,3.1000,3.0400,3.0400,4970100
SAPNRG,2012-12-28,3.0800,3.1700,3.0500,3.1100,8056800
SAPNRG,2012-12-31,3.1200,3.1500,3.0900,3.1500,2002200
SAPNRG,2013-01-02,3.1000,3.1000,3.0200,3.0200,25491800
SAPNRG,2013-01-03,3.0500,3.1500,3.0500,3.1000,18331000
SAPNRG,2013-01-04,3.1200,3.1400,3.0700,3.0900,5687700
SAPNRG,2013-01-07,3.1000,3.1200,3.0500,3.0800,7299100
SAPNRG,2013-01-08,3.0800,3.0800,2.9900,3.0300,15408000
SAPNRG,2013-01-09,3.0400,3.0500,2.9800,2.9900,13563300
SAPNRG,2013-01-10,3.0100,3.0200,2.9800,3.0000,8568300
SAPNRG,2013-01-11,3.0000,3.0200,2.9900,3.0000,9695700
SAPNRG,2013-01-14,3.0000,3.0200,2.9900,2.9900,6951100
SAPNRG,2013-01-15,3.0000,3.0500,2.9900,3.0000,15225600
SAPNRG,2013-01-16,3.0100,3.0100,2.9800,3.0000,8201600
SAPNRG,2013-01-17,3.0000,3.0000,2.9300,2.9500,12191100
SAPNRG,2013-01-18,2.9600,3.0100,2.9600,2.9600,15152700
SAPNRG,2013-01-21,2.9800,2.9800,2.8400,2.8700,12657200
SAPNRG,2013-01-22,2.8500,2.9600,2.7800,2.9400,18115100
SAPNRG,2013-01-23,2.9300,2.9500,2.9000,2.9400,9418800
SAPNRG,2013-01-25,2.9400,2.9600,2.9400,2.9500,4267900
SAPNRG,2013-01-29,2.9500,2.9600,2.8700,2.9000,6611400
SAPNRG,2013-01-30,2.9000,2.9300,2.8500,2.8600,7171000
SAPNRG,2013-01-31,2.8900,2.9500,2.8600,2.9200,20214300
SAPNRG,2013-02-04,2.9700,3.0000,2.9300,2.9600,16362700
SAPNRG,2013-02-05,2.9900,3.0000,2.9200,2.9300,8854100
SAPNRG,2013-02-06,2.9500,2.9500,2.8500,2.8600,16557000
SAPNRG,2013-02-07,2.8700,2.8700,2.8400,2.8500,16334500
SAPNRG,2013-02-08,2.8700,2.8800,2.8400,2.8500,10793000
SAPNRG,2013-02-13,2.8900,2.9000,2.8700,2.8900,5242700
SAPNRG,2013-02-14,2.9200,2.9400,2.8900,2.9300,7239200
SAPNRG,2013-02-15,2.9400,2.9400,2.9200,2.9300,12541800
SAPNRG,2013-02-18,2.9300,2.9400,2.9000,2.9000,4518600
SAPNRG,2013-02-19,2.9000,2.9100,2.8600,2.8700,11426500
SAPNRG,2013-02-20,2.8700,2.8700,2.8500,2.8700,9981600
SAPNRG,2013-02-21,2.8800,2.9000,2.8600,2.8700,10533300
SAPNRG,2013-02-22,2.8600,2.8900,2.8500,2.8700,7118000
SAPNRG,2013-02-25,2.8700,2.8800,2.8500,2.8600,4324600
SAPNRG,2013-02-26,2.8600,2.9000,2.8600,2.8800,5357500
SAPNRG,2013-02-27,2.8800,2.8900,2.8600,2.8700,6278100
SAPNRG,2013-02-28,2.8800,2.9300,2.8700,2.9000,13267900
SAPNRG,2013-03-01,2.8900,2.9000,2.8700,2.8700,5123500
SAPNRG,2013-03-04,2.8900,2.9200,2.8800,2.9000,11027400
SAPNRG,2013-03-05,2.9100,2.9800,2.9100,2.9500,24147800
SAPNRG,2013-03-06,2.9700,2.9800,2.9600,2.9800,15484000
SAPNRG,2013-03-07,2.9900,3.0000,2.9700,2.9900,9574800
SAPNRG,2013-03-08,2.9800,3.0000,2.9800,2.9900,6216400
SAPNRG,2013-03-11,2.9900,3.1300,2.9900,3.0800,14361900
SAPNRG,2013-03-12,3.0900,3.1500,3.0600,3.0800,9977700
SAPNRG,2013-03-13,3.0900,3.1000,3.0500,3.0600,17303000
SAPNRG,2013-03-14,3.0700,3.1000,3.0400,3.0600,13407800
SAPNRG,2013-03-15,3.0600,3.0900,3.0000,3.0600,22325200
SAPNRG,2013-03-18,3.0600,3.0600,3.0200,3.0200,5385600
SAPNRG,2013-03-19,3.0300,3.0500,3.0000,3.0200,6544500
SAPNRG,2013-03-20,3.0200,3.0300,2.9900,3.0100,5048500
SAPNRG,2013-03-21,3.0200,3.0600,3.0200,3.0400,4040400
SAPNRG,2013-03-22,3.0500,3.0600,3.0200,3.0400,9564600
SAPNRG,2013-03-25,3.0500,3.0600,3.0200,3.0300,3549300
SAPNRG,2013-03-26,3.0300,3.0500,3.0300,3.0400,5221100
SAPNRG,2013-03-27,3.0300,3.0800,3.0300,3.0600,11726300
SAPNRG,2013-03-28,3.0700,3.0700,3.0000,3.0000,8000000
SAPNRG,2013-03-29,3.0200,3.0300,3.0000,3.0000,10849100
SAPNRG,2013-04-01,3.0000,3.0700,3.0000,3.0400,7749900
SAPNRG,2013-04-02,3.0500,3.1100,3.0500,3.1100,11694800
SAPNRG,2013-04-03,3.1100,3.1100,2.9500,3.0400,23633200
SAPNRG,2013-04-04,3.0200,3.0900,3.0200,3.0700,10094500
SAPNRG,2013-04-05,3.0900,3.2100,3.0800,3.2000,20503700
SAPNRG,2013-04-08,3.2000,3.2200,3.1500,3.1900,6260300
SAPNRG,2013-04-09,3.2000,3.2000,3.1300,3.1400,9279000
SAPNRG,2013-04-10,3.1400,3.1800,3.1000,3.1300,9648100
SAPNRG,2013-04-11,3.1300,3.1400,3.1100,3.1300,8723000
SAPNRG,2013-04-12,3.1100,3.1500,3.0800,3.0900,7340500
SAPNRG,2013-04-15,3.1000,3.1000,3.0500,3.0500,4873200
SAPNRG,2013-04-16,3.0500,3.0600,3.0400,3.0500,7632100
SAPNRG,2013-04-17,3.0600,3.1200,3.0500,3.0800,16078100
SAPNRG,2013-04-18,3.1000,3.1400,3.0900,3.1300,10884300
SAPNRG,2013-04-19,3.1300,3.1500,3.1200,3.1300,8834600
SAPNRG,2013-04-22,3.1300,3.1400,3.0800,3.1000,9216000
SAPNRG,2013-04-23,3.1000,3.1200,3.0800,3.0800,7251100
SAPNRG,2013-04-24,3.0800,3.0900,3.0400,3.0700,9891300
SAPNRG,2013-04-25,3.0500,3.0600,3.0100,3.0200,22755700
SAPNRG,2013-04-26,3.0100,3.0400,3.0000,3.0200,17547700
SAPNRG,2013-04-29,3.0900,3.1400,3.0600,3.1000,29413400
SAPNRG,2013-04-30,3.1300,3.1800,3.0900,3.1800,89149600
SAPNRG,2013-05-02,3.1500,3.1500,3.0600,3.0800,28654800
SAPNRG,2013-05-03,3.0800,3.0900,3.0200,3.0500,24401600
SAPNRG,2013-05-06,3.3000,3.5000,3.2200,3.4500,89756800
SAPNRG,2013-05-07,3.5000,3.5800,3.4100,3.5500,34057300
SAPNRG,2013-05-08,3.5400,3.6200,3.5200,3.5700,23890600
SAPNRG,2013-05-09,3.5700,3.6000,3.5000,3.5400,13194200
SAPNRG,2013-05-10,3.5400,3.5600,3.5200,3.5400,14413700
SAPNRG,2013-05-13,3.5800,3.8200,3.5700,3.6800,25133800
SAPNRG,2013-05-14,3.6800,3.7300,3.6600,3.6700,10616500
SAPNRG,2013-05-15,3.6800,3.7400,3.6800,3.6800,11622600
SAPNRG,2013-05-16,3.7000,3.7200,3.6700,3.6700,12183600
SAPNRG,2013-05-17,3.6800,3.7600,3.6600,3.7200,14594400
SAPNRG,2013-05-20,3.7600,4.0000,3.7600,3.9500,25965500
SAPNRG,2013-05-21,3.9600,4.0100,3.9500,4.0000,21796800
SAPNRG,2013-05-22,3.9900,4.0100,3.9800,3.9900,12055700
SAPNRG,2013-05-23,3.9900,3.9900,3.8800,3.8900,14634700
SAPNRG,2013-05-27,3.8900,3.9600,3.8200,3.9000,13972400
SAPNRG,2013-05-28,3.9400,4.1100,3.9400,4.1000,23678900
SAPNRG,2013-05-29,4.1300,4.2600,4.1000,4.1300,17011900
SAPNRG,2013-05-30,4.1300,4.1600,4.0800,4.1100,10840400
SAPNRG,2013-05-31,4.1500,4.5000,4.1400,4.5000,26776200
SAPNRG,2013-06-03,4.3500,4.3600,4.1600,4.2200,24674000
SAPNRG,2013-06-04,4.2500,4.2600,4.1500,4.1800,12336700
SAPNRG,2013-06-05,4.2000,4.2500,4.1900,4.2100,10637400
SAPNRG,2013-06-06,4.2000,4.2200,4.1400,4.1400,14570700
SAPNRG,2013-06-07,4.1400,4.1900,4.1100,4.1400,13956800
SAPNRG,2013-06-10,4.1700,4.2300,4.1700,4.1900,13532700
SAPNRG,2013-06-11,4.1900,4.2200,4.1800,4.1900,13735900
SAPNRG,2013-06-12,4.1900,4.2100,4.1500,4.1600,11739100
SAPNRG,2013-06-13,4.1600,4.1600,4.0300,4.0400,21946600
SAPNRG,2013-06-14,4.0800,4.1400,4.0700,4.0900,17302000
SAPNRG,2013-06-17,4.1000,4.1700,4.0800,4.1400,11625900
SAPNRG,2013-06-18,4.1500,4.2700,4.1500,4.2400,11029100
SAPNRG,2013-06-19,4.2600,4.2700,4.2400,4.2600,9828000
SAPNRG,2013-06-20,4.2200,4.2600,4.1800,4.2300,9840800
SAPNRG,2013-06-21,4.1500,4.1800,4.1000,4.1200,24846300
SAPNRG,2013-06-24,4.1300,4.1300,3.9700,4.0200,17811500
SAPNRG,2013-06-25,3.9800,4.0100,3.8300,3.8600,36652700
SAPNRG,2013-06-26,3.9000,3.9600,3.8600,3.8900,32225200
SAPNRG,2013-06-27,3.9100,4.0000,3.8700,3.9700,23230900
SAPNRG,2013-06-28,4.0800,4.1500,4.0400,4.0900,21951700
SAPNRG,2013-07-01,4.1100,4.1300,4.0000,4.0000,20129600
SAPNRG,2013-07-02,4.0400,4.0700,4.0200,4.0500,9948900
SAPNRG,2013-07-03,4.0300,4.1000,4.0100,4.0100,19825500
SAPNRG,2013-07-04,4.0400,4.0500,4.0000,4.0100,10386000
SAPNRG,2013-07-05,4.0400,4.0600,4.0200,4.0300,13162800
SAPNRG,2013-07-08,4.0600,4.0600,4.0000,4.0100,11258500
SAPNRG,2013-07-09,4.0200,4.0400,4.0000,4.0200,11850300
SAPNRG,2013-07-10,4.0400,4.0600,4.0200,4.0300,15271000
SAPNRG,2013-07-11,4.0800,4.1100,4.0600,4.0800,13496700
SAPNRG,2013-07-12,4.1000,4.1200,4.0800,4.1200,12905500
SAPNRG,2013-07-15,4.1300,4.1300,4.0800,4.1000,12244200
SAPNRG,2013-07-16,4.1100,4.1300,4.0800,4.0900,10860300
SAPNRG,2013-07-17,4.0900,4.1200,4.0600,4.1100,12154600
SAPNRG,2013-07-18,4.1100,4.1200,4.0800,4.1000,15401900
SAPNRG,2013-07-19,4.1100,4.1100,4.0400,4.0600,24654100
SAPNRG,2013-07-22,4.0600,4.0700,4.0500,4.0500,5560900
SAPNRG,2013-07-23,4.0600,4.0600,4.0400,4.0500,13950300
SAPNRG,2013-07-24,4.0400,4.0600,4.0200,4.0300,7943100
SAPNRG,2013-07-25,4.0300,4.0400,4.0200,4.0300,5681000
SAPNRG,2013-07-26,4.0300,4.0400,4.0200,4.0300,4003100
SAPNRG,2013-07-29,4.0400,4.0400,4.0000,4.0300,3622000
SAPNRG,2013-07-30,4.0400,4.0400,4.0100,4.0200,4574600
SAPNRG,2013-07-31,4.0000,4.0000,3.8400,3.8600,27268400
SAPNRG,2013-08-01,3.9000,3.9200,3.8600,3.9000,11215400
SAPNRG,2013-08-02,3.9200,3.9500,3.9000,3.9200,9644900
SAPNRG,2013-08-05,3.9700,3.9700,3.8400,3.8400,13103200
SAPNRG,2013-08-06,3.8300,3.8600,3.8200,3.8400,12198400
SAPNRG,2013-08-12,3.8000,3.8100,3.7200,3.7300,18843300
SAPNRG,2013-08-13,3.7300,3.7900,3.6900,3.7100,20666000
SAPNRG,2013-08-14,3.7200,3.7500,3.7000,3.7400,6848400
SAPNRG,2013-08-15,3.7400,3.8300,3.7200,3.8000,9736900
SAPNRG,2013-08-16,3.7700,3.8600,3.7600,3.8500,6698500
SAPNRG,2013-08-19,3.7900,3.8400,3.7800,3.7800,12654200
SAPNRG,2013-08-20,3.7700,3.7800,3.6300,3.7000,17458100
SAPNRG,2013-08-21,3.7000,3.7500,3.6800,3.7200,8128900
SAPNRG,2013-08-22,3.6700,3.6700,3.5800,3.6400,19905800
SAPNRG,2013-08-23,3.6700,3.6800,3.5600,3.5800,10330100
SAPNRG,2013-08-26,3.5900,3.6400,3.5100,3.5100,8869900
SAPNRG,2013-08-27,3.5000,3.5000,3.1800,3.2400,29656100
SAPNRG,2013-08-28,3.2000,3.4000,3.1800,3.3700,34477300
SAPNRG,2013-08-29,3.4200,3.5700,3.4000,3.5100,16976900
SAPNRG,2013-08-30,3.5600,3.5900,3.5200,3.5900,12255300
SAPNRG,2013-09-02,3.5700,3.5800,3.4900,3.4900,5893500
SAPNRG,2013-09-03,3.5100,3.5300,3.4500,3.5000,10012400
SAPNRG,2013-09-04,3.5300,3.5500,3.4000,3.5000,5184000
SAPNRG,2013-09-05,3.5400,3.5800,3.5300,3.5700,7789900
SAPNRG,2013-09-06,3.5700,3.6000,3.4900,3.5100,7668400
SAPNRG,2013-09-09,3.5200,3.6300,3.5200,3.6000,12127200
SAPNRG,2013-09-10,3.6700,3.7400,3.6300,3.7000,20998700
SAPNRG,2013-09-11,3.7200,3.7600,3.6900,3.7100,15130300
SAPNRG,2013-09-12,3.7300,3.7400,3.6500,3.6700,5600100
SAPNRG,2013-09-13,3.6700,3.6700,3.5400,3.6100,6503000
SAPNRG,2013-09-17,3.6300,3.6700,3.5900,3.6300,7134400
SAPNRG,2013-09-18,3.6300,3.6700,3.6100,3.6700,9918200
SAPNRG,2013-09-19,3.7400,3.8400,3.7400,3.7900,24416800
SAPNRG,2013-09-20,3.8000,3.8200,3.7700,3.7800,9632200
SAPNRG,2013-09-23,3.7500,3.7900,3.7300,3.7800,7104700
SAPNRG,2013-09-24,3.7400,3.7800,3.7300,3.7600,6939800
SAPNRG,2013-09-25,3.7700,3.7700,3.7200,3.7500,4998800
SAPNRG,2013-09-26,3.7700,3.7700,3.7200,3.7300,6162000
SAPNRG,2013-09-27,3.7500,3.7600,3.6600,3.7200,6694900
SAPNRG,2013-09-30,3.7200,3.7400,3.6700,3.6900,11417800
SAPNRG,2013-10-01,3.7500,3.8100,3.7400,3.8100,14056700
SAPNRG,2013-10-02,3.7900,3.8700,3.7800,3.8500,11935000
SAPNRG,2013-10-03,3.8500,3.8500,3.7900,3.8100,5982900
SAPNRG,2013-10-04,3.8000,3.8200,3.7700,3.8000,4911200
SAPNRG,2013-10-07,3.8000,3.8100,3.7700,3.7900,4368500
SAPNRG,2013-10-08,3.7700,3.8000,3.7500,3.8000,3132400
SAPNRG,2013-10-09,3.8100,3.8100,3.7600,3.7700,4039900
SAPNRG,2013-10-10,3.7800,3.8200,3.7700,3.8200,6832000
SAPNRG,2013-10-11,3.8400,3.8500,3.8100,3.8500,8200000
SAPNRG,2013-10-14,3.8200,3.8900,3.8200,3.8200,5520600
SAPNRG,2013-10-16,3.8400,3.9000,3.8300,3.8500,7455100
SAPNRG,2013-10-17,3.8800,4.0300,3.8700,4.0000,21083300
SAPNRG,2013-10-18,4.0300,4.0800,3.9700,4.0000,6851800
SAPNRG,2013-10-21,4.0000,4.0900,3.9600,4.0900,18118100
SAPNRG,2013-10-22,4.0900,4.1200,4.0300,4.0800,13435300
SAPNRG,2013-10-23,4.1500,4.3400,4.1500,4.3000,50243100
SAPNRG,2013-10-24,4.3200,4.3300,4.2400,4.2700,16657100
SAPNRG,2013-10-25,4.2600,4.2700,4.1300,4.1900,11249000
SAPNRG,2013-10-28,4.2000,4.2100,4.1500,4.1700,5153400
SAPNRG,2013-10-29,4.1800,4.1900,4.0800,4.0900,8040200
SAPNRG,2013-10-30,4.0900,4.1500,4.0100,4.0600,15841800
SAPNRG,2013-10-31,4.0800,4.0800,3.9900,4.0000,13231000
SAPNRG,2013-11-01,4.0100,4.1900,4.0100,4.1700,13825200
SAPNRG,2013-11-04,4.1900,4.1900,4.0900,4.0900,5585200
SAPNRG,2013-11-06,4.1000,4.1600,4.0900,4.1100,5076500
SAPNRG,2013-11-07,4.1000,4.1900,4.1000,4.1200,7083300
SAPNRG,2013-11-08,4.1100,4.3100,4.1000,4.3100,17550800
SAPNRG,2013-11-11,4.3000,4.3100,4.2400,4.2500,8994700
SAPNRG,2013-11-12,4.2500,4.2600,4.2100,4.2200,7371000
SAPNRG,2013-11-13,4.2300,4.2500,4.1900,4.2000,8088100
SAPNRG,2013-11-14,4.2000,4.2500,4.1900,4.2300,13058400
SAPNRG,2013-11-15,4.2300,4.3100,4.2300,4.3000,12339000
SAPNRG,2013-11-18,4.2900,4.3100,4.2700,4.2900,5597700
SAPNRG,2013-11-19,4.3000,4.4200,4.2900,4.3800,17905700
SAPNRG,2013-11-20,4.3900,4.4000,4.2800,4.3300,14510600
SAPNRG,2013-11-21,4.3300,4.3600,4.2700,4.2700,9716400
SAPNRG,2013-11-22,4.2700,4.3400,4.2700,4.2800,8342000
SAPNRG,2013-11-25,4.3000,4.3200,4.2700,4.2800,10903100
SAPNRG,2013-11-26,4.2800,4.2900,4.1800,4.1800,13449400
SAPNRG,2013-11-27,4.1900,4.3000,4.1900,4.2700,10533500
SAPNRG,2013-11-28,4.3000,4.3000,4.2600,4.2700,7401600
SAPNRG,2013-11-29,4.2700,4.3000,4.2700,4.2900,10499200
SAPNRG,2013-12-02,4.2900,4.4500,4.2900,4.4500,18353600
SAPNRG,2013-12-03,4.4100,4.4400,4.3800,4.4000,14586600
SAPNRG,2013-12-04,4.3900,4.4000,4.3400,4.3900,10547100
SAPNRG,2013-12-05,4.3600,4.4000,4.2500,4.3500,11139233
SAPNRG,2013-12-06,4.3500,4.4000,4.3500,4.3800,7018300
SAPNRG,2013-12-09,4.4000,4.4900,4.4000,4.4700,11173600
SAPNRG,2013-12-10,4.4700,4.5000,4.4400,4.4700,12535500
SAPNRG,2013-12-11,4.4900,4.5300,4.4700,4.4900,12422600
SAPNRG,2013-12-12,4.4900,4.5000,4.4600,4.5000,6246700
SAPNRG,2013-12-13,4.5000,4.6100,4.4600,4.5800,10704400
SAPNRG,2013-12-16,4.6000,4.6900,4.5800,4.6700,10050700
SAPNRG,2013-12-17,4.6700,4.7200,4.6300,4.7000,5954200
SAPNRG,2013-12-18,4.6900,4.7600,4.6900,4.7000,6999700
SAPNRG,2013-12-19,4.7000,4.8000,4.6700,4.8000,6464300
SAPNRG,2013-12-20,4.7800,4.7900,4.6200,4.6800,9686100
SAPNRG,2013-12-23,4.6800,4.7600,4.6700,4.7300,4830400
SAPNRG,2013-12-24,4.7300,4.7800,4.7300,4.7700,3853300
SAPNRG,2013-12-26,4.7000,4.8600,4.7000,4.8500,4802700
SAPNRG,2013-12-27,4.8700,4.9400,4.8700,4.9400,4317900
SAPNRG,2013-12-30,4.9400,4.9600,4.8400,4.8400,11080600
SAPNRG,2013-12-31,4.9400,4.9500,4.8400,4.9000,7475200
SAPNRG,2014-01-02,4.8900,4.8900,4.7200,4.7600,8519400
SAPNRG,2014-01-03,4.7000,4.7100,4.5200,4.5600,18715000
SAPNRG,2014-01-06,4.5600,4.7200,4.5200,4.5300,14267200
SAPNRG,2014-01-07,4.6400,4.7000,4.6200,4.6600,8346200
SAPNRG,2014-01-08,4.6700,4.6800,4.6200,4.6400,8403100
SAPNRG,2014-01-09,4.6500,4.6800,4.6500,4.6700,4754700
SAPNRG,2014-01-10,4.6700,4.6700,4.6200,4.6300,8206400
SAPNRG,2014-01-13,4.6400,4.7000,4.6400,4.6700,5252600
SAPNRG,2014-01-15,4.7100,4.7400,4.6800,4.7000,12527200
SAPNRG,2014-01-16,4.7100,4.7500,4.6400,4.6700,10055100
SAPNRG,2014-01-20,4.6400,4.6500,4.5100,4.5600,15858300
SAPNRG,2014-01-21,4.6000,4.6000,4.5500,4.5700,6919700
SAPNRG,2014-01-22,4.5700,4.6000,4.5300,4.6000,10000700
SAPNRG,2014-01-23,4.6600,4.6700,4.5900,4.6000,6447100
SAPNRG,2014-01-24,4.5500,4.6000,4.5000,4.5100,16897100
SAPNRG,2014-01-27,4.4500,4.4500,4.3100,4.3500,22846500
SAPNRG,2014-01-28,4.3000,4.3600,4.3000,4.3100,14133500
SAPNRG,2014-01-29,4.3300,4.4200,4.3300,4.3800,10785800
SAPNRG,2014-01-30,4.3600,4.3900,4.3200,4.3900,7012200
SAPNRG,2014-02-04,4.3900,4.4200,4.3500,4.3900,12366600
SAPNRG,2014-02-05,4.4300,4.4300,4.3700,4.3800,7931900
SAPNRG,2014-02-06,4.3800,4.4800,4.3600,4.3900,8450800
SAPNRG,2014-02-07,4.4800,4.5500,4.4800,4.5100,8238200
SAPNRG,2014-02-10,4.5100,4.5700,4.5100,4.5300,8683200
SAPNRG,2014-02-11,4.5700,4.6000,4.5300,4.5400,9267400
SAPNRG,2014-02-12,4.5500,4.6300,4.5300,4.5400,10818300
SAPNRG,2014-02-13,4.6200,4.6200,4.4900,4.5100,3754900
SAPNRG,2014-02-14,4.5100,4.5500,4.4500,4.4500,5011700
SAPNRG,2014-02-17,4.4600,4.5300,4.4400,4.4600,4021100
SAPNRG,2014-02-18,4.4700,4.4700,4.3900,4.4000,6653600
SAPNRG,2014-02-19,4.3800,4.3900,4.3300,4.3500,12889500
SAPNRG,2014-02-20,4.3500,4.3600,4.3100,4.3400,4611100
SAPNRG,2014-02-21,4.3400,4.4200,4.3400,4.4200,6604900
SAPNRG,2014-02-24,4.4300,4.4500,4.3700,4.4000,4299000
SAPNRG,2014-02-25,4.4400,4.4400,4.3900,4.4000,7496800
SAPNRG,2014-02-26,4.4000,4.4100,4.3900,4.3900,5466700
SAPNRG,2014-02-27,4.4100,4.4200,4.3800,4.4000,10373900
SAPNRG,2014-02-28,4.4000,4.4400,4.3900,4.4300,11959700
SAPNRG,2014-03-03,4.4500,4.4500,4.4000,4.4300,7334000
SAPNRG,2014-03-04,4.4400,4.4400,4.4200,4.4400,6785200
SAPNRG,2014-03-05,4.4400,4.4500,4.4200,4.4400,8468500
SAPNRG,2014-03-06,4.4400,4.4400,4.4100,4.4300,3788100
SAPNRG,2014-03-07,4.4300,4.4400,4.4100,4.4400,7913000
SAPNRG,2014-03-10,4.4300,4.4300,4.3700,4.3800,6874200
SAPNRG,2014-03-11,4.3800,4.4000,4.3400,4.3500,3612100
SAPNRG,2014-03-12,4.3600,4.3600,4.3100,4.3500,10303300
SAPNRG,2014-03-13,4.3500,4.3600,4.2500,4.2500,11289300
SAPNRG,2014-03-14,4.2000,4.2400,4.1400,4.1900,15012500
SAPNRG,2014-03-17,4.1900,4.2000,4.0400,4.1900,12099900
SAPNRG,2014-03-18,4.2200,4.3000,4.2100,4.2400,10360800
SAPNRG,2014-03-19,4.2500,4.2600,4.1700,4.2100,6438900
SAPNRG,2014-03-20,4.1500,4.2000,4.1500,4.1700,16266200
SAPNRG,2014-03-21,4.2300,4.2300,4.1700,4.2100,12740900
SAPNRG,2014-03-24,4.2600,4.4200,4.2600,4.3000,9542000
SAPNRG,2014-03-25,4.3400,4.3500,4.3100,4.3300,3042200
SAPNRG,2014-03-26,4.3400,4.4000,4.3300,4.3900,12473100
SAPNRG,2014-03-27,4.3900,4.5100,4.3800,4.4700,19870300
SAPNRG,2014-03-28,4.4700,4.5500,4.4600,4.5000,8351000
SAPNRG,2014-03-31,4.5200,4.5400,4.4900,4.5100,11261500
SAPNRG,2014-04-01,4.5000,4.5600,4.4900,4.5100,13004800
SAPNRG,2014-04-02,4.5700,4.7200,4.5600,4.6000,22886200
SAPNRG,2014-04-03,4.7000,4.8100,4.7000,4.7700,22432700
SAPNRG,2014-04-04,4.8000,4.8000,4.6400,4.6500,11503900
SAPNRG,2014-04-07,4.6500,4.6800,4.5700,4.6000,7505900
SAPNRG,2014-04-08,4.5800,4.5800,4.4800,4.5000,9811100
SAPNRG,2014-04-09,4.5000,4.5100,4.4100,4.4400,7340600
SAPNRG,2014-04-10,4.4100,4.4500,4.3600,4.4000,5533000
SAPNRG,2014-04-11,4.3800,4.4100,4.1800,4.3800,8506800
SAPNRG,2014-04-14,4.3500,4.3500,4.2600,4.2700,6096000
SAPNRG,2014-04-15,4.3000,4.3800,4.2800,4.3200,6439800
SAPNRG,2014-04-16,4.3300,4.3300,4.2700,4.2700,5916100
SAPNRG,2014-04-17,4.2700,4.3100,4.2500,4.2500,6415100
SAPNRG,2014-04-18,4.2700,4.3600,4.2700,4.3600,1218400
SAPNRG,2014-04-21,4.3800,4.4000,4.3500,4.3500,3442600
SAPNRG,2014-04-22,4.3700,4.3800,4.3300,4.3500,3794600
SAPNRG,2014-04-23,4.3500,4.3800,4.2900,4.2900,5702200
SAPNRG,2014-04-24,4.3000,4.3200,4.2700,4.3200,2658100
SAPNRG,2014-04-25,4.3200,4.3300,4.2800,4.2800,6711500
SAPNRG,2014-04-28,4.2800,4.3200,4.2600,4.2600,6130600
SAPNRG,2014-04-29,4.2800,4.3500,4.2700,4.3300,14561000
SAPNRG,2014-04-30,4.3300,4.3400,4.2900,4.3100,8123700
SAPNRG,2014-05-02,4.3300,4.3300,4.2800,4.2900,4083600
SAPNRG,2014-05-05,4.2700,4.2900,4.2700,4.2800,3611600
SAPNRG,2014-05-06,4.2800,4.2900,4.2500,4.2700,5799300
SAPNRG,2014-05-07,4.2500,4.2900,4.2300,4.2600,7852900
SAPNRG,2014-05-08,4.2600,4.2900,4.2400,4.2700,5643300
SAPNRG,2014-05-09,4.2600,4.2700,4.2400,4.2600,6213300
SAPNRG,2014-05-12,4.2600,4.3000,4.2600,4.2900,3858600
SAPNRG,2014-05-14,4.3200,4.3500,4.3100,4.3100,7535600
SAPNRG,2014-05-15,4.3000,4.3300,4.2800,4.2900,7466600
SAPNRG,2014-05-16,4.3300,4.3600,4.2900,4.3100,9860900
SAPNRG,2014-05-19,4.3200,4.3400,4.2800,4.2800,5217800
SAPNRG,2014-05-20,4.2900,4.2900,4.2200,4.2400,9196800
SAPNRG,2014-05-21,4.2300,4.2700,4.2200,4.2500,3912100
SAPNRG,2014-05-22,4.2500,4.2700,4.1700,4.1900,10203900
SAPNRG,2014-05-23,4.2000,4.2000,4.0600,4.0900,11749200
SAPNRG,2014-05-26,4.1000,4.1300,4.0400,4.0700,13474100
SAPNRG,2014-05-27,4.0900,4.1000,4.0800,4.1000,6986900
SAPNRG,2014-05-28,4.1100,4.1400,4.1000,4.1200,12433300
SAPNRG,2014-06-17,4.2600,4.3100,4.2600,4.2700,6687100
SAPNRG,2014-06-18,4.2700,4.3200,4.2700,4.2800,10396100
SAPNRG,2014-06-19,4.3000,4.3300,4.2800,4.3300,10911100
SAPNRG,2014-06-20,4.3500,4.5200,4.3400,4.4700,34151000
SAPNRG,2014-06-23,4.4900,4.5000,4.4200,4.4200,7221200
SAPNRG,2014-06-24,4.4100,4.4100,4.3300,4.4100,9745200
SAPNRG,2014-06-25,4.4100,4.4100,4.3400,4.3600,8693500
SAPNRG,2014-06-26,4.3700,4.4200,4.3600,4.4100,10010800
SAPNRG,2014-06-27,4.4000,4.4100,4.3600,4.3800,6665900
SAPNRG,2014-06-30,4.3800,4.3800,4.3500,4.3800,5916100
SAPNRG,2014-07-01,4.3600,4.4000,4.3600,4.3700,5902900
SAPNRG,2014-07-02,4.3700,4.4000,4.3600,4.4000,14438100
SAPNRG,2014-07-03,4.4000,4.4100,4.3700,4.3800,10714300
SAPNRG,2014-07-04,4.3900,4.4100,4.3600,4.3700,12359800
SAPNRG,2014-07-07,4.3800,4.4300,4.3800,4.4000,13565300
SAPNRG,2014-07-08,4.4000,4.4100,4.3800,4.4100,11756400
SAPNRG,2014-07-09,4.4100,4.4100,4.3800,4.3900,8600700
SAPNRG,2014-07-10,4.4100,4.4300,4.3900,4.4000,8552100
SAPNRG,2014-07-11,4.4000,4.4100,4.3900,4.4000,7319400
SAPNRG,2014-07-14,4.4000,4.4400,4.4000,4.4400,8193500
SAPNRG,2014-07-16,4.4400,4.4400,4.4100,4.4300,4837700
SAPNRG,2014-07-17,4.4300,4.4300,4.4000,4.4100,5289600
SAPNRG,2014-07-18,4.3600,4.4100,4.3300,4.3800,9154300
SAPNRG,2014-07-21,4.3900,4.3900,4.3500,4.3500,3772900
SAPNRG,2014-07-22,4.3900,4.4300,4.3800,4.4300,10715900
SAPNRG,2014-07-23,4.4300,4.4300,4.4000,4.4000,4052100
SAPNRG,2014-07-24,4.4000,4.4100,4.3200,4.3400,8717400
SAPNRG,2014-07-25,4.3400,4.3800,4.2500,4.3000,6432900
SAPNRG,2014-07-30,4.3100,4.3800,4.2900,4.2900,6469700
SAPNRG,2014-07-31,4.3200,4.3200,4.2900,4.3100,7918600
SAPNRG,2014-08-01,4.3000,4.3000,4.2500,4.2600,6268400
SAPNRG,2014-08-04,4.2600,4.4000,4.2500,4.2800,9381600
SAPNRG,2014-08-06,4.3000,4.3200,4.3000,4.3100,4307200
SAPNRG,2014-08-07,4.3000,4.3100,4.2600,4.2700,5059900
SAPNRG,2014-08-08,4.2700,4.2900,4.2000,4.2200,9181100
SAPNRG,2014-08-11,4.2200,4.2900,4.2200,4.2500,6342500
SAPNRG,2014-08-12,4.2500,4.2600,4.2200,4.2400,8110500
SAPNRG,2014-08-15,4.2000,4.2000,4.1400,4.1500,5583400
SAPNRG,2014-08-20,4.1200,4.1400,4.1100,4.1300,17238100
SAPNRG,2014-08-21,4.1300,4.2200,4.1300,4.1900,23690300
SAPNRG,2014-08-22,4.2000,4.2800,4.2000,4.2700,20067400
SAPNRG,2014-08-25,4.2800,4.3500,4.2500,4.2700,23284900
SAPNRG,2014-08-29,4.3400,4.3400,4.2200,4.2200,8807600
SAPNRG,2014-09-05,4.2800,4.2800,4.2400,4.2600,6715600
SAPNRG,2014-09-08,4.2700,4.2800,4.2400,4.2800,4011200
SAPNRG,2014-09-12,4.2300,4.2400,4.2100,4.2300,5645000
SAPNRG,2014-09-15,4.2200,4.2200,4.1800,4.2000,8433400
SAPNRG,2014-09-23,4.1700,4.1900,4.1400,4.1500,9691400
SAPNRG,2014-09-25,4.1500,4.1600,4.1200,4.1300,11384400
SAPNRG,2014-09-29,4.1300,4.1800,4.1300,4.1500,4893100
SAPNRG,2014-10-03,4.0200,4.0800,4.0200,4.0600,4337500
SAPNRG,2014-10-08,3.8800,3.9000,3.6800,3.7800,37433500
SAPNRG,2014-10-16,3.3500,3.3900,3.1600,3.1600,42619700
SAPNRG,2014-10-17,3.2200,3.5100,3.2200,3.4700,37626700
SAPNRG,2014-10-20,3.5300,3.6200,3.4900,3.6000,30154200
SAPNRG,2014-10-21,3.6000,3.6000,3.5500,3.5700,7393900
SAPNRG,2014-10-24,3.6000,3.6200,3.5300,3.6000,14292800
SAPNRG,2014-10-27,3.6000,3.6000,3.5400,3.5400,5863400
SAPNRG,2014-10-28,3.5400,3.5600,3.3400,3.3900,21681400
SAPNRG,2014-10-29,3.4200,3.5000,3.4200,3.4300,13105100
SAPNRG,2014-10-31,3.4400,3.4500,3.4000,3.4100,8851600
SAPNRG,2014-11-03,3.4100,3.5000,3.3300,3.3900,13381300
SAPNRG,2014-11-04,3.4000,3.4000,3.2300,3.2700,32503600
SAPNRG,2014-11-05,3.2500,3.2500,3.1400,3.1400,47996000
SAPNRG,2014-11-06,3.1900,3.2700,3.1200,3.1400,30144500
SAPNRG,2014-11-07,3.1500,3.2000,3.0600,3.0800,29064500
SAPNRG,2014-11-11,3.1400,3.1700,3.0800,3.0900,22932200
SAPNRG,2014-11-12,3.0800,3.1200,3.0600,3.0900,20562900
SAPNRG,2014-11-13,3.0900,3.1300,3.0700,3.1000,17875200
SAPNRG,2014-11-14,3.0900,3.1300,3.0300,3.1200,25509700
SAPNRG,2014-11-17,3.1200,3.1400,3.0800,3.0800,9240000
SAPNRG,2014-11-18,3.0800,3.0900,3.0400,3.0700,8085200
SAPNRG,2014-11-20,3.0800,3.1000,3.0600,3.1000,7014600
SAPNRG,2014-11-27,3.2200,3.2200,3.0800,3.0900,28056300
SAPNRG,2014-11-28,2.8500,2.9000,2.7700,2.8000,63416400
SAPNRG,2014-12-01,2.7600,2.7600,2.3500,2.5100,91487300
SAPNRG,2014-12-02,2.5900,2.6400,2.4600,2.5600,39917600
SAPNRG,2014-12-03,2.5500,2.5600,2.4300,2.4400,25144400
SAPNRG,2014-12-04,2.4600,2.5400,2.4400,2.4900,36351400
SAPNRG,2014-12-05,2.4800,2.5300,2.4700,2.5100,23020400
SAPNRG,2014-12-09,2.4900,2.5000,2.4100,2.4500,30834100
SAPNRG,2014-12-10,2.4500,2.4600,2.3800,2.4200,32125000
SAPNRG,2014-12-11,2.3800,2.4100,2.3500,2.3700,25644400
SAPNRG,2014-12-16,2.0500,2.1200,2.0500,2.0800,35274100
SAPNRG,2014-12-17,2.1100,2.2900,2.1100,2.2000,38446400
SAPNRG,2014-12-18,2.2800,2.3000,2.2100,2.2400,38365500
SAPNRG,2014-12-23,2.3500,2.3800,2.3100,2.3500,28434100
SAPNRG,2014-12-29,2.3500,2.3900,2.3300,2.3800,20007800
SAPNRG,2015-01-02,2.3200,2.3600,2.3000,2.3500,4100000
SAPNRG,2015-01-12,2.3800,2.4900,2.3500,2.4900,11809000
SAPNRG,2015-01-14,2.4300,2.4400,2.3700,2.3900,15377200
SAPNRG,2015-01-15,2.4600,2.4800,2.4100,2.4400,16594200
SAPNRG,2015-01-19,2.5500,2.6600,2.5500,2.6300,24429500
SAPNRG,2015-01-20,2.6300,2.6600,2.5800,2.6000,14923400
SAPNRG,2015-01-21,2.6000,2.7100,2.5900,2.6700,23100900
SAPNRG,2015-01-22,2.7000,2.8200,2.7000,2.8000,45069300
SAPNRG,2015-01-23,2.8400,2.8900,2.7400,2.8000,28304400
SAPNRG,2015-01-26,2.7700,2.8200,2.7400,2.7900,13493800
SAPNRG,2015-01-27,2.7800,2.8200,2.7700,2.8000,14460800
SAPNRG,2015-01-28,2.8000,2.8100,2.7800,2.8000,14685300
SAPNRG,2015-01-29,2.7800,2.8000,2.7300,2.7500,14480400
SAPNRG,2015-01-30,2.7600,2.7800,2.6600,2.6700,15157800
SAPNRG,2015-02-04,2.8400,2.9400,2.8000,2.8200,39309800
SAPNRG,2015-02-05,2.8000,2.8100,2.7500,2.7700,8289800
SAPNRG,2015-02-06,2.8300,2.8300,2.7700,2.8100,22042300
SAPNRG,2015-02-09,2.8100,2.8600,2.8100,2.8300,21500900
SAPNRG,2015-02-10,2.8400,2.9500,2.8300,2.9300,39514900
SAPNRG,2015-02-11,2.9200,2.9200,2.8200,2.8400,10002300
SAPNRG,2015-02-12,2.8100,2.8700,2.7900,2.8500,13676200
SAPNRG,2015-02-13,2.8700,2.9400,2.8400,2.9200,19540300
SAPNRG,2015-02-16,2.9500,2.9500,2.8800,2.9000,6158200
SAPNRG,2015-02-17,2.9100,2.9300,2.8900,2.9100,6324400
SAPNRG,2015-02-18,2.9100,3.0100,2.9100,2.9900,8721700
SAPNRG,2015-02-24,2.9200,2.9700,2.9200,2.9400,12502300
SAPNRG,2015-02-25,2.9400,2.9400,2.7900,2.8100,22419900
SAPNRG,2015-02-26,2.8300,2.8600,2.8300,2.8400,11529600
SAPNRG,2015-02-27,2.8300,2.8600,2.7900,2.8500,14188300
SAPNRG,2015-03-02,2.8600,2.8800,2.7100,2.7300,15511400
SAPNRG,2015-03-03,2.7400,2.7700,2.6000,2.6000,30418100
SAPNRG,2015-03-04,2.6400,2.6500,2.6100,2.6400,14443600
SAPNRG,2015-03-05,2.5700,2.5700,2.4000,2.4500,77302400
SAPNRG,2015-03-06,2.4400,2.4500,2.3700,2.4100,42334400
SAPNRG,2015-03-09,2.3900,2.3900,2.2800,2.3100,45389500
SAPNRG,2015-03-10,2.3300,2.4500,2.3300,2.4000,16226000
SAPNRG,2015-03-11,2.3500,2.4400,2.3400,2.4000,16078300
SAPNRG,2015-03-12,2.4100,2.4600,2.4000,2.4100,13515200
SAPNRG,2015-03-13,2.4100,2.4100,2.3400,2.3400,14264700
SAPNRG,2015-03-16,2.3000,2.3200,2.2500,2.2900,18629500
SAPNRG,2015-03-17,2.2900,2.3400,2.2700,2.3100,5997100
SAPNRG,2015-03-18,2.3000,2.3300,2.2800,2.3100,7965000
SAPNRG,2015-03-19,2.3400,2.3600,2.2800,2.2900,12032600
SAPNRG,2015-03-20,2.3100,2.3100,2.2500,2.2700,14060500
SAPNRG,2015-03-23,2.2800,2.3000,2.2500,2.3000,10443000
SAPNRG,2015-03-24,2.3000,2.3100,2.2800,2.3000,9757600
SAPNRG,2015-03-25,2.3000,2.3600,2.2900,2.3200,10261900
SAPNRG,2015-03-26,2.3200,2.4500,2.3100,2.4000,18459300
SAPNRG,2015-03-27,2.4200,2.4400,2.3500,2.3700,10722700
SAPNRG,2015-03-30,2.3600,2.3600,2.3200,2.3300,6081200
SAPNRG,2015-03-31,2.3400,2.3600,2.3100,2.3600,7846200
SAPNRG,2015-04-01,2.3500,2.3500,2.3100,2.3200,6729500
SAPNRG,2015-04-02,2.3400,2.3500,2.3100,2.3200,7676700
SAPNRG,2015-04-03,2.3100,2.3200,2.3000,2.3100,2767200
SAPNRG,2015-04-06,2.3200,2.3300,2.3100,2.3200,4816400
SAPNRG,2015-04-07,2.3500,2.3600,2.3100,2.3200,7496100
SAPNRG,2015-04-08,2.3300,2.3400,2.3000,2.3100,9167300
SAPNRG,2015-04-09,2.3100,2.3400,2.2900,2.3400,6665200
SAPNRG,2015-04-10,2.3300,2.3400,2.3200,2.3400,6631100
SAPNRG,2015-04-13,2.3400,2.4100,2.3300,2.4000,16056300
SAPNRG,2015-04-14,2.4000,2.4100,2.3800,2.4000,9685700
SAPNRG,2015-04-15,2.4200,2.6000,2.4200,2.6000,25625200
SAPNRG,2015-04-16,2.6600,2.7100,2.6500,2.6800,27162200
SAPNRG,2015-04-17,2.7000,2.7500,2.6900,2.7200,25297400
SAPNRG,2015-04-20,2.7100,2.7200,2.6600,2.6900,13073200
SAPNRG,2015-04-21,2.7000,2.7600,2.6900,2.7300,19680900
SAPNRG,2015-04-22,2.7400,2.7500,2.6900,2.7000,9177800
SAPNRG,2015-04-23,2.7000,2.7400,2.6800,2.6800,6634300
SAPNRG,2015-04-24,2.7400,2.8500,2.7300,2.8500,25443400
SAPNRG,2015-04-27,2.8500,2.8700,2.8000,2.8000,12891800
SAPNRG,2015-04-28,2.8100,2.8100,2.7300,2.8000,7158700
SAPNRG,2015-04-29,2.8000,2.8000,2.6600,2.6600,15425400
SAPNRG,2015-04-30,2.7000,2.7700,2.6600,2.6600,18741400
SAPNRG,2015-05-05,2.6900,2.7400,2.6700,2.7400,8370500
SAPNRG,2015-05-06,2.7700,2.8200,2.7400,2.8100,14610600
SAPNRG,2015-05-07,2.7900,2.8200,2.7800,2.7800,14111800
SAPNRG,2015-05-08,2.7600,2.8000,2.7600,2.7700,10546800
SAPNRG,2015-05-11,2.7800,2.8000,2.7700,2.7800,10772700
SAPNRG,2015-05-12,2.8000,2.8100,2.7200,2.7300,10110900
SAPNRG,2015-05-13,2.7500,2.7800,2.7200,2.7400,9662500
SAPNRG,2015-05-14,2.7400,2.7400,2.6800,2.7000,9789900
SAPNRG,2015-05-15,2.7100,2.7200,2.6800,2.7200,5113600
SAPNRG,2015-05-18,2.7200,2.7400,2.7000,2.7100,8757000
SAPNRG,2015-05-19,2.7100,2.7300,2.7000,2.7100,3840300
SAPNRG,2015-05-20,2.7000,2.7000,2.6400,2.6500,13680300
SAPNRG,2015-05-21,2.6700,2.6800,2.5400,2.5600,19290100
SAPNRG,2015-05-22,2.5900,2.6500,2.5700,2.6300,11151100
SAPNRG,2015-05-25,2.6300,2.6300,2.5700,2.5700,6001200
SAPNRG,2015-05-26,2.5700,2.6500,2.5700,2.6100,9782300
SAPNRG,2015-05-27,2.6100,2.6300,2.5700,2.6100,6456100
SAPNRG,2015-06-01,2.6500,2.6600,2.6000,2.6500,11743600
SAPNRG,2015-06-02,2.6500,2.7900,2.6400,2.7500,19431200
SAPNRG,2015-06-04,2.7000,2.7200,2.6800,2.6800,7940800
SAPNRG,2015-06-05,2.6500,2.7100,2.6500,2.6700,4435600
SAPNRG,2015-06-08,2.6700,2.7000,2.6300,2.6500,5452500
SAPNRG,2015-06-09,2.6300,2.6400,2.5800,2.5800,5665000
SAPNRG,2015-06-15,2.5900,2.5900,2.4200,2.4200,18002200
SAPNRG,2015-06-18,2.4800,2.4900,2.4500,2.4700,7093400
SAPNRG,2015-06-22,2.4100,2.4900,2.3700,2.4600,6869300
SAPNRG,2015-06-23,2.4600,2.4700,2.3900,2.4200,8218800
SAPNRG,2015-06-24,2.4300,2.4500,2.4100,2.4300,5183200
SAPNRG,2015-06-26,2.4200,2.4200,2.4000,2.4100,4114500
SAPNRG,2015-06-30,2.3400,2.3900,2.3200,2.3600,10244800
SAPNRG,2015-07-07,2.3800,2.4000,2.3100,2.3100,14079200
SAPNRG,2015-07-08,2.3200,2.3200,2.2800,2.3000,8532500
SAPNRG,2015-07-13,2.3800,2.4200,2.3400,2.4100,4667100
SAPNRG,2015-07-14,2.4200,2.4600,2.3100,2.3200,10466100
SAPNRG,2015-07-23,2.3900,2.3900,2.3700,2.3800,1872700
SAPNRG,2015-07-24,2.3700,2.4000,2.3500,2.3900,3428700
SAPNRG,2015-07-28,2.3700,2.3900,2.3500,2.3800,10081400
SAPNRG,2015-07-31,2.4000,2.4500,2.4000,2.4500,6954400
SAPNRG,2015-08-04,2.4300,2.4300,2.3900,2.4000,9005200
SAPNRG,2015-08-05,2.3900,2.4200,2.3900,2.4000,6757900
SAPNRG,2015-08-06,2.4000,2.4300,2.3400,2.3400,15881500
SAPNRG,2015-08-07,2.3400,2.3700,2.3300,2.3400,9613100
SAPNRG,2015-08-14,2.0500,2.0700,1.9000,1.9300,33117500
SAPNRG,2015-08-18,1.7100,1.7300,1.6100,1.6700,30560600
SAPNRG,2015-08-25,1.4200,1.5100,1.3600,1.4700,28707900
SAPNRG,2015-08-26,1.4500,1.5600,1.4500,1.5300,15983700
SAPNRG,2015-08-27,1.5600,1.6200,1.5400,1.6100,19053200
SAPNRG,2015-08-28,1.6800,1.7500,1.6800,1.7200,37685500
SAPNRG,2015-09-01,1.8200,1.9100,1.7900,1.7900,41322200
SAPNRG,2015-09-02,1.7100,1.7600,1.6800,1.6900,26353700
SAPNRG,2015-09-03,1.7300,1.7800,1.7200,1.7700,16020800
SAPNRG,2015-09-04,1.7700,1.8200,1.7200,1.7500,15794800
SAPNRG,2015-09-07,1.7300,1.7400,1.6700,1.7000,15881300
SAPNRG,2015-09-08,1.6800,1.7500,1.6800,1.7400,10624000
SAPNRG,2015-09-09,1.7700,1.8400,1.7600,1.8200,24024900
SAPNRG,2015-09-10,1.7900,1.8400,1.7600,1.8200,11482700
SAPNRG,2015-09-11,1.8100,1.8800,1.7900,1.8300,16481200
SAPNRG,2015-09-14,1.8200,1.8800,1.7900,1.8500,16148000
SAPNRG,2015-09-15,1.8600,1.8900,1.8300,1.8700,18512500
SAPNRG,2015-09-17,1.9400,2.0300,1.9400,2.0000,35213300
SAPNRG,2015-09-18,2.0000,2.0500,1.9400,2.0200,17919300
SAPNRG,2015-09-21,1.9900,2.0000,1.9700,1.9900,10534800
SAPNRG,2015-09-22,2.0100,2.0300,1.9700,1.9900,7519200
SAPNRG,2015-09-23,1.9900,1.9900,1.9000,1.9200,14257100
SAPNRG,2015-09-28,1.9400,1.9600,1.9000,1.9100,5791700
SAPNRG,2015-09-30,1.8500,1.8900,1.8200,1.8800,16322600
SAPNRG,2015-10-05,1.8800,1.9000,1.8600,1.8800,10105000
SAPNRG,2015-10-09,2.1700,2.2500,2.1400,2.2000,36937200
SAPNRG,2015-10-12,2.2000,2.2100,2.1400,2.1600,14565000
SAPNRG,2015-10-13,2.1300,2.1400,2.0900,2.1300,12790800
SAPNRG,2015-10-19,2.1800,2.1800,2.1500,2.1700,7164000
SAPNRG,2015-10-20,2.1500,2.1500,2.0900,2.1400,10573700
SAPNRG,2015-10-21,2.1200,2.1400,2.1100,2.1300,3145500
SAPNRG,2015-10-23,2.1400,2.1400,2.1100,2.1300,5582000
SAPNRG,2015-10-27,2.1000,2.1600,2.0900,2.1400,6088800
SAPNRG,2015-10-28,2.1100,2.1200,2.1000,2.1100,4578200
SAPNRG,2015-10-29,2.1600,2.1800,2.1000,2.1200,10671800
SAPNRG,2015-10-30,2.1200,2.1200,2.0900,2.1100,7615200
SAPNRG,2015-11-02,2.1100,2.1300,2.1000,2.1300,3876100
SAPNRG,2015-11-03,2.1200,2.1600,2.1100,2.1600,5166100
SAPNRG,2015-11-04,2.1800,2.2600,2.1800,2.2600,16337400
SAPNRG,2015-11-05,2.2400,2.2400,2.1800,2.1900,3790800
SAPNRG,2015-11-06,2.1800,2.2400,2.1700,2.2100,3438200
SAPNRG,2015-11-09,2.2100,2.2300,2.1700,2.2000,3690400
SAPNRG,2015-11-11,2.1400,2.1800,2.1200,2.1700,6989300
SAPNRG,2015-11-12,2.1500,2.1500,2.1200,2.1200,10772500
SAPNRG,2015-11-13,2.1000,2.1300,2.0800,2.1100,5898400
SAPNRG,2015-11-16,2.0700,2.1100,2.0700,2.0800,7027700
SAPNRG,2015-11-17,2.1000,2.1400,2.1000,2.1000,5992400
SAPNRG,2015-11-18,2.1000,2.1300,2.0900,2.1300,4337500
SAPNRG,2015-11-19,2.1100,2.1500,2.1100,2.1400,5451200
SAPNRG,2015-11-20,2.1300,2.1300,2.1100,2.1200,3017300
SAPNRG,2015-11-23,2.1200,2.1400,2.1200,2.1300,2408100
SAPNRG,2015-11-24,2.1300,2.1500,2.1100,2.1300,4928400
SAPNRG,2015-11-25,2.1500,2.2100,2.1300,2.2000,10670000
SAPNRG,2015-11-26,2.2200,2.2900,2.2000,2.2300,8379700
SAPNRG,2015-11-27,2.2100,2.2500,2.2100,2.2500,4210800
SAPNRG,2015-11-30,2.2300,2.2300,2.1400,2.1400,17825200
SAPNRG,2015-12-01,2.1500,2.2900,2.1400,2.2400,10069200
SAPNRG,2015-12-02,2.2400,2.2600,2.1800,2.1900,2361500
SAPNRG,2015-12-03,2.1800,2.2100,2.1500,2.1600,4767600
SAPNRG,2015-12-04,2.1700,2.1800,2.1400,2.1400,3355000
SAPNRG,2015-12-07,2.1400,2.1600,2.1200,2.1300,3336300
SAPNRG,2015-12-08,2.1100,2.1200,2.1000,2.1000,4124500
SAPNRG,2015-12-09,2.0900,2.1100,2.0500,2.0800,6035200
SAPNRG,2015-12-10,2.0700,2.0900,1.9600,1.9600,7726600
SAPNRG,2015-12-11,1.9600,1.9800,1.8600,1.9400,27286000
SAPNRG,2015-12-14,1.9100,1.9200,1.8400,1.8700,9200300
SAPNRG,2015-12-15,1.8700,1.8700,1.8400,1.8600,6188700
SAPNRG,2015-12-16,1.8800,1.9000,1.8500,1.8600,5702000
SAPNRG,2015-12-17,1.8700,1.8900,1.8200,1.8400,11078700
SAPNRG,2015-12-18,1.8300,1.8500,1.7800,1.7800,7326200
SAPNRG,2015-12-21,1.7800,1.7900,1.6900,1.6900,10227200
SAPNRG,2015-12-22,1.7000,1.7300,1.6900,1.7100,6922000
SAPNRG,2015-12-23,1.7200,1.8300,1.7100,1.8100,12138100
SAPNRG,2015-12-28,1.8500,2.0400,1.8400,1.9900,30138700
SAPNRG,2015-12-29,1.9700,1.9800,1.9200,1.9800,8611000
SAPNRG,2015-12-30,2.0000,2.0500,1.9900,2.0200,15504300
SAPNRG,2015-12-31,1.9900,2.0200,1.9700,2.0200,4584600
SAPNRG,2016-01-04,2.0200,2.0400,1.9400,1.9400,5787100
SAPNRG,2016-01-05,1.9500,1.9900,1.9400,1.9800,4625500
SAPNRG,2016-01-06,1.9800,1.9900,1.9100,1.9200,6002300
SAPNRG,2016-01-07,1.8900,1.8900,1.7800,1.7900,14450600
SAPNRG,2016-01-08,1.7900,1.8800,1.7800,1.8500,13171100
SAPNRG,2016-01-11,1.8400,1.8400,1.7900,1.8000,7519900
SAPNRG,2016-01-12,1.8000,1.8200,1.7400,1.7700,11320300
SAPNRG,2016-01-13,1.7900,1.8000,1.7500,1.7600,9887900
SAPNRG,2016-01-14,1.7200,1.7500,1.6800,1.7400,10616900
SAPNRG,2016-01-15,1.7800,1.8100,1.6800,1.6800,20829100
SAPNRG,2016-01-18,1.6500,1.6900,1.6000,1.6600,12814600
SAPNRG,2016-01-19,1.6600,1.6900,1.6100,1.6900,20118000
SAPNRG,2016-01-20,1.6400,1.6500,1.6100,1.6200,15561200
SAPNRG,2016-01-21,1.6200,1.6400,1.5100,1.5300,20769500
SAPNRG,2016-01-22,1.5900,1.6600,1.5800,1.6200,27518900
SAPNRG,2016-01-26,1.6000,1.6100,1.5600,1.6000,15193000
SAPNRG,2016-01-27,1.6300,1.6900,1.6300,1.6500,24526800
SAPNRG,2016-01-28,1.6900,1.7200,1.6700,1.7000,17417700
SAPNRG,2016-01-29,1.7600,1.8800,1.7500,1.8800,31082800
SAPNRG,2016-02-02,1.8000,1.8200,1.7400,1.7600,15657000
SAPNRG,2016-02-03,1.6900,1.7600,1.6600,1.7500,17485000
SAPNRG,2016-02-04,1.8300,1.8800,1.8200,1.8500,26541600
SAPNRG,2016-02-05,1.8500,1.8600,1.8100,1.8500,8012700
SAPNRG,2016-02-10,1.7700,1.8100,1.7600,1.7900,4945600
SAPNRG,2016-02-11,1.7700,1.8100,1.7600,1.7800,3254100
SAPNRG,2016-02-12,1.7800,1.8200,1.7800,1.8000,5969300
SAPNRG,2016-02-15,1.8500,1.8600,1.8200,1.8300,11442100
SAPNRG,2016-02-16,1.8500,1.9800,1.8500,1.9600,28010700
SAPNRG,2016-02-17,1.8800,1.9300,1.8800,1.9000,16205500
SAPNRG,2016-02-18,1.9800,2.0300,1.9700,1.9800,17774300
SAPNRG,2016-02-19,1.9600,1.9900,1.9300,1.9600,6286600
SAPNRG,2016-02-22,1.9500,1.9900,1.9400,1.9700,7973500
SAPNRG,2016-02-23,2.0000,2.0400,1.9800,1.9900,16123200
SAPNRG,2016-02-24,1.9600,1.9800,1.8800,1.9000,12964100
SAPNRG,2016-02-25,1.9500,1.9700,1.8800,1.8900,10229800
SAPNRG,2016-02-26,1.9300,1.9500,1.9200,1.9500,8468200
SAPNRG,2016-02-29,1.9400,1.9500,1.8900,1.9000,12978000
SAPNRG,2016-03-01,1.9200,1.9800,1.9000,1.9700,10953700
SAPNRG,2016-03-02,1.9800,2.0700,1.9600,2.0500,34410000
SAPNRG,2016-03-03,2.0800,2.1100,2.0600,2.0800,23982200
SAPNRG,2016-03-04,2.0900,2.1300,2.0700,2.0900,17377100
SAPNRG,2016-03-07,2.1400,2.1700,2.1000,2.1000,18836100
SAPNRG,2016-03-08,2.1600,2.1800,2.1100,2.1200,19129100
SAPNRG,2016-03-09,2.1000,2.1300,2.0500,2.1200,19806800
SAPNRG,2016-03-10,2.1500,2.1600,2.0900,2.1100,9719800
SAPNRG,2016-03-11,2.1000,2.1300,2.0800,2.1100,12412400
SAPNRG,2016-03-14,2.1100,2.1300,2.0800,2.1000,10204800
SAPNRG,2016-03-15,2.0900,2.0900,2.0600,2.0800,9393800
SAPNRG,2016-03-16,2.0700,2.1200,2.0500,2.1200,13537800
SAPNRG,2016-03-17,2.1500,2.1600,2.1100,2.1300,18255800
SAPNRG,2016-03-18,2.1400,2.1700,2.1200,2.1700,17765100
SAPNRG,2016-03-21,2.1400,2.1500,2.1000,2.1500,6569800
SAPNRG,2016-03-22,2.1400,2.1500,2.0600,2.1000,17595800
SAPNRG,2016-03-23,2.0900,2.0900,1.9500,2.0000,25580500
SAPNRG,2016-03-25,2.0100,2.0100,1.8800,1.9100,18555300
SAPNRG,2016-03-28,1.8900,1.9300,1.8500,1.9000,10081500
SAPNRG,2016-03-29,1.8900,1.9200,1.8800,1.9100,6256500
SAPNRG,2016-03-30,1.9100,1.9100,1.8300,1.8400,13966900
SAPNRG,2016-03-31,1.8300,1.9300,1.8200,1.8600,17364700
SAPNRG,2016-04-01,1.8600,1.8900,1.8400,1.8900,9369300
SAPNRG,2016-04-04,1.8800,1.9100,1.8500,1.9100,4291500
SAPNRG,2016-04-05,1.8900,1.9000,1.8600,1.9000,6038900
SAPNRG,2016-04-06,1.9000,1.9100,1.7400,1.7700,47374800
SAPNRG,2016-04-07,1.8000,1.8200,1.7700,1.8000,22318700
SAPNRG,2016-04-08,1.7900,1.8300,1.7700,1.8200,12484500
SAPNRG,2016-04-11,1.8300,1.8400,1.7900,1.8200,13055900
SAPNRG,2016-04-12,1.8200,1.8400,1.8000,1.8300,6250800
SAPNRG,2016-04-13,1.8500,1.8700,1.8500,1.8700,12333000
SAPNRG,2016-04-14,1.8700,1.8800,1.8500,1.8700,6987700
SAPNRG,2016-04-15,1.8700,1.8700,1.8400,1.8700,10140300
SAPNRG,2016-04-18,1.8100,1.8200,1.7700,1.7800,17816700
SAPNRG,2016-04-19,1.8100,1.8200,1.7800,1.7900,7363600
SAPNRG,2016-04-20,1.8000,1.8000,1.7600,1.7700,12900700
SAPNRG,2016-04-21,1.8000,1.8100,1.7800,1.7900,24040300
SAPNRG,2016-04-22,1.7900,1.8000,1.7600,1.7800,15677200
SAPNRG,2016-04-25,1.7800,1.7900,1.7600,1.7700,8413600
SAPNRG,2016-04-26,1.7600,1.7700,1.7200,1.7400,11433200
SAPNRG,2016-04-27,1.7600,1.7800,1.7500,1.7700,8736000
SAPNRG,2016-04-28,1.6900,1.6900,1.6200,1.6400,101561100
SAPNRG,2016-04-29,1.6500,1.6900,1.6300,1.6500,76432700
SAPNRG,2016-05-03,1.6500,1.6800,1.6300,1.6400,39921600
SAPNRG,2016-05-04,1.6700,1.6700,1.5800,1.5900,51628100
SAPNRG,2016-05-05,1.6000,1.6300,1.5800,1.6200,35460800
SAPNRG,2016-05-06,1.6000,1.6200,1.6000,1.6100,14813500
SAPNRG,2016-05-09,1.6200,1.6300,1.6000,1.6000,31483500
SAPNRG,2016-05-10,1.6000,1.6000,1.5700,1.5800,23720900
SAPNRG,2016-05-11,1.5900,1.6000,1.5800,1.5800,10915200
SAPNRG,2016-05-12,1.5900,1.6600,1.5800,1.6300,33686200
SAPNRG,2016-05-13,1.6000,1.6200,1.5600,1.5800,29577000
SAPNRG,2016-05-16,1.5900,1.5900,1.5200,1.5800,18745700
SAPNRG,2016-05-17,1.5900,1.6200,1.5800,1.6100,13533200
SAPNRG,2016-05-18,1.6100,1.6200,1.5800,1.5800,18078100
SAPNRG,2016-05-19,1.5800,1.6100,1.5800,1.6000,10502500
SAPNRG,2016-05-20,1.6000,1.6300,1.6000,1.6200,18905700
SAPNRG,2016-05-23,1.6200,1.6200,1.5900,1.6200,9336700
SAPNRG,2016-05-24,1.6000,1.6100,1.5900,1.5900,7548800
SAPNRG,2016-05-25,1.6000,1.6100,1.5900,1.6100,6921400
SAPNRG,2016-05-26,1.6100,1.6500,1.6100,1.6100,12457800
SAPNRG,2016-05-27,1.6200,1.6200,1.5900,1.5900,10088500
SAPNRG,2016-05-30,1.6000,1.6100,1.5900,1.6000,10772200
SAPNRG,2016-05-31,1.6000,1.6400,1.6000,1.6000,32787400
SAPNRG,2016-06-01,1.6100,1.6300,1.6000,1.6200,13304800
SAPNRG,2016-06-02,1.6300,1.6700,1.6200,1.6500,19566400
SAPNRG,2016-06-03,1.6500,1.7000,1.6400,1.6800,25823800
SAPNRG,2016-06-06,1.6700,1.6900,1.6600,1.6600,6667800
SAPNRG,2016-06-07,1.6800,1.7200,1.6700,1.7000,30610100
SAPNRG,2016-06-08,1.7200,1.7700,1.7100,1.7400,34664800
SAPNRG,2016-06-09,1.7600,1.7700,1.7100,1.7200,19860700
SAPNRG,2016-06-10,1.7000,1.7000,1.6300,1.6400,52079000
SAPNRG,2016-06-13,1.6300,1.6300,1.5500,1.5500,41042700
SAPNRG,2016-06-14,1.5200,1.5400,1.5000,1.5000,31238200
SAPNRG,2016-06-15,1.5000,1.5300,1.4800,1.5200,15191300
SAPNRG,2016-06-16,1.5100,1.5100,1.4300,1.4300,30312800
SAPNRG,2016-06-17,1.4400,1.4500,1.3900,1.4100,38432700
SAPNRG,2016-06-20,1.4300,1.4300,1.3600,1.3800,33812900
SAPNRG,2016-06-21,1.3900,1.4300,1.3800,1.4200,14561900
SAPNRG,2016-06-23,1.4100,1.4200,1.3800,1.4100,16406200
SAPNRG,2016-06-24,1.4100,1.4200,1.3400,1.3600,26661100
SAPNRG,2016-06-27,1.3400,1.3400,1.2900,1.3300,20334400
SAPNRG,2016-06-28,1.3100,1.4200,1.3100,1.3400,37924100
SAPNRG,2016-06-30,1.4600,1.5000,1.4300,1.4700,34447800
SAPNRG,2016-07-01,1.4600,1.4700,1.4300,1.4300,9191300
SAPNRG,2016-07-04,1.4300,1.4600,1.4300,1.4400,4011600
SAPNRG,2016-07-05,1.4400,1.4600,1.4300,1.4400,2488500
SAPNRG,2016-07-08,1.4200,1.4300,1.3800,1.3900,11210700
SAPNRG,2016-07-11,1.4000,1.4200,1.3800,1.4100,7567800
SAPNRG,2016-07-12,1.4100,1.4300,1.3900,1.4300,11210700
SAPNRG,2016-07-13,1.4300,1.4700,1.4200,1.4600,17844400
SAPNRG,2016-07-14,1.4400,1.4600,1.4300,1.4400,4847600
SAPNRG,2016-07-15,1.4400,1.4700,1.4300,1.4600,9606700
SAPNRG,2016-07-18,1.4600,1.4700,1.4300,1.4400,7814800
SAPNRG,2016-07-19,1.4300,1.4500,1.4200,1.4400,6338500
SAPNRG,2016-07-20,1.4400,1.4400,1.4100,1.4300,7424100
SAPNRG,2016-07-21,1.4100,1.4300,1.4000,1.4100,5606100
SAPNRG,2016-07-22,1.4000,1.4200,1.3900,1.4100,9285100
SAPNRG,2016-07-25,1.4100,1.4600,1.4000,1.4500,12970000
SAPNRG,2016-07-26,1.4400,1.4500,1.4100,1.4200,9486800
SAPNRG,2016-07-27,1.4200,1.4500,1.4200,1.4400,6101400
SAPNRG,2016-07-28,1.4300,1.4400,1.4100,1.4200,5596800
SAPNRG,2016-07-29,1.4300,1.4400,1.4200,1.4300,6399700
SAPNRG,2016-08-01,1.4300,1.4400,1.4200,1.4300,5951200
SAPNRG,2016-08-02,1.4200,1.4300,1.4000,1.4000,7730900
SAPNRG,2016-08-03,1.4000,1.4100,1.3900,1.4000,5596000
SAPNRG,2016-08-04,1.4100,1.4300,1.4000,1.4100,9618100
SAPNRG,2016-08-05,1.4200,1.4200,1.4100,1.4200,3233100
SAPNRG,2016-08-08,1.4200,1.4200,1.4000,1.4200,5189900
SAPNRG,2016-08-09,1.4200,1.4500,1.4100,1.4300,12838000
SAPNRG,2016-08-10,1.4300,1.4500,1.4200,1.4400,11723600
SAPNRG,2016-08-11,1.4400,1.4400,1.4200,1.4400,4479000
SAPNRG,2016-08-12,1.4600,1.5300,1.4600,1.5200,40163600
SAPNRG,2016-08-15,1.5200,1.5900,1.5200,1.5700,36247000
SAPNRG,2016-08-16,1.5900,1.6100,1.5800,1.5900,32995500
SAPNRG,2016-08-17,1.5900,1.5900,1.5100,1.5600,20209700
SAPNRG,2016-08-18,1.5600,1.5800,1.5500,1.5800,9242100
SAPNRG,2016-08-19,1.6000,1.6200,1.5900,1.5900,14715000
SAPNRG,2016-08-22,1.5900,1.6000,1.5700,1.6000,7036600
SAPNRG,2016-08-23,1.5700,1.5900,1.5400,1.5800,15099600
SAPNRG,2016-08-24,1.5800,1.5900,1.5700,1.5900,5220400
SAPNRG,2016-08-25,1.5800,1.6000,1.5700,1.6000,11333500
SAPNRG,2016-08-26,1.6000,1.6500,1.5800,1.6400,19543000
SAPNRG,2016-08-29,1.6300,1.6500,1.5700,1.6200,15054100
SAPNRG,2016-08-30,1.6400,1.6400,1.5600,1.5800,46367800
SAPNRG,2016-09-01,1.5800,1.5800,1.5100,1.5400,24378700
SAPNRG,2016-09-02,1.5300,1.5400,1.5100,1.5200,7494200
SAPNRG,2016-09-05,1.5300,1.5600,1.5200,1.5500,12057700
SAPNRG,2016-09-06,1.5400,1.5600,1.5100,1.5600,14587400
SAPNRG,2016-09-07,1.5600,1.5900,1.5500,1.5700,7316000
SAPNRG,2016-09-08,1.5800,1.6100,1.5700,1.6100,15156000
SAPNRG,2016-09-09,1.6100,1.6200,1.6000,1.6200,11066000
SAPNRG,2016-09-13,1.5900,1.5900,1.5500,1.5700,6579200
SAPNRG,2016-09-14,1.5600,1.5600,1.5300,1.5500,9333600
SAPNRG,2016-09-15,1.5400,1.5400,1.5100,1.5400,9470100
SAPNRG,2016-09-19,1.5400,1.5600,1.5200,1.5300,7936000
SAPNRG,2016-09-20,1.5400,1.5400,1.5100,1.5300,7325900
SAPNRG,2016-09-21,1.5300,1.5500,1.5200,1.5500,7322100
SAPNRG,2016-09-22,1.5700,1.5800,1.5500,1.5600,11817000
SAPNRG,2016-09-23,1.5700,1.5900,1.5600,1.5700,8695000
SAPNRG,2016-09-26,1.5600,1.5600,1.5200,1.5400,5165100
SAPNRG,2016-09-27,1.5400,1.5600,1.5200,1.5200,7259100
SAPNRG,2016-09-28,1.5300,1.5300,1.5000,1.5000,8589300
SAPNRG,2016-09-29,1.5600,1.5900,1.5600,1.5700,23389000
SAPNRG,2016-09-30,1.5800,1.5800,1.5400,1.5700,25302600
SAPNRG,2016-10-04,1.5900,1.6200,1.5900,1.6100,15590200
SAPNRG,2016-10-05,1.6100,1.6300,1.5900,1.6300,17419300
SAPNRG,2016-10-06,1.6300,1.6500,1.6200,1.6500,23862700
SAPNRG,2016-10-07,1.6500,1.6600,1.6400,1.6500,10766400
SAPNRG,2016-10-10,1.6400,1.6400,1.6100,1.6300,4990600
SAPNRG,2016-10-11,1.6700,1.6800,1.6500,1.6800,19330600
SAPNRG,2016-10-12,1.6500,1.6800,1.6500,1.6700,7597500
SAPNRG,2016-10-13,1.6600,1.6700,1.6200,1.6500,9520700
SAPNRG,2016-10-14,1.6500,1.6600,1.6300,1.6300,6611800
SAPNRG,2016-10-17,1.6300,1.6500,1.6300,1.6300,6762800
SAPNRG,2016-10-18,1.6300,1.6500,1.6300,1.6500,10442600
SAPNRG,2016-10-19,1.6500,1.6600,1.6300,1.6400,5970100
SAPNRG,2016-10-20,1.6500,1.6600,1.6400,1.6400,9860000
SAPNRG,2016-10-21,1.6400,1.6600,1.6400,1.6500,6690600
SAPNRG,2016-10-24,1.6500,1.6500,1.6300,1.6400,3867000
SAPNRG,2016-10-25,1.6300,1.6400,1.6200,1.6200,3100300
SAPNRG,2016-10-26,1.6100,1.6200,1.6100,1.6100,3513400
SAPNRG,2016-10-27,1.6100,1.6100,1.5800,1.5900,4477800
SAPNRG,2016-10-28,1.5900,1.6200,1.5900,1.6200,3367700
SAPNRG,2016-10-31,1.6100,1.6200,1.5800,1.6200,6753500
SAPNRG,2016-11-01,1.6000,1.6000,1.5800,1.5900,5766000
SAPNRG,2016-11-02,1.5800,1.5900,1.5700,1.5800,5652300
SAPNRG,2016-11-03,1.5700,1.5800,1.5200,1.5300,10855200
SAPNRG,2016-11-04,1.5200,1.5400,1.4900,1.5400,8320000
SAPNRG,2016-11-07,1.5200,1.5700,1.5200,1.5400,3815200
SAPNRG,2016-11-08,1.5600,1.5600,1.5400,1.5600,3709900
SAPNRG,2016-11-09,1.5600,1.5600,1.4700,1.4800,23116300
SAPNRG,2016-11-10,1.5200,1.5300,1.5000,1.5000,10663900
SAPNRG,2016-11-11,1.5000,1.5000,1.4500,1.4600,14141800
SAPNRG,2016-11-14,1.4500,1.4500,1.4000,1.4100,17256400
SAPNRG,2016-11-15,1.4100,1.4500,1.4100,1.4200,9745800
SAPNRG,2016-11-16,1.4500,1.4600,1.4300,1.4400,14906700
SAPNRG,2016-11-17,1.4400,1.4400,1.4200,1.4300,4661000
SAPNRG,2016-11-18,1.4300,1.4300,1.4000,1.4300,4685000
SAPNRG,2016-11-21,1.4300,1.4400,1.4300,1.4400,5904500
SAPNRG,2016-11-22,1.4700,1.4800,1.4600,1.4600,11114200
SAPNRG,2016-11-23,1.4500,1.4700,1.4400,1.4600,5424400
SAPNRG,2016-11-24,1.4600,1.4800,1.4300,1.4700,7220000
SAPNRG,2016-11-25,1.4500,1.4600,1.4300,1.4400,4156900
SAPNRG,2016-11-28,1.4200,1.4500,1.4000,1.4400,5429300
SAPNRG,2016-11-29,1.4300,1.4400,1.4000,1.4100,4585800
SAPNRG,2016-11-30,1.4100,1.4400,1.3300,1.4400,23856600
SAPNRG,2016-12-01,1.5000,1.5600,1.4900,1.5000,34377400
SAPNRG,2016-12-02,1.5400,1.5400,1.5100,1.5200,8639600
SAPNRG,2016-12-05,1.5300,1.5500,1.5100,1.5300,6597600
SAPNRG,2016-12-06,1.5200,1.5400,1.5100,1.5200,5204900
SAPNRG,2016-12-07,1.5100,1.5200,1.4800,1.4800,4560700
SAPNRG,2016-12-08,1.4900,1.5500,1.4800,1.5500,9697200
SAPNRG,2016-12-09,1.5600,1.5800,1.5500,1.5800,12248300
SAPNRG,2016-12-13,1.6400,1.6600,1.6100,1.6400,21835800
SAPNRG,2016-12-14,1.6400,1.6500,1.5900,1.6100,10416300
SAPNRG,2016-12-15,1.5600,1.6100,1.5500,1.6100,13472900
SAPNRG,2016-12-16,1.6100,1.6300,1.5800,1.6300,14691900
SAPNRG,2016-12-19,1.6300,1.6300,1.5800,1.5900,13611200
SAPNRG,2016-12-20,1.5900,1.6100,1.5900,1.6100,7819600
SAPNRG,2016-12-21,1.6200,1.6900,1.6100,1.6800,34953100
SAPNRG,2016-12-22,1.6600,1.6700,1.6200,1.6300,14697500
SAPNRG,2016-12-23,1.6300,1.6400,1.6000,1.6000,10157900
SAPNRG,2016-12-27,1.6000,1.6400,1.6000,1.6300,8124200
SAPNRG,2016-12-28,1.6400,1.6600,1.6200,1.6500,11441800
SAPNRG,2016-12-29,1.6300,1.6600,1.6200,1.6500,6341400
SAPNRG,2016-12-30,1.6600,1.6800,1.6000,1.6200,21493900
SAPNRG,2017-01-03,1.6300,1.6800,1.6200,1.6800,18234900
SAPNRG,2017-01-04,1.6700,1.7400,1.6600,1.7300,30293600
SAPNRG,2017-01-05,1.7300,1.7600,1.7200,1.7500,21124500
SAPNRG,2017-01-06,1.7500,1.7800,1.7400,1.7500,21639500
SAPNRG,2017-01-09,1.7600,1.7700,1.7200,1.7400,15097400
SAPNRG,2017-01-10,1.7400,1.7400,1.7100,1.7200,13278100
SAPNRG,2017-01-11,1.7100,1.7100,1.6800,1.6800,11045100
SAPNRG,2017-01-12,1.7100,1.7300,1.6900,1.7000,15472200
SAPNRG,2017-01-13,1.7000,1.7200,1.6900,1.6900,11450100
SAPNRG,2017-01-16,1.6900,1.6900,1.6600,1.6600,5761000
SAPNRG,2017-01-17,1.6600,1.6800,1.6600,1.6700,6352300
SAPNRG,2017-01-18,1.6700,1.6900,1.6600,1.6700,8476400
SAPNRG,2017-01-19,1.6600,1.7100,1.6500,1.7000,14094200
SAPNRG,2017-01-20,1.7000,1.7000,1.6700,1.6800,4120800
SAPNRG,2017-01-23,1.7000,1.7100,1.6800,1.6800,5830500
SAPNRG,2017-01-24,1.6900,1.7000,1.6600,1.6900,7142300
SAPNRG,2017-01-25,1.6800,1.7200,1.6800,1.6900,14975600
SAPNRG,2017-01-26,1.7000,1.7400,1.6900,1.7400,16465100
SAPNRG,2017-01-27,1.7400,1.7600,1.7300,1.7500,7945800
SAPNRG,2017-01-31,1.7500,1.7500,1.7100,1.7200,6209600
SAPNRG,2017-02-02,1.7400,1.7600,1.7100,1.7300,13589100
SAPNRG,2017-02-03,1.7400,1.7500,1.7200,1.7400,21369800
SAPNRG,2017-02-06,1.7400,1.8600,1.7300,1.8500,28900700
SAPNRG,2017-02-07,1.8500,1.8500,1.7900,1.8000,14668700
SAPNRG,2017-02-08,1.7800,1.8400,1.7800,1.8400,11153800
SAPNRG,2017-02-10,1.8500,1.8500,1.8300,1.8500,9200800
SAPNRG,2017-02-13,1.8600,1.8700,1.8400,1.8600,15699700
SAPNRG,2017-02-14,1.8400,1.9100,1.8300,1.9000,23953300
SAPNRG,2017-02-15,1.9000,1.9200,1.8800,1.8900,8142100
SAPNRG,2017-02-16,1.8900,1.9000,1.8700,1.8800,4448800
SAPNRG,2017-02-17,1.8700,1.8900,1.8400,1.8700,13206000
SAPNRG,2017-02-20,1.8700,1.8900,1.8500,1.8800,7721500
SAPNRG,2017-02-21,1.8800,1.8800,1.8600,1.8800,4991100
SAPNRG,2017-02-22,1.8900,1.9300,1.8700,1.9200,15852100
SAPNRG,2017-02-23,1.9100,1.9300,1.8600,1.8700,9250500
SAPNRG,2017-02-24,1.8600,1.9100,1.8600,1.9000,11336000
SAPNRG,2017-02-27,1.9000,1.9300,1.8800,1.9000,9148800
SAPNRG,2017-02-28,1.9000,1.9100,1.8700,1.9000,11796500
SAPNRG,2017-03-01,1.9000,1.9100,1.8600,1.8900,19617300
SAPNRG,2017-03-02,1.9000,1.9800,1.8800,1.9500,37895300
SAPNRG,2017-03-03,1.9500,1.9900,1.9400,1.9700,29206900
SAPNRG,2017-03-06,1.9700,2.0000,1.9000,1.9900,21937300
SAPNRG,2017-03-07,1.9900,2.0900,1.9900,2.0700,38420100
SAPNRG,2017-03-08,2.0700,2.0900,2.0200,2.0300,9030800
SAPNRG,2017-03-09,1.9800,1.9800,1.9100,1.9200,31702900
SAPNRG,2017-03-10,1.8800,1.9000,1.8000,1.8300,30182700
SAPNRG,2017-03-13,1.8000,1.8700,1.7500,1.8500,20513200
SAPNRG,2017-03-14,1.8600,1.8800,1.8200,1.8200,17613300
SAPNRG,2017-03-15,1.8100,1.8400,1.7900,1.8000,18784000
SAPNRG,2017-03-16,1.8400,1.9000,1.8300,1.8800,23078200
SAPNRG,2017-03-17,1.8700,1.9100,1.8600,1.9100,23898700
SAPNRG,2017-03-20,1.9100,1.9200,1.8700,1.8800,4074800
SAPNRG,2017-03-21,1.8800,1.8900,1.8500,1.8800,13375800
SAPNRG,2017-03-22,1.8300,1.8800,1.8100,1.8800,11337100
SAPNRG,2017-03-23,1.8600,1.8800,1.8600,1.8700,6665800
SAPNRG,2017-03-24,1.8700,1.8800,1.8400,1.8700,4857500
SAPNRG,2017-03-27,1.8900,1.8900,1.8500,1.8600,4204800
SAPNRG,2017-03-28,1.8600,1.8700,1.8500,1.8700,4731800
SAPNRG,2017-03-29,1.8800,1.8900,1.8600,1.8800,11501600
SAPNRG,2017-04-03,1.8300,1.8800,1.8300,1.8800,9250400
SAPNRG,2017-04-04,1.8900,2.0100,1.8900,2.0100,37700100
SAPNRG,2017-04-05,2.0100,2.0600,2.0000,2.0200,25067800
SAPNRG,2017-04-06,2.0100,2.0300,1.9700,1.9800,5277200
SAPNRG,2017-04-07,1.9900,2.0500,1.9800,2.0000,13934200
SAPNRG,2017-04-10,2.0200,2.0400,2.0000,2.0300,7361400
SAPNRG,2017-04-11,2.0300,2.1000,2.0300,2.0900,27427000
SAPNRG,2017-04-12,2.0900,2.1000,2.0500,2.0700,10153100
SAPNRG,2017-04-13,2.0500,2.0700,2.0500,2.0600,6970100
SAPNRG,2017-04-14,2.0700,2.0700,1.9900,1.9900,7667600
SAPNRG,2017-04-17,2.0000,2.0300,1.9600,1.9700,2688200
SAPNRG,2017-04-18,1.9800,2.0000,1.9700,1.9900,4474900
SAPNRG,2017-04-19,1.9700,1.9900,1.9600,1.9600,4725900
SAPNRG,2017-04-20,1.9400,1.9600,1.9400,1.9500,4699400
SAPNRG,2017-04-21,1.9500,1.9800,1.9400,1.9600,2719400
SAPNRG,2017-04-25,1.9700,1.9700,1.9300,1.9700,7098600
SAPNRG,2017-04-26,1.9500,2.0100,1.9500,2.0100,6826300
SAPNRG,2017-04-27,2.0000,2.0200,1.9900,1.9900,3331200
SAPNRG,2017-04-28,1.9800,2.0100,1.9700,2.0000,4635300
SAPNRG,2017-05-02,2.0000,2.0200,1.9700,2.0200,10758100
SAPNRG,2017-05-03,2.0200,2.0200,1.9500,1.9600,3431400
SAPNRG,2017-05-04,1.9500,1.9900,1.9400,1.9700,5863800
SAPNRG,2017-05-05,1.9300,1.9400,1.8400,1.8400,16814500
SAPNRG,2017-05-08,1.8700,1.9000,1.8700,1.9000,6552200
SAPNRG,2017-05-09,1.9100,1.9100,1.8800,1.9000,5764900
SAPNRG,2017-05-11,1.9100,1.9400,1.9000,1.9200,6108800
SAPNRG,2017-05-12,1.9300,1.9300,1.8900,1.9100,2870400
SAPNRG,2017-05-15,1.9100,1.9600,1.9100,1.9400,7422700
SAPNRG,2017-05-16,1.9500,1.9600,1.9000,1.9200,7168500
SAPNRG,2017-05-17,1.9200,1.9400,1.9100,1.9400,6214400
SAPNRG,2017-05-18,1.9200,1.9300,1.8900,1.9000,6071600
SAPNRG,2017-05-19,1.9200,1.9200,1.9000,1.9100,10291600
SAPNRG,2017-05-22,1.9200,1.9700,1.9100,1.9500,10925400
SAPNRG,2017-05-23,1.9600,1.9600,1.9100,1.9100,3662900
SAPNRG,2017-05-24,1.9300,1.9400,1.8800,1.9200,6841200
SAPNRG,2017-05-25,1.9200,1.9400,1.9100,1.9300,5868100
SAPNRG,2017-05-26,1.9100,1.9100,1.8700,1.9000,6189700
SAPNRG,2017-05-29,1.9000,1.9000,1.8700,1.8700,5072600
SAPNRG,2017-05-31,1.8500,1.8600,1.7700,1.7700,10941700
SAPNRG,2017-06-01,1.7700,1.8200,1.7700,1.8000,5407700
SAPNRG,2017-06-02,1.7900,1.9000,1.7900,1.8700,3982600
SAPNRG,2017-06-05,1.8600,1.8700,1.8300,1.8500,4899200
SAPNRG,2017-06-06,1.8500,1.8500,1.8100,1.8200,2852600
SAPNRG,2017-06-07,1.8300,1.8600,1.7800,1.8000,9419900
SAPNRG,2017-06-08,1.7900,1.8400,1.7800,1.8200,7528400
SAPNRG,2017-06-09,1.8400,1.8900,1.8200,1.8900,10859800
SAPNRG,2017-06-13,1.9000,1.9200,1.8800,1.9000,8293500
SAPNRG,2017-06-14,1.9000,1.9300,1.8800,1.9300,10328100
SAPNRG,2017-06-15,1.9000,1.9100,1.8300,1.8300,10512100
SAPNRG,2017-06-16,1.8300,1.8600,1.8200,1.8400,9779700
SAPNRG,2017-06-19,1.8400,1.8700,1.8400,1.8500,3710700
SAPNRG,2017-06-20,1.8100,1.8100,1.6600,1.6700,36615500
SAPNRG,2017-06-21,1.6400,1.6800,1.6000,1.6100,16110400
SAPNRG,2017-06-22,1.6100,1.6300,1.5300,1.5700,27919400
SAPNRG,2017-06-23,1.5700,1.5900,1.5500,1.5700,10773400
SAPNRG,2017-06-28,1.5800,1.5800,1.5400,1.5700,25300900
SAPNRG,2017-06-29,1.5800,1.6400,1.5600,1.6200,30651100
SAPNRG,2017-06-30,1.6100,1.6300,1.5800,1.5900,16068900
SAPNRG,2017-07-03,1.6200,1.6700,1.6000,1.6700,16425700
SAPNRG,2017-07-04,1.6900,1.6900,1.6000,1.6200,20493900
SAPNRG,2017-07-05,1.6200,1.6600,1.6000,1.6500,7606500
SAPNRG,2017-07-06,1.6200,1.6400,1.6200,1.6400,2912100
SAPNRG,2017-07-07,1.6300,1.6500,1.6200,1.6500,4624700
SAPNRG,2017-07-10,1.6300,1.6400,1.6100,1.6300,6083700
SAPNRG,2017-07-11,1.6400,1.6500,1.6000,1.6200,5467500
SAPNRG,2017-07-12,1.6300,1.6500,1.6200,1.6500,7113200
SAPNRG,2017-07-13,1.6400,1.6500,1.6000,1.6100,4827900
SAPNRG,2017-07-14,1.6200,1.6500,1.6100,1.6500,3987800
SAPNRG,2017-07-17,1.6400,1.6600,1.5900,1.5900,8791800
SAPNRG,2017-07-18,1.5900,1.6100,1.5600,1.5900,10367400
SAPNRG,2017-07-19,1.5900,1.6100,1.5900,1.6100,3139100
SAPNRG,2017-07-20,1.6200,1.6200,1.5700,1.5700,6274700
SAPNRG,2017-07-21,1.5800,1.5900,1.5700,1.5800,3709000
SAPNRG,2017-07-24,1.5600,1.5800,1.5600,1.5700,2800500
SAPNRG,2017-07-25,1.5700,1.5800,1.5500,1.5500,5195300
SAPNRG,2017-07-26,1.5800,1.5900,1.5600,1.5700,11004000
SAPNRG,2017-07-27,1.5700,1.5800,1.5400,1.5500,9795400
SAPNRG,2017-07-28,1.5600,1.5700,1.5500,1.5500,4181400
SAPNRG,2017-07-31,1.5600,1.5700,1.5400,1.5400,6125800
SAPNRG,2017-08-01,1.5400,1.5500,1.5300,1.5300,4833000
SAPNRG,2017-08-02,1.5300,1.5400,1.5200,1.5400,2707400
SAPNRG,2017-08-03,1.5400,1.5500,1.5200,1.5300,1948100
SAPNRG,2017-08-04,1.5300,1.5300,1.5000,1.5100,2140300
SAPNRG,2017-08-07,1.5100,1.5300,1.4800,1.4800,2958200
SAPNRG,2017-08-08,1.4900,1.5000,1.4700,1.4900,4777800
SAPNRG,2017-08-09,1.4900,1.5100,1.4700,1.4900,2976400
SAPNRG,2017-08-10,1.4900,1.5000,1.4700,1.5000,1570000
SAPNRG,2017-08-11,1.4900,1.4900,1.4000,1.4600,8264600
SAPNRG,2017-08-14,1.4600,1.4800,1.4400,1.4800,1215500
SAPNRG,2017-08-15,1.4800,1.4800,1.4500,1.4600,2995600
SAPNRG,2017-08-16,1.4600,1.5000,1.4500,1.4800,8382300
SAPNRG,2017-08-17,1.4800,1.5300,1.4700,1.4900,5952900
SAPNRG,2017-08-18,1.4900,1.5100,1.4800,1.5000,1133000
SAPNRG,2017-08-21,1.5000,1.5200,1.4900,1.4900,5440700
SAPNRG,2017-08-22,1.5000,1.5200,1.4800,1.5100,6712500
SAPNRG,2017-08-23,1.5100,1.5300,1.4900,1.5000,4724900
SAPNRG,2017-08-24,1.5000,1.5100,1.4600,1.4900,4157400
SAPNRG,2017-08-25,1.4900,1.4900,1.4500,1.4600,3064600
SAPNRG,2017-08-28,1.4700,1.4900,1.4300,1.4500,3432700
SAPNRG,2017-08-29,1.4500,1.4700,1.4000,1.4300,9020200
SAPNRG,2017-08-30,1.4400,1.4400,1.3800,1.3800,7217000
SAPNRG,2017-09-05,1.3800,1.4300,1.3800,1.4100,7354900
SAPNRG,2017-09-06,1.4100,1.4800,1.4000,1.4700,8598600
SAPNRG,2017-09-07,1.4800,1.5600,1.4800,1.5600,13799700
SAPNRG,2017-09-08,1.5400,1.5500,1.5200,1.5500,4859200
SAPNRG,2017-09-11,1.5500,1.6100,1.5400,1.5900,7561400
SAPNRG,2017-09-12,1.5900,1.6000,1.5400,1.6000,6522800
SAPNRG,2017-09-13,1.5800,1.5900,1.5300,1.5300,6958400
SAPNRG,2017-09-14,1.5300,1.5700,1.5200,1.5500,9396300
SAPNRG,2017-09-15,1.5600,1.6300,1.5500,1.6300,10915000
SAPNRG,2017-09-18,1.6200,1.6500,1.6000,1.6300,6513300
SAPNRG,2017-09-19,1.6100,1.6500,1.5700,1.6100,11489400
SAPNRG,2017-09-20,1.6100,1.6400,1.6100,1.6400,12596700
SAPNRG,2017-09-21,1.6400,1.6900,1.6300,1.6500,13553700
SAPNRG,2017-09-25,1.6600,1.6700,1.6400,1.6600,8036500
SAPNRG,2017-09-26,1.6700,1.7500,1.6700,1.7100,23063300
SAPNRG,2017-09-27,1.7100,1.7300,1.5600,1.6100,44607600
SAPNRG,2017-09-28,1.6000,1.6000,1.4800,1.4900,27327200
SAPNRG,2017-09-29,1.4800,1.5200,1.4500,1.5200,14374100
