SCABLE,2010-05-25,0.5241,0.5602,0.4879,0.4879,24446548
SCABLE,2010-05-26,0.4988,0.5169,0.4988,0.5060,3171154
SCABLE,2010-05-27,0.5060,0.5530,0.5024,0.5277,5847904
SCABLE,2010-05-31,0.5205,0.5277,0.5060,0.5169,584597
SCABLE,2010-06-01,0.5060,0.5060,0.4879,0.4952,1357604
SCABLE,2010-06-02,0.4952,0.5024,0.4879,0.4952,364647
SCABLE,2010-06-03,0.4988,0.5024,0.4916,0.4952,872884
SCABLE,2010-06-04,0.4988,0.4988,0.4952,0.4988,291883
SCABLE,2010-06-07,0.4952,0.4952,0.4843,0.4879,622500
SCABLE,2010-06-08,0.4843,0.4879,0.4843,0.4843,110667
SCABLE,2010-06-09,0.4879,0.4879,0.4771,0.4771,809250
SCABLE,2010-06-10,0.4807,0.4879,0.4807,0.4879,239317
SCABLE,2010-06-11,0.4916,0.4952,0.4916,0.4916,181217
SCABLE,2010-06-14,0.4879,0.4879,0.4879,0.4879,123117
SCABLE,2010-06-15,0.4879,0.4879,0.4843,0.4843,169320
SCABLE,2010-06-16,0.4916,0.5060,0.4916,0.4916,614892
SCABLE,2010-06-17,0.4952,0.4988,0.4879,0.4988,141100
SCABLE,2010-06-18,0.4916,0.5205,0.4916,0.5205,387748
SCABLE,2010-06-21,0.5241,0.5530,0.5241,0.5422,2920909
SCABLE,2010-06-22,0.5205,0.5385,0.5205,0.5241,475867
SCABLE,2010-06-23,0.5277,0.5783,0.5241,0.5783,3364959
SCABLE,2010-06-24,0.5928,0.6398,0.5819,0.6072,14316396
SCABLE,2010-06-25,0.6000,0.6325,0.5928,0.5928,5909878
SCABLE,2010-06-28,0.5928,0.5928,0.5639,0.5783,984242
SCABLE,2010-06-29,0.5711,0.5928,0.5566,0.5566,2513517
SCABLE,2010-06-30,0.5458,0.5747,0.5458,0.5675,3868492
SCABLE,2010-07-01,0.5530,0.5566,0.5530,0.5566,1089375
SCABLE,2010-07-02,0.5566,0.5639,0.5566,0.5639,1247075
SCABLE,2010-07-05,0.5602,0.5602,0.5422,0.5422,1210694
SCABLE,2010-07-06,0.5422,0.5602,0.5349,0.5602,1007067
SCABLE,2010-07-07,0.5602,0.5602,0.5494,0.5566,775635
SCABLE,2010-07-08,0.5602,0.5639,0.5530,0.5530,456500
SCABLE,2010-07-09,0.5530,0.6000,0.5530,0.5747,5976554
SCABLE,2010-07-12,0.5819,0.5855,0.5711,0.5747,1080384
SCABLE,2010-07-13,0.5783,0.5819,0.5711,0.5783,1257589
SCABLE,2010-07-14,0.5819,0.5928,0.5783,0.5855,2186912
SCABLE,2010-07-15,0.5855,0.5855,0.5711,0.5819,1322467
SCABLE,2010-07-16,0.5747,0.5819,0.5747,0.5783,278050
SCABLE,2010-07-19,0.5747,0.6108,0.5711,0.6108,5286824
SCABLE,2010-07-20,0.6253,0.6831,0.6181,0.6398,19278552
SCABLE,2010-07-21,0.6506,0.6542,0.6325,0.6470,4948184
SCABLE,2010-07-22,0.6506,0.7157,0.6434,0.7048,11476274
SCABLE,2010-07-23,0.7157,0.7157,0.6687,0.6723,10888219
SCABLE,2010-07-26,0.6831,0.6831,0.6578,0.6578,2339909
SCABLE,2010-07-27,0.6651,0.6723,0.6542,0.6614,2227029
SCABLE,2010-07-28,0.6614,0.7012,0.6578,0.6795,5664613
SCABLE,2010-07-29,0.6795,0.6940,0.6795,0.6795,2677857
SCABLE,2010-07-30,0.6759,0.6867,0.6687,0.6759,1136547
SCABLE,2010-08-02,0.6723,0.6795,0.6687,0.6795,673268
SCABLE,2010-08-03,0.6831,0.6867,0.6651,0.6795,1501747
SCABLE,2010-08-04,0.6651,0.6651,0.6506,0.6651,1377800
SCABLE,2010-08-05,0.6795,0.7048,0.6759,0.6831,4289026
SCABLE,2010-08-06,0.6795,0.6904,0.6795,0.6831,1047184
SCABLE,2010-08-09,0.6867,0.7590,0.6867,0.7446,6244645
SCABLE,2010-08-10,0.7518,0.7735,0.7229,0.7229,5764213
SCABLE,2010-08-11,0.7373,0.7446,0.7157,0.7193,1875662
SCABLE,2010-08-12,0.7157,0.7518,0.7120,0.7446,2996301
SCABLE,2010-08-13,0.7518,0.7807,0.7373,0.7590,3280991
SCABLE,2010-08-16,0.7518,0.7807,0.7446,0.7590,2599976
SCABLE,2010-08-17,0.7590,0.7880,0.7590,0.7663,1630397
SCABLE,2010-08-18,0.7663,0.7735,0.7446,0.7590,1178185
SCABLE,2010-08-19,0.7590,0.8458,0.7518,0.8096,8628958
SCABLE,2010-08-20,0.8024,0.8241,0.8024,0.8024,2617129
SCABLE,2010-08-23,0.8169,0.8169,0.7880,0.8096,1253715
SCABLE,2010-08-24,0.8024,0.8096,0.7518,0.7590,2104189
SCABLE,2010-08-25,0.7518,0.7590,0.7157,0.7373,5259711
SCABLE,2010-08-26,0.7373,0.7446,0.7229,0.7373,1051610
SCABLE,2010-08-27,0.7301,0.7301,0.7193,0.7229,1132812
SCABLE,2010-08-30,0.7301,0.7301,0.7157,0.7193,1069317
SCABLE,2010-09-01,0.7193,0.7193,0.6795,0.6904,2823246
SCABLE,2010-09-02,0.7012,0.7229,0.6940,0.7157,1030307
SCABLE,2010-09-03,0.7229,0.7229,0.7120,0.7120,291883
SCABLE,2010-09-06,0.7084,0.7084,0.6976,0.6976,302950
SCABLE,2010-09-07,0.6976,0.7157,0.6976,0.7084,394527
SCABLE,2010-09-08,0.7084,0.7084,0.6976,0.7012,338917
SCABLE,2010-09-09,0.7048,0.7084,0.6976,0.7048,588608
SCABLE,2010-09-13,0.6976,0.7157,0.6976,0.7157,604793
SCABLE,2010-09-14,0.7157,0.7518,0.7157,0.7518,1036255
SCABLE,2010-09-15,0.7373,0.7373,0.7301,0.7373,262833
SCABLE,2010-09-17,0.7373,0.7663,0.7373,0.7663,739392
SCABLE,2010-09-20,0.7663,0.7880,0.7663,0.7663,1248874
SCABLE,2010-09-21,0.7735,0.7735,0.7518,0.7735,417075
SCABLE,2010-09-22,0.7663,0.7735,0.7590,0.7663,502980
SCABLE,2010-09-23,0.7518,0.7590,0.7446,0.7590,688623
SCABLE,2010-09-24,0.7446,0.7518,0.7301,0.7446,515292
SCABLE,2010-09-27,0.7590,0.7735,0.7446,0.7518,1112892
SCABLE,2010-09-28,0.7590,0.7590,0.7373,0.7373,794725
SCABLE,2010-09-29,0.7518,0.7590,0.7446,0.7518,441283
SCABLE,2010-09-30,0.7663,0.7663,0.7446,0.7446,576158
SCABLE,2010-10-01,0.7518,0.7735,0.7518,0.7735,1064060
SCABLE,2010-10-04,0.7880,0.8169,0.7880,0.8024,2435359
SCABLE,2010-10-05,0.8169,0.8530,0.8096,0.8313,3188307
SCABLE,2010-10-06,0.8386,0.8458,0.8096,0.8241,1262292
SCABLE,2010-10-07,0.8313,0.8313,0.8024,0.8169,507960
SCABLE,2010-10-08,0.8169,0.8313,0.8096,0.8241,1441572
SCABLE,2010-10-11,0.8169,0.8675,0.8169,0.8602,3872642
SCABLE,2010-10-12,0.8675,0.8675,0.8313,0.8386,888239
SCABLE,2010-10-13,0.8386,0.8458,0.8313,0.8313,450275
SCABLE,2010-10-14,0.8458,0.8458,0.8313,0.8313,701488
SCABLE,2010-10-15,0.8313,0.8313,0.8096,0.8241,1354837
SCABLE,2010-10-18,0.8313,0.9036,0.8313,0.8892,4272011
SCABLE,2010-10-19,0.9036,0.9181,0.8819,0.8892,2550175
SCABLE,2010-10-20,0.8819,0.9470,0.8819,0.9325,2925059
SCABLE,2010-10-21,0.9470,0.9542,0.9036,0.9181,2571755
SCABLE,2010-10-22,0.9181,0.9542,0.9036,0.9398,2059369
SCABLE,2010-10-25,0.9470,0.9831,0.9470,0.9687,2506047
SCABLE,2010-10-26,0.9759,0.9759,0.9470,0.9470,1695552
SCABLE,2010-10-27,0.9542,0.9615,0.9036,0.9253,1262154
SCABLE,2010-10-28,0.9253,0.9470,0.9108,0.9181,782552
SCABLE,2010-10-29,0.9253,0.9398,0.9108,0.9398,1247214
SCABLE,2010-11-01,0.9542,0.9831,0.9542,0.9615,2318882
SCABLE,2010-11-02,0.9687,0.9687,0.9398,0.9470,574360
SCABLE,2010-11-03,0.9615,0.9615,0.9398,0.9398,1368532
SCABLE,2010-11-04,0.9398,0.9398,0.9253,0.9398,608113
SCABLE,2010-11-08,0.9615,0.9759,0.9325,0.9542,1308772
SCABLE,2010-11-09,0.9542,0.9542,0.9253,0.9325,725005
SCABLE,2010-11-10,0.9398,0.9470,0.9181,0.9181,1025465
SCABLE,2010-11-11,0.9253,0.9398,0.9036,0.9325,1168917
SCABLE,2010-11-12,0.9181,0.9181,0.8819,0.8964,968472
SCABLE,2010-11-15,0.8819,0.9108,0.8819,0.8892,459820
SCABLE,2010-11-16,0.8892,0.8892,0.8313,0.8602,1278062
SCABLE,2010-11-18,0.8602,0.8675,0.8241,0.8530,795832
SCABLE,2010-11-19,0.8747,0.8747,0.8386,0.8458,549183
SCABLE,2010-11-22,0.8602,0.8675,0.8386,0.8386,196433
SCABLE,2010-11-23,0.8458,0.8458,0.7952,0.8241,1099335
SCABLE,2010-11-24,0.7952,0.8313,0.7952,0.8313,395218
SCABLE,2010-11-25,0.8458,0.8602,0.8458,0.8602,309867
SCABLE,2010-11-26,0.8675,0.8675,0.8169,0.8169,395633
SCABLE,2010-11-29,0.8096,0.8313,0.8096,0.8169,209298
SCABLE,2010-11-30,0.8313,0.8386,0.8241,0.8313,172640
SCABLE,2010-12-01,0.8241,0.8386,0.8241,0.8386,186612
SCABLE,2010-12-02,0.8386,0.8675,0.8386,0.8675,323700
SCABLE,2010-12-03,0.8819,0.9036,0.8747,0.8747,658190
SCABLE,2010-12-06,0.8675,0.8819,0.8675,0.8675,146633
SCABLE,2010-12-08,0.8675,0.8675,0.8458,0.8530,287180
SCABLE,2010-12-09,0.8819,0.8819,0.8530,0.8747,187442
SCABLE,2010-12-10,0.8602,0.8675,0.8602,0.8675,109975
SCABLE,2010-12-13,0.8530,0.8602,0.8458,0.8530,289808
SCABLE,2010-12-14,0.8530,0.8892,0.8530,0.8819,282753
SCABLE,2010-12-15,0.8819,0.8819,0.8675,0.8675,177067
SCABLE,2010-12-16,0.8675,0.8819,0.8675,0.8675,127128
SCABLE,2010-12-17,0.8892,0.8964,0.8747,0.8892,193528
SCABLE,2010-12-20,0.8964,0.8964,0.8675,0.8675,215800
SCABLE,2010-12-21,0.8747,0.8892,0.8747,0.8892,222717
SCABLE,2010-12-22,0.8892,0.8892,0.8747,0.8819,204733
SCABLE,2010-12-23,0.8819,0.8892,0.8819,0.8819,100983
SCABLE,2010-12-24,0.8819,0.8819,0.8747,0.8819,92268
SCABLE,2010-12-27,0.8819,0.8819,0.8602,0.8675,183153
SCABLE,2010-12-28,0.8675,0.8819,0.8602,0.8675,183568
SCABLE,2010-12-29,0.8675,0.8675,0.8602,0.8675,202658
SCABLE,2010-12-30,0.8602,0.8747,0.8530,0.8747,406147
SCABLE,2011-01-03,0.8819,0.8819,0.8747,0.8747,52567
SCABLE,2011-01-04,0.8819,0.9398,0.8819,0.9325,1773710
SCABLE,2011-01-05,0.9398,0.9542,0.9253,0.9325,660680
SCABLE,2011-01-06,0.9325,0.9325,0.8747,0.9108,366998
SCABLE,2011-01-07,0.9108,0.9325,0.9036,0.9181,727357
SCABLE,2011-01-10,0.9181,0.9542,0.9181,0.9470,1633302
SCABLE,2011-01-11,0.9470,0.9542,0.9398,0.9398,568135
SCABLE,2011-01-12,0.9325,0.9398,0.9253,0.9325,425652
SCABLE,2011-01-13,0.9253,1.0048,0.9253,0.9759,3394286
SCABLE,2011-01-14,0.9904,0.9976,0.9470,0.9470,1072360
SCABLE,2011-01-17,0.9615,0.9615,0.9470,0.9542,238625
SCABLE,2011-01-18,0.9470,0.9470,0.9253,0.9325,500905
SCABLE,2011-01-19,0.9470,0.9470,0.9036,0.9036,863338
SCABLE,2011-01-21,0.9036,0.9253,0.9036,0.9253,657637
SCABLE,2011-01-24,0.9398,0.9398,0.9253,0.9253,311112
SCABLE,2011-01-25,0.9325,0.9398,0.9181,0.9181,408083
SCABLE,2011-01-26,0.9181,1.0193,0.9181,1.0120,3007782
SCABLE,2011-01-27,1.0193,1.0410,0.9831,0.9976,1863489
SCABLE,2011-01-28,0.9904,0.9976,0.9687,0.9831,293267
SCABLE,2011-01-31,0.9542,0.9831,0.9398,0.9759,373915
SCABLE,2011-02-02,0.9904,0.9976,0.9759,0.9831,611018
SCABLE,2011-02-07,0.9904,0.9976,0.9687,0.9831,559143
SCABLE,2011-02-08,0.9904,0.9976,0.9831,0.9976,326328
SCABLE,2011-02-09,0.9976,1.0554,0.9976,1.0265,2018007
SCABLE,2011-02-10,1.0193,1.0265,0.9904,0.9904,837332
SCABLE,2011-02-11,0.9831,1.0048,0.9759,0.9976,268090
SCABLE,2011-02-14,0.9976,1.0482,0.9976,1.0337,1176525
SCABLE,2011-02-16,1.0337,1.0482,1.0120,1.0193,537287
SCABLE,2011-02-17,1.0265,1.0265,1.0048,1.0120,389685
SCABLE,2011-02-18,1.0048,1.0120,1.0048,1.0048,336150
SCABLE,2011-02-21,1.0120,1.0120,0.9831,0.9831,382215
SCABLE,2011-02-22,0.9831,0.9831,0.9398,0.9615,859327
SCABLE,2011-02-23,0.9542,0.9687,0.9398,0.9687,382077
SCABLE,2011-02-24,0.9615,0.9687,0.8964,0.9253,650167
SCABLE,2011-02-25,0.9253,0.9398,0.9253,0.9325,243467
SCABLE,2011-02-28,0.9108,0.9253,0.8892,0.9181,196433
SCABLE,2011-03-01,0.9108,0.9253,0.9108,0.9181,116338
SCABLE,2011-03-02,0.9108,0.9181,0.8819,0.8819,517782
SCABLE,2011-03-03,0.8892,0.9108,0.8892,0.9108,184122
SCABLE,2011-03-04,0.9181,0.9398,0.9181,0.9398,52567
SCABLE,2011-03-07,0.9181,0.9325,0.9036,0.9036,278050
SCABLE,2011-03-08,0.8964,0.9181,0.8964,0.9181,76913
SCABLE,2011-03-09,0.9253,0.9542,0.9253,0.9470,348600
SCABLE,2011-03-10,0.9253,0.9253,0.9181,0.9181,77467
SCABLE,2011-03-11,0.9108,0.9181,0.8892,0.8964,506300
SCABLE,2011-03-14,0.8892,0.9108,0.8892,0.9108,250383
SCABLE,2011-03-15,0.8892,0.8964,0.8675,0.8747,410850
SCABLE,2011-03-16,0.8747,0.9036,0.8747,0.9036,86458
SCABLE,2011-03-17,0.8892,0.8964,0.8819,0.8892,133492
SCABLE,2011-03-18,0.8892,0.9398,0.8892,0.9253,359390
SCABLE,2011-03-21,0.9542,0.9976,0.9542,0.9904,1893507
SCABLE,2011-03-22,1.0048,1.0193,0.9759,0.9831,993510
SCABLE,2011-03-23,0.9831,0.9976,0.9687,0.9831,249000
SCABLE,2011-03-24,0.9831,0.9831,0.9615,0.9687,181217
SCABLE,2011-03-25,0.9687,0.9687,0.9398,0.9398,700382
SCABLE,2011-03-28,0.9398,0.9398,0.9181,0.9181,434782
SCABLE,2011-03-29,0.9181,0.9687,0.9181,0.9470,644772
SCABLE,2011-03-30,0.9615,0.9615,0.9325,0.9470,262833
SCABLE,2011-03-31,0.9470,0.9470,0.9253,0.9253,245403
SCABLE,2011-04-01,0.9253,0.9325,0.9181,0.9325,306547
SCABLE,2011-04-04,0.9398,0.9398,0.9181,0.9181,418735
SCABLE,2011-04-05,0.9181,0.9542,0.9181,0.9325,388855
SCABLE,2011-04-06,0.9325,0.9325,0.9181,0.9253,366583
SCABLE,2011-04-07,0.9181,0.9325,0.9181,0.9181,711587
SCABLE,2011-04-08,0.9253,0.9831,0.9253,0.9253,1494554
SCABLE,2011-04-11,0.9398,0.9398,0.9108,0.9325,895985
SCABLE,2011-04-12,0.9253,0.9325,0.9036,0.9036,760833
SCABLE,2011-04-13,0.9108,0.9181,0.9036,0.9036,214832
SCABLE,2011-04-14,0.9036,0.9108,0.8747,0.8819,1215535
SCABLE,2011-04-15,0.8747,0.8892,0.8747,0.8892,367967
SCABLE,2011-04-18,0.9325,0.9398,0.9108,0.9108,599675
SCABLE,2011-04-19,0.9108,0.9108,0.8964,0.9036,77467
SCABLE,2011-04-20,0.9108,0.9181,0.9036,0.9108,237933
SCABLE,2011-04-21,0.9181,0.9253,0.9108,0.9253,166692
SCABLE,2011-04-22,0.9108,0.9398,0.9108,0.9398,643250
SCABLE,2011-04-25,0.9253,0.9398,0.9253,0.9325,62250
SCABLE,2011-04-26,0.9253,0.9253,0.9253,0.9253,12450
SCABLE,2011-04-27,0.9108,0.9253,0.9108,0.9108,53397
SCABLE,2011-04-28,0.9253,0.9253,0.9108,0.9108,35967
SCABLE,2011-04-29,0.9181,0.9253,0.9181,0.9181,148708
SCABLE,2011-05-03,0.9108,0.9470,0.9108,0.9398,423577
SCABLE,2011-05-04,0.9325,0.9398,0.9253,0.9325,235167
SCABLE,2011-05-05,0.9253,0.9325,0.9181,0.9253,97802
SCABLE,2011-05-06,0.9398,0.9542,0.9325,0.9398,481815
SCABLE,2011-05-09,0.9253,0.9253,0.9253,0.9253,6917
SCABLE,2011-05-10,0.9398,0.9615,0.9398,0.9615,258545
SCABLE,2011-05-11,0.9542,0.9615,0.9542,0.9615,149400
SCABLE,2011-05-12,0.9470,0.9470,0.9325,0.9398,55333
SCABLE,2011-05-13,0.9398,0.9542,0.9398,0.9542,91300
SCABLE,2011-05-16,0.9470,0.9542,0.9398,0.9470,122702
SCABLE,2011-05-18,0.9398,0.9542,0.9398,0.9542,157700
SCABLE,2011-05-19,0.9542,0.9542,0.9542,0.9542,73317
SCABLE,2011-05-20,0.9542,0.9542,0.9470,0.9542,154933
SCABLE,2011-05-23,0.9470,0.9542,0.9325,0.9470,287318
SCABLE,2011-05-24,0.9398,0.9398,0.9398,0.9398,6917
SCABLE,2011-05-25,0.9398,0.9542,0.9325,0.9325,101398
SCABLE,2011-05-26,0.9398,0.9615,0.9398,0.9398,160467
SCABLE,2011-05-27,0.9325,0.9325,0.9325,0.9325,49800
SCABLE,2011-05-30,0.9325,0.9398,0.9253,0.9325,55333
SCABLE,2011-05-31,0.9398,0.9398,0.9325,0.9398,55333
SCABLE,2011-06-01,0.9470,0.9470,0.9398,0.9398,41638
SCABLE,2011-06-02,0.9398,0.9470,0.9181,0.9398,149400
SCABLE,2011-06-03,0.9398,0.9398,0.9253,0.9398,2075
SCABLE,2011-06-06,0.9325,0.9325,0.9325,0.9325,124500
SCABLE,2011-06-07,0.9325,0.9325,0.9181,0.9325,38872
SCABLE,2011-06-08,0.9325,0.9325,0.9325,0.9325,24900
SCABLE,2011-06-09,0.9325,0.9470,0.9325,0.9325,432983
SCABLE,2011-06-10,0.9253,0.9398,0.9253,0.9398,167383
SCABLE,2011-06-13,0.9398,0.9470,0.9325,0.9398,367275
SCABLE,2011-06-14,0.9398,0.9470,0.9253,0.9253,208192
SCABLE,2011-06-15,0.9325,0.9398,0.9325,0.9398,107900
SCABLE,2011-06-16,0.9253,0.9325,0.9253,0.9253,103750
SCABLE,2011-06-17,0.9253,0.9325,0.9253,0.9325,225483
SCABLE,2011-06-20,0.9325,0.9470,0.9325,0.9470,343067
SCABLE,2011-06-21,0.9542,1.0337,0.9542,1.0265,2369650
SCABLE,2011-06-22,1.0337,1.0843,0.9831,1.0048,4446588
SCABLE,2011-06-23,0.9976,1.0265,0.9687,1.0265,874405
SCABLE,2011-06-24,1.0048,1.0554,1.0048,1.0554,2259399
SCABLE,2011-06-27,1.0554,1.0627,1.0120,1.0410,752395
SCABLE,2011-06-28,1.0410,1.1205,1.0410,1.0916,3631942
SCABLE,2011-06-29,1.1060,1.1277,1.0771,1.0843,2389155
SCABLE,2011-06-30,1.0699,1.1422,1.0699,1.1205,1874002
SCABLE,2011-07-01,1.1205,1.1783,1.1205,1.1494,2746747
SCABLE,2011-07-04,1.1494,1.2289,1.1494,1.2072,2721294
SCABLE,2011-07-05,1.2000,1.2434,1.2000,1.2145,1820052
SCABLE,2011-07-06,1.2145,1.2434,1.2145,1.2217,1056867
SCABLE,2011-07-07,1.2072,1.2289,1.1855,1.1928,1423865
SCABLE,2011-07-08,1.1711,1.1928,1.1711,1.1855,736625
SCABLE,2011-07-11,1.1855,1.1855,1.1566,1.1639,790437
SCABLE,2011-07-12,1.1566,1.1639,1.1422,1.1494,779232
SCABLE,2011-07-13,1.1566,1.2434,1.1566,1.2434,3938074
SCABLE,2011-07-14,1.2434,1.2578,1.2289,1.2434,1141942
SCABLE,2011-07-15,1.2289,1.2289,1.2145,1.2289,698583
SCABLE,2011-07-18,1.2145,1.2145,1.2000,1.2072,875374
SCABLE,2011-07-19,1.1928,1.2072,1.1783,1.2000,799705
SCABLE,2011-07-20,1.2000,1.2145,1.2000,1.2145,415692
SCABLE,2011-07-21,1.2145,1.3084,1.2145,1.2940,3781619
SCABLE,2011-07-22,1.3012,1.3518,1.3012,1.3301,1727230
SCABLE,2011-07-25,1.3229,1.3807,1.3012,1.3663,1891155
SCABLE,2011-07-26,1.3735,1.4241,1.3518,1.4096,2132409
SCABLE,2011-07-27,1.4169,1.4602,1.3952,1.4458,2242522
SCABLE,2011-07-28,1.4241,1.5036,1.4169,1.5036,1808294
SCABLE,2011-07-29,1.5036,1.5976,1.4892,1.5904,2669004
SCABLE,2011-08-01,1.6120,1.7060,1.6120,1.6843,3462346
SCABLE,2011-08-02,1.6843,1.6988,1.4024,1.4024,6614825
SCABLE,2011-08-03,1.3590,1.5976,1.3012,1.5976,8372627
SCABLE,2011-08-04,1.5976,1.6337,1.4964,1.5181,4599446
SCABLE,2011-08-09,1.1855,1.4169,1.1855,1.3301,6255988
SCABLE,2011-08-10,1.4313,1.4385,1.3301,1.3446,5331783
SCABLE,2011-08-11,1.3012,1.3518,1.2868,1.3374,1036670
SCABLE,2011-08-12,1.3518,1.3880,1.3301,1.3735,1802622
SCABLE,2011-08-15,1.3952,1.4747,1.3880,1.4675,2879547
SCABLE,2011-08-16,1.4892,1.5687,1.4892,1.4964,3392349
SCABLE,2011-08-17,1.5325,1.5687,1.5325,1.5615,1278615
SCABLE,2011-08-18,1.5976,1.6048,1.5542,1.5542,1650594
SCABLE,2011-08-19,1.4892,1.5325,1.4241,1.4819,2476305
SCABLE,2011-08-22,1.4747,1.5253,1.4458,1.4747,1556112
SCABLE,2011-08-23,1.4819,1.5108,1.4675,1.5108,728187
SCABLE,2011-08-24,1.5108,1.5253,1.4675,1.4675,960310
SCABLE,2011-08-25,1.4747,1.4747,1.4169,1.4313,627895
SCABLE,2011-08-26,1.4313,1.4385,1.3663,1.3807,1055484
SCABLE,2011-08-29,1.4169,1.4169,1.3807,1.4096,232400
SCABLE,2011-09-02,1.4169,1.4530,1.3880,1.4241,652518
SCABLE,2011-09-05,1.4169,1.4169,1.3518,1.3518,437272
SCABLE,2011-09-06,1.3374,1.3735,1.3229,1.3735,513632
SCABLE,2011-09-07,1.3880,1.4024,1.3590,1.3880,293958
SCABLE,2011-09-08,1.3735,1.3880,1.3663,1.3807,244573
SCABLE,2011-09-09,1.3880,1.3880,1.3663,1.3880,139717
SCABLE,2011-09-12,1.3590,1.3663,1.3518,1.3663,104303
SCABLE,2011-09-13,1.3590,1.3590,1.3374,1.3518,57408
SCABLE,2011-09-14,1.3518,1.3735,1.3301,1.3735,353857
SCABLE,2011-09-15,1.3807,1.3807,1.3229,1.3229,392175
SCABLE,2011-09-20,1.3229,1.3374,1.3157,1.3157,430078
SCABLE,2011-09-21,1.3374,1.3446,1.3301,1.3446,207085
SCABLE,2011-09-22,1.3301,1.3301,1.2868,1.3012,406700
SCABLE,2011-09-23,1.2651,1.2723,1.2506,1.2723,507960
SCABLE,2011-09-26,1.2434,1.2434,1.0699,1.0916,1257727
SCABLE,2011-09-27,1.1349,1.2289,1.1060,1.2217,920609
SCABLE,2011-09-28,1.2289,1.2723,1.1928,1.2651,442390
SCABLE,2011-09-29,1.2506,1.3012,1.2506,1.3012,560942
SCABLE,2011-09-30,1.3301,1.3663,1.2868,1.3446,1218164
SCABLE,2011-10-03,1.3012,1.3012,1.2651,1.2651,235720
SCABLE,2011-10-04,1.2506,1.2651,1.2217,1.2217,363678
SCABLE,2011-10-05,1.2434,1.2723,1.2289,1.2651,98217
SCABLE,2011-10-06,1.2723,1.2940,1.2651,1.2723,285105
SCABLE,2011-10-07,1.2940,1.2940,1.2723,1.2723,76360
SCABLE,2011-10-10,1.2651,1.2651,1.2434,1.2506,37350
SCABLE,2011-10-11,1.2651,1.3012,1.2651,1.2940,273208
SCABLE,2011-10-12,1.2940,1.3663,1.2940,1.3590,389685
SCABLE,2011-10-13,1.3807,1.4169,1.3735,1.3952,732752
SCABLE,2011-10-14,1.3663,1.3807,1.3374,1.3735,142345
SCABLE,2011-10-17,1.3663,1.4096,1.3663,1.4096,509067
SCABLE,2011-10-18,1.3663,1.3663,1.3446,1.3590,159083
SCABLE,2011-10-19,1.3880,1.4024,1.3880,1.3880,225483
SCABLE,2011-10-20,1.3880,1.3952,1.3590,1.3880,349983
SCABLE,2011-10-21,1.3735,1.4024,1.3735,1.4024,170150
SCABLE,2011-10-24,1.4096,1.4096,1.3807,1.3807,82308
SCABLE,2011-10-25,1.3663,1.3735,1.3590,1.3590,59898
SCABLE,2011-10-27,1.4024,1.4313,1.4024,1.4313,525667
SCABLE,2011-10-28,1.4458,1.4675,1.4385,1.4385,685027
SCABLE,2011-10-31,1.4458,1.4819,1.4385,1.4530,337257
SCABLE,2011-11-01,1.4458,1.4458,1.3952,1.3952,380417
SCABLE,2011-11-02,1.3807,1.4385,1.3735,1.4385,143590
SCABLE,2011-11-03,1.4458,1.4458,1.3952,1.3952,145942
SCABLE,2011-11-04,1.3952,1.4385,1.3952,1.4096,191177
SCABLE,2011-11-08,1.4024,1.4024,1.3952,1.4024,15632
SCABLE,2011-11-09,1.4096,1.4241,1.4096,1.4096,98355
SCABLE,2011-11-10,1.4096,1.4096,1.4024,1.4024,17983
SCABLE,2011-11-11,1.3880,1.3880,1.3807,1.3880,47725
SCABLE,2011-11-14,1.4024,1.4096,1.4024,1.4096,112050
SCABLE,2011-11-15,1.4096,1.4169,1.4096,1.4096,100707
SCABLE,2011-11-16,1.4169,1.4313,1.4169,1.4313,181355
SCABLE,2011-11-17,1.4241,1.4313,1.4169,1.4241,52567
SCABLE,2011-11-18,1.4241,1.5108,1.4241,1.4819,566752
SCABLE,2011-11-21,1.4675,1.4675,1.4458,1.4458,65017
SCABLE,2011-11-22,1.4313,1.5036,1.4313,1.4747,201275
SCABLE,2011-11-23,1.4819,1.4819,1.4747,1.4819,61973
SCABLE,2011-11-24,1.4892,1.5759,1.4458,1.5687,668565
SCABLE,2011-11-25,1.5687,1.5687,1.5542,1.5687,369765
SCABLE,2011-11-29,1.5904,1.6193,1.5687,1.5687,374607
SCABLE,2011-11-30,1.5687,1.5759,1.5615,1.5759,174577
SCABLE,2011-12-01,1.5904,1.5976,1.5108,1.5181,332415
SCABLE,2011-12-02,1.4964,1.5108,1.4892,1.5108,29742
SCABLE,2011-12-05,1.4747,1.5108,1.4675,1.5108,30987
SCABLE,2011-12-06,1.4892,1.4892,1.4458,1.4530,110252
SCABLE,2011-12-07,1.4602,1.5036,1.4602,1.4675,148017
SCABLE,2011-12-08,1.4602,1.4675,1.4530,1.4530,106517
SCABLE,2011-12-09,1.4530,1.4530,1.4385,1.4530,83000
SCABLE,2011-12-12,1.4530,1.4530,1.4530,1.4530,20750
SCABLE,2011-12-13,1.4675,1.4747,1.4530,1.4530,120350
SCABLE,2011-12-14,1.4675,1.4675,1.4530,1.4530,118967
SCABLE,2011-12-15,1.4385,1.4675,1.4096,1.4675,461757
SCABLE,2011-12-16,1.4602,1.4602,1.4458,1.4458,37073
SCABLE,2011-12-19,1.4458,1.4602,1.4313,1.4602,70550
SCABLE,2011-12-20,1.4530,1.4530,1.4313,1.4313,41500
SCABLE,2011-12-21,1.4385,1.4385,1.4385,1.4385,20888
SCABLE,2011-12-22,1.4313,1.4458,1.4313,1.4458,35552
SCABLE,2011-12-23,1.4385,1.4458,1.4385,1.4458,100983
SCABLE,2011-12-27,1.4313,1.4313,1.4096,1.4096,117583
SCABLE,2011-12-28,1.4096,1.4096,1.3880,1.3880,145250
SCABLE,2011-12-29,1.3952,1.4096,1.3952,1.4096,20750
SCABLE,2011-12-30,1.4241,1.4241,1.4241,1.4241,6917
SCABLE,2012-01-03,1.4313,1.4458,1.4241,1.4458,65017
SCABLE,2012-01-04,1.4458,1.4458,1.4313,1.4313,56717
SCABLE,2012-01-05,1.4313,1.4313,1.4169,1.4313,95450
SCABLE,2012-01-06,1.4313,1.4313,1.4313,1.4313,24900
SCABLE,2012-01-09,1.4169,1.4313,1.4169,1.4313,40117
SCABLE,2012-01-10,1.4313,1.4313,1.4096,1.4096,8300
SCABLE,2012-01-11,1.4313,1.4313,1.4169,1.4169,30433
SCABLE,2012-01-12,1.4241,1.4313,1.4241,1.4241,53950
SCABLE,2012-01-13,1.4313,1.4313,1.4169,1.4241,70550
SCABLE,2012-01-16,1.4241,1.4241,1.4169,1.4169,41223
SCABLE,2012-01-17,1.4169,1.4313,1.4169,1.4313,8992
SCABLE,2012-01-18,1.4313,1.4313,1.4169,1.4169,50492
SCABLE,2012-01-19,1.4313,1.4530,1.4313,1.4530,55610
SCABLE,2012-01-20,1.4602,1.4602,1.4602,1.4602,1245
SCABLE,2012-01-25,1.4458,1.4458,1.4458,1.4458,6917
SCABLE,2012-01-26,1.4169,1.4169,1.4096,1.4169,45650
SCABLE,2012-01-27,1.4169,1.4169,1.4169,1.4169,13833
SCABLE,2012-01-30,1.4169,1.4169,1.4169,1.4169,46342
SCABLE,2012-01-31,1.4241,1.4241,1.4169,1.4169,51460
SCABLE,2012-02-02,1.4241,1.4241,1.4241,1.4241,35690
SCABLE,2012-02-03,1.4241,1.4313,1.4241,1.4241,38733
SCABLE,2012-02-08,1.4313,1.4458,1.4241,1.4458,346940
SCABLE,2012-02-09,1.4602,1.4819,1.4602,1.4675,88395
SCABLE,2012-02-10,1.4964,1.4964,1.4675,1.4819,153965
SCABLE,2012-02-13,1.4819,1.5253,1.4819,1.5108,398953
SCABLE,2012-02-14,1.5108,1.5108,1.4892,1.5108,112050
SCABLE,2012-02-15,1.5108,1.5108,1.4747,1.4747,2905
SCABLE,2012-02-16,1.4747,1.4747,1.4530,1.4530,16600
SCABLE,2012-02-17,1.4747,1.4747,1.4530,1.4530,23517
SCABLE,2012-02-20,1.4602,1.4747,1.4530,1.4747,71380
SCABLE,2012-02-21,1.4602,1.4602,1.4530,1.4530,110113
SCABLE,2012-02-22,1.4530,1.4530,1.4458,1.4458,67783
SCABLE,2012-02-23,1.4385,1.4385,1.4096,1.4169,27667
SCABLE,2012-02-24,1.4169,1.4385,1.4169,1.4385,46480
SCABLE,2012-02-27,1.4458,1.4530,1.4385,1.4530,98217
SCABLE,2012-02-28,1.4241,1.4458,1.4241,1.4458,8300
SCABLE,2012-02-29,1.4313,1.4530,1.4313,1.4530,34583
SCABLE,2012-03-01,1.4458,1.4530,1.4385,1.4385,45927
SCABLE,2012-03-02,1.4313,1.4530,1.4313,1.4530,30018
SCABLE,2012-03-05,1.4458,1.4530,1.4458,1.4458,30157
SCABLE,2012-03-06,1.4385,1.4385,1.4385,1.4385,24900
SCABLE,2012-03-07,1.4313,1.4458,1.4241,1.4458,118967
SCABLE,2012-03-08,1.4241,1.4241,1.4241,1.4241,6917
SCABLE,2012-03-09,1.4241,1.4458,1.4241,1.4241,35552
SCABLE,2012-03-12,1.4241,1.4241,1.4024,1.4024,199477
SCABLE,2012-03-13,1.4096,1.4096,1.4096,1.4096,20750
SCABLE,2012-03-14,1.4241,1.4385,1.4096,1.4096,66400
SCABLE,2012-03-15,1.4024,1.4024,1.4024,1.4024,2767
SCABLE,2012-03-16,1.4096,1.4096,1.4096,1.4096,1383
SCABLE,2012-03-19,1.4096,1.4169,1.4096,1.4169,33200
SCABLE,2012-03-20,1.4169,1.4169,1.4096,1.4096,31678
SCABLE,2012-03-21,1.4096,1.4096,1.4096,1.4096,16047
SCABLE,2012-03-22,1.4024,1.4024,1.4024,1.4024,14525
SCABLE,2012-03-23,1.4096,1.4458,1.3952,1.4458,119105
SCABLE,2012-03-26,1.4096,1.4096,1.4024,1.4024,110667
SCABLE,2012-03-27,1.4169,1.4169,1.4169,1.4169,8300
SCABLE,2012-03-28,1.4530,1.4530,1.4530,1.4530,1383
SCABLE,2012-03-29,1.3952,1.3952,1.3952,1.3952,131417
SCABLE,2012-03-30,1.4024,1.4024,1.4024,1.4024,27667
SCABLE,2012-04-02,1.4096,1.4096,1.4096,1.4096,23655
SCABLE,2012-04-03,1.4096,1.4096,1.3952,1.3952,157562
SCABLE,2012-04-04,1.3952,1.4024,1.3952,1.4024,17983
SCABLE,2012-04-05,1.4024,1.4024,1.4024,1.4024,4150
SCABLE,2012-04-09,1.3880,1.3880,1.3735,1.3735,11067
SCABLE,2012-04-10,1.3663,1.3663,1.3663,1.3663,6917
SCABLE,2012-04-12,1.4024,1.4024,1.3735,1.3735,2767
SCABLE,2012-04-13,1.3807,1.3807,1.3735,1.3735,17983
SCABLE,2012-04-16,1.3735,1.3735,1.3735,1.3735,2075
SCABLE,2012-04-17,1.3807,1.3807,1.3807,1.3807,2767
SCABLE,2012-04-18,1.3807,1.3807,1.3807,1.3807,64325
SCABLE,2012-04-23,1.3807,1.3952,1.3735,1.3952,69167
SCABLE,2012-04-24,1.3807,1.3807,1.3590,1.3735,35413
SCABLE,2012-04-25,1.3590,1.3590,1.3590,1.3590,22133
SCABLE,2012-04-27,1.3735,1.3807,1.3735,1.3807,11067
SCABLE,2012-05-02,1.3807,1.3807,1.3807,1.3807,1383
SCABLE,2012-05-03,1.3590,1.3807,1.3590,1.3807,15355
SCABLE,2012-05-08,1.3663,1.3663,1.3663,1.3663,6225
SCABLE,2012-05-09,1.3590,1.3590,1.3374,1.3374,6917
SCABLE,2012-05-10,1.3157,1.3157,1.2868,1.2868,61835
SCABLE,2012-05-11,1.3084,1.3157,1.3084,1.3157,45650
SCABLE,2012-05-14,1.3157,1.3157,1.3084,1.3084,11067
SCABLE,2012-05-15,1.3084,1.3084,1.3084,1.3084,15908
SCABLE,2012-05-16,1.3084,1.3084,1.3012,1.3012,5533
SCABLE,2012-05-18,1.2940,1.2940,1.2868,1.2868,4150
SCABLE,2012-05-21,1.2434,1.2506,1.2289,1.2289,33200
SCABLE,2012-05-22,1.2361,1.2361,1.2289,1.2361,17707
SCABLE,2012-05-23,1.3084,1.3084,1.3084,1.3084,277
SCABLE,2012-05-25,1.2506,1.2506,1.2506,1.2506,4150
SCABLE,2012-05-30,1.2651,1.3374,1.2651,1.2723,83000
SCABLE,2012-05-31,1.2651,1.2795,1.2651,1.2723,45650
SCABLE,2012-06-01,1.2723,1.2723,1.2723,1.2723,20750
SCABLE,2012-06-04,1.2868,1.2868,1.2723,1.2868,17983
SCABLE,2012-06-05,1.2506,1.2795,1.2506,1.2506,67783
SCABLE,2012-06-06,1.2506,1.2506,1.2506,1.2506,9683
SCABLE,2012-06-07,1.2434,1.2434,1.2145,1.2289,72625
SCABLE,2012-06-08,1.2217,1.2289,1.2217,1.2217,12450
SCABLE,2012-06-11,1.2145,1.2289,1.2145,1.2289,7885
SCABLE,2012-06-12,1.2434,1.2434,1.2289,1.2289,215800
SCABLE,2012-06-13,1.2289,1.2289,1.2289,1.2289,32232
SCABLE,2012-06-15,1.2651,1.2651,1.2651,1.2651,23517
SCABLE,2012-06-18,1.2651,1.2651,1.2651,1.2651,6917
SCABLE,2012-06-19,1.3084,1.3084,1.3084,1.3084,2213
SCABLE,2012-06-20,1.3084,1.3084,1.3084,1.3084,13833
SCABLE,2012-06-21,1.3157,1.3157,1.3157,1.3157,30433
SCABLE,2012-06-22,1.3157,1.3157,1.3157,1.3157,67783
SCABLE,2012-06-27,1.3157,1.3157,1.3157,1.3157,3458
SCABLE,2012-06-29,1.3157,1.3301,1.3157,1.3301,13833
SCABLE,2012-07-02,1.3157,1.3157,1.3157,1.3157,6917
SCABLE,2012-07-03,1.3229,1.3229,1.3229,1.3229,87150
SCABLE,2012-07-04,1.3301,1.3590,1.3229,1.3590,80233
SCABLE,2012-07-05,1.3446,1.3518,1.3374,1.3518,33200
SCABLE,2012-07-11,1.3446,1.3446,1.3446,1.3446,1383
SCABLE,2012-07-12,1.3446,1.3446,1.3374,1.3374,4150
SCABLE,2012-07-13,1.3446,1.3446,1.3374,1.3374,26283
SCABLE,2012-07-16,1.3374,1.3735,1.3229,1.3446,20888
SCABLE,2012-07-17,1.3374,1.3374,1.3374,1.3374,20750
SCABLE,2012-07-19,1.3012,1.3374,1.3012,1.3374,12450
SCABLE,2012-07-23,1.3374,1.3374,1.3374,1.3374,2767
SCABLE,2012-07-24,1.3374,1.3374,1.3157,1.3157,10928
SCABLE,2012-07-25,1.3374,1.3374,1.3084,1.3084,29050
SCABLE,2012-07-30,1.3012,1.3012,1.3012,1.3012,2767
SCABLE,2012-07-31,1.2868,1.2940,1.2651,1.2940,49800
SCABLE,2012-08-01,1.2723,1.2723,1.2651,1.2723,37350
SCABLE,2012-08-02,1.2651,1.2651,1.2651,1.2651,76083
SCABLE,2012-08-03,1.2651,1.2651,1.2651,1.2651,33200
SCABLE,2012-08-06,1.2651,1.2651,1.2651,1.2651,5533
SCABLE,2012-08-07,1.2651,1.2651,1.2651,1.2651,5533
SCABLE,2012-08-08,1.2434,1.2578,1.2289,1.2578,58100
SCABLE,2012-08-09,1.2578,1.2651,1.2578,1.2578,80233
SCABLE,2012-08-10,1.2578,1.2578,1.2506,1.2578,167383
SCABLE,2012-08-15,1.2578,1.2578,1.2578,1.2578,40255
SCABLE,2012-08-16,1.2578,1.2578,1.2361,1.2361,12450
SCABLE,2012-08-23,1.2361,1.2361,1.2289,1.2289,34583
SCABLE,2012-08-24,1.2289,1.2289,1.2072,1.2072,55333
SCABLE,2012-08-28,1.1711,1.1855,1.1711,1.1855,43575
SCABLE,2012-08-29,1.1711,1.1711,1.1422,1.1422,85767
SCABLE,2012-09-03,1.1494,1.1494,1.1349,1.1349,13833
SCABLE,2012-09-04,1.1277,1.1277,1.1205,1.1277,48417
SCABLE,2012-09-05,1.1277,1.1494,1.1277,1.1494,29050
SCABLE,2012-09-06,1.1422,1.1494,1.1349,1.1494,46203
SCABLE,2012-09-10,1.1422,1.1422,1.1349,1.1349,694848
SCABLE,2012-09-11,1.1422,1.1422,1.1349,1.1349,8300
SCABLE,2012-09-12,1.1422,1.1422,1.1422,1.1422,2767
SCABLE,2012-09-14,1.1277,1.1349,1.1205,1.1349,30433
SCABLE,2012-09-18,1.1422,1.1422,1.1277,1.1277,18675
SCABLE,2012-09-19,1.1494,1.1494,1.1422,1.1422,4565
SCABLE,2012-09-20,1.1422,1.1422,1.1277,1.1277,8300
SCABLE,2012-09-21,1.1349,1.1349,1.1349,1.1349,5533
SCABLE,2012-10-02,1.1349,1.1349,1.1277,1.1349,34998
SCABLE,2012-10-08,1.1422,1.1422,1.1349,1.1349,41500
SCABLE,2012-10-10,1.1422,1.1422,1.1422,1.1422,20335
SCABLE,2012-10-11,1.1277,1.1349,1.1205,1.1277,356208
SCABLE,2012-10-12,1.1277,1.1277,1.1205,1.1277,35137
SCABLE,2012-10-15,1.1205,1.1205,1.1133,1.1205,89087
SCABLE,2012-10-16,1.1277,1.1349,1.1133,1.1277,195050
SCABLE,2012-10-17,1.1277,1.1494,1.1277,1.1494,124638
SCABLE,2012-10-18,1.1566,1.2651,1.1566,1.2506,198232
SCABLE,2012-10-19,1.2506,1.3157,1.2506,1.2651,385397
SCABLE,2012-10-22,1.2651,1.3229,1.2651,1.2868,186750
SCABLE,2012-10-23,1.2940,1.2940,1.2217,1.2217,134183
SCABLE,2012-10-24,1.2289,1.2289,1.2072,1.2072,22133
SCABLE,2012-10-25,1.2289,1.2434,1.2289,1.2289,32232
SCABLE,2012-10-29,1.2289,1.2506,1.2145,1.2145,80233
SCABLE,2012-10-30,1.2145,1.2145,1.2072,1.2145,30433
SCABLE,2012-10-31,1.2072,1.2145,1.2072,1.2145,74700
SCABLE,2012-11-01,1.2145,1.2217,1.2145,1.2217,31125
SCABLE,2012-11-06,1.2578,1.2578,1.2289,1.2434,48417
SCABLE,2012-11-07,1.2361,1.2361,1.2289,1.2289,20750
SCABLE,2012-11-08,1.2289,1.2289,1.2289,1.2289,11067
SCABLE,2012-11-09,1.2578,1.2578,1.2289,1.2289,1383
SCABLE,2012-11-12,1.2651,1.2651,1.2289,1.2289,11482
SCABLE,2012-11-14,1.2289,1.2289,1.2145,1.2145,22133
SCABLE,2012-11-16,1.2289,1.2289,1.2289,1.2289,13833
SCABLE,2012-11-19,1.2289,1.2361,1.2289,1.2289,7193
SCABLE,2012-11-20,1.2289,1.2289,1.2289,1.2289,6917
SCABLE,2012-11-21,1.2145,1.2145,1.1566,1.1711,154933
SCABLE,2012-11-22,1.1711,1.1711,1.1711,1.1711,6917
SCABLE,2012-11-23,1.1711,1.1711,1.1711,1.1711,1383
SCABLE,2012-11-26,1.1783,1.1783,1.1783,1.1783,17983
SCABLE,2012-11-27,1.1711,1.1783,1.1711,1.1711,21165
SCABLE,2012-11-28,1.1639,1.1639,1.1133,1.1205,116200
SCABLE,2012-11-29,1.1494,1.1494,1.1205,1.1205,52567
SCABLE,2012-11-30,1.1205,1.1422,1.1205,1.1422,11067
SCABLE,2012-12-03,1.1422,1.1422,1.1277,1.1349,20750
SCABLE,2012-12-04,1.1349,1.1349,1.1205,1.1277,24900
SCABLE,2012-12-05,1.1277,1.1277,1.1277,1.1277,13833
SCABLE,2012-12-06,1.1349,1.1349,1.1349,1.1349,2767
SCABLE,2012-12-10,1.1277,1.1277,1.1277,1.1277,13833
SCABLE,2012-12-11,1.1277,1.1277,1.1205,1.1205,2767
SCABLE,2012-12-13,1.1205,1.1205,1.1205,1.1205,170150
SCABLE,2012-12-14,1.1205,1.1566,1.1060,1.1566,300183
SCABLE,2012-12-17,1.1422,1.1422,1.1422,1.1422,16600
SCABLE,2012-12-18,1.1349,1.1349,1.1205,1.1205,11067
SCABLE,2012-12-20,1.1277,1.1566,1.1205,1.1205,95727
SCABLE,2012-12-21,1.1494,1.1566,1.1494,1.1566,27667
SCABLE,2012-12-24,1.1566,1.1566,1.1566,1.1566,6917
SCABLE,2012-12-27,1.1422,1.1639,1.1422,1.1639,41500
SCABLE,2012-12-28,1.1566,1.1566,1.1566,1.1566,55333
SCABLE,2012-12-31,1.1639,1.2072,1.1639,1.1855,41500
SCABLE,2013-01-03,1.1422,1.1855,1.1422,1.1855,15217
SCABLE,2013-01-04,1.2289,1.2289,1.1494,1.1494,43852
SCABLE,2013-01-07,1.2072,1.2072,1.2072,1.2072,4703
SCABLE,2013-01-08,1.2000,1.2072,1.1855,1.2072,51183
SCABLE,2013-01-09,1.2000,1.2072,1.1928,1.1928,23517
SCABLE,2013-01-10,1.1928,1.2072,1.1855,1.1855,72348
SCABLE,2013-01-11,1.1855,1.1855,1.1566,1.1566,9683
SCABLE,2013-01-14,1.1855,1.2072,1.1855,1.2000,1660
SCABLE,2013-01-15,1.2000,1.2000,1.1494,1.2000,15355
SCABLE,2013-01-16,1.1928,1.2072,1.1566,1.2072,54088
SCABLE,2013-01-18,1.1783,1.1783,1.1566,1.1711,78850
SCABLE,2013-01-21,1.1566,1.1855,1.1566,1.1639,1937
SCABLE,2013-01-22,1.1060,1.1494,1.1060,1.1422,16600
SCABLE,2013-01-23,1.1566,1.1566,1.1422,1.1422,415
SCABLE,2013-01-25,1.1494,1.1494,1.1349,1.1349,415
SCABLE,2013-01-29,1.1205,1.1205,1.1133,1.1133,15217
SCABLE,2013-01-30,1.0916,1.0916,1.0627,1.0843,30157
SCABLE,2013-01-31,1.0843,1.0916,1.0771,1.0771,80510
SCABLE,2013-02-04,1.0988,1.0988,1.0699,1.0771,22133
SCABLE,2013-02-05,1.0699,1.0843,1.0699,1.0843,27390
SCABLE,2013-02-06,1.0699,1.0843,1.0699,1.0771,146910
SCABLE,2013-02-07,1.0699,1.0771,1.0699,1.0771,118967
SCABLE,2013-02-15,1.0627,1.0771,1.0627,1.0771,12450
SCABLE,2013-02-19,1.0699,1.0699,1.0554,1.0554,37350
SCABLE,2013-02-20,1.0554,1.0554,1.0120,1.0265,55333
SCABLE,2013-02-21,1.0482,1.0482,1.0482,1.0482,1383
SCABLE,2013-02-22,1.0120,1.0120,1.0120,1.0120,102367
SCABLE,2013-02-25,0.9831,0.9831,0.8964,0.9253,331862
SCABLE,2013-02-26,0.9108,0.9181,0.8964,0.8964,227282
SCABLE,2013-02-27,0.8964,0.8964,0.8747,0.8819,149400
SCABLE,2013-02-28,0.8892,0.9398,0.8819,0.9325,393835
SCABLE,2013-03-01,0.9398,1.0337,0.9325,1.0337,211235
SCABLE,2013-03-04,1.0482,1.0699,1.0048,1.0554,209713
SCABLE,2013-03-06,1.0554,1.0843,1.0554,1.0771,118967
SCABLE,2013-03-07,1.0771,1.0771,1.0482,1.0771,41500
SCABLE,2013-03-08,1.0554,1.0554,1.0482,1.0482,13833
SCABLE,2013-03-11,1.0193,1.0193,1.0193,1.0193,16600
SCABLE,2013-03-12,1.0193,1.0554,1.0193,1.0193,40532
SCABLE,2013-03-13,1.0048,1.0265,0.9759,1.0193,70827
SCABLE,2013-03-14,1.0193,1.0337,1.0193,1.0337,90470
SCABLE,2013-03-15,1.0337,1.0482,1.0265,1.0410,80233
SCABLE,2013-03-19,1.0337,1.0699,1.0265,1.0627,60313
SCABLE,2013-03-20,1.0482,1.0554,1.0337,1.0337,96833
SCABLE,2013-03-21,1.0410,1.0482,1.0410,1.0482,41500
SCABLE,2013-03-27,1.0482,1.0482,1.0410,1.0410,277
SCABLE,2013-03-29,0.9904,0.9976,0.9904,0.9976,8023
SCABLE,2013-04-01,1.0410,1.0699,1.0410,1.0699,4565
SCABLE,2013-04-02,1.0120,1.0554,0.9976,1.0554,76083
SCABLE,2013-04-03,1.0120,1.0554,0.9831,1.0554,150783
SCABLE,2013-04-04,1.0554,1.0843,1.0554,1.0843,91023
SCABLE,2013-04-05,1.1133,1.1133,1.0699,1.0916,287733
SCABLE,2013-04-08,1.0554,1.0554,1.0554,1.0554,6917
SCABLE,2013-04-10,1.0482,1.0627,1.0482,1.0482,8853
SCABLE,2013-04-11,1.0627,1.0771,1.0627,1.0627,57547
SCABLE,2013-04-12,1.0482,1.0482,1.0482,1.0482,5395
SCABLE,2013-04-15,1.0554,1.0554,1.0554,1.0554,13833
SCABLE,2013-04-16,1.0337,1.0771,1.0337,1.0771,3873
SCABLE,2013-04-17,1.0410,1.0771,1.0120,1.0771,47033
SCABLE,2013-04-18,1.0699,1.0771,1.0699,1.0771,22133
SCABLE,2013-04-19,1.0337,1.0627,1.0337,1.0337,59483
SCABLE,2013-04-22,1.0120,1.0337,0.9976,0.9976,119382
SCABLE,2013-04-23,0.9976,1.0265,0.9976,1.0193,22410
SCABLE,2013-04-24,1.0120,1.0120,1.0120,1.0120,4150
SCABLE,2013-04-25,0.9976,1.0120,0.9976,1.0120,7608
SCABLE,2013-04-26,1.0048,1.0048,1.0048,1.0048,20750
SCABLE,2013-04-29,1.0120,1.0120,0.9976,0.9976,19367
SCABLE,2013-04-30,1.0120,1.0120,0.9976,1.0048,4565
SCABLE,2013-05-02,1.0048,1.0120,0.9759,1.0120,18952
SCABLE,2013-05-03,0.9470,1.0120,0.9470,1.0120,30987
SCABLE,2013-05-06,1.0699,1.1928,1.0120,1.0120,95173
SCABLE,2013-05-07,1.0482,1.1133,1.0482,1.0988,276805
SCABLE,2013-05-08,1.1133,1.1205,1.0988,1.1205,184122
SCABLE,2013-05-09,1.1205,1.1494,1.1133,1.1349,216077
SCABLE,2013-05-10,1.1349,1.1928,1.1349,1.1928,524837
SCABLE,2013-05-13,1.2000,1.2361,1.2000,1.2217,411680
SCABLE,2013-05-14,1.2289,1.2434,1.2000,1.2072,600367
SCABLE,2013-05-15,1.2145,1.2145,1.1711,1.1928,60175
SCABLE,2013-05-16,1.2000,1.2000,1.1855,1.1855,196157
SCABLE,2013-05-17,1.1855,1.2361,1.1855,1.2145,1007759
SCABLE,2013-05-20,1.2145,1.2361,1.2145,1.2145,938315
SCABLE,2013-05-21,1.2145,1.3663,1.2000,1.2940,4147787
SCABLE,2013-05-22,1.3157,1.3157,1.2506,1.2651,1299089
SCABLE,2013-05-23,1.2651,1.2651,1.2145,1.2289,1367425
SCABLE,2013-05-27,1.2578,1.2578,1.2289,1.2434,296863
SCABLE,2013-05-28,1.2434,1.2940,1.2434,1.2723,2368820
SCABLE,2013-05-29,1.2868,1.3084,1.2795,1.2868,885334
SCABLE,2013-05-30,1.2940,1.2940,1.2506,1.2578,589162
SCABLE,2013-05-31,1.2723,1.2940,1.2651,1.2723,2312934
SCABLE,2013-06-03,1.2795,1.3301,1.2795,1.3157,4324163
SCABLE,2013-06-04,1.3374,1.4675,1.3374,1.4530,6993720
SCABLE,2013-06-05,1.4530,1.4530,1.3880,1.3952,1578660
SCABLE,2013-06-06,1.3880,1.4313,1.3663,1.4313,1712290
SCABLE,2013-06-07,1.4313,1.4458,1.4096,1.4313,1002917
SCABLE,2013-06-10,1.4458,1.4964,1.4458,1.4602,3157044
SCABLE,2013-06-11,1.4747,1.4747,1.4024,1.4096,1413490
SCABLE,2013-06-12,1.4096,1.4096,1.3807,1.3952,680462
SCABLE,2013-06-13,1.4169,1.4241,1.3446,1.3518,1501747
SCABLE,2013-06-14,1.3807,1.4024,1.3374,1.3446,1201287
SCABLE,2013-06-17,1.3518,1.3880,1.3518,1.3518,1064060
SCABLE,2013-06-18,1.3735,1.3807,1.3518,1.3663,975250
SCABLE,2013-06-19,1.3807,1.3807,1.3301,1.3446,1379460
SCABLE,2013-06-20,1.3446,1.3446,1.3229,1.3229,1068625
SCABLE,2013-06-21,1.3012,1.3012,1.2651,1.2868,2173632
SCABLE,2013-06-24,1.2868,1.2868,1.2289,1.2289,697062
SCABLE,2013-06-25,1.2145,1.2217,1.1711,1.1855,612125
SCABLE,2013-06-26,1.2217,1.2434,1.2145,1.2217,520272
SCABLE,2013-06-27,1.2361,1.2578,1.2145,1.2289,1004300
SCABLE,2013-06-28,1.2506,1.2578,1.1855,1.1928,2107094
SCABLE,2013-07-01,1.1928,1.2145,1.1566,1.2000,1456650
SCABLE,2013-07-02,1.2333,1.2583,1.2167,1.2417,934680
SCABLE,2013-07-03,1.2417,1.2917,1.2417,1.2833,836280
SCABLE,2013-07-04,1.2917,1.3917,1.2917,1.3667,2043120
SCABLE,2013-07-05,1.3750,1.3833,1.3000,1.3167,2185320
SCABLE,2013-07-08,1.3250,1.3333,1.3167,1.3250,540840
SCABLE,2013-07-09,1.3333,1.3500,1.3250,1.3500,941400
SCABLE,2013-07-10,1.3500,1.3500,1.3167,1.3250,461400
SCABLE,2013-07-11,1.3333,1.3667,1.3250,1.3583,620040
SCABLE,2013-07-12,1.3583,1.4583,1.3583,1.4417,1742040
SCABLE,2013-07-15,1.4500,1.4500,1.3833,1.4333,744360
SCABLE,2013-07-16,1.4417,1.4500,1.4083,1.4167,336000
SCABLE,2013-07-17,1.4167,1.4167,1.4000,1.4083,308880
SCABLE,2013-07-18,1.4083,1.4250,1.4000,1.4250,621120
SCABLE,2013-07-19,1.4333,1.4333,1.4167,1.4250,521040
SCABLE,2013-07-22,1.4417,1.5167,1.4417,1.4833,1498560
SCABLE,2013-07-23,1.4833,1.5083,1.4833,1.5000,796560
SCABLE,2013-07-24,1.5000,1.5000,1.4667,1.4917,390000
SCABLE,2013-07-25,1.4917,1.5083,1.4833,1.5083,846120
SCABLE,2013-07-26,1.5000,1.5917,1.4917,1.5333,1671960
SCABLE,2013-07-29,1.5417,1.5667,1.5000,1.5000,1381440
SCABLE,2013-07-30,1.5083,1.5250,1.4917,1.5000,610920
SCABLE,2013-07-31,1.4917,1.4917,1.4167,1.4333,2329200
SCABLE,2013-08-01,1.4333,1.4833,1.4167,1.4750,871920
SCABLE,2013-08-02,1.4750,1.4917,1.4583,1.4833,1082880
SCABLE,2013-08-05,1.4833,1.5417,1.4833,1.5333,1416240
SCABLE,2013-08-06,1.5333,1.6000,1.5333,1.5917,1708680
SCABLE,2013-08-12,1.6167,1.6917,1.6167,1.6833,2480280
SCABLE,2013-08-13,1.6833,1.7083,1.6417,1.6750,1345440
SCABLE,2013-08-14,1.6750,1.7250,1.6667,1.7167,2126280
SCABLE,2013-08-15,1.7250,1.7833,1.7250,1.7833,2601480
SCABLE,2013-08-16,1.7667,1.8833,1.7583,1.8583,2971560
SCABLE,2013-08-19,1.8417,1.9000,1.7583,1.7750,2535480
SCABLE,2013-08-20,1.7833,1.7917,1.6833,1.7000,3540360
SCABLE,2013-08-21,1.7000,1.7417,1.6833,1.7083,1620960
SCABLE,2013-08-22,1.6917,1.6917,1.5833,1.6250,4428720
SCABLE,2013-08-23,1.6583,1.6583,1.6000,1.6083,1270200
SCABLE,2013-08-26,1.6083,1.6167,1.5417,1.5417,1817400
SCABLE,2013-08-27,1.5333,1.5417,1.4500,1.4667,2265600
SCABLE,2013-08-28,1.4333,1.5333,1.3500,1.5083,1863600
SCABLE,2013-08-29,1.5250,1.5833,1.5250,1.5500,1660800
SCABLE,2013-08-30,1.5667,1.6083,1.5333,1.5417,2497800
SCABLE,2013-09-02,1.5833,1.5917,1.4833,1.4833,2198400
SCABLE,2013-09-03,1.4917,1.5333,1.4917,1.5167,767280
SCABLE,2013-09-04,1.5083,1.5083,1.4750,1.5000,628920
SCABLE,2013-09-05,1.5000,1.5250,1.4917,1.5083,882600
SCABLE,2013-09-06,1.5167,1.5167,1.4917,1.5000,457200
SCABLE,2013-09-09,1.5083,1.5333,1.5083,1.5250,905400
SCABLE,2013-09-10,1.5500,1.6000,1.5400,1.5600,1742600
SCABLE,2013-09-11,1.5800,1.5800,1.5200,1.5300,632900
SCABLE,2013-09-12,1.5500,1.5500,1.5300,1.5400,372400
SCABLE,2013-09-13,1.5400,1.5400,1.5300,1.5400,515200
SCABLE,2013-09-17,1.5400,1.5500,1.4800,1.4900,1221700
SCABLE,2013-09-18,1.4900,1.5000,1.4700,1.4800,777600
SCABLE,2013-09-19,1.5100,1.6200,1.4900,1.5800,3943800
SCABLE,2013-09-20,1.6100,1.6100,1.5600,1.5700,652000
SCABLE,2013-09-23,1.5600,1.5900,1.5600,1.5700,363500
SCABLE,2013-09-24,1.5700,1.5900,1.5600,1.5700,999200
SCABLE,2013-09-25,1.5700,1.6400,1.5700,1.6400,1595300
SCABLE,2013-09-26,1.6600,1.7100,1.6400,1.7000,2506600
SCABLE,2013-09-27,1.7300,1.7600,1.6700,1.7000,1196200
SCABLE,2013-09-30,1.7000,1.7000,1.6600,1.6700,931400
SCABLE,2013-10-01,1.6700,1.6900,1.6400,1.6700,472300
SCABLE,2013-10-02,1.6600,1.6700,1.6300,1.6400,473900
SCABLE,2013-10-03,1.6400,1.6800,1.6400,1.6600,469400
SCABLE,2013-10-04,1.6600,1.6600,1.6300,1.6300,482400
SCABLE,2013-10-07,1.6400,1.6400,1.6000,1.6000,307800
SCABLE,2013-10-08,1.6000,1.6100,1.5800,1.5800,295500
SCABLE,2013-10-09,1.5800,1.6000,1.5700,1.5700,212900
SCABLE,2013-10-10,1.5800,1.5900,1.5800,1.5800,119100
SCABLE,2013-10-11,1.6000,1.6100,1.5900,1.5900,195500
SCABLE,2013-10-14,1.5900,1.5900,1.5800,1.5800,87000
SCABLE,2013-10-16,1.5800,1.6200,1.5800,1.6000,369300
SCABLE,2013-10-17,1.6100,1.6100,1.5900,1.5900,227400
SCABLE,2013-10-18,1.6000,1.6100,1.5900,1.6000,314600
SCABLE,2013-10-21,1.6000,1.6500,1.6000,1.6300,342900
SCABLE,2013-10-22,1.6200,1.6200,1.6100,1.6100,178900
SCABLE,2013-10-23,1.6100,1.6100,1.5900,1.6000,280800
SCABLE,2013-10-24,1.6100,1.6400,1.5600,1.5600,1499100
SCABLE,2013-10-25,1.5800,1.6100,1.5800,1.6000,848800
SCABLE,2013-10-28,1.6400,1.6700,1.6200,1.6200,1153100
SCABLE,2013-10-29,1.6200,1.6300,1.6000,1.6100,602000
SCABLE,2013-10-30,1.6900,1.7300,1.6600,1.7100,6348100
SCABLE,2013-10-31,1.7000,1.7000,1.6600,1.6700,1232400
SCABLE,2013-11-01,1.6700,1.6900,1.6700,1.6900,580200
SCABLE,2013-11-04,1.6900,1.6900,1.6500,1.6600,474200
SCABLE,2013-11-06,1.6600,1.6600,1.6100,1.6300,1063100
SCABLE,2013-11-07,1.6300,1.6400,1.6200,1.6300,374300
SCABLE,2013-11-08,1.6400,1.6600,1.6300,1.6400,333400
SCABLE,2013-11-11,1.6500,1.6500,1.6400,1.6400,139500
SCABLE,2013-11-12,1.6400,1.6400,1.6100,1.6100,660700
SCABLE,2013-11-13,1.6100,1.6100,1.5800,1.6000,513400
SCABLE,2013-11-14,1.6000,1.6200,1.5900,1.6000,189600
SCABLE,2013-11-15,1.6000,1.6100,1.5900,1.5900,186500
SCABLE,2013-11-18,1.5900,1.6000,1.5900,1.5900,246500
SCABLE,2013-11-19,1.5900,1.6000,1.5900,1.5900,129000
SCABLE,2013-11-20,1.5900,1.5900,1.5600,1.5700,365600
SCABLE,2013-11-21,1.5700,1.5700,1.5500,1.5700,246500
SCABLE,2013-11-22,1.5600,1.5800,1.5600,1.5700,225300
SCABLE,2013-11-25,1.5700,1.5800,1.5700,1.5800,145300
SCABLE,2013-11-26,1.5800,1.5900,1.5700,1.5700,110600
SCABLE,2013-11-27,1.5800,1.5800,1.5600,1.5600,206000
SCABLE,2013-11-28,1.5600,1.5600,1.5400,1.5400,193800
SCABLE,2013-11-29,1.5400,1.5500,1.5300,1.5500,543200
SCABLE,2013-12-02,1.5600,1.5600,1.5500,1.5500,120300
SCABLE,2013-12-03,1.5100,1.5400,1.4800,1.5400,78800
SCABLE,2013-12-04,1.5500,1.5600,1.5400,1.5500,107600
SCABLE,2013-12-05,1.5600,1.5700,1.5200,1.5200,485400
SCABLE,2013-12-06,1.5300,1.5800,1.5300,1.5700,336900
SCABLE,2013-12-09,1.5800,1.6100,1.5600,1.5800,255800
SCABLE,2013-12-10,1.6000,1.6300,1.5900,1.6300,547200
SCABLE,2013-12-11,1.6300,1.6300,1.6000,1.6100,78000
SCABLE,2013-12-12,1.6000,1.6200,1.6000,1.6100,88900
SCABLE,2013-12-13,1.5900,1.5900,1.5700,1.5800,139400
SCABLE,2013-12-16,1.5700,1.5800,1.5400,1.5500,215800
SCABLE,2013-12-17,1.5600,1.5700,1.5600,1.5600,137100
SCABLE,2013-12-18,1.5600,1.5600,1.5500,1.5500,317600
SCABLE,2013-12-19,1.5500,1.5700,1.5500,1.5600,120500
SCABLE,2013-12-20,1.5400,1.5500,1.5400,1.5500,21000
SCABLE,2013-12-23,1.5300,1.5400,1.5300,1.5300,54700
SCABLE,2013-12-24,1.5300,1.5600,1.5300,1.5500,52000
SCABLE,2013-12-26,1.5300,1.5800,1.5200,1.5800,110600
SCABLE,2013-12-27,1.5700,1.5700,1.5600,1.5700,34000
SCABLE,2013-12-30,1.5700,1.5800,1.5600,1.5700,70800
SCABLE,2013-12-31,1.5800,1.5800,1.5500,1.5700,155400
SCABLE,2014-01-02,1.5700,1.5700,1.5500,1.5500,350800
SCABLE,2014-01-03,1.5700,1.5900,1.5600,1.5700,480400
SCABLE,2014-01-06,1.5800,1.6000,1.5700,1.5700,588900
SCABLE,2014-01-07,1.5900,1.5900,1.5700,1.5900,418000
SCABLE,2014-01-08,1.5900,1.6000,1.5800,1.5800,352400
SCABLE,2014-01-09,1.5800,1.5800,1.5600,1.5600,213400
SCABLE,2014-01-10,1.5700,1.6600,1.5700,1.6300,1757400
SCABLE,2014-01-13,1.6400,1.6600,1.6300,1.6300,1099300
SCABLE,2014-01-15,1.6200,1.6200,1.5700,1.5900,357600
SCABLE,2014-01-16,1.5800,1.6300,1.5800,1.5800,261700
SCABLE,2014-01-20,1.5700,1.5900,1.5600,1.5600,316400
SCABLE,2014-01-21,1.5600,1.5700,1.5500,1.5500,197300
SCABLE,2014-01-22,1.5600,1.5700,1.5500,1.5500,154500
SCABLE,2014-01-23,1.5500,1.5700,1.5500,1.5500,229400
SCABLE,2014-01-24,1.5500,1.5500,1.5400,1.5500,143900
SCABLE,2014-01-27,1.5400,1.5500,1.5300,1.5300,219900
SCABLE,2014-01-28,1.5200,1.5400,1.5200,1.5200,96900
SCABLE,2014-01-29,1.5300,1.5300,1.5200,1.5200,104500
SCABLE,2014-01-30,1.5200,1.5200,1.5200,1.5200,181000
SCABLE,2014-02-04,1.5200,1.5200,1.5000,1.5100,307000
SCABLE,2014-02-05,1.5100,1.5200,1.5000,1.5000,379600
SCABLE,2014-02-06,1.5000,1.5000,1.4800,1.4900,361800
SCABLE,2014-02-07,1.5000,1.5000,1.4500,1.4600,900600
SCABLE,2014-02-10,1.4600,1.5100,1.4600,1.5000,550600
SCABLE,2014-02-11,1.5000,1.5000,1.4700,1.4700,295000
SCABLE,2014-02-12,1.4800,1.5100,1.4800,1.5000,274900
SCABLE,2014-02-13,1.5000,1.5300,1.4900,1.5300,423800
SCABLE,2014-02-14,1.5300,1.5300,1.5200,1.5200,137500
SCABLE,2014-02-17,1.5200,1.5200,1.5100,1.5100,169500
SCABLE,2014-02-18,1.5000,1.5100,1.5000,1.5000,202600
SCABLE,2014-02-19,1.5000,1.5200,1.5000,1.5200,267700
SCABLE,2014-02-20,1.5300,1.5300,1.5100,1.5100,149700
SCABLE,2014-02-21,1.5100,1.5500,1.5000,1.5200,296800
SCABLE,2014-02-24,1.5200,1.5200,1.4900,1.4900,197000
SCABLE,2014-02-25,1.5100,1.5100,1.4800,1.4800,121500
SCABLE,2014-02-26,1.4900,1.5000,1.4800,1.4800,104000
SCABLE,2014-02-27,1.5100,1.5200,1.4800,1.4800,174100
SCABLE,2014-02-28,1.4900,1.4900,1.4800,1.4800,136600
SCABLE,2014-03-03,1.4700,1.5200,1.4600,1.4900,133400
SCABLE,2014-03-04,1.4800,1.4800,1.4800,1.4800,62500
SCABLE,2014-03-05,1.5000,1.5000,1.4800,1.4900,90100
SCABLE,2014-03-06,1.4800,1.5300,1.4800,1.5200,188900
SCABLE,2014-03-07,1.5000,1.5000,1.4700,1.4900,245000
SCABLE,2014-03-10,1.4800,1.4800,1.4600,1.4700,136100
SCABLE,2014-03-11,1.4700,1.4700,1.4700,1.4700,53000
SCABLE,2014-03-12,1.4600,1.4700,1.4600,1.4600,178600
SCABLE,2014-03-13,1.4500,1.4700,1.4500,1.4600,105500
SCABLE,2014-03-14,1.4500,1.4600,1.4500,1.4600,103100
SCABLE,2014-03-17,1.4600,1.4600,1.4500,1.4600,97600
SCABLE,2014-03-18,1.4600,1.4700,1.4500,1.4600,134200
SCABLE,2014-03-19,1.4600,1.4700,1.4500,1.4700,80400
SCABLE,2014-03-20,1.4600,1.4600,1.4500,1.4600,75000
SCABLE,2014-03-21,1.4600,1.4700,1.4600,1.4700,53000
SCABLE,2014-03-24,1.4700,1.4800,1.4600,1.4600,90000
SCABLE,2014-03-25,1.4600,1.4700,1.4600,1.4600,47100
SCABLE,2014-03-26,1.4600,1.4600,1.4500,1.4600,233700
SCABLE,2014-03-27,1.4600,1.4600,1.4500,1.4600,210700
SCABLE,2014-03-28,1.4500,1.4600,1.4500,1.4500,82000
SCABLE,2014-03-31,1.4600,1.4800,1.4500,1.4700,179700
SCABLE,2014-04-01,1.4700,1.4700,1.4600,1.4600,74900
SCABLE,2014-04-02,1.4700,1.5800,1.4700,1.5700,1133000
SCABLE,2014-04-03,1.5800,1.5800,1.5300,1.5300,658800
SCABLE,2014-04-04,1.5300,1.5300,1.5000,1.5200,440100
SCABLE,2014-04-07,1.5000,1.5400,1.4900,1.5400,242100
SCABLE,2014-04-08,1.5200,1.5300,1.5100,1.5100,323500
SCABLE,2014-04-09,1.5100,1.5200,1.5100,1.5200,301100
SCABLE,2014-04-10,1.5200,1.5200,1.4900,1.5000,192100
SCABLE,2014-04-11,1.5000,1.5500,1.5000,1.5200,163500
SCABLE,2014-04-14,1.5100,1.5100,1.4900,1.5000,255000
SCABLE,2014-04-15,1.5100,1.5200,1.4900,1.4900,279500
SCABLE,2014-04-16,1.4900,1.5100,1.4900,1.5100,269400
SCABLE,2014-04-17,1.5200,1.5200,1.5000,1.5100,271800
SCABLE,2014-04-18,1.5100,1.5100,1.4900,1.5000,124100
SCABLE,2014-04-21,1.5000,1.5200,1.4900,1.5200,217000
SCABLE,2014-04-22,1.5200,1.5200,1.5000,1.5000,229300
SCABLE,2014-04-23,1.5000,1.5200,1.5000,1.5000,248000
SCABLE,2014-04-24,1.5000,1.5000,1.4900,1.4900,93600
SCABLE,2014-04-25,1.5000,1.5700,1.5000,1.5500,1393900
SCABLE,2014-04-28,1.5400,1.5600,1.5100,1.5100,447800
SCABLE,2014-04-29,1.5200,1.5200,1.4900,1.5000,443700
SCABLE,2014-04-30,1.5100,1.5500,1.5000,1.5500,819100
SCABLE,2014-05-02,1.5300,1.5300,1.5200,1.5200,284900
SCABLE,2014-05-05,1.5300,1.5300,1.5000,1.5100,263900
SCABLE,2014-05-06,1.5000,1.5100,1.5000,1.5100,103900
SCABLE,2014-05-07,1.5100,1.5100,1.4900,1.5000,159300
SCABLE,2014-05-08,1.4900,1.4900,1.4900,1.4900,78900
SCABLE,2014-05-09,1.5000,1.5000,1.4900,1.4900,68300
SCABLE,2014-05-12,1.4900,1.4900,1.4900,1.4900,24700
SCABLE,2014-05-14,1.5000,1.5200,1.4900,1.4900,234200
SCABLE,2014-05-15,1.5000,1.5000,1.5000,1.5000,27000
SCABLE,2014-05-16,1.4900,1.5000,1.4800,1.4800,158400
SCABLE,2014-05-19,1.4800,1.5100,1.4800,1.5100,68800
SCABLE,2014-05-20,1.5100,1.5100,1.4900,1.4900,30300
SCABLE,2014-05-21,1.4900,1.4900,1.4800,1.4900,60300
SCABLE,2014-05-22,1.4900,1.5100,1.4900,1.5000,183200
SCABLE,2014-05-23,1.4900,1.4900,1.4800,1.4800,136800
SCABLE,2014-05-26,1.4700,1.4700,1.4400,1.4600,287600
SCABLE,2014-05-27,1.4600,1.4700,1.3900,1.4500,333600
SCABLE,2014-05-28,1.4100,1.4300,1.3900,1.4000,800100
SCABLE,2014-05-29,1.4000,1.4300,1.4000,1.4100,310000
SCABLE,2014-05-30,1.4300,1.4300,1.3800,1.4100,600200
SCABLE,2014-06-02,1.4200,1.4200,1.4100,1.4100,172800
SCABLE,2014-06-03,1.4100,1.4200,1.3900,1.4000,480000
SCABLE,2014-06-04,1.4000,1.4100,1.3900,1.3900,424800
SCABLE,2014-06-05,1.3800,1.3900,1.3800,1.3900,133800
SCABLE,2014-06-06,1.3800,1.4000,1.3800,1.4000,130500
SCABLE,2014-06-09,1.4000,1.4100,1.4000,1.4000,56500
SCABLE,2014-06-10,1.4000,1.4100,1.4000,1.4100,98200
SCABLE,2014-06-11,1.4200,1.4300,1.4200,1.4300,106000
SCABLE,2014-06-12,1.4200,1.4200,1.4000,1.4100,242100
SCABLE,2014-06-13,1.4100,1.4500,1.3900,1.4400,605400
SCABLE,2014-06-16,1.4700,1.5800,1.4700,1.5400,4584900
SCABLE,2014-06-17,1.5600,1.5600,1.5000,1.5200,647400
SCABLE,2014-06-18,1.5200,1.5400,1.5200,1.5400,405700
SCABLE,2014-06-19,1.5300,1.5400,1.5200,1.5300,497100
SCABLE,2014-06-20,1.5200,1.5300,1.5100,1.5300,812700
SCABLE,2014-06-23,1.5600,1.6300,1.5400,1.6100,1983500
SCABLE,2014-06-24,1.6200,1.6300,1.6100,1.6100,617900
SCABLE,2014-06-25,1.6000,1.6000,1.5500,1.5800,352900
SCABLE,2014-06-26,1.6100,1.6100,1.5600,1.5600,130300
SCABLE,2014-06-27,1.5600,1.5700,1.5500,1.5500,277900
SCABLE,2014-06-30,1.5500,1.5500,1.5300,1.5400,191800
SCABLE,2014-07-01,1.5300,1.5400,1.5300,1.5300,83300
SCABLE,2014-07-02,1.5300,1.5900,1.5300,1.5900,298800
SCABLE,2014-07-03,1.5600,1.5900,1.5600,1.5900,147500
SCABLE,2014-07-04,1.5800,1.5900,1.5700,1.5900,178000
SCABLE,2014-07-07,1.5700,1.5800,1.5600,1.5600,126300
SCABLE,2014-07-08,1.5800,1.6300,1.5700,1.5800,968500
SCABLE,2014-07-09,1.6000,1.6000,1.5700,1.5700,201200
SCABLE,2014-07-10,1.5800,1.5900,1.5600,1.5600,316800
SCABLE,2014-07-11,1.5700,1.5700,1.5300,1.5700,281200
SCABLE,2014-07-14,1.5700,1.5700,1.5300,1.5400,196600
SCABLE,2014-07-16,1.5500,1.5600,1.5400,1.5500,156200
SCABLE,2014-07-17,1.5500,1.5500,1.5300,1.5300,144700
SCABLE,2014-07-18,1.5300,1.5300,1.5200,1.5300,114700
SCABLE,2014-07-21,1.5300,1.5500,1.5200,1.5500,197100
SCABLE,2014-07-22,1.5300,1.5300,1.5300,1.5300,26200
SCABLE,2014-07-23,1.5300,1.5400,1.5300,1.5400,82800
SCABLE,2014-07-24,1.5400,1.5500,1.5400,1.5500,131200
SCABLE,2014-07-25,1.5400,1.5500,1.5300,1.5300,126000
SCABLE,2014-07-30,1.5300,1.5400,1.5300,1.5400,46500
SCABLE,2014-07-31,1.5300,1.5300,1.5200,1.5300,148000
SCABLE,2014-08-01,1.5200,1.5300,1.5100,1.5200,123000
SCABLE,2014-08-04,1.5100,1.5200,1.5100,1.5200,79200
SCABLE,2014-08-05,1.5300,1.5300,1.5300,1.5300,31000
SCABLE,2014-08-06,1.5400,1.5400,1.5300,1.5400,86500
SCABLE,2014-08-07,1.5300,1.5300,1.5100,1.5100,106700
SCABLE,2014-08-08,1.5000,1.5000,1.4900,1.5000,198900
SCABLE,2014-08-11,1.4800,1.5100,1.4800,1.5100,97700
SCABLE,2014-08-12,1.5000,1.5100,1.5000,1.5100,12300
SCABLE,2014-08-13,1.5000,1.5000,1.5000,1.5000,44000
SCABLE,2014-08-14,1.5200,1.5500,1.5100,1.5300,385000
SCABLE,2014-08-15,1.5300,1.5300,1.5200,1.5200,95000
SCABLE,2014-08-18,1.5200,1.5200,1.5100,1.5100,80500
SCABLE,2014-08-19,1.5100,1.5200,1.5100,1.5100,180200
SCABLE,2014-08-20,1.5100,1.5100,1.4800,1.4800,245000
SCABLE,2014-08-21,1.4900,1.4900,1.4700,1.4700,87200
SCABLE,2014-08-22,1.4800,1.5300,1.4800,1.5200,121000
SCABLE,2014-08-25,1.5200,1.5200,1.4900,1.4900,60500
SCABLE,2014-08-26,1.5100,1.5200,1.4900,1.5000,174500
SCABLE,2014-08-27,1.5100,1.5100,1.5000,1.5000,38000
SCABLE,2014-08-28,1.5000,1.5000,1.4800,1.4800,122600
SCABLE,2014-08-29,1.4900,1.4900,1.4700,1.4900,86500
SCABLE,2014-09-02,1.4700,1.4900,1.4700,1.4900,74000
SCABLE,2014-09-03,1.4700,1.4800,1.4700,1.4700,39000
SCABLE,2014-09-04,1.4700,1.4800,1.4600,1.4800,132600
SCABLE,2014-09-05,1.4600,1.4800,1.4500,1.4800,147600
SCABLE,2014-09-08,1.4700,1.4700,1.4600,1.4600,62500
SCABLE,2014-09-09,1.4700,1.4700,1.4500,1.4500,37000
SCABLE,2014-09-10,1.4600,1.4800,1.4600,1.4700,215000
SCABLE,2014-09-11,1.4700,1.5200,1.4700,1.5000,567500
SCABLE,2014-09-12,1.5000,1.5200,1.5000,1.5000,115100
SCABLE,2014-09-15,1.4800,1.4800,1.4600,1.4600,64000
SCABLE,2014-09-17,1.4700,1.4700,1.4400,1.4400,137400
SCABLE,2014-09-18,1.4100,1.4300,1.4100,1.4200,117600
SCABLE,2014-09-19,1.4400,1.4400,1.4400,1.4400,16300
SCABLE,2014-09-22,1.4400,1.4800,1.4400,1.4500,41000
SCABLE,2014-09-23,1.4600,1.4600,1.4400,1.4400,42300
SCABLE,2014-09-24,1.4500,1.4600,1.4200,1.4200,100900
SCABLE,2014-09-25,1.4300,1.4400,1.4200,1.4200,31000
SCABLE,2014-09-26,1.4200,1.4400,1.4100,1.4400,71200
SCABLE,2014-09-29,1.4300,1.4300,1.4100,1.4100,42000
SCABLE,2014-09-30,1.4400,1.4800,1.4300,1.4600,729400
SCABLE,2014-10-01,1.4600,1.4600,1.4400,1.4400,224500
SCABLE,2014-10-02,1.4400,1.4400,1.4200,1.4300,115200
SCABLE,2014-10-03,1.4400,1.4900,1.4400,1.4800,315600
SCABLE,2014-10-07,1.4900,1.5000,1.4700,1.4700,464000
SCABLE,2014-10-08,1.4600,1.4700,1.3900,1.4500,422400
SCABLE,2014-10-09,1.4500,1.4600,1.4000,1.4000,1406100
SCABLE,2014-10-10,1.4300,1.4500,1.3900,1.4000,1292500
SCABLE,2014-10-13,1.4400,1.4400,1.3500,1.3500,298800
SCABLE,2014-10-14,1.3500,1.3500,1.3100,1.3300,388600
SCABLE,2014-10-15,1.3400,1.3700,1.3400,1.3400,289200
SCABLE,2014-10-16,1.3400,1.3400,1.2700,1.2700,395800
SCABLE,2014-10-17,1.3000,1.3500,1.2700,1.3500,175300
SCABLE,2014-10-20,1.3600,1.3600,1.3500,1.3500,267900
SCABLE,2014-10-21,1.3300,1.3500,1.2900,1.3000,188800
SCABLE,2014-10-24,1.3500,1.3600,1.3400,1.3500,569200
SCABLE,2014-10-27,1.3600,1.3900,1.3500,1.3800,185400
SCABLE,2014-10-28,1.4000,1.4000,1.3700,1.3900,470400
SCABLE,2014-10-29,1.4000,1.4200,1.3900,1.3900,559000
SCABLE,2014-10-30,1.4100,1.4500,1.4000,1.4500,872800
SCABLE,2014-10-31,1.4600,1.5800,1.4600,1.5800,4010300
SCABLE,2014-11-03,1.5800,1.6000,1.5200,1.5400,1610800
SCABLE,2014-11-04,1.5300,1.5300,1.5300,1.5300,478200
SCABLE,2014-11-05,1.5300,1.5300,1.4600,1.5000,670900
SCABLE,2014-11-06,1.4900,1.5000,1.4800,1.4900,171600
SCABLE,2014-11-07,1.4700,1.4700,1.4400,1.4600,420400
SCABLE,2014-11-10,1.4600,1.4700,1.4500,1.4500,37900
SCABLE,2014-11-11,1.4500,1.4500,1.4500,1.4500,24400
SCABLE,2014-11-12,1.4500,1.4700,1.4500,1.4700,55300
SCABLE,2014-11-13,1.4500,1.4500,1.4300,1.4300,54200
SCABLE,2014-11-14,1.4300,1.4300,1.4300,1.4300,34000
SCABLE,2014-11-17,1.4300,1.4300,1.4200,1.4200,41000
SCABLE,2014-11-18,1.4300,1.4300,1.4300,1.4300,10100
SCABLE,2014-11-19,1.4100,1.4300,1.4100,1.4300,76000
SCABLE,2014-11-20,1.4000,1.4300,1.4000,1.4300,80500
SCABLE,2014-11-21,1.4300,1.4300,1.4200,1.4200,8000
SCABLE,2014-11-24,1.4100,1.4300,1.4100,1.4300,166000
SCABLE,2014-11-25,1.4200,1.4300,1.4200,1.4300,19000
SCABLE,2014-11-26,1.4300,1.5400,1.4300,1.5000,1912500
SCABLE,2014-11-27,1.5000,1.5000,1.4800,1.4900,94800
SCABLE,2014-11-28,1.5000,1.5600,1.4700,1.5400,2094800
SCABLE,2014-12-01,1.5000,1.5000,1.4300,1.5000,234000
SCABLE,2014-12-02,1.5000,1.5000,1.4500,1.4500,84300
SCABLE,2014-12-03,1.4500,1.4500,1.4200,1.4300,141000
SCABLE,2014-12-04,1.4300,1.4300,1.4100,1.4300,137000
SCABLE,2014-12-05,1.4400,1.4500,1.4200,1.4200,219000
SCABLE,2014-12-08,1.4200,1.4200,1.3900,1.3900,104000
SCABLE,2014-12-09,1.4000,1.4000,1.4000,1.4000,30300
SCABLE,2014-12-10,1.3900,1.4000,1.3800,1.4000,30000
SCABLE,2014-12-11,1.4000,1.4000,1.3600,1.3600,117500
SCABLE,2014-12-12,1.3800,1.3800,1.3500,1.3500,40800
SCABLE,2014-12-15,1.3300,1.3300,1.2800,1.3200,383800
SCABLE,2014-12-16,1.3000,1.3100,1.2900,1.3100,92300
SCABLE,2014-12-17,1.3000,1.3100,1.2900,1.2900,27000
SCABLE,2014-12-18,1.3300,1.5000,1.3300,1.3900,992900
SCABLE,2014-12-19,1.4100,1.4100,1.4000,1.4100,35200
SCABLE,2014-12-22,1.4000,1.4200,1.3500,1.4200,9000
SCABLE,2014-12-23,1.4000,1.4000,1.3800,1.3800,393000
SCABLE,2014-12-24,1.3600,1.3800,1.3600,1.3800,9600
SCABLE,2014-12-26,1.3800,1.3800,1.3700,1.3700,38600
SCABLE,2014-12-30,1.3600,1.3900,1.3600,1.3900,11900
SCABLE,2014-12-31,1.3900,1.4100,1.3900,1.3900,85900
SCABLE,2015-01-02,1.3900,1.4100,1.3900,1.4100,53900
SCABLE,2015-01-05,1.3900,1.4200,1.3800,1.3800,85300
SCABLE,2015-01-06,1.3900,1.3900,1.3800,1.3800,72900
SCABLE,2015-01-07,1.3800,1.4500,1.3800,1.4000,128000
SCABLE,2015-01-08,1.4400,1.4400,1.3900,1.4000,156200
SCABLE,2015-01-09,1.4000,1.4000,1.4000,1.4000,49400
SCABLE,2015-01-12,1.4000,1.4000,1.3900,1.4000,24600
SCABLE,2015-01-13,1.4100,1.4100,1.4000,1.4100,40900
SCABLE,2015-01-14,1.4100,1.4100,1.4000,1.4100,60800
SCABLE,2015-01-15,1.4000,1.4000,1.4000,1.4000,24100
SCABLE,2015-01-16,1.3900,1.4200,1.3900,1.4200,30200
SCABLE,2015-01-19,1.4000,1.4000,1.4000,1.4000,33000
SCABLE,2015-01-20,1.3900,1.4000,1.3900,1.4000,35300
SCABLE,2015-01-21,1.4000,1.4000,1.4000,1.4000,5000
SCABLE,2015-01-22,1.4000,1.4100,1.3900,1.4100,49800
SCABLE,2015-01-23,1.4100,1.4200,1.3900,1.3900,59000
SCABLE,2015-01-26,1.4200,1.5100,1.3900,1.5000,683300
SCABLE,2015-01-27,1.5100,1.5500,1.4800,1.4800,395600
SCABLE,2015-01-28,1.4800,1.4800,1.4800,1.4800,7500
SCABLE,2015-01-29,1.4800,1.5000,1.4200,1.4300,111700
SCABLE,2015-01-30,1.4300,1.4900,1.4200,1.4600,76900
SCABLE,2015-02-04,1.4500,1.4500,1.4200,1.4300,66900
SCABLE,2015-02-05,1.4400,1.4400,1.4400,1.4400,5000
SCABLE,2015-02-06,1.4100,1.4300,1.4100,1.4300,41000
SCABLE,2015-02-09,1.4500,1.4500,1.4300,1.4400,103400
SCABLE,2015-02-10,1.4400,1.5000,1.4400,1.4900,434000
SCABLE,2015-02-11,1.4900,1.5000,1.4600,1.4600,149200
SCABLE,2015-02-12,1.4600,1.4800,1.4300,1.4600,216100
SCABLE,2015-02-13,1.4600,1.4800,1.4600,1.4800,124700
SCABLE,2015-02-16,1.4800,1.5000,1.4700,1.4800,189500
SCABLE,2015-02-17,1.5000,1.5000,1.4800,1.4900,71500
SCABLE,2015-02-18,1.4900,1.5000,1.4700,1.4900,29400
SCABLE,2015-02-23,1.5000,1.5500,1.5000,1.5200,738300
SCABLE,2015-02-24,1.5200,1.5200,1.4800,1.4800,100600
SCABLE,2015-02-25,1.4800,1.5000,1.4700,1.4700,602600
SCABLE,2015-02-26,1.4700,1.5200,1.4700,1.5200,717000
SCABLE,2015-02-27,1.5200,1.5300,1.4800,1.5000,733100
SCABLE,2015-03-02,1.5000,1.5000,1.4700,1.4700,40000
SCABLE,2015-03-03,1.4700,1.5000,1.4600,1.5000,63000
SCABLE,2015-03-04,1.4800,1.4800,1.4700,1.4800,57400
SCABLE,2015-03-05,1.4600,1.4900,1.4400,1.4900,171000
SCABLE,2015-03-06,1.4500,1.4700,1.4500,1.4600,30900
SCABLE,2015-03-09,1.4500,1.4500,1.4400,1.4500,51000
SCABLE,2015-03-10,1.4500,1.4700,1.4500,1.4700,10000
SCABLE,2015-03-11,1.4500,1.4500,1.4500,1.4500,29400
SCABLE,2015-03-12,1.4500,1.4800,1.4500,1.4600,62700
SCABLE,2015-03-13,1.5000,1.5000,1.4600,1.4700,35000
SCABLE,2015-03-16,1.4600,1.4600,1.4500,1.4500,51600
SCABLE,2015-03-17,1.4200,1.4800,1.4200,1.4800,49100
SCABLE,2015-03-18,1.4500,1.4500,1.4500,1.4500,37000
SCABLE,2015-03-20,1.4500,1.4500,1.4400,1.4500,29000
SCABLE,2015-03-23,1.4800,1.4800,1.4400,1.4400,86000
SCABLE,2015-03-24,1.4200,1.4400,1.4200,1.4400,92500
SCABLE,2015-03-25,1.4300,1.4400,1.4300,1.4300,56800
SCABLE,2015-03-26,1.4200,1.4300,1.4200,1.4300,103500
SCABLE,2015-03-27,1.4300,1.4500,1.4300,1.4500,26000
SCABLE,2015-03-30,1.4500,1.4900,1.4500,1.4700,163300
SCABLE,2015-03-31,1.4800,1.4800,1.4600,1.4700,8900
SCABLE,2015-04-01,1.4700,1.4700,1.4400,1.4400,10000
SCABLE,2015-04-02,1.4400,1.4400,1.4400,1.4400,9000
SCABLE,2015-04-03,1.4500,1.4600,1.4400,1.4500,71000
SCABLE,2015-04-06,1.4400,1.4400,1.4300,1.4300,70000
SCABLE,2015-04-07,1.4300,1.4500,1.4200,1.4500,62000
SCABLE,2015-04-09,1.4700,1.4800,1.4400,1.4500,153700
SCABLE,2015-04-10,1.4400,1.4500,1.4400,1.4500,44000
SCABLE,2015-04-13,1.4500,1.4500,1.4400,1.4400,65000
SCABLE,2015-04-14,1.4300,1.4300,1.4200,1.4300,94300
SCABLE,2015-04-15,1.4300,1.4400,1.4300,1.4400,34000
SCABLE,2015-04-16,1.4400,1.4800,1.4400,1.4500,274800
SCABLE,2015-04-17,1.4400,1.4500,1.4400,1.4500,53300
SCABLE,2015-04-20,1.4500,1.4500,1.4300,1.4400,49000
SCABLE,2015-04-21,1.4400,1.4400,1.4200,1.4400,131600
SCABLE,2015-04-22,1.4300,1.4400,1.4200,1.4300,137000
SCABLE,2015-04-23,1.4300,1.4300,1.4200,1.4200,169800
SCABLE,2015-04-24,1.4200,1.4300,1.4100,1.4100,113000
SCABLE,2015-04-27,1.4000,1.4200,1.4000,1.4000,123700
SCABLE,2015-04-28,1.4100,1.4200,1.3900,1.4000,191600
SCABLE,2015-04-29,1.4000,1.4000,1.3800,1.3800,240000
SCABLE,2015-04-30,1.4000,1.4000,1.3700,1.3900,196300
SCABLE,2015-05-05,1.3800,1.3800,1.3600,1.3600,177100
SCABLE,2015-05-06,1.3800,1.3900,1.3600,1.3700,266000
SCABLE,2015-05-07,1.3700,1.3800,1.3600,1.3600,36100
SCABLE,2015-05-08,1.3700,1.3900,1.3700,1.3800,221500
SCABLE,2015-05-11,1.3700,1.3700,1.3700,1.3700,11000
SCABLE,2015-05-12,1.3600,1.3600,1.2900,1.3000,1416700
SCABLE,2015-05-13,1.3000,1.3500,1.3000,1.3200,486600
SCABLE,2015-05-14,1.3200,1.3300,1.2900,1.3200,340600
SCABLE,2015-05-15,1.3000,1.3000,1.2900,1.3000,446900
SCABLE,2015-05-18,1.2900,1.2900,1.2600,1.2700,975500
SCABLE,2015-05-19,1.2700,1.2900,1.2600,1.2900,818900
SCABLE,2015-05-20,1.3100,1.3900,1.3100,1.3900,2381100
SCABLE,2015-05-21,1.4200,1.4700,1.3700,1.4000,1504700
SCABLE,2015-05-22,1.4100,1.4100,1.3700,1.3800,226500
SCABLE,2015-05-25,1.3600,1.3600,1.3000,1.3200,434000
SCABLE,2015-05-27,1.3400,1.3600,1.3100,1.3600,464000
SCABLE,2015-06-03,1.4200,1.4200,1.4000,1.4200,259200
SCABLE,2015-06-05,1.4000,1.4100,1.3800,1.4000,491700
SCABLE,2015-06-08,1.3900,1.4000,1.3800,1.3900,248700
SCABLE,2015-06-09,1.3800,1.3900,1.3800,1.3900,54100
SCABLE,2015-06-12,1.3700,1.3700,1.3400,1.3400,176300
SCABLE,2015-06-15,1.3400,1.3400,1.3300,1.3300,69800
SCABLE,2015-06-24,1.4200,1.4200,1.4000,1.4000,96500
SCABLE,2015-06-29,1.3800,1.3800,1.3400,1.3400,122000
SCABLE,2015-07-13,1.3700,1.3800,1.3600,1.3600,143000
SCABLE,2015-07-14,1.3700,1.3900,1.3700,1.3800,96400
SCABLE,2015-07-15,1.4100,1.4300,1.4000,1.4300,530500
SCABLE,2015-07-29,1.3900,1.4200,1.3800,1.4100,95100
SCABLE,2015-07-31,1.4200,1.4300,1.4200,1.4300,61000
SCABLE,2015-08-04,1.4300,1.4300,1.4200,1.4200,260500
SCABLE,2015-08-07,1.3700,1.3900,1.3700,1.3900,79900
SCABLE,2015-08-12,1.3400,1.3400,1.3000,1.3000,570100
SCABLE,2015-08-13,1.3100,1.3300,1.3000,1.3000,47500
SCABLE,2015-08-14,1.3000,1.3000,1.2800,1.3000,311600
SCABLE,2015-08-17,1.2500,1.3000,1.2500,1.3000,141200
SCABLE,2015-08-18,1.2800,1.2800,1.2600,1.2700,44800
SCABLE,2015-08-19,1.2700,1.3200,1.2700,1.3200,96400
SCABLE,2015-08-20,1.3200,1.3200,1.3200,1.3200,13000
SCABLE,2015-08-21,1.2900,1.2900,1.2600,1.2700,121900
SCABLE,2015-08-24,1.2500,1.2800,1.1900,1.1900,219200
SCABLE,2015-08-25,1.1300,1.2400,1.1300,1.2200,316200
SCABLE,2015-08-26,1.2400,1.2500,1.1800,1.2500,348500
SCABLE,2015-08-27,1.2500,1.2600,1.2400,1.2400,134600
SCABLE,2015-08-28,1.2400,1.3000,1.2400,1.2800,211300
SCABLE,2015-09-01,1.2800,1.3000,1.2800,1.2900,73400
SCABLE,2015-09-02,1.2900,1.3100,1.2800,1.2900,172000
SCABLE,2015-09-03,1.3200,1.3300,1.3200,1.3200,72000
SCABLE,2015-09-04,1.3400,1.3500,1.3300,1.3400,86200
SCABLE,2015-09-08,1.3300,1.3300,1.3000,1.3000,27700
SCABLE,2015-09-09,1.3100,1.3700,1.3100,1.3500,176300
SCABLE,2015-09-10,1.3300,1.3400,1.3300,1.3400,47200
SCABLE,2015-09-11,1.3400,1.3800,1.3400,1.3700,42500
SCABLE,2015-09-14,1.3100,1.3800,1.3100,1.3600,21800
SCABLE,2015-09-15,1.3600,1.3700,1.3300,1.3300,95400
SCABLE,2015-09-17,1.3700,1.3800,1.3600,1.3700,45200
SCABLE,2015-09-18,1.3700,1.3700,1.3500,1.3500,36000
SCABLE,2015-09-21,1.3500,1.3900,1.3500,1.3900,7000
SCABLE,2015-09-22,1.3400,1.3900,1.3400,1.3900,23200
SCABLE,2015-09-23,1.3500,1.3700,1.3200,1.3400,54900
SCABLE,2015-09-25,1.3400,1.3700,1.3400,1.3700,20000
SCABLE,2015-09-28,1.3400,1.3500,1.3400,1.3500,8300
SCABLE,2015-09-29,1.3200,1.3200,1.3200,1.3200,24700
SCABLE,2015-09-30,1.3300,1.3400,1.3300,1.3400,24700
SCABLE,2015-10-01,1.3200,1.3300,1.3200,1.3300,28000
SCABLE,2015-10-02,1.3300,1.3400,1.3300,1.3400,25000
SCABLE,2015-10-05,1.3500,1.3600,1.3500,1.3500,75200
SCABLE,2015-10-06,1.3600,1.3700,1.3500,1.3600,105000
SCABLE,2015-10-07,1.3500,1.3900,1.3500,1.3900,120900
SCABLE,2015-10-08,1.3800,1.3800,1.3400,1.3500,97200
SCABLE,2015-10-09,1.3500,1.3700,1.3500,1.3600,36000
SCABLE,2015-10-12,1.3800,1.3800,1.3500,1.3700,8500
SCABLE,2015-10-13,1.3600,1.3700,1.3600,1.3700,11400
SCABLE,2015-10-15,1.3800,1.4600,1.3800,1.4600,1348800
SCABLE,2015-10-16,1.4700,1.5000,1.4300,1.4500,1364800
SCABLE,2015-10-19,1.4600,1.4700,1.4300,1.4600,452400
SCABLE,2015-10-20,1.4500,1.4900,1.4500,1.4800,2191500
SCABLE,2015-10-21,1.4800,1.5200,1.4700,1.5200,2913400
SCABLE,2015-10-22,1.5000,1.5500,1.5000,1.5300,2627700
SCABLE,2015-10-23,1.5300,1.5400,1.5100,1.5300,1152000
SCABLE,2015-10-26,1.5200,1.5200,1.4900,1.4900,196400
SCABLE,2015-10-27,1.4900,1.4900,1.4300,1.4600,280500
SCABLE,2015-10-28,1.4500,1.5300,1.4400,1.5000,805200
SCABLE,2015-10-29,1.4900,1.5000,1.4700,1.4700,168000
SCABLE,2015-10-30,1.4700,1.5300,1.4700,1.5000,520100
SCABLE,2015-11-02,1.5200,1.5600,1.5200,1.5300,1562400
SCABLE,2015-11-03,1.5400,1.5500,1.5100,1.5100,417300
SCABLE,2015-11-04,1.5300,1.5300,1.5100,1.5200,455100
SCABLE,2015-11-05,1.5200,1.5300,1.5200,1.5300,332200
SCABLE,2015-11-06,1.5400,1.6200,1.5400,1.6100,3794900
SCABLE,2015-11-09,1.6300,1.7000,1.6200,1.7000,3003900
SCABLE,2015-11-11,1.7100,1.7400,1.6400,1.7000,3766600
SCABLE,2015-11-12,1.7200,1.7500,1.6900,1.7100,2319900
SCABLE,2015-11-13,1.6700,1.7300,1.6700,1.7200,1623000
SCABLE,2015-11-16,1.7000,1.7200,1.6600,1.6800,798400
SCABLE,2015-11-17,1.6800,1.7200,1.6700,1.7100,1756100
SCABLE,2015-11-18,1.7200,1.7800,1.7000,1.7700,2378000
SCABLE,2015-11-19,1.7700,1.7900,1.7400,1.7400,1393600
SCABLE,2015-11-20,1.7300,1.7600,1.7000,1.7000,850200
SCABLE,2015-11-23,1.7000,1.7600,1.7000,1.7600,922900
SCABLE,2015-11-24,1.7600,1.7700,1.7200,1.7300,476700
SCABLE,2015-11-25,1.7300,1.7300,1.6600,1.6600,758100
SCABLE,2015-11-26,1.6600,1.6900,1.6600,1.6800,377800
SCABLE,2015-11-27,1.6800,1.6800,1.5800,1.5800,1912000
SCABLE,2015-11-30,1.5800,1.5800,1.5200,1.5500,351700
SCABLE,2015-12-01,1.5600,1.6000,1.5600,1.5900,444300
SCABLE,2015-12-02,1.6200,1.6200,1.5600,1.5700,446700
SCABLE,2015-12-03,1.5700,1.5800,1.5700,1.5800,436000
SCABLE,2015-12-04,1.5700,1.5700,1.5600,1.5600,402700
SCABLE,2015-12-07,1.6000,1.6800,1.5900,1.6800,2238800
SCABLE,2015-12-08,1.6900,1.7300,1.6300,1.6400,1930700
SCABLE,2015-12-09,1.6800,1.6800,1.6400,1.6500,405900
SCABLE,2015-12-10,1.6500,1.6500,1.6300,1.6400,340600
SCABLE,2015-12-11,1.6400,1.6600,1.6100,1.6200,320200
SCABLE,2015-12-14,1.6100,1.6100,1.5500,1.5600,886200
SCABLE,2015-12-15,1.5800,1.5800,1.5500,1.5700,272300
SCABLE,2015-12-16,1.5800,1.6400,1.5700,1.6200,594900
SCABLE,2015-12-17,1.6500,1.6500,1.6200,1.6400,500600
SCABLE,2015-12-18,1.6100,1.6400,1.6100,1.6400,563800
SCABLE,2015-12-21,1.6300,1.6500,1.6100,1.6100,98000
SCABLE,2015-12-22,1.6200,1.6400,1.6100,1.6100,164900
SCABLE,2015-12-23,1.6200,1.6500,1.6100,1.6500,581600
SCABLE,2015-12-28,1.6700,1.7000,1.6500,1.6700,652100
SCABLE,2015-12-29,1.6700,1.6800,1.6500,1.6700,508600
SCABLE,2015-12-30,1.6800,1.7700,1.6800,1.7400,3384300
SCABLE,2015-12-31,1.7600,1.7600,1.6900,1.7200,467500
SCABLE,2016-01-04,1.7400,1.7700,1.6800,1.6800,1470700
SCABLE,2016-01-05,1.7000,1.7500,1.7000,1.7500,1002600
SCABLE,2016-01-06,1.7500,1.8700,1.7500,1.8200,7073900
SCABLE,2016-01-07,1.8300,1.8700,1.8000,1.8100,2551100
SCABLE,2016-01-08,1.7800,1.8600,1.7700,1.8200,2084800
SCABLE,2016-01-11,1.8000,1.8100,1.7200,1.7600,2952400
SCABLE,2016-01-12,1.7700,1.8200,1.7400,1.7400,2385600
SCABLE,2016-01-13,1.7700,1.8100,1.7600,1.8000,1334400
SCABLE,2016-01-14,1.7800,1.7800,1.7500,1.7500,1115500
SCABLE,2016-01-15,1.7700,1.7900,1.7100,1.7200,1264900
SCABLE,2016-01-18,1.7100,1.7100,1.6600,1.6800,1377400
SCABLE,2016-01-19,1.6800,1.6900,1.6600,1.6700,1188100
SCABLE,2016-01-20,1.6700,1.6700,1.5900,1.5900,1113900
SCABLE,2016-01-21,1.5900,1.6200,1.5600,1.6000,810000
SCABLE,2016-01-22,1.6200,1.6400,1.6000,1.6200,472000
SCABLE,2016-01-26,1.6300,1.6300,1.5900,1.5900,284200
SCABLE,2016-01-27,1.6100,1.6300,1.5900,1.5900,431300
SCABLE,2016-01-28,1.5700,1.5800,1.4600,1.4700,2751000
SCABLE,2016-01-29,1.4700,1.5700,1.4700,1.5600,1224100
SCABLE,2016-02-02,1.5800,1.6200,1.5300,1.5400,1291000
SCABLE,2016-02-03,1.5400,1.5400,1.5000,1.5000,1335600
SCABLE,2016-02-04,1.5200,1.5300,1.5000,1.5000,1460200
SCABLE,2016-02-05,1.5100,1.5600,1.5100,1.5300,1257600
SCABLE,2016-02-10,1.5100,1.5300,1.5000,1.5200,263500
SCABLE,2016-02-11,1.5100,1.5100,1.5000,1.5000,684900
SCABLE,2016-02-12,1.5000,1.5000,1.4600,1.4800,1104300
SCABLE,2016-02-15,1.4900,1.5100,1.4800,1.4900,668000
SCABLE,2016-02-16,1.5100,1.5300,1.5100,1.5300,608900
SCABLE,2016-02-17,1.5300,1.5700,1.5300,1.5300,720600
SCABLE,2016-02-18,1.5500,1.5600,1.5300,1.5300,537900
SCABLE,2016-02-19,1.5300,1.5600,1.5200,1.5400,743600
SCABLE,2016-02-22,1.5600,1.6800,1.5600,1.6700,3662600
SCABLE,2016-02-23,1.6800,1.6900,1.6200,1.6200,2321000
SCABLE,2016-02-24,1.6200,1.6500,1.6200,1.6300,551000
SCABLE,2016-02-25,1.6200,1.6300,1.5600,1.5700,718200
SCABLE,2016-02-26,1.5900,1.6400,1.5900,1.6400,1253300
SCABLE,2016-02-29,1.6100,1.6200,1.5700,1.5900,1360600
SCABLE,2016-03-01,1.5900,1.5900,1.5700,1.5700,585900
SCABLE,2016-03-02,1.6000,1.6200,1.5900,1.6100,857300
SCABLE,2016-03-03,1.6100,1.6500,1.6100,1.6100,1004800
SCABLE,2016-03-04,1.6100,1.6300,1.5800,1.5900,558700
SCABLE,2016-03-07,1.6000,1.6000,1.5800,1.5800,604300
SCABLE,2016-03-08,1.5800,1.5800,1.5300,1.5500,765800
SCABLE,2016-03-09,1.5500,1.5800,1.5400,1.5800,411300
SCABLE,2016-03-10,1.5900,1.5900,1.5700,1.5700,218600
SCABLE,2016-03-11,1.5600,1.5800,1.5600,1.5700,229600
SCABLE,2016-03-14,1.5900,1.6100,1.5900,1.5900,422400
SCABLE,2016-03-15,1.5900,1.6000,1.5800,1.6000,133900
SCABLE,2016-03-16,1.5900,1.6400,1.5900,1.6400,600100
SCABLE,2016-03-17,1.6500,1.6900,1.6500,1.6500,1271900
SCABLE,2016-03-18,1.6700,1.6800,1.6600,1.6600,496700
SCABLE,2016-03-21,1.6800,1.6900,1.6600,1.6800,545500
SCABLE,2016-03-22,1.6800,1.6900,1.6400,1.6500,915300
SCABLE,2016-03-23,1.6400,1.6500,1.5900,1.5900,2130300
SCABLE,2016-03-25,1.5900,1.6000,1.5800,1.6000,143700
SCABLE,2016-03-28,1.5900,1.5900,1.5700,1.5700,224600
SCABLE,2016-03-29,1.5900,1.5900,1.5500,1.5700,1951500
SCABLE,2016-03-30,1.5700,1.6100,1.5600,1.6100,930500
SCABLE,2016-03-31,1.6100,1.6500,1.5900,1.6400,1466100
SCABLE,2016-04-01,1.6400,1.6500,1.6100,1.6200,568700
SCABLE,2016-04-04,1.6400,1.6500,1.6300,1.6400,454000
SCABLE,2016-04-05,1.6300,1.6500,1.6200,1.6300,277700
SCABLE,2016-04-06,1.6300,1.6300,1.6100,1.6100,368900
SCABLE,2016-04-07,1.6200,1.6200,1.6100,1.6200,1121700
SCABLE,2016-04-08,1.6300,1.6600,1.6100,1.6200,4660700
SCABLE,2016-04-11,1.6200,1.6200,1.6100,1.6100,526400
SCABLE,2016-04-12,1.6100,1.6100,1.5900,1.5900,412700
SCABLE,2016-04-13,1.6100,1.6100,1.5800,1.6000,505700
SCABLE,2016-04-14,1.6000,1.6000,1.5600,1.5900,1082900
SCABLE,2016-04-15,1.5800,1.5800,1.5600,1.5600,363100
SCABLE,2016-04-18,1.5600,1.5900,1.5500,1.5600,494600
SCABLE,2016-04-19,1.5600,1.5700,1.5500,1.5500,484700
SCABLE,2016-04-20,1.5500,1.5600,1.5300,1.5400,382000
SCABLE,2016-04-21,1.5400,1.5700,1.5400,1.5600,379900
SCABLE,2016-04-22,1.5600,1.5600,1.5400,1.5400,318400
SCABLE,2016-04-25,1.5500,1.5600,1.5400,1.5500,208800
SCABLE,2016-04-26,1.5400,1.5600,1.5000,1.5200,818900
SCABLE,2016-04-27,1.5200,1.5200,1.5000,1.5000,541300
SCABLE,2016-04-28,1.5200,1.5400,1.4900,1.5000,854500
SCABLE,2016-04-29,1.5000,1.5000,1.4800,1.4900,602200
SCABLE,2016-05-03,1.5000,1.5000,1.4300,1.4500,1041400
SCABLE,2016-05-04,1.4400,1.4600,1.4200,1.4400,1617800
SCABLE,2016-05-05,1.4400,1.4500,1.4200,1.4400,1020700
SCABLE,2016-05-06,1.4400,1.5000,1.4200,1.4900,2876500
SCABLE,2016-05-09,1.5200,1.5300,1.4900,1.4900,1932900
SCABLE,2016-05-10,1.4900,1.4900,1.4600,1.4700,673500
SCABLE,2016-05-11,1.4700,1.4800,1.4500,1.4700,356400
SCABLE,2016-05-12,1.4600,1.5000,1.4600,1.5000,798400
SCABLE,2016-05-13,1.5100,1.5100,1.4600,1.4900,1292100
SCABLE,2016-05-16,1.4900,1.5000,1.4500,1.4600,253400
SCABLE,2016-05-17,1.4700,1.4700,1.4600,1.4700,226000
SCABLE,2016-05-18,1.4600,1.4600,1.4200,1.4600,1353300
SCABLE,2016-05-19,1.4600,1.4600,1.4100,1.4400,1218500
SCABLE,2016-05-20,1.4200,1.4400,1.4000,1.4400,391000
SCABLE,2016-05-23,1.4200,1.4400,1.4200,1.4300,326900
SCABLE,2016-05-24,1.4300,1.4300,1.4000,1.4200,371100
SCABLE,2016-05-25,1.4200,1.4200,1.3800,1.3900,769800
SCABLE,2016-05-26,1.3900,1.4100,1.3900,1.4000,187500
SCABLE,2016-05-27,1.3800,1.3900,1.3600,1.3800,399600
SCABLE,2016-05-30,1.3900,1.3900,1.3700,1.3700,181700
SCABLE,2016-05-31,1.3700,1.3800,1.3700,1.3800,133700
SCABLE,2016-06-01,1.3700,1.3800,1.3700,1.3700,36000
SCABLE,2016-06-02,1.3700,1.3800,1.3600,1.3800,153300
SCABLE,2016-06-03,1.3700,1.3800,1.3600,1.3700,125200
SCABLE,2016-06-06,1.3800,1.3800,1.3700,1.3800,96300
SCABLE,2016-06-07,1.3900,1.4200,1.3900,1.4200,183400
SCABLE,2016-06-08,1.4300,1.4800,1.4100,1.4500,801100
SCABLE,2016-06-09,1.4500,1.5100,1.4500,1.4600,694400
SCABLE,2016-06-10,1.4700,1.5000,1.4500,1.4500,138000
SCABLE,2016-06-13,1.4500,1.4600,1.4200,1.4500,62300
SCABLE,2016-06-14,1.4200,1.4700,1.4200,1.4500,65600
SCABLE,2016-06-15,1.4200,1.4600,1.4100,1.4600,110900
SCABLE,2016-06-16,1.4600,1.4600,1.4200,1.4500,295600
SCABLE,2016-06-17,1.4300,1.4400,1.4100,1.4100,382100
SCABLE,2016-06-20,1.4100,1.4100,1.3800,1.4000,248000
SCABLE,2016-06-21,1.4100,1.4100,1.3900,1.4000,48400
SCABLE,2016-06-23,1.4000,1.4000,1.3600,1.3600,681200
SCABLE,2016-06-24,1.3700,1.3700,1.2700,1.3100,1362500
SCABLE,2016-06-27,1.3000,1.3500,1.2800,1.3400,122600
SCABLE,2016-06-28,1.3400,1.3500,1.3300,1.3400,694000
SCABLE,2016-06-29,1.3000,1.3100,1.2900,1.3000,272500
SCABLE,2016-06-30,1.3000,1.3100,1.3000,1.3000,101600
SCABLE,2016-07-01,1.3100,1.3100,1.2900,1.2900,85400
SCABLE,2016-07-04,1.3000,1.3000,1.2900,1.2900,132000
SCABLE,2016-07-05,1.3000,1.3200,1.2700,1.3200,226700
SCABLE,2016-07-08,1.3200,1.3200,1.3000,1.3000,42000
SCABLE,2016-07-11,1.3000,1.3000,1.2800,1.3000,192900
SCABLE,2016-07-12,1.2900,1.2900,1.2900,1.2900,73700
SCABLE,2016-07-13,1.2900,1.3000,1.2900,1.3000,92000
SCABLE,2016-07-14,1.3000,1.3000,1.2800,1.3000,128400
SCABLE,2016-07-15,1.2900,1.3500,1.2900,1.3000,271800
SCABLE,2016-07-18,1.3500,1.3500,1.3200,1.3300,100600
SCABLE,2016-07-19,1.3300,1.3500,1.3300,1.3400,206500
SCABLE,2016-07-20,1.3500,1.4100,1.3500,1.4100,1044800
SCABLE,2016-07-21,1.4200,1.4200,1.3400,1.3500,760100
SCABLE,2016-07-22,1.3400,1.3800,1.3400,1.3700,293600
SCABLE,2016-07-25,1.3800,1.3800,1.3700,1.3800,172000
SCABLE,2016-07-26,1.3900,1.3900,1.3500,1.3600,244700
SCABLE,2016-07-27,1.3600,1.3600,1.3500,1.3500,49900
SCABLE,2016-07-28,1.3400,1.3400,1.3200,1.3300,368600
SCABLE,2016-07-29,1.3500,1.3500,1.3200,1.3400,87000
SCABLE,2016-08-01,1.3200,1.3500,1.3000,1.3300,55200
SCABLE,2016-08-02,1.3200,1.3300,1.3000,1.3000,431900
SCABLE,2016-08-03,1.3000,1.3200,1.3000,1.3100,80000
SCABLE,2016-08-04,1.3400,1.3400,1.3100,1.3100,38000
SCABLE,2016-08-05,1.3100,1.3300,1.3000,1.3100,85000
SCABLE,2016-08-08,1.3100,1.3500,1.3100,1.3400,139900
SCABLE,2016-08-09,1.3300,1.3400,1.3200,1.3400,30600
SCABLE,2016-08-10,1.3400,1.3400,1.3000,1.3000,503400
SCABLE,2016-08-11,1.3200,1.3600,1.3200,1.3300,1059600
SCABLE,2016-08-12,1.3400,1.3400,1.3300,1.3300,152100
SCABLE,2016-08-15,1.3400,1.3600,1.3400,1.3500,143000
SCABLE,2016-08-16,1.3500,1.3600,1.3200,1.3200,486300
SCABLE,2016-08-17,1.3200,1.3300,1.3100,1.3100,409800
SCABLE,2016-08-18,1.3200,1.3200,1.3100,1.3200,103800
SCABLE,2016-08-19,1.3100,1.3100,1.3000,1.3000,142800
SCABLE,2016-08-22,1.3000,1.3100,1.2900,1.3000,232400
SCABLE,2016-08-23,1.3000,1.3000,1.2900,1.2900,162700
SCABLE,2016-08-24,1.2800,1.2900,1.2500,1.2500,779400
SCABLE,2016-08-25,1.2500,1.2700,1.2400,1.2400,208100
SCABLE,2016-08-26,1.2300,1.2800,1.2300,1.2800,105400
SCABLE,2016-08-29,1.2800,1.2800,1.2300,1.2500,242500
SCABLE,2016-08-30,1.2400,1.2600,1.2300,1.2300,204700
SCABLE,2016-09-01,1.2300,1.2500,1.2300,1.2500,282100
SCABLE,2016-09-02,1.2500,1.2600,1.2400,1.2600,60000
SCABLE,2016-09-05,1.2700,1.2700,1.2400,1.2400,252300
SCABLE,2016-09-06,1.2400,1.2600,1.2400,1.2500,78000
SCABLE,2016-09-07,1.2500,1.2500,1.2300,1.2400,218900
SCABLE,2016-09-08,1.2300,1.2600,1.2300,1.2500,324100
SCABLE,2016-09-09,1.2500,1.2800,1.2400,1.2500,212000
SCABLE,2016-09-13,1.2500,1.2500,1.2400,1.2400,104300
SCABLE,2016-09-14,1.2300,1.2500,1.2300,1.2400,143200
SCABLE,2016-09-15,1.2400,1.2700,1.2400,1.2700,63000
SCABLE,2016-09-19,1.2700,1.2700,1.2400,1.2400,60300
SCABLE,2016-09-20,1.2400,1.2500,1.2400,1.2400,25100
SCABLE,2016-09-21,1.2500,1.2700,1.2400,1.2500,140600
SCABLE,2016-09-22,1.2500,1.2600,1.2500,1.2600,42700
SCABLE,2016-09-23,1.2600,1.2600,1.2400,1.2400,29900
SCABLE,2016-09-26,1.2700,1.2700,1.2400,1.2500,50200
SCABLE,2016-09-27,1.2500,1.2700,1.2500,1.2600,97000
SCABLE,2016-09-28,1.2500,1.2600,1.2500,1.2600,77600
SCABLE,2016-09-29,1.2600,1.2600,1.2500,1.2500,60300
SCABLE,2016-09-30,1.2400,1.2400,1.2200,1.2300,224100
SCABLE,2016-10-04,1.2300,1.2300,1.2300,1.2300,45400
SCABLE,2016-10-05,1.2400,1.2500,1.2300,1.2400,68100
SCABLE,2016-10-06,1.2400,1.2400,1.2300,1.2300,70500
SCABLE,2016-10-07,1.2300,1.2300,1.2200,1.2300,210600
SCABLE,2016-10-10,1.2300,1.2300,1.2300,1.2300,86000
SCABLE,2016-10-11,1.2200,1.2400,1.2200,1.2300,105900
SCABLE,2016-10-12,1.2300,1.2300,1.2200,1.2300,333500
SCABLE,2016-10-13,1.2300,1.2300,1.2200,1.2200,50100
SCABLE,2016-10-14,1.2300,1.2300,1.2200,1.2300,104700
SCABLE,2016-10-17,1.2300,1.2400,1.2300,1.2400,134900
SCABLE,2016-10-18,1.2400,1.2400,1.2400,1.2400,122700
SCABLE,2016-10-19,1.2500,1.2600,1.2500,1.2500,64500
SCABLE,2016-10-20,1.2500,1.2700,1.2500,1.2700,190800
SCABLE,2016-10-21,1.2700,1.2800,1.2700,1.2700,210600
SCABLE,2016-10-24,1.2700,1.2800,1.2700,1.2700,104100
SCABLE,2016-10-25,1.2600,1.2600,1.2400,1.2500,82100
SCABLE,2016-10-26,1.2600,1.2600,1.2400,1.2500,135900
SCABLE,2016-10-27,1.2900,1.3000,1.2700,1.2800,543800
SCABLE,2016-10-28,1.2800,1.2800,1.2700,1.2700,54200
SCABLE,2016-10-31,1.2700,1.2700,1.2500,1.2700,85100
SCABLE,2016-11-01,1.2600,1.2600,1.2500,1.2500,134700
SCABLE,2016-11-02,1.2500,1.2900,1.2500,1.2600,352700
SCABLE,2016-11-03,1.2500,1.2700,1.2400,1.2500,133500
SCABLE,2016-11-04,1.2500,1.2600,1.2400,1.2400,19200
SCABLE,2016-11-07,1.2400,1.2700,1.2300,1.2500,167900
SCABLE,2016-11-08,1.2400,1.2500,1.2300,1.2300,228900
SCABLE,2016-11-09,1.2300,1.2300,1.1700,1.2100,460500
SCABLE,2016-11-10,1.2100,1.2200,1.2000,1.2200,192000
SCABLE,2016-11-11,1.2100,1.2100,1.1800,1.1900,152400
SCABLE,2016-11-14,1.1900,1.1900,1.1700,1.1900,66100
SCABLE,2016-11-15,1.1900,1.1900,1.1900,1.1900,127100
SCABLE,2016-11-16,1.1900,1.2000,1.1900,1.2000,40000
SCABLE,2016-11-17,1.2000,1.2100,1.2000,1.2100,151000
SCABLE,2016-11-18,1.2000,1.2000,1.1900,1.1900,59000
SCABLE,2016-11-21,1.2000,1.2100,1.1900,1.2100,80100
SCABLE,2016-11-22,1.2000,1.2000,1.1700,1.1700,164300
SCABLE,2016-11-23,1.1800,1.1900,1.1700,1.1800,100900
SCABLE,2016-11-24,1.1800,1.2100,1.1800,1.2100,80700
SCABLE,2016-11-25,1.1800,1.2100,1.1800,1.2100,39800
SCABLE,2016-11-28,1.1900,1.1900,1.1700,1.1700,56700
SCABLE,2016-11-29,1.1700,1.1700,1.1600,1.1700,94500
SCABLE,2016-11-30,1.1600,1.1700,1.1600,1.1700,71400
SCABLE,2016-12-01,1.1700,1.1700,1.1500,1.1500,253700
SCABLE,2016-12-02,1.1500,1.1600,1.1500,1.1600,56100
SCABLE,2016-12-05,1.1500,1.1700,1.1400,1.1700,62200
SCABLE,2016-12-06,1.1500,1.1500,1.1200,1.1200,352500
SCABLE,2016-12-07,1.1200,1.1200,1.0800,1.0900,399900
SCABLE,2016-12-08,1.0800,1.0900,1.0800,1.0900,87300
SCABLE,2016-12-09,1.0900,1.0900,1.0600,1.0600,192700
SCABLE,2016-12-13,1.0700,1.0700,1.0100,1.0200,1410000
SCABLE,2016-12-14,1.0200,1.0600,1.0200,1.0600,600300
SCABLE,2016-12-15,1.0600,1.0900,1.0600,1.0900,296400
SCABLE,2016-12-16,1.0900,1.0900,1.0600,1.0700,184700
SCABLE,2016-12-19,1.0700,1.0700,1.0600,1.0600,102400
SCABLE,2016-12-20,1.0600,1.0700,1.0600,1.0700,98200
SCABLE,2016-12-21,1.0700,1.0800,1.0600,1.0800,156900
SCABLE,2016-12-22,1.0600,1.0700,1.0500,1.0600,119400
SCABLE,2016-12-23,1.0600,1.0600,1.0500,1.0600,66900
SCABLE,2016-12-27,1.0600,1.0600,1.0400,1.0400,108300
SCABLE,2016-12-28,1.0500,1.0500,1.0400,1.0500,121200
SCABLE,2016-12-29,1.0500,1.0600,1.0400,1.0400,214300
SCABLE,2016-12-30,1.0400,1.0500,1.0400,1.0400,127300
SCABLE,2017-01-03,1.0500,1.0800,1.0500,1.0800,58000
SCABLE,2017-01-04,1.0800,1.0800,1.0600,1.0600,128300
SCABLE,2017-01-05,1.0600,1.1100,1.0600,1.1000,195900
SCABLE,2017-01-06,1.1000,1.1000,1.0900,1.0900,126400
SCABLE,2017-01-09,1.0900,1.0900,1.0800,1.0800,266200
SCABLE,2017-01-10,1.0800,1.0800,1.0600,1.0600,242300
SCABLE,2017-01-11,1.0700,1.0700,1.0400,1.0400,450900
SCABLE,2017-01-12,1.0600,1.0700,1.0500,1.0600,186100
SCABLE,2017-01-13,1.0600,1.0600,1.0400,1.0400,337600
SCABLE,2017-01-16,1.0400,1.0500,1.0400,1.0400,174900
SCABLE,2017-01-17,1.0400,1.0600,1.0400,1.0600,117000
SCABLE,2017-01-18,1.0600,1.0700,1.0500,1.0600,108000
SCABLE,2017-01-19,1.0600,1.0600,1.0600,1.0600,76000
SCABLE,2017-01-20,1.0500,1.0600,1.0500,1.0500,55700
SCABLE,2017-01-23,1.0500,1.0500,1.0400,1.0500,50500
SCABLE,2017-01-24,1.0400,1.0500,1.0400,1.0500,55200
SCABLE,2017-01-25,1.0500,1.0600,1.0500,1.0600,36000
SCABLE,2017-01-26,1.0600,1.0800,1.0600,1.0800,461600
SCABLE,2017-01-27,1.0800,1.0900,1.0800,1.0900,194500
SCABLE,2017-01-31,1.0600,1.0700,1.0600,1.0600,58400
SCABLE,2017-02-02,1.0700,1.0800,1.0700,1.0800,94300
SCABLE,2017-02-03,1.0800,1.0800,1.0800,1.0800,112000
SCABLE,2017-02-06,1.0800,1.0900,1.0700,1.0700,296700
SCABLE,2017-02-07,1.0700,1.1000,1.0700,1.0900,530000
SCABLE,2017-02-08,1.1000,1.1600,1.1000,1.1100,2178400
SCABLE,2017-02-10,1.1200,1.1300,1.1100,1.1100,1660700
SCABLE,2017-02-13,1.1100,1.1200,1.0900,1.1000,1008900
SCABLE,2017-02-14,1.1000,1.1000,1.0900,1.0900,757700
SCABLE,2017-02-15,1.0800,1.1000,1.0800,1.0900,759000
SCABLE,2017-02-16,1.0800,1.0900,1.0800,1.0800,368000
SCABLE,2017-02-17,1.0900,1.0900,1.0800,1.0800,223700
SCABLE,2017-02-20,1.0800,1.0800,1.0700,1.0700,128000
SCABLE,2017-02-21,1.0800,1.0800,1.0700,1.0700,183300
SCABLE,2017-02-22,1.0700,1.0800,1.0700,1.0700,208100
SCABLE,2017-02-23,1.0700,1.0800,1.0600,1.0600,122200
SCABLE,2017-02-24,1.0500,1.0500,1.0300,1.0400,445200
SCABLE,2017-02-27,1.0400,1.0500,1.0300,1.0300,67400
SCABLE,2017-02-28,1.0300,1.0400,1.0200,1.0200,168400
SCABLE,2017-03-01,1.0200,1.0500,1.0200,1.0400,236500
SCABLE,2017-03-02,1.0400,1.0500,1.0300,1.0500,118500
SCABLE,2017-03-03,1.0500,1.0600,1.0300,1.0400,79000
SCABLE,2017-03-06,1.0500,1.0600,1.0400,1.0400,115000
SCABLE,2017-03-07,1.0600,1.0600,1.0500,1.0500,280700
SCABLE,2017-03-08,1.0500,1.0600,1.0400,1.0500,122600
SCABLE,2017-03-09,1.0500,1.0500,1.0400,1.0500,134200
SCABLE,2017-03-10,1.0500,1.0600,1.0400,1.0500,177800
SCABLE,2017-03-13,1.0500,1.0600,1.0500,1.0500,201800
SCABLE,2017-03-14,1.0500,1.0500,1.0400,1.0400,276300
SCABLE,2017-03-15,1.0400,1.0500,1.0400,1.0500,98500
SCABLE,2017-03-16,1.0500,1.0900,1.0500,1.0700,443300
SCABLE,2017-03-17,1.0700,1.1000,1.0700,1.0900,366900
SCABLE,2017-03-20,1.0800,1.0800,1.0700,1.0800,314600
SCABLE,2017-03-21,1.0800,1.0800,1.0500,1.0600,384700
SCABLE,2017-03-22,1.0600,1.0800,1.0600,1.0600,146200
SCABLE,2017-03-23,1.0600,1.0800,1.0600,1.0800,104900
SCABLE,2017-03-24,1.0700,1.0800,1.0600,1.0700,67300
SCABLE,2017-03-27,1.0600,1.0600,1.0600,1.0600,136500
SCABLE,2017-03-28,1.0700,1.0700,1.0500,1.0500,215600
SCABLE,2017-03-29,1.0500,1.0600,1.0500,1.0600,308800
SCABLE,2017-03-31,1.0700,1.0700,1.0600,1.0600,476000
SCABLE,2017-04-03,1.0600,1.0800,1.0600,1.0700,159300
SCABLE,2017-04-04,1.0600,1.0800,1.0600,1.0700,266200
SCABLE,2017-04-05,1.0700,1.0900,1.0600,1.0700,492500
SCABLE,2017-04-06,1.0700,1.1200,1.0700,1.1000,725500
SCABLE,2017-04-07,1.1000,1.1300,1.1000,1.1200,623100
SCABLE,2017-04-10,1.1200,1.1600,1.1200,1.1600,1587100
SCABLE,2017-04-11,1.1700,1.1700,1.1200,1.1400,700000
SCABLE,2017-04-12,1.1300,1.1300,1.1200,1.1200,114400
SCABLE,2017-04-13,1.1200,1.1200,1.1000,1.1200,262000
SCABLE,2017-04-14,1.1100,1.1100,1.0800,1.0900,299200
SCABLE,2017-04-17,1.0800,1.0900,1.0800,1.0800,104500
SCABLE,2017-04-18,1.0900,1.1100,1.0900,1.0900,231500
SCABLE,2017-04-19,1.1200,1.1200,1.1000,1.1000,474700
SCABLE,2017-04-20,1.1000,1.1200,1.1000,1.1000,138800
SCABLE,2017-04-21,1.1200,1.1300,1.1100,1.1200,346400
SCABLE,2017-04-25,1.1300,1.1300,1.1200,1.1200,388100
SCABLE,2017-04-26,1.1200,1.1200,1.1100,1.1100,263800
SCABLE,2017-04-27,1.1000,1.1000,1.0900,1.0900,281800
SCABLE,2017-04-28,1.1000,1.1000,1.0800,1.1000,84300
SCABLE,2017-05-02,1.1000,1.1000,1.0800,1.0900,256200
SCABLE,2017-05-03,1.0800,1.0900,1.0800,1.0900,252300
SCABLE,2017-05-04,1.0800,1.0800,1.0700,1.0700,92400
SCABLE,2017-05-05,1.0800,1.0900,1.0700,1.0700,234600
SCABLE,2017-05-08,1.0700,1.0900,1.0700,1.0700,373200
SCABLE,2017-05-09,1.0700,1.0800,1.0700,1.0800,148000
SCABLE,2017-05-11,1.0900,1.0900,1.0700,1.0700,171500
SCABLE,2017-05-12,1.0700,1.0800,1.0700,1.0800,279400
SCABLE,2017-05-15,1.0800,1.0900,1.0700,1.0700,297800
SCABLE,2017-05-16,1.0800,1.0900,1.0700,1.0800,347000
SCABLE,2017-05-17,1.0900,1.0900,1.0700,1.0800,105200
SCABLE,2017-05-18,1.0700,1.0800,1.0700,1.0700,215600
SCABLE,2017-05-19,1.0800,1.0800,1.0700,1.0700,399200
SCABLE,2017-05-22,1.0900,1.1600,1.0900,1.1500,1849500
SCABLE,2017-05-23,1.1500,1.1700,1.1300,1.1700,1771900
SCABLE,2017-05-24,1.1600,1.1700,1.1500,1.1500,888000
SCABLE,2017-05-25,1.1600,1.1700,1.1500,1.1700,626600
SCABLE,2017-05-26,1.1600,1.1600,1.1400,1.1500,908000
SCABLE,2017-05-29,1.1500,1.1600,1.1500,1.1500,219000
SCABLE,2017-05-31,1.1400,1.1400,1.1400,1.1400,268100
SCABLE,2017-06-01,1.1600,1.1600,1.1200,1.1200,31600
SCABLE,2017-06-02,1.1400,1.1400,1.1200,1.1200,35600
SCABLE,2017-06-05,1.1400,1.1600,1.1400,1.1600,315000
SCABLE,2017-06-06,1.1600,1.1700,1.1500,1.1700,526600
SCABLE,2017-06-07,1.1700,1.2400,1.1700,1.2300,2261700
SCABLE,2017-06-08,1.2300,1.2300,1.2000,1.2000,578900
SCABLE,2017-06-09,1.2000,1.2400,1.2000,1.2300,1155800
SCABLE,2017-06-13,1.2400,1.2700,1.2400,1.2400,1166500
SCABLE,2017-06-14,1.2400,1.2400,1.2200,1.2200,321900
SCABLE,2017-06-15,1.2300,1.2300,1.2000,1.2000,215600
SCABLE,2017-06-16,1.2000,1.2100,1.1900,1.1900,240500
SCABLE,2017-06-19,1.2000,1.2200,1.1800,1.1800,519200
SCABLE,2017-06-20,1.1800,1.1900,1.1700,1.1800,104500
SCABLE,2017-06-21,1.1800,1.2000,1.1800,1.1800,195400
SCABLE,2017-06-22,1.1700,1.1800,1.1700,1.1700,31800
SCABLE,2017-06-23,1.1800,1.1900,1.1700,1.1900,129100
SCABLE,2017-06-28,1.1900,1.1900,1.1700,1.1800,53600
SCABLE,2017-06-29,1.2000,1.2000,1.1800,1.1900,116400
SCABLE,2017-06-30,1.2000,1.2300,1.1800,1.1900,244000
SCABLE,2017-07-03,1.1900,1.1900,1.1700,1.1700,225500
SCABLE,2017-07-04,1.1600,1.1700,1.1500,1.1500,306300
SCABLE,2017-07-05,1.1400,1.1500,1.1300,1.1500,168800
SCABLE,2017-07-06,1.1400,1.1500,1.1400,1.1500,71600
SCABLE,2017-07-07,1.1500,1.1600,1.1200,1.1300,150100
SCABLE,2017-07-10,1.1200,1.1300,1.0900,1.1000,167300
SCABLE,2017-07-11,1.1000,1.1000,1.0800,1.0900,204600
SCABLE,2017-07-12,1.0900,1.0900,1.0900,1.0900,55000
SCABLE,2017-07-13,1.0700,1.1000,1.0700,1.1000,176700
SCABLE,2017-07-14,1.0900,1.0900,1.0900,1.0900,6900
SCABLE,2017-07-17,1.0900,1.0900,1.0900,1.0900,59300
SCABLE,2017-07-18,1.1000,1.1300,1.1000,1.1200,171900
SCABLE,2017-07-19,1.1300,1.1400,1.1300,1.1300,97800
SCABLE,2017-07-20,1.1200,1.1200,1.1000,1.1000,35400
SCABLE,2017-07-21,1.1100,1.1100,1.1000,1.1000,38600
SCABLE,2017-07-24,1.1000,1.1000,1.0900,1.0900,52000
SCABLE,2017-07-25,1.0900,1.0900,1.0800,1.0900,71000
SCABLE,2017-07-26,1.0800,1.0900,1.0800,1.0900,108700
SCABLE,2017-07-27,1.0900,1.1200,1.0900,1.1000,94900
SCABLE,2017-07-28,1.1000,1.1000,1.0900,1.1000,34100
SCABLE,2017-07-31,1.1000,1.1000,1.0800,1.0800,68400
SCABLE,2017-08-01,1.0900,1.0900,1.0800,1.0800,96000
SCABLE,2017-08-02,1.0900,1.1000,1.0900,1.1000,195500
SCABLE,2017-08-03,1.0900,1.0900,1.0700,1.0700,71200
SCABLE,2017-08-04,1.0700,1.0800,1.0700,1.0700,73800
SCABLE,2017-08-07,1.0500,1.0700,1.0500,1.0500,66000
SCABLE,2017-08-08,1.0500,1.0500,1.0300,1.0500,227300
SCABLE,2017-08-09,1.0400,1.0600,1.0400,1.0500,155800
SCABLE,2017-08-10,1.0500,1.0500,1.0400,1.0400,41600
SCABLE,2017-08-11,1.0400,1.0400,1.0200,1.0300,252400
SCABLE,2017-08-14,1.0200,1.0500,1.0200,1.0500,150000
SCABLE,2017-08-15,1.0300,1.0400,1.0300,1.0400,112500
SCABLE,2017-08-16,1.0400,1.0400,1.0300,1.0400,74000
SCABLE,2017-08-17,1.0400,1.0500,1.0400,1.0500,16000
SCABLE,2017-08-18,1.0500,1.0600,1.0500,1.0500,36000
SCABLE,2017-08-21,1.0700,1.0700,1.0400,1.0700,48500
SCABLE,2017-08-22,1.0600,1.0700,1.0500,1.0700,113000
SCABLE,2017-08-23,1.0500,1.0500,1.0500,1.0500,13000
SCABLE,2017-08-24,1.0500,1.0500,1.0500,1.0500,57600
SCABLE,2017-08-25,1.0500,1.0600,1.0500,1.0500,69600
SCABLE,2017-08-28,1.0500,1.0500,1.0300,1.0300,92500
SCABLE,2017-08-29,1.0300,1.0400,1.0300,1.0400,35600
SCABLE,2017-08-30,1.0200,1.0400,1.0200,1.0300,82300
SCABLE,2017-09-05,1.0400,1.0400,1.0300,1.0400,106300
SCABLE,2017-09-06,1.0400,1.0400,1.0300,1.0300,15400
SCABLE,2017-09-07,1.0300,1.0400,1.0200,1.0400,64400
SCABLE,2017-09-08,1.0300,1.0300,1.0300,1.0300,49100
SCABLE,2017-09-11,1.0300,1.0500,1.0300,1.0500,68800
SCABLE,2017-09-12,1.0400,1.0500,1.0300,1.0500,109300
SCABLE,2017-09-13,1.0500,1.0600,1.0300,1.0300,55500
SCABLE,2017-09-14,1.0400,1.0400,1.0300,1.0300,35000
SCABLE,2017-09-15,1.0300,1.0300,1.0300,1.0300,22000
SCABLE,2017-09-18,1.0300,1.0400,1.0300,1.0300,16000
SCABLE,2017-09-19,1.0300,1.0300,1.0000,1.0200,205700
SCABLE,2017-09-20,1.0200,1.0200,1.0100,1.0100,180300
SCABLE,2017-09-21,1.0100,1.0300,1.0000,1.0300,150000
SCABLE,2017-09-25,1.0200,1.0200,1.0100,1.0200,37000
SCABLE,2017-09-26,1.0100,1.0200,1.0100,1.0100,14500
SCABLE,2017-09-27,1.0100,1.0100,1.0100,1.0100,52500
SCABLE,2017-09-28,1.0100,1.0100,1.0100,1.0100,130900
SCABLE,2017-09-29,1.0100,1.0100,1.0000,1.0100,264300
